2026-10-09T15:02:37.7511971Z Current runner version: '2.337.0'
2026-10-09T15:02:37.7538684Z ##[group]Runner Image Provisioner
2026-10-09T15:02:37.7539605Z Hosted Compute Agent
2026-10-09T15:02:37.7540324Z Version: 20261002.596
2026-10-09T15:02:37.7541019Z Commit: c3d12f3313a95f25162a1503be624f3b0617f8c0
2026-10-09T15:02:37.7541780Z Build Date: 2026-10-02T22:28:27Z
2026-10-09T15:02:37.7542838Z Worker ID: {ecd3eb5e-9c8f-466a-9699-dda045305dc1}
2026-10-09T15:02:37.7543621Z Region: centralus
2026-10-09T15:02:37.7544256Z Cloud: Azure
2026-10-09T15:02:37.7544825Z ##[endgroup]
2026-10-09T15:02:37.7546364Z ##[group]Operating System
2026-10-09T15:02:37.7547171Z Ubuntu
2026-10-09T15:02:37.7547738Z 24.04.5
2026-10-09T15:02:37.7548311Z LTS
2026-10-09T15:02:37.7548881Z ##[endgroup]
2026-10-09T15:02:37.7549480Z ##[group]Runner Image
2026-10-09T15:02:37.7550224Z Image: ubuntu-24.04
2026-10-09T15:02:37.7550842Z Version: 20261004.327.1
2026-10-09T15:02:37.7552216Z Included Software: https://github.com/actions/runner-images/blob/ubuntu24/20261004.327/images/ubuntu/Ubuntu2404-Readme.md
2026-10-09T15:02:37.7554320Z Image Release: https://github.com/actions/runner-images/releases/tag/ubuntu24%2F20261004.327
2026-10-09T15:02:37.7555535Z ##[endgroup]
2026-10-09T15:02:37.7556679Z ##[group]GITHUB_TOKEN Permissions
2026-10-09T15:02:37.7559089Z Contents: read
2026-10-09T15:02:37.7559742Z Metadata: read
2026-10-09T15:02:37.7560505Z ##[endgroup]
2026-10-09T15:02:37.7562956Z Secret source: Actions
2026-10-09T15:02:37.7564139Z Cache mode: write
2026-10-09T15:02:37.7564893Z Prepare workflow directory
2026-10-09T15:02:37.7923786Z Prepare all required actions
2026-10-09T15:02:37.7974254Z Getting action download info
2026-10-09T15:02:38.0911820Z Download action repository 'actions/checkout@v7' (SHA:3d3c42e5aac5ba805825da76410c181273ba90b1)
2026-10-09T15:02:38.3268159Z Complete job name: js tier (node --check over js, suites 2/4)
2026-10-09T15:02:38.4114732Z ##[group]Run actions/checkout@v7
2026-10-09T15:02:38.4115676Z with:
2026-10-09T15:02:38.4116154Z   persist-credentials: false
2026-10-09T15:02:38.4116754Z   repository: link-assistant/formal-ai
2026-10-09T15:02:38.4120522Z   token: ***
2026-10-09T15:02:38.4120980Z   ssh-strict: true
2026-10-09T15:02:38.4121442Z   ssh-user: git
2026-10-09T15:02:38.4121887Z   clean: true
2026-10-09T15:02:38.4122358Z   sparse-checkout-cone-mode: true
2026-10-09T15:02:38.4123103Z   fetch-depth: 1
2026-10-09T15:02:38.4123560Z   fetch-tags: false
2026-10-09T15:02:38.4124027Z   show-progress: true
2026-10-09T15:02:38.4124490Z   lfs: false
2026-10-09T15:02:38.4124934Z   submodules: false
2026-10-09T15:02:38.4125397Z   set-safe-directory: true
2026-10-09T15:02:38.4125972Z   allow-unsafe-pr-checkout: false
2026-10-09T15:02:38.4126797Z ##[endgroup]
2026-10-09T15:02:38.5220742Z Syncing repository: link-assistant/formal-ai
2026-10-09T15:02:38.5223893Z ##[group]Getting Git version info
2026-10-09T15:02:38.5225366Z Working directory is '/home/runner/work/formal-ai/formal-ai'
2026-10-09T15:02:38.5227055Z [command]/usr/bin/git version
2026-10-09T15:02:38.5343658Z git version 2.55.0
2026-10-09T15:02:38.5367558Z ##[endgroup]
2026-10-09T15:02:38.5379230Z Temporarily overriding HOME='/home/runner/work/_temp/0b337488-ec7f-4096-9a2e-1064f14a0116' before making global git config changes
2026-10-09T15:02:38.5381622Z Adding repository directory to the temporary git global config as a safe directory
2026-10-09T15:02:38.5386452Z [command]/usr/bin/git config --global --add safe.directory /home/runner/work/formal-ai/formal-ai
2026-10-09T15:02:38.5451999Z Deleting the contents of '/home/runner/work/formal-ai/formal-ai'
2026-10-09T15:02:38.5456195Z ##[group]Determining repository object format
2026-10-09T15:02:38.5457958Z ##[endgroup]
2026-10-09T15:02:38.5459249Z ##[group]Initializing the repository
2026-10-09T15:02:38.5462993Z [command]/usr/bin/git init /home/runner/work/formal-ai/formal-ai
2026-10-09T15:02:38.5608243Z hint: Using 'master' as the name for the initial branch. This default branch name
2026-10-09T15:02:38.5616108Z hint: will change to "main" in Git 3.0. To configure the initial branch name
2026-10-09T15:02:38.5618264Z hint: to use in all of your new repositories, which will suppress this warning,
2026-10-09T15:02:38.5619650Z hint: call:
2026-10-09T15:02:38.5620423Z hint:
2026-10-09T15:02:38.5621304Z hint: 	git config --global init.defaultBranch <name>
2026-10-09T15:02:38.5622369Z hint:
2026-10-09T15:02:38.5623723Z hint: Names commonly chosen instead of 'master' are 'main', 'trunk' and
2026-10-09T15:02:38.5625655Z hint: 'development'. The just-created branch can be renamed via this command:
2026-10-09T15:02:38.5627274Z hint:
2026-10-09T15:02:38.5628479Z hint: 	git branch -m <name>
2026-10-09T15:02:38.5629894Z hint:
2026-10-09T15:02:38.5631480Z hint: Disable this message with "git config set advice.defaultBranchName false"
2026-10-09T15:02:38.5633573Z Initialized empty Git repository in /home/runner/work/formal-ai/formal-ai/.git/
2026-10-09T15:02:38.5636273Z [command]/usr/bin/git remote add origin https://github.com/link-assistant/formal-ai
2026-10-09T15:02:38.5700398Z ##[endgroup]
2026-10-09T15:02:38.5701863Z ##[group]Disabling automatic garbage collection
2026-10-09T15:02:38.5705197Z [command]/usr/bin/git config --local gc.auto 0
2026-10-09T15:02:38.5747751Z ##[endgroup]
2026-10-09T15:02:38.5749626Z ##[group]Setting up auth
2026-10-09T15:02:38.5750694Z Removing SSH command configuration
2026-10-09T15:02:38.5757499Z [command]/usr/bin/git config --local --name-only --get-regexp core\.sshCommand
2026-10-09T15:02:38.5804072Z [command]/usr/bin/git submodule foreach --recursive sh -c "git config --local --name-only --get-regexp 'core\.sshCommand' && git config --local --unset-all 'core.sshCommand' || :"
2026-10-09T15:02:38.6234366Z Removing HTTP extra header
2026-10-09T15:02:38.6240488Z [command]/usr/bin/git config --local --name-only --get-regexp http\.https\:\/\/github\.com\/\.extraheader
2026-10-09T15:02:38.6281109Z [command]/usr/bin/git submodule foreach --recursive sh -c "git config --local --name-only --get-regexp 'http\.https\:\/\/github\.com\/\.extraheader' && git config --local --unset-all 'http.https://github.com/.extraheader' || :"
2026-10-09T15:02:38.6518010Z Removing includeIf entries pointing to credentials config files
2026-10-09T15:02:38.6524714Z [command]/usr/bin/git config --local --name-only --get-regexp ^includeIf\.gitdir:
2026-10-09T15:02:38.6566808Z [command]/usr/bin/git submodule foreach --recursive git config --local --show-origin --name-only --get-regexp remote.origin.url
2026-10-09T15:02:38.6807834Z [command]/usr/bin/git config --file /home/runner/work/_temp/git-credentials-bda0e6e4-6408-45cb-bc7b-4aa89330665f.config http.https://github.com/.extraheader AUTHORIZATION: basic ***
2026-10-09T15:02:38.6854329Z [command]/usr/bin/git config --local includeIf.gitdir:/home/runner/work/formal-ai/formal-ai/.git.path /home/runner/work/_temp/git-credentials-bda0e6e4-6408-45cb-bc7b-4aa89330665f.config
2026-10-09T15:02:38.6894707Z [command]/usr/bin/git config --local includeIf.gitdir:/home/runner/work/formal-ai/formal-ai/.git/worktrees/*.path /home/runner/work/_temp/git-credentials-bda0e6e4-6408-45cb-bc7b-4aa89330665f.config
2026-10-09T15:02:38.6937383Z [command]/usr/bin/git config --local includeIf.gitdir:/github/workspace/.git.path /github/runner_temp/git-credentials-bda0e6e4-6408-45cb-bc7b-4aa89330665f.config
2026-10-09T15:02:38.6977825Z [command]/usr/bin/git config --local includeIf.gitdir:/github/workspace/.git/worktrees/*.path /github/runner_temp/git-credentials-bda0e6e4-6408-45cb-bc7b-4aa89330665f.config
2026-10-09T15:02:38.7011531Z ##[endgroup]
2026-10-09T15:02:38.7012383Z ##[group]Fetching the repository
2026-10-09T15:02:38.7020345Z [command]/usr/bin/git -c protocol.version=2 fetch --no-tags --prune --no-recurse-submodules --depth=1 origin +8abe38b5ad316dfde608894be06e8e6d4b169115:refs/remotes/pull/1188/merge
2026-10-09T15:02:55.2252523Z From https://github.com/link-assistant/formal-ai
2026-10-09T15:02:55.2254790Z  * [new ref]           8abe38b5ad316dfde608894be06e8e6d4b169115 -> pull/1188/merge
2026-10-09T15:02:55.2259453Z ##[endgroup]
2026-10-09T15:02:55.2261199Z ##[group]Determining the checkout info
2026-10-09T15:02:55.2264860Z ##[endgroup]
2026-10-09T15:02:55.2266082Z [command]/usr/bin/git sparse-checkout disable
2026-10-09T15:02:55.2329446Z [command]/usr/bin/git config --local --unset-all extensions.worktreeConfig
2026-10-09T15:02:55.2367109Z ##[group]Checking out the ref
2026-10-09T15:02:55.2373832Z [command]/usr/bin/git checkout --progress --force refs/remotes/pull/1188/merge
2026-10-09T15:02:56.2691557Z Updating files:  27% (8437/30211)
2026-10-09T15:02:56.2866928Z Updating files:  28% (8460/30211)
2026-10-09T15:02:56.3352040Z Updating files:  29% (8762/30211)
2026-10-09T15:02:56.3560594Z Updating files:  30% (9064/30211)
2026-10-09T15:02:56.6040517Z Updating files:  31% (9366/30211)
2026-10-09T15:02:56.7649710Z Updating files:  32% (9668/30211)
2026-10-09T15:02:57.0357756Z Updating files:  33% (9970/30211)
2026-10-09T15:02:57.2712542Z Updating files:  34% (10272/30211)
2026-10-09T15:02:57.2991558Z Updating files:  34% (10446/30211)
2026-10-09T15:02:57.3294199Z Updating files:  35% (10574/30211)
2026-10-09T15:02:57.4004601Z Updating files:  36% (10876/30211)
2026-10-09T15:02:57.5301909Z Updating files:  37% (11179/30211)
2026-10-09T15:02:57.5700015Z Updating files:  38% (11481/30211)
2026-10-09T15:02:57.5958490Z Updating files:  39% (11783/30211)
2026-10-09T15:02:57.6647811Z Updating files:  40% (12085/30211)
2026-10-09T15:02:57.6926425Z Updating files:  41% (12387/30211)
2026-10-09T15:02:57.7129109Z Updating files:  42% (12689/30211)
2026-10-09T15:02:57.7451992Z Updating files:  43% (12991/30211)
2026-10-09T15:02:57.8449810Z Updating files:  44% (13293/30211)
2026-10-09T15:02:57.8689081Z Updating files:  45% (13595/30211)
2026-10-09T15:02:57.9064901Z Updating files:  46% (13898/30211)
2026-10-09T15:02:57.9769541Z Updating files:  47% (14200/30211)
2026-10-09T15:02:58.0213443Z Updating files:  48% (14502/30211)
2026-10-09T15:02:58.1028934Z Updating files:  49% (14804/30211)
2026-10-09T15:02:58.2157520Z Updating files:  50% (15106/30211)
2026-10-09T15:02:58.2519525Z Updating files:  51% (15408/30211)
2026-10-09T15:02:58.2715464Z Updating files:  52% (15710/30211)
2026-10-09T15:02:58.3083208Z Updating files:  52% (15747/30211)
2026-10-09T15:02:58.3361850Z Updating files:  53% (16012/30211)
2026-10-09T15:02:58.3878475Z Updating files:  54% (16314/30211)
2026-10-09T15:02:58.4190079Z Updating files:  55% (16617/30211)
2026-10-09T15:02:58.4473793Z Updating files:  56% (16919/30211)
2026-10-09T15:02:58.4730761Z Updating files:  57% (17221/30211)
2026-10-09T15:02:58.5155296Z Updating files:  58% (17523/30211)
2026-10-09T15:02:58.5525578Z Updating files:  59% (17825/30211)
2026-10-09T15:02:58.5834197Z Updating files:  60% (18127/30211)
2026-10-09T15:02:58.6405832Z Updating files:  61% (18429/30211)
2026-10-09T15:02:58.6656637Z Updating files:  62% (18731/30211)
2026-10-09T15:02:58.7069062Z Updating files:  63% (19033/30211)
2026-10-09T15:02:58.8463302Z Updating files:  64% (19336/30211)
2026-10-09T15:02:58.8761332Z Updating files:  65% (19638/30211)
2026-10-09T15:02:58.8959637Z Updating files:  66% (19940/30211)
2026-10-09T15:02:58.9094794Z Updating files:  67% (20242/30211)
2026-10-09T15:02:58.9231398Z Updating files:  68% (20544/30211)
2026-10-09T15:02:58.9386256Z Updating files:  69% (20846/30211)
2026-10-09T15:02:59.0141413Z Updating files:  70% (21148/30211)
2026-10-09T15:02:59.0606431Z Updating files:  71% (21450/30211)
2026-10-09T15:02:59.0884188Z Updating files:  72% (21752/30211)
2026-10-09T15:02:59.1182304Z Updating files:  73% (22055/30211)
2026-10-09T15:02:59.1409493Z Updating files:  74% (22357/30211)
2026-10-09T15:02:59.1814237Z Updating files:  75% (22659/30211)
2026-10-09T15:02:59.2679652Z Updating files:  76% (22961/30211)
2026-10-09T15:02:59.3217642Z Updating files:  76% (23044/30211)
2026-10-09T15:02:59.3470801Z Updating files:  77% (23263/30211)
2026-10-09T15:02:59.3839207Z Updating files:  78% (23565/30211)
2026-10-09T15:02:59.4053936Z Updating files:  79% (23867/30211)
2026-10-09T15:02:59.4293023Z Updating files:  80% (24169/30211)
2026-10-09T15:02:59.4528058Z Updating files:  81% (24471/30211)
2026-10-09T15:02:59.4717422Z Updating files:  82% (24774/30211)
2026-10-09T15:02:59.4889699Z Updating files:  83% (25076/30211)
2026-10-09T15:02:59.5100804Z Updating files:  84% (25378/30211)
2026-10-09T15:02:59.5301705Z Updating files:  85% (25680/30211)
2026-10-09T15:02:59.5666288Z Updating files:  86% (25982/30211)
2026-10-09T15:02:59.5927357Z Updating files:  87% (26284/30211)
2026-10-09T15:02:59.6185539Z Updating files:  88% (26586/30211)
2026-10-09T15:02:59.6457092Z Updating files:  89% (26888/30211)
2026-10-09T15:02:59.6748863Z Updating files:  90% (27190/30211)
2026-10-09T15:02:59.7030601Z Updating files:  91% (27493/30211)
2026-10-09T15:02:59.7225797Z Updating files:  92% (27795/30211)
2026-10-09T15:02:59.7472624Z Updating files:  93% (28097/30211)
2026-10-09T15:02:59.7712934Z Updating files:  94% (28399/30211)
2026-10-09T15:02:59.8002242Z Updating files:  95% (28701/30211)
2026-10-09T15:02:59.8238451Z Updating files:  96% (29003/30211)
2026-10-09T15:02:59.8463523Z Updating files:  97% (29305/30211)
2026-10-09T15:02:59.8677614Z Updating files:  98% (29607/30211)
2026-10-09T15:02:59.8954025Z Updating files:  99% (29909/30211)
2026-10-09T15:02:59.8955383Z Updating files: 100% (30211/30211)
2026-10-09T15:02:59.8955854Z Updating files: 100% (30211/30211), done.
2026-10-09T15:02:59.9391952Z Note: switching to 'refs/remotes/pull/1188/merge'.
2026-10-09T15:02:59.9392385Z 
2026-10-09T15:02:59.9393130Z You are in 'detached HEAD' state. You can look around, make experimental
2026-10-09T15:02:59.9394032Z changes and commit them, and you can discard any commits you make in this
2026-10-09T15:02:59.9394914Z state without impacting any branches by switching back to a branch.
2026-10-09T15:02:59.9395432Z 
2026-10-09T15:02:59.9395767Z If you want to create a new branch to retain commits you create, you may
2026-10-09T15:02:59.9396841Z do so (now or later) by using -c with the switch command. Example:
2026-10-09T15:02:59.9397297Z 
2026-10-09T15:02:59.9397466Z   git switch -c <new-branch-name>
2026-10-09T15:02:59.9397769Z 
2026-10-09T15:02:59.9397958Z Or undo this operation with:
2026-10-09T15:02:59.9398214Z 
2026-10-09T15:02:59.9398357Z   git switch -
2026-10-09T15:02:59.9398544Z 
2026-10-09T15:02:59.9398895Z Turn off this advice by setting config variable advice.detachedHead to false
2026-10-09T15:02:59.9399370Z 
2026-10-09T15:02:59.9400546Z HEAD is now at 8abe38b5 Merge d70e2e33f1fedb78c4ea9c17052b4b425f1d49a1 into d209aac6461b355f1a527831202af3423135f7e6
2026-10-09T15:02:59.9488854Z ##[endgroup]
2026-10-09T15:02:59.9566486Z [command]/usr/bin/git log -1 --format=%H
2026-10-09T15:02:59.9591433Z 8abe38b5ad316dfde608894be06e8e6d4b169115
2026-10-09T15:02:59.9606734Z ##[group]Removing auth
2026-10-09T15:02:59.9607235Z Removing SSH command configuration
2026-10-09T15:02:59.9608046Z [command]/usr/bin/git config --local --name-only --get-regexp core\.sshCommand
2026-10-09T15:02:59.9657205Z [command]/usr/bin/git submodule foreach --recursive sh -c "git config --local --name-only --get-regexp 'core\.sshCommand' && git config --local --unset-all 'core.sshCommand' || :"
2026-10-09T15:02:59.9938885Z Removing HTTP extra header
2026-10-09T15:02:59.9943585Z [command]/usr/bin/git config --local --name-only --get-regexp http\.https\:\/\/github\.com\/\.extraheader
2026-10-09T15:02:59.9997776Z [command]/usr/bin/git submodule foreach --recursive sh -c "git config --local --name-only --get-regexp 'http\.https\:\/\/github\.com\/\.extraheader' && git config --local --unset-all 'http.https://github.com/.extraheader' || :"
2026-10-09T15:03:00.0313752Z Removing includeIf entries pointing to credentials config files
2026-10-09T15:03:00.0316847Z [command]/usr/bin/git config --local --name-only --get-regexp ^includeIf\.gitdir:
2026-10-09T15:03:00.1493916Z includeif.gitdir:/home/runner/work/formal-ai/formal-ai/.git.path
2026-10-09T15:03:00.1503801Z includeif.gitdir:/home/runner/work/formal-ai/formal-ai/.git/worktrees/*.path
2026-10-09T15:03:00.1513406Z includeif.gitdir:/github/workspace/.git.path
2026-10-09T15:03:00.1514176Z includeif.gitdir:/github/workspace/.git/worktrees/*.path
2026-10-09T15:03:00.1516249Z [command]/usr/bin/git config --local --get-all includeif.gitdir:/home/runner/work/formal-ai/formal-ai/.git.path
2026-10-09T15:03:00.1546299Z /home/runner/work/_temp/git-credentials-bda0e6e4-6408-45cb-bc7b-4aa89330665f.config
2026-10-09T15:03:00.1561779Z [command]/usr/bin/git config --local --unset includeif.gitdir:/home/runner/work/formal-ai/formal-ai/.git.path \/home\/runner\/work\/_temp\/git\-credentials\-bda0e6e4\-6408\-45cb\-bc7b\-4aa89330665f\.config
2026-10-09T15:03:00.2005200Z [command]/usr/bin/git config --local --get-all includeif.gitdir:/home/runner/work/formal-ai/formal-ai/.git/worktrees/*.path
2026-10-09T15:03:00.2040225Z /home/runner/work/_temp/git-credentials-bda0e6e4-6408-45cb-bc7b-4aa89330665f.config
2026-10-09T15:03:00.2053880Z [command]/usr/bin/git config --local --unset includeif.gitdir:/home/runner/work/formal-ai/formal-ai/.git/worktrees/*.path \/home\/runner\/work\/_temp\/git\-credentials\-bda0e6e4\-6408\-45cb\-bc7b\-4aa89330665f\.config
2026-10-09T15:03:00.2461518Z [command]/usr/bin/git config --local --get-all includeif.gitdir:/github/workspace/.git.path
2026-10-09T15:03:00.2496280Z /github/runner_temp/git-credentials-bda0e6e4-6408-45cb-bc7b-4aa89330665f.config
2026-10-09T15:03:00.2507379Z [command]/usr/bin/git config --local --unset includeif.gitdir:/github/workspace/.git.path \/github\/runner_temp\/git\-credentials\-bda0e6e4\-6408\-45cb\-bc7b\-4aa89330665f\.config
2026-10-09T15:03:00.2563260Z [command]/usr/bin/git config --local --get-all includeif.gitdir:/github/workspace/.git/worktrees/*.path
2026-10-09T15:03:00.2595081Z /github/runner_temp/git-credentials-bda0e6e4-6408-45cb-bc7b-4aa89330665f.config
2026-10-09T15:03:00.2603845Z [command]/usr/bin/git config --local --unset includeif.gitdir:/github/workspace/.git/worktrees/*.path \/github\/runner_temp\/git\-credentials\-bda0e6e4\-6408\-45cb\-bc7b\-4aa89330665f\.config
2026-10-09T15:03:00.2935507Z [command]/usr/bin/git submodule foreach --recursive git config --local --show-origin --name-only --get-regexp remote.origin.url
2026-10-09T15:03:00.3211642Z Removing credentials config '/home/runner/work/_temp/git-credentials-bda0e6e4-6408-45cb-bc7b-4aa89330665f.config'
2026-10-09T15:03:00.3225337Z ##[endgroup]
2026-10-09T15:03:00.3589722Z ##[group]Run actions/checkout@v7
2026-10-09T15:03:00.3590190Z with:
2026-10-09T15:03:00.3590604Z   repository: link-foundation/relative-meta-logic
2026-10-09T15:03:00.3591199Z   ref: c5513f2b958a8bd160b58c7054d408d4c446bf98
2026-10-09T15:03:00.3591700Z   path: .rml
2026-10-09T15:03:00.3592072Z   persist-credentials: false
2026-10-09T15:03:00.3596972Z   token: ***
2026-10-09T15:03:00.3597356Z   ssh-strict: true
2026-10-09T15:03:00.3597725Z   ssh-user: git
2026-10-09T15:03:00.3598071Z   clean: true
2026-10-09T15:03:00.3598452Z   sparse-checkout-cone-mode: true
2026-10-09T15:03:00.3598910Z   fetch-depth: 1
2026-10-09T15:03:00.3599263Z   fetch-tags: false
2026-10-09T15:03:00.3599654Z   show-progress: true
2026-10-09T15:03:00.3600029Z   lfs: false
2026-10-09T15:03:00.3600225Z   submodules: false
2026-10-09T15:03:00.3600450Z   set-safe-directory: true
2026-10-09T15:03:00.3600709Z   allow-unsafe-pr-checkout: false
2026-10-09T15:03:00.3600969Z ##[endgroup]
2026-10-09T15:03:00.4511356Z Syncing repository: link-foundation/relative-meta-logic
2026-10-09T15:03:00.4531943Z ##[group]Getting Git version info
2026-10-09T15:03:00.4533096Z Working directory is '/home/runner/work/formal-ai/formal-ai/.rml'
2026-10-09T15:03:00.4581418Z [command]/usr/bin/git version
2026-10-09T15:03:00.4626673Z git version 2.55.0
2026-10-09T15:03:00.4649375Z ##[endgroup]
2026-10-09T15:03:00.4661072Z Temporarily overriding HOME='/home/runner/work/_temp/bb13b66f-02f1-40a5-bbd4-25aa6bbeb49a' before making global git config changes
2026-10-09T15:03:00.4662366Z Adding repository directory to the temporary git global config as a safe directory
2026-10-09T15:03:00.4666944Z [command]/usr/bin/git config --global --add safe.directory /home/runner/work/formal-ai/formal-ai/.rml
2026-10-09T15:03:00.5028031Z ##[group]Determining repository object format
2026-10-09T15:03:00.5029091Z ##[endgroup]
2026-10-09T15:03:00.5029770Z ##[group]Initializing the repository
2026-10-09T15:03:00.5030563Z [command]/usr/bin/git init /home/runner/work/formal-ai/formal-ai/.rml
2026-10-09T15:03:00.5494151Z hint: Using 'master' as the name for the initial branch. This default branch name
2026-10-09T15:03:00.5495330Z hint: will change to "main" in Git 3.0. To configure the initial branch name
2026-10-09T15:03:00.5496475Z hint: to use in all of your new repositories, which will suppress this warning,
2026-10-09T15:03:00.5497404Z hint: call:
2026-10-09T15:03:00.5498063Z hint:
2026-10-09T15:03:00.5498746Z hint: 	git config --global init.defaultBranch <name>
2026-10-09T15:03:00.5499546Z hint:
2026-10-09T15:03:00.5500340Z hint: Names commonly chosen instead of 'master' are 'main', 'trunk' and
2026-10-09T15:03:00.5501477Z hint: 'development'. The just-created branch can be renamed via this command:
2026-10-09T15:03:00.5502424Z hint:
2026-10-09T15:03:00.5503274Z hint: 	git branch -m <name>
2026-10-09T15:03:00.5503844Z hint:
2026-10-09T15:03:00.5504580Z hint: Disable this message with "git config set advice.defaultBranchName false"
2026-10-09T15:03:00.5505773Z Initialized empty Git repository in /home/runner/work/formal-ai/formal-ai/.rml/.git/
2026-10-09T15:03:00.5509618Z [command]/usr/bin/git remote add origin https://github.com/link-foundation/relative-meta-logic
2026-10-09T15:03:00.6426593Z ##[endgroup]
2026-10-09T15:03:00.6427261Z ##[group]Disabling automatic garbage collection
2026-10-09T15:03:00.6432457Z [command]/usr/bin/git config --local gc.auto 0
2026-10-09T15:03:00.6472368Z ##[endgroup]
2026-10-09T15:03:00.6473073Z ##[group]Setting up auth
2026-10-09T15:03:00.6473851Z Removing SSH command configuration
2026-10-09T15:03:00.6480231Z [command]/usr/bin/git config --local --name-only --get-regexp core\.sshCommand
2026-10-09T15:03:00.6520186Z [command]/usr/bin/git submodule foreach --recursive sh -c "git config --local --name-only --get-regexp 'core\.sshCommand' && git config --local --unset-all 'core.sshCommand' || :"
2026-10-09T15:03:00.6749672Z Removing HTTP extra header
2026-10-09T15:03:00.6756207Z [command]/usr/bin/git config --local --name-only --get-regexp http\.https\:\/\/github\.com\/\.extraheader
2026-10-09T15:03:00.6805761Z [command]/usr/bin/git submodule foreach --recursive sh -c "git config --local --name-only --get-regexp 'http\.https\:\/\/github\.com\/\.extraheader' && git config --local --unset-all 'http.https://github.com/.extraheader' || :"
2026-10-09T15:03:00.7038228Z Removing includeIf entries pointing to credentials config files
2026-10-09T15:03:00.7044918Z [command]/usr/bin/git config --local --name-only --get-regexp ^includeIf\.gitdir:
2026-10-09T15:03:00.7084301Z [command]/usr/bin/git submodule foreach --recursive git config --local --show-origin --name-only --get-regexp remote.origin.url
2026-10-09T15:03:00.7339134Z [command]/usr/bin/git config --file /home/runner/work/_temp/git-credentials-3bf33833-b789-4594-8df3-83c2e78e6bce.config http.https://github.com/.extraheader AUTHORIZATION: basic ***
2026-10-09T15:03:00.7394188Z [command]/usr/bin/git config --local includeIf.gitdir:/home/runner/work/formal-ai/formal-ai/.rml/.git.path /home/runner/work/_temp/git-credentials-3bf33833-b789-4594-8df3-83c2e78e6bce.config
2026-10-09T15:03:00.7440109Z [command]/usr/bin/git config --local includeIf.gitdir:/home/runner/work/formal-ai/formal-ai/.rml/.git/worktrees/*.path /home/runner/work/_temp/git-credentials-3bf33833-b789-4594-8df3-83c2e78e6bce.config
2026-10-09T15:03:00.7488756Z [command]/usr/bin/git config --local includeIf.gitdir:/github/workspace/.rml/.git.path /github/runner_temp/git-credentials-3bf33833-b789-4594-8df3-83c2e78e6bce.config
2026-10-09T15:03:00.7536536Z [command]/usr/bin/git config --local includeIf.gitdir:/github/workspace/.rml/.git/worktrees/*.path /github/runner_temp/git-credentials-3bf33833-b789-4594-8df3-83c2e78e6bce.config
2026-10-09T15:03:00.7577798Z ##[endgroup]
2026-10-09T15:03:00.7578675Z ##[group]Fetching the repository
2026-10-09T15:03:00.7588464Z [command]/usr/bin/git -c protocol.version=2 fetch --no-tags --prune --no-recurse-submodules --depth=1 origin c5513f2b958a8bd160b58c7054d408d4c446bf98
2026-10-09T15:03:01.4856554Z From https://github.com/link-foundation/relative-meta-logic
2026-10-09T15:03:01.4857491Z  * branch            c5513f2b958a8bd160b58c7054d408d4c446bf98 -> FETCH_HEAD
2026-10-09T15:03:01.4868045Z [command]/usr/bin/git rev-parse --verify --quiet c5513f2b958a8bd160b58c7054d408d4c446bf98^{object}
2026-10-09T15:03:01.4902229Z c5513f2b958a8bd160b58c7054d408d4c446bf98
2026-10-09T15:03:01.4907289Z ##[endgroup]
2026-10-09T15:03:01.4907937Z ##[group]Determining the checkout info
2026-10-09T15:03:01.4908628Z ##[endgroup]
2026-10-09T15:03:01.4913173Z [command]/usr/bin/git sparse-checkout disable
2026-10-09T15:03:01.4968643Z [command]/usr/bin/git config --local --unset-all extensions.worktreeConfig
2026-10-09T15:03:01.5009662Z ##[group]Checking out the ref
2026-10-09T15:03:01.5015008Z [command]/usr/bin/git checkout --progress --force c5513f2b958a8bd160b58c7054d408d4c446bf98
2026-10-09T15:03:01.5413312Z Note: switching to 'c5513f2b958a8bd160b58c7054d408d4c446bf98'.
2026-10-09T15:03:01.5413838Z 
2026-10-09T15:03:01.5414210Z You are in 'detached HEAD' state. You can look around, make experimental
2026-10-09T15:03:01.5415009Z changes and commit them, and you can discard any commits you make in this
2026-10-09T15:03:01.5415777Z state without impacting any branches by switching back to a branch.
2026-10-09T15:03:01.5416259Z 
2026-10-09T15:03:01.5416568Z If you want to create a new branch to retain commits you create, you may
2026-10-09T15:03:01.5417315Z do so (now or later) by using -c with the switch command. Example:
2026-10-09T15:03:01.5417784Z 
2026-10-09T15:03:01.5417959Z   git switch -c <new-branch-name>
2026-10-09T15:03:01.5418246Z 
2026-10-09T15:03:01.5418416Z Or undo this operation with:
2026-10-09T15:03:01.5418674Z 
2026-10-09T15:03:01.5418829Z   git switch -
2026-10-09T15:03:01.5418979Z 
2026-10-09T15:03:01.5419244Z Turn off this advice by setting config variable advice.detachedHead to false
2026-10-09T15:03:01.5419572Z 
2026-10-09T15:03:01.5420072Z HEAD is now at c5513f2 Merge pull request #182 from link-foundation/issue-181-61d3f005549d
2026-10-09T15:03:01.5423435Z ##[endgroup]
2026-10-09T15:03:01.5476282Z [command]/usr/bin/git log -1 --format=%H
2026-10-09T15:03:01.5508763Z c5513f2b958a8bd160b58c7054d408d4c446bf98
2026-10-09T15:03:01.5519535Z ##[group]Removing auth
2026-10-09T15:03:01.5519969Z Removing SSH command configuration
2026-10-09T15:03:01.5524217Z [command]/usr/bin/git config --local --name-only --get-regexp core\.sshCommand
2026-10-09T15:03:01.5564168Z [command]/usr/bin/git submodule foreach --recursive sh -c "git config --local --name-only --get-regexp 'core\.sshCommand' && git config --local --unset-all 'core.sshCommand' || :"
2026-10-09T15:03:01.5801662Z Removing HTTP extra header
2026-10-09T15:03:01.5808576Z [command]/usr/bin/git config --local --name-only --get-regexp http\.https\:\/\/github\.com\/\.extraheader
2026-10-09T15:03:01.5855322Z [command]/usr/bin/git submodule foreach --recursive sh -c "git config --local --name-only --get-regexp 'http\.https\:\/\/github\.com\/\.extraheader' && git config --local --unset-all 'http.https://github.com/.extraheader' || :"
2026-10-09T15:03:01.6090001Z Removing includeIf entries pointing to credentials config files
2026-10-09T15:03:01.6095054Z [command]/usr/bin/git config --local --name-only --get-regexp ^includeIf\.gitdir:
2026-10-09T15:03:01.6127061Z includeif.gitdir:/home/runner/work/formal-ai/formal-ai/.rml/.git.path
2026-10-09T15:03:01.6127943Z includeif.gitdir:/home/runner/work/formal-ai/formal-ai/.rml/.git/worktrees/*.path
2026-10-09T15:03:01.6128526Z includeif.gitdir:/github/workspace/.rml/.git.path
2026-10-09T15:03:01.6128979Z includeif.gitdir:/github/workspace/.rml/.git/worktrees/*.path
2026-10-09T15:03:01.6137791Z [command]/usr/bin/git config --local --get-all includeif.gitdir:/home/runner/work/formal-ai/formal-ai/.rml/.git.path
2026-10-09T15:03:01.6167305Z /home/runner/work/_temp/git-credentials-3bf33833-b789-4594-8df3-83c2e78e6bce.config
2026-10-09T15:03:01.6176816Z [command]/usr/bin/git config --local --unset includeif.gitdir:/home/runner/work/formal-ai/formal-ai/.rml/.git.path \/home\/runner\/work\/_temp\/git\-credentials\-3bf33833\-b789\-4594\-8df3\-83c2e78e6bce\.config
2026-10-09T15:03:01.6219756Z [command]/usr/bin/git config --local --get-all includeif.gitdir:/home/runner/work/formal-ai/formal-ai/.rml/.git/worktrees/*.path
2026-10-09T15:03:01.6247919Z /home/runner/work/_temp/git-credentials-3bf33833-b789-4594-8df3-83c2e78e6bce.config
2026-10-09T15:03:01.6257317Z [command]/usr/bin/git config --local --unset includeif.gitdir:/home/runner/work/formal-ai/formal-ai/.rml/.git/worktrees/*.path \/home\/runner\/work\/_temp\/git\-credentials\-3bf33833\-b789\-4594\-8df3\-83c2e78e6bce\.config
2026-10-09T15:03:01.6298230Z [command]/usr/bin/git config --local --get-all includeif.gitdir:/github/workspace/.rml/.git.path
2026-10-09T15:03:01.6363980Z /github/runner_temp/git-credentials-3bf33833-b789-4594-8df3-83c2e78e6bce.config
2026-10-09T15:03:01.6383076Z [command]/usr/bin/git config --local --unset includeif.gitdir:/github/workspace/.rml/.git.path \/github\/runner_temp\/git\-credentials\-3bf33833\-b789\-4594\-8df3\-83c2e78e6bce\.config
2026-10-09T15:03:01.6433012Z [command]/usr/bin/git config --local --get-all includeif.gitdir:/github/workspace/.rml/.git/worktrees/*.path
2026-10-09T15:03:01.6462309Z /github/runner_temp/git-credentials-3bf33833-b789-4594-8df3-83c2e78e6bce.config
2026-10-09T15:03:01.6469674Z [command]/usr/bin/git config --local --unset includeif.gitdir:/github/workspace/.rml/.git/worktrees/*.path \/github\/runner_temp\/git\-credentials\-3bf33833\-b789\-4594\-8df3\-83c2e78e6bce\.config
2026-10-09T15:03:01.6510079Z [command]/usr/bin/git submodule foreach --recursive git config --local --show-origin --name-only --get-regexp remote.origin.url
2026-10-09T15:03:01.6739693Z Removing credentials config '/home/runner/work/_temp/git-credentials-3bf33833-b789-4594-8df3-83c2e78e6bce.config'
2026-10-09T15:03:01.6750833Z ##[endgroup]
2026-10-09T15:03:01.6956239Z ##[group]Run set -euo pipefail
2026-10-09T15:03:01.6956672Z [36;1mset -euo pipefail[0m
2026-10-09T15:03:01.6957005Z [36;1mnpm ci --prefix .rml/js --no-audit --no-fund[0m
2026-10-09T15:03:01.6957406Z [36;1mrml_script="$(realpath .rml/js/src/rml-links.mjs)"[0m
2026-10-09T15:03:01.6957870Z [36;1mprintf '#!/bin/sh\nexec node "%s" "$@"\n' "$rml_script" > "$RUNNER_TEMP/rml"[0m
2026-10-09T15:03:01.6958280Z [36;1mchmod +x "$RUNNER_TEMP/rml"[0m
2026-10-09T15:03:01.6958601Z [36;1mecho "RML_BIN=$RUNNER_TEMP/rml" >> "$GITHUB_ENV"[0m
2026-10-09T15:03:01.7246016Z shell: /usr/bin/bash --noprofile --norc -e -o pipefail {0}
2026-10-09T15:03:01.7246536Z ##[endgroup]
2026-10-09T15:03:04.0038373Z 
2026-10-09T15:03:04.0038899Z added 39 packages in 2s
2026-10-09T15:03:04.0604130Z ##[group]Run bash scripts/install-agentic-search-tools.sh
2026-10-09T15:03:04.0604620Z [36;1mbash scripts/install-agentic-search-tools.sh[0m
2026-10-09T15:03:04.0674993Z shell: /usr/bin/bash -e {0}
2026-10-09T15:03:04.0675361Z env:
2026-10-09T15:03:04.0675656Z   RML_BIN: /home/runner/work/_temp/rml
2026-10-09T15:03:04.0676180Z ##[endgroup]
2026-10-09T15:03:10.6435637Z Reading package lists...
2026-10-09T15:03:10.8684787Z Building dependency tree...
2026-10-09T15:03:10.8693155Z Reading state information...
2026-10-09T15:03:11.0330534Z The following NEW packages will be installed:
2026-10-09T15:03:11.0331304Z   ripgrep
2026-10-09T15:03:11.0506011Z 0 upgraded, 1 newly installed, 0 to remove and 23 not upgraded.
2026-10-09T15:03:11.0506511Z Need to get 1551 kB of archives.
2026-10-09T15:03:11.0506887Z After this operation, 5335 kB of additional disk space will be used.
2026-10-09T15:03:11.0507326Z Get:1 file:/etc/apt/apt-mirrors.txt Mirrorlist [144 B]
2026-10-09T15:03:11.0945650Z Get:2 http://azure.archive.ubuntu.com/ubuntu noble/universe amd64 ripgrep amd64 14.1.0-1 [1551 kB]
2026-10-09T15:03:11.3712509Z Fetched 1551 kB in 0s (23.7 MB/s)
2026-10-09T15:03:11.3979982Z Selecting previously unselected package ripgrep.
2026-10-09T15:03:11.4322152Z (Reading database ... 
2026-10-09T15:03:11.4322878Z (Reading database ... 5%
2026-10-09T15:03:11.4323551Z (Reading database ... 10%
2026-10-09T15:03:11.4324184Z (Reading database ... 15%
2026-10-09T15:03:11.4324640Z (Reading database ... 20%
2026-10-09T15:03:11.4324957Z (Reading database ... 25%
2026-10-09T15:03:11.4325274Z (Reading database ... 30%
2026-10-09T15:03:11.4325595Z (Reading database ... 35%
2026-10-09T15:03:11.4325911Z (Reading database ... 40%
2026-10-09T15:03:11.4326233Z (Reading database ... 45%
2026-10-09T15:03:11.4326557Z (Reading database ... 50%
2026-10-09T15:03:11.4390017Z (Reading database ... 55%
2026-10-09T15:03:11.5090301Z (Reading database ... 60%
2026-10-09T15:03:11.7066136Z (Reading database ... 65%
2026-10-09T15:03:11.8930230Z (Reading database ... 70%
2026-10-09T15:03:12.0602279Z (Reading database ... 75%
2026-10-09T15:03:12.2530496Z (Reading database ... 80%
2026-10-09T15:03:12.4025519Z (Reading database ... 85%
2026-10-09T15:03:12.5720618Z (Reading database ... 90%
2026-10-09T15:03:12.7438521Z (Reading database ... 95%
2026-10-09T15:03:12.7439377Z (Reading database ... 100%
2026-10-09T15:03:12.7440005Z (Reading database ... 203191 files and directories currently installed.)
2026-10-09T15:03:12.7486681Z Preparing to unpack .../ripgrep_14.1.0-1_amd64.deb ...
2026-10-09T15:03:12.7512254Z Unpacking ripgrep (14.1.0-1) ...
2026-10-09T15:03:12.8196546Z Setting up ripgrep (14.1.0-1) ...
2026-10-09T15:03:12.8215948Z Processing triggers for man-db (2.12.0-4build2) ...
2026-10-09T15:03:12.8238140Z Not building database; man-db/auto-update is not 'true'.
2026-10-09T15:03:13.5189202Z 
2026-10-09T15:03:13.5189832Z Running kernel seems to be up-to-date.
2026-10-09T15:03:13.5190325Z 
2026-10-09T15:03:13.5190596Z No services need to be restarted.
2026-10-09T15:03:13.5190860Z 
2026-10-09T15:03:13.5191006Z No containers need to be restarted.
2026-10-09T15:03:13.5191265Z 
2026-10-09T15:03:13.5191459Z No user sessions are running outdated binaries.
2026-10-09T15:03:13.5191770Z 
2026-10-09T15:03:13.5192068Z No VM guests are running outdated hypervisor (qemu) binaries on this host.
2026-10-09T15:03:14.5510553Z ripgrep 14.1.0
2026-10-09T15:03:14.5510868Z 
2026-10-09T15:03:14.5511112Z features:-simd-accel,+pcre2
2026-10-09T15:03:14.5511473Z simd(compile):+SSE2,-SSSE3,-AVX2
2026-10-09T15:03:14.5511812Z simd(runtime):+SSE2,+SSSE3,+AVX2
2026-10-09T15:03:14.5512025Z 
2026-10-09T15:03:14.5512178Z PCRE2 10.42 is available (JIT is available)
2026-10-09T15:03:14.5565344Z ##[group]Run set -euo pipefail
2026-10-09T15:03:14.5565694Z [36;1mset -euo pipefail[0m
2026-10-09T15:03:14.5565997Z [36;1msuites="$RUNNER_TEMP/javascript-suites.txt"[0m
2026-10-09T15:03:14.5566384Z [36;1mprintf '%s\n' rust/tests/web/*.test.mjs > "$suites"[0m
2026-10-09T15:03:14.5567073Z [36;1mnode scripts/plan-test-shards.mjs --of "$SHARDS" --durations data/meta/javascript-test-durations.lino --check < "$suites"[0m
2026-10-09T15:03:14.5568109Z [36;1mmapfile -t files < <(node scripts/plan-test-shards.mjs --shard "$SHARD" --of "$SHARDS" --durations data/meta/javascript-test-durations.lino < "$suites")[0m
2026-10-09T15:03:14.5568845Z [36;1mscripts/run-with-budget-warning.sh \[0m
2026-10-09T15:03:14.5569259Z [36;1m  "$TEST_BUDGET_SECONDS" "JavaScript suites shard $SHARD/$SHARDS" \[0m
2026-10-09T15:03:14.5569732Z [36;1m  node --test --test-concurrency="$(nproc)" "${files[@]}"[0m
2026-10-09T15:03:14.5634102Z shell: /usr/bin/bash -e {0}
2026-10-09T15:03:14.5634374Z env:
2026-10-09T15:03:14.5634647Z   RML_BIN: /home/runner/work/_temp/rml
2026-10-09T15:03:14.5634931Z   SHARD: 2
2026-10-09T15:03:14.5635123Z   SHARDS: 4
2026-10-09T15:03:14.5635326Z   TEST_BUDGET_SECONDS: 360
2026-10-09T15:03:14.5635578Z   TEST_WARN_RATIO_PERCENT: 75
2026-10-09T15:03:14.5635825Z ##[endgroup]
2026-10-09T15:03:14.6070007Z 315 test(s) in 4 shard(s), each exactly once, longest first
2026-10-09T15:03:14.7333652Z TAP version 13
2026-10-09T15:03:16.3091885Z # Subtest: a declared name splits at underscores and case changes
2026-10-09T15:03:16.3130834Z ok 1 - a declared name splits at underscores and case changes
2026-10-09T15:03:16.3131904Z   ---
2026-10-09T15:03:16.3132420Z   duration_ms: 5.596203
2026-10-09T15:03:16.3133285Z   type: 'test'
2026-10-09T15:03:16.3133810Z   ...
2026-10-09T15:03:16.3134702Z # Subtest: a name is abbreviated when one of its words is on the list
2026-10-09T15:03:16.3135912Z ok 2 - a name is abbreviated when one of its words is on the list
2026-10-09T15:03:16.3136972Z   ---
2026-10-09T15:03:16.3137775Z   duration_ms: 0.298328
2026-10-09T15:03:16.3138368Z   type: 'test'
2026-10-09T15:03:16.3139106Z   ...
2026-10-09T15:03:16.3139768Z # Subtest: the full-word spelling keeps the separator of the stem
2026-10-09T15:03:16.3140959Z ok 3 - the full-word spelling keeps the separator of the stem
2026-10-09T15:03:16.3141948Z   ---
2026-10-09T15:03:16.3142610Z   duration_ms: 0.582018
2026-10-09T15:03:16.3143300Z   type: 'test'
2026-10-09T15:03:16.3143948Z   ...
2026-10-09T15:03:16.3144368Z # Subtest: Rust patterns and lifetimes are not bindings
2026-10-09T15:03:16.3144968Z ok 4 - Rust patterns and lifetimes are not bindings
2026-10-09T15:03:16.3145457Z   ---
2026-10-09T15:03:16.3145759Z   duration_ms: 0.837897
2026-10-09T15:03:16.3146113Z   type: 'test'
2026-10-09T15:03:16.3146426Z   ...
2026-10-09T15:03:16.3147074Z # Subtest: the rules file states a reason for every exclusion and reads its list from the notation rules
2026-10-09T15:03:16.3148183Z ok 5 - the rules file states a reason for every exclusion and reads its list from the notation rules
2026-10-09T15:03:16.3148920Z   ---
2026-10-09T15:03:16.3149217Z   duration_ms: 3.886397
2026-10-09T15:03:16.3149564Z   type: 'test'
2026-10-09T15:03:16.3149868Z   ...
2026-10-09T15:03:16.3150260Z # Subtest: the repository holds the abbreviation ratchet
2026-10-09T15:03:16.3150856Z ok 6 - the repository holds the abbreviation ratchet
2026-10-09T15:03:16.3151346Z   ---
2026-10-09T15:03:16.3151649Z   duration_ms: 1310.183977
2026-10-09T15:03:16.3152027Z   type: 'test'
2026-10-09T15:03:16.3152334Z   ...
2026-10-09T15:03:16.3294792Z # Subtest: actual process receipt preserves authored failure prose and real zero status
2026-10-09T15:03:16.3333786Z ok 7 - actual process receipt preserves authored failure prose and real zero status
2026-10-09T15:03:16.3371329Z   ---
2026-10-09T15:03:16.3373204Z   duration_ms: 66.159133
2026-10-09T15:03:16.3374173Z   type: 'test'
2026-10-09T15:03:16.3374639Z   ...
2026-10-09T15:03:16.3376064Z # Subtest: actual nonzero exit and stderr survive receipt encoding
2026-10-09T15:03:16.3377030Z ok 8 - actual nonzero exit and stderr survive receipt encoding
2026-10-09T15:03:16.3377792Z   ---
2026-10-09T15:03:16.3378278Z   duration_ms: 49.300851
2026-10-09T15:03:16.3378839Z   type: 'test'
2026-10-09T15:03:16.3379316Z   ...
2026-10-09T15:03:16.3380137Z # Subtest: large real process output is bounded while original length and incomplete witness remain
2026-10-09T15:03:16.3381461Z ok 9 - large real process output is bounded while original length and incomplete witness remain
2026-10-09T15:03:16.3382420Z   ---
2026-10-09T15:03:16.3383272Z   duration_ms: 43.923787
2026-10-09T15:03:16.3383831Z   type: 'test'
2026-10-09T15:03:16.3384312Z   ...
2026-10-09T15:03:16.3384917Z # Subtest: real split UTF8 chunks preserve exact source text
2026-10-09T15:03:16.3385853Z ok 10 - real split UTF8 chunks preserve exact source text
2026-10-09T15:03:16.3386552Z   ---
2026-10-09T15:03:16.3387022Z   duration_ms: 79.911921
2026-10-09T15:03:16.3387550Z   type: 'test'
2026-10-09T15:03:16.3388033Z   ...
2026-10-09T15:03:16.3388599Z # Subtest: actual timeout never advertises complete bytes
2026-10-09T15:03:16.3389404Z ok 11 - actual timeout never advertises complete bytes
2026-10-09T15:03:16.3390084Z   ---
2026-10-09T15:03:16.3390549Z   duration_ms: 41.113102
2026-10-09T15:03:16.3391078Z   type: 'test'
2026-10-09T15:03:16.3391587Z   ...
2026-10-09T15:03:16.3392298Z # Subtest: actual abort never advertises complete bytes
2026-10-09T15:03:16.3423378Z ok 12 - actual abort never advertises complete bytes
2026-10-09T15:03:16.3453228Z   ---
2026-10-09T15:03:16.3463148Z   duration_ms: 36.968483
2026-10-09T15:03:16.3483437Z   type: 'test'
2026-10-09T15:03:16.3513287Z   ...
2026-10-09T15:03:18.3284057Z # Subtest: repeated event sequences become a validated parameterized algorithm
2026-10-09T15:03:18.3285119Z ok 13 - repeated event sequences become a validated parameterized algorithm
2026-10-09T15:03:18.3285826Z   ---
2026-10-09T15:03:18.3286185Z   duration_ms: 1626.869932
2026-10-09T15:03:18.3286734Z   type: 'test'
2026-10-09T15:03:18.3313410Z   ...
2026-10-09T15:03:18.3332515Z # Subtest: held-out constant drift is preserved as a failed candidate
2026-10-09T15:03:18.3383505Z ok 14 - held-out constant drift is preserved as a failed candidate
2026-10-09T15:03:18.3430660Z   ---
2026-10-09T15:03:18.3463371Z   duration_ms: 1.645226
2026-10-09T15:03:18.3493301Z   type: 'test'
2026-10-09T15:03:18.3523297Z   ...
2026-10-09T15:03:18.3535478Z # Subtest: artifact round trip and conformance do not implicitly approve execution
2026-10-09T15:03:18.3565840Z ok 15 - artifact round trip and conformance do not implicitly approve execution
2026-10-09T15:03:18.3566622Z   ---
2026-10-09T15:03:18.3567438Z   duration_ms: 7.743749
2026-10-09T15:03:18.3567802Z   type: 'test'
2026-10-09T15:03:18.3568138Z   ...
2026-10-09T15:03:18.3568649Z # Subtest: the memory reader round-trips the issue-531 observation document
2026-10-09T15:03:18.3569468Z ok 16 - the memory reader round-trips the issue-531 observation document
2026-10-09T15:03:18.3570110Z   ---
2026-10-09T15:03:18.3570425Z   duration_ms: 4.440803
2026-10-09T15:03:18.3570786Z   type: 'test'
2026-10-09T15:03:18.3571102Z   ...
2026-10-09T15:03:18.3571646Z # Subtest: Agent CLI algorithm learning: write, discover, read back, conformance
2026-10-09T15:03:18.3572557Z ok 17 - Agent CLI algorithm learning: write, discover, read back, conformance
2026-10-09T15:03:18.3573441Z   ---
2026-10-09T15:03:18.3573751Z   duration_ms: 1114.176563
2026-10-09T15:03:18.3574139Z   type: 'test'
2026-10-09T15:03:18.3574454Z   ...
2026-10-09T15:03:18.3574972Z # Subtest: an arbitrary four-step procedure compiles and restates its steps
2026-10-09T15:03:18.3575827Z ok 18 - an arbitrary four-step procedure compiles and restates its steps
2026-10-09T15:03:18.3576465Z   ---
2026-10-09T15:03:18.3576774Z   duration_ms: 19.273878
2026-10-09T15:03:18.3577140Z   type: 'test'
2026-10-09T15:03:18.3577453Z   ...
2026-10-09T15:03:18.3578374Z # Subtest: the same procedure in every supported language compiles to the same skill links
2026-10-09T15:03:18.3579393Z ok 19 - the same procedure in every supported language compiles to the same skill links
2026-10-09T15:03:18.3580095Z   ---
2026-10-09T15:03:18.3580402Z   duration_ms: 7.998738
2026-10-09T15:03:18.3580764Z   type: 'test'
2026-10-09T15:03:18.3581074Z   ...
2026-10-09T15:03:18.3581577Z # Subtest: an uncompilable step reports a named gap and compiles nothing
2026-10-09T15:03:18.3582384Z ok 20 - an uncompilable step reports a named gap and compiles nothing
2026-10-09T15:03:18.3583194Z   ---
2026-10-09T15:03:18.3583501Z   duration_ms: 260.485767
2026-10-09T15:03:18.3583868Z   type: 'test'
2026-10-09T15:03:18.3584178Z   ...
2026-10-09T15:03:18.3584570Z # Subtest: the gap name collapses the seed quote escape
2026-10-09T15:03:18.3585184Z ok 21 - the gap name collapses the seed quote escape
2026-10-09T15:03:18.3585685Z   ---
2026-10-09T15:03:18.3585986Z   duration_ms: 0.879283
2026-10-09T15:03:18.3586344Z   type: 'test'
2026-10-09T15:03:18.3586651Z   ...
2026-10-09T15:03:18.3587213Z # Subtest: the compiler records every ordered requirement under the solver impulse
2026-10-09T15:03:18.3588137Z ok 22 - the compiler records every ordered requirement under the solver impulse
2026-10-09T15:03:18.3588796Z   ---
2026-10-09T15:03:18.3589095Z   duration_ms: 2.08673
2026-10-09T15:03:18.3589446Z   type: 'test'
2026-10-09T15:03:18.3589751Z   ...
2026-10-09T15:03:18.3590200Z # Subtest: the compiled artifact round-trips and rejects tampering
2026-10-09T15:03:18.3591139Z ok 23 - the compiled artifact round-trips and rejects tampering
2026-10-09T15:03:18.3591689Z   ---
2026-10-09T15:03:18.3591984Z   duration_ms: 9.401887
2026-10-09T15:03:18.3592339Z   type: 'test'
2026-10-09T15:03:18.3643449Z   ...
2026-10-09T15:03:18.3644141Z # Subtest: Agent CLI procedure: write, verify, execute, and return the same artifact
2026-10-09T15:03:18.3645116Z ok 24 - Agent CLI procedure: write, verify, execute, and return the same artifact
2026-10-09T15:03:18.3645806Z   ---
2026-10-09T15:03:18.3646143Z   duration_ms: 16.766339
2026-10-09T15:03:18.3646520Z   type: 'test'
2026-10-09T15:03:18.3646840Z   ...
2026-10-09T15:03:18.3647405Z # Subtest: Agent CLI procedure rejects a corrupted readback and a failed execution
2026-10-09T15:03:18.3648340Z ok 25 - Agent CLI procedure rejects a corrupted readback and a failed execution
2026-10-09T15:03:18.3649028Z   ---
2026-10-09T15:03:18.3649347Z   duration_ms: 17.612137
2026-10-09T15:03:18.3649724Z   type: 'test'
2026-10-09T15:03:18.3650063Z   ...
2026-10-09T15:03:18.3650569Z # Subtest: Agent CLI procedure localizes an honest unpersisted artifact
2026-10-09T15:03:18.3651412Z ok 26 - Agent CLI procedure localizes an honest unpersisted artifact
2026-10-09T15:03:18.3652038Z   ---
2026-10-09T15:03:18.3652362Z   duration_ms: 2.473055
2026-10-09T15:03:18.3653470Z   type: 'test'
2026-10-09T15:03:18.3653823Z   ...
2026-10-09T15:03:18.3654400Z # Subtest: the associative report and answer match the committed Agent CLI session
2026-10-09T15:03:18.3655374Z ok 27 - the associative report and answer match the committed Agent CLI session
2026-10-09T15:03:18.3656080Z   ---
2026-10-09T15:03:18.3656411Z   duration_ms: 10.321477
2026-10-09T15:03:18.3656809Z   type: 'test'
2026-10-09T15:03:18.3657140Z   ...
2026-10-09T15:03:18.3657684Z # Subtest: the associative report is derived from persisted usage, not canned
2026-10-09T15:03:18.3658567Z ok 28 - the associative report is derived from persisted usage, not canned
2026-10-09T15:03:18.3659231Z   ---
2026-10-09T15:03:18.3659560Z   duration_ms: 1.084714
2026-10-09T15:03:18.3659933Z   type: 'test'
2026-10-09T15:03:18.3660260Z   ...
2026-10-09T15:03:18.3660817Z # Subtest: self-hosting and search-fusion reports are derived and review gated
2026-10-09T15:03:18.3661747Z ok 29 - self-hosting and search-fusion reports are derived and review gated
2026-10-09T15:03:18.3662434Z   ---
2026-10-09T15:03:18.3663040Z   duration_ms: 6.502952
2026-10-09T15:03:18.3663447Z   type: 'test'
2026-10-09T15:03:18.3663785Z   ...
2026-10-09T15:03:18.3664662Z # Subtest: every registered report routes from its own task and identities are unique
2026-10-09T15:03:18.3665684Z ok 30 - every registered report routes from its own task and identities are unique
2026-10-09T15:03:18.3666385Z   ---
2026-10-09T15:03:18.3666706Z   duration_ms: 0.473591
2026-10-09T15:03:18.3667070Z   type: 'test'
2026-10-09T15:03:18.3667403Z   ...
2026-10-09T15:03:18.3667891Z # Subtest: committed Agent CLI evidence reports match a fresh render
2026-10-09T15:03:18.3668692Z ok 31 - committed Agent CLI evidence reports match a fresh render
2026-10-09T15:03:18.3669309Z   ---
2026-10-09T15:03:18.3669630Z   duration_ms: 3.663761
2026-10-09T15:03:18.3670002Z   type: 'test'
2026-10-09T15:03:18.3670330Z   ...
2026-10-09T15:03:18.3670942Z # Subtest: the dreaming audit is derived from the recipe and matches the committed session
2026-10-09T15:03:18.3672013Z ok 32 - the dreaming audit is derived from the recipe and matches the committed session
2026-10-09T15:03:18.3683415Z   ---
2026-10-09T15:03:18.3683845Z   duration_ms: 4.124917
2026-10-09T15:03:18.3684274Z   type: 'test'
2026-10-09T15:03:18.3684625Z   ...
2026-10-09T15:03:18.3685234Z # Subtest: the self-AST recipe routes narrowly and answers like the committed session
2026-10-09T15:03:18.3686252Z ok 33 - the self-AST recipe routes narrowly and answers like the committed session
2026-10-09T15:03:18.3686932Z   ---
2026-10-09T15:03:18.3687268Z   duration_ms: 0.737944
2026-10-09T15:03:18.3687656Z   type: 'test'
2026-10-09T15:03:18.3688381Z   ...
2026-10-09T15:03:18.3689055Z # Subtest: the question catalog recipe routes narrowly and answers like the committed session
2026-10-09T15:03:18.3690203Z ok 34 - the question catalog recipe routes narrowly and answers like the committed session
2026-10-09T15:03:18.3690984Z   ---
2026-10-09T15:03:18.3691376Z   duration_ms: 2.99114
2026-10-09T15:03:18.3691845Z   type: 'test'
2026-10-09T15:03:18.3692196Z   ...
2026-10-09T15:03:18.3693066Z # Subtest: the Google Trends recipes route and answer like the committed sessions
2026-10-09T15:03:18.3693915Z ok 35 - the Google Trends recipes route and answer like the committed sessions
2026-10-09T15:03:18.3694481Z   ---
2026-10-09T15:03:18.3694756Z   duration_ms: 12.287287
2026-10-09T15:03:18.3695089Z   type: 'test'
2026-10-09T15:03:18.3695414Z   ...
2026-10-09T15:03:18.4068167Z # Subtest: every quote of the note is the cited owner message, byte for byte
2026-10-09T15:03:18.4093660Z ok 36 - every quote of the note is the cited owner message, byte for byte
2026-10-09T15:03:18.4094337Z   ---
2026-10-09T15:03:18.4094634Z   duration_ms: 3.181859
2026-10-09T15:03:18.4094965Z   type: 'test'
2026-10-09T15:03:18.4095260Z   ...
2026-10-09T15:03:18.4095637Z # Subtest: VISION.md and the notes index link the note
2026-10-09T15:03:18.4096247Z ok 37 - VISION.md and the notes index link the note
2026-10-09T15:03:18.4096750Z   ---
2026-10-09T15:03:18.4097065Z   duration_ms: 0.573332
2026-10-09T15:03:18.4097427Z   type: 'test'
2026-10-09T15:03:18.4097736Z   ...
2026-10-09T15:03:22.4629945Z # Subtest: artifact delivery header: original-effect
2026-10-09T15:03:22.4713720Z ok 38 - artifact delivery header: original-effect
2026-10-09T15:03:22.4773327Z   ---
2026-10-09T15:03:22.4833406Z   duration_ms: 228.461431
2026-10-09T15:03:22.4865900Z   type: 'test'
2026-10-09T15:03:22.4883609Z   ...
2026-10-09T15:03:22.4884696Z # Subtest: artifact delivery header: report-result-source-value
2026-10-09T15:03:22.4885921Z ok 39 - artifact delivery header: report-result-source-value
2026-10-09T15:03:22.4886860Z   ---
2026-10-09T15:03:22.4887409Z   duration_ms: 1.717722
2026-10-09T15:03:22.4888033Z   type: 'test'
2026-10-09T15:03:22.4888636Z   ...
2026-10-09T15:03:22.4889431Z # Subtest: artifact delivery header: report-result-symbol
2026-10-09T15:03:22.4890428Z ok 40 - artifact delivery header: report-result-symbol
2026-10-09T15:03:22.4891251Z   ---
2026-10-09T15:03:22.4891884Z   duration_ms: 1.327051
2026-10-09T15:03:22.4892542Z   type: 'test'
2026-10-09T15:03:22.4893314Z   ...
2026-10-09T15:03:22.4894322Z # Subtest: artifact delivery header: genuine-source-before
2026-10-09T15:03:22.4895364Z ok 41 - artifact delivery header: genuine-source-before
2026-10-09T15:03:22.4896254Z   ---
2026-10-09T15:03:22.4896847Z   duration_ms: 2.151153
2026-10-09T15:03:22.4897480Z   type: 'test'
2026-10-09T15:03:22.4898091Z   ...
2026-10-09T15:03:22.4898807Z # Subtest: artifact delivery header: genuine-source-after
2026-10-09T15:03:22.4899738Z ok 42 - artifact delivery header: genuine-source-after
2026-10-09T15:03:22.4900488Z   ---
2026-10-09T15:03:22.4901026Z   duration_ms: 2.29423
2026-10-09T15:03:22.4901615Z   type: 'test'
2026-10-09T15:03:22.4902192Z   ...
2026-10-09T15:03:22.4903104Z # Subtest: artifact delivery header: explicit-report-source-body
2026-10-09T15:03:22.4904083Z ok 43 - artifact delivery header: explicit-report-source-body
2026-10-09T15:03:22.4904953Z   ---
2026-10-09T15:03:22.4905559Z   duration_ms: 2.086352
2026-10-09T15:03:22.4906208Z   type: 'test'
2026-10-09T15:03:22.4906780Z   ...
2026-10-09T15:03:22.4907481Z # Subtest: artifact delivery header: source-like-filename
2026-10-09T15:03:22.4908372Z ok 44 - artifact delivery header: source-like-filename
2026-10-09T15:03:22.4909190Z   ---
2026-10-09T15:03:22.4909725Z   duration_ms: 1.29408
2026-10-09T15:03:22.4910239Z   type: 'test'
2026-10-09T15:03:22.4910666Z   ...
2026-10-09T15:03:22.4911291Z # Subtest: artifact delivery header: spanish-postposed-source
2026-10-09T15:03:22.4912254Z ok 45 - artifact delivery header: spanish-postposed-source
2026-10-09T15:03:22.4913741Z   ---
2026-10-09T15:03:22.4914329Z   duration_ms: 1.997455
2026-10-09T15:03:22.4914878Z   type: 'test'
2026-10-09T15:03:22.4915389Z   ...
2026-10-09T15:03:22.4916022Z # Subtest: artifact delivery header: russian-postposed-source
2026-10-09T15:03:22.4916923Z ok 46 - artifact delivery header: russian-postposed-source
2026-10-09T15:03:22.4917676Z   ---
2026-10-09T15:03:22.4918206Z   duration_ms: 2.89888
2026-10-09T15:03:22.4918800Z   type: 'test'
2026-10-09T15:03:22.4919341Z   ...
2026-10-09T15:03:22.4920058Z # Subtest: artifact delivery header: chinese-postposed-source
2026-10-09T15:03:22.4921039Z ok 47 - artifact delivery header: chinese-postposed-source
2026-10-09T15:03:22.4921794Z   ---
2026-10-09T15:03:22.4922312Z   duration_ms: 2.140312
2026-10-09T15:03:22.4923161Z   type: 'test'
2026-10-09T15:03:22.4923694Z   ...
2026-10-09T15:03:22.4924294Z # Subtest: artifact delivery header: hindi-source
2026-10-09T15:03:22.4925128Z ok 48 - artifact delivery header: hindi-source
2026-10-09T15:03:22.4925849Z   ---
2026-10-09T15:03:22.4926374Z   duration_ms: 1.685692
2026-10-09T15:03:22.4927001Z   type: 'test'
2026-10-09T15:03:22.4927560Z   ...
2026-10-09T15:03:22.4928162Z # Subtest: artifact delivery header: hindi-report
2026-10-09T15:03:22.4929109Z ok 49 - artifact delivery header: hindi-report
2026-10-09T15:03:22.4929843Z   ---
2026-10-09T15:03:22.4930408Z   duration_ms: 1.381593
2026-10-09T15:03:22.4931011Z   type: 'test'
2026-10-09T15:03:22.4931565Z   ...
2026-10-09T15:03:22.4932197Z # Subtest: artifact delivery header: spanish-payload
2026-10-09T15:03:22.4933392Z ok 50 - artifact delivery header: spanish-payload
2026-10-09T15:03:22.4934135Z   ---
2026-10-09T15:03:22.4934659Z   duration_ms: 1.312975
2026-10-09T15:03:22.4935229Z   type: 'test'
2026-10-09T15:03:22.4935742Z   ...
2026-10-09T15:03:22.4936334Z # Subtest: artifact delivery header: russian-payload
2026-10-09T15:03:22.4937227Z ok 51 - artifact delivery header: russian-payload
2026-10-09T15:03:22.4937923Z   ---
2026-10-09T15:03:22.4938458Z   duration_ms: 3.045986
2026-10-09T15:03:22.4938898Z   type: 'test'
2026-10-09T15:03:22.4939225Z   ...
2026-10-09T15:03:22.4939616Z # Subtest: artifact delivery header: chinese-payload
2026-10-09T15:03:22.4940206Z ok 52 - artifact delivery header: chinese-payload
2026-10-09T15:03:22.4940688Z   ---
2026-10-09T15:03:22.4940996Z   duration_ms: 1.331409
2026-10-09T15:03:22.4941352Z   type: 'test'
2026-10-09T15:03:22.4941662Z   ...
2026-10-09T15:03:22.4942096Z # Subtest: artifact delivery header: unicode-expanded-report
2026-10-09T15:03:22.4943469Z ok 53 - artifact delivery header: unicode-expanded-report
2026-10-09T15:03:22.4944095Z   ---
2026-10-09T15:03:22.4944450Z   duration_ms: 2.02142
2026-10-09T15:03:22.4944863Z   type: 'test'
2026-10-09T15:03:22.4945206Z   ...
2026-10-09T15:03:22.4945672Z # Subtest: artifact delivery header: unicode-shrunk-report
2026-10-09T15:03:22.4946387Z ok 54 - artifact delivery header: unicode-shrunk-report
2026-10-09T15:03:22.4946925Z   ---
2026-10-09T15:03:22.4947234Z   duration_ms: 2.427729
2026-10-09T15:03:22.4947621Z   type: 'test'
2026-10-09T15:03:22.4979263Z   ...
2026-10-09T15:03:22.4979763Z # Subtest: artifact delivery header: unicode-source
2026-10-09T15:03:22.4980354Z ok 55 - artifact delivery header: unicode-source
2026-10-09T15:03:22.4980806Z   ---
2026-10-09T15:03:22.4981098Z   duration_ms: 1.895665
2026-10-09T15:03:22.4981439Z   type: 'test'
2026-10-09T15:03:22.4981736Z   ...
2026-10-09T15:03:22.4982105Z # Subtest: artifact delivery header: unicode-filename
2026-10-09T15:03:22.4983548Z ok 56 - artifact delivery header: unicode-filename
2026-10-09T15:03:22.4984153Z   ---
2026-10-09T15:03:22.4984506Z   duration_ms: 1.861771
2026-10-09T15:03:22.4984930Z   type: 'test'
2026-10-09T15:03:22.4985290Z   ...
2026-10-09T15:03:22.4985720Z # Subtest: artifact delivery header: quoted-type
2026-10-09T15:03:22.4986335Z ok 57 - artifact delivery header: quoted-type
2026-10-09T15:03:22.4986824Z   ---
2026-10-09T15:03:22.4987150Z   duration_ms: 1.396992
2026-10-09T15:03:22.4987544Z   type: 'test'
2026-10-09T15:03:22.4988202Z   ...
2026-10-09T15:03:22.4988637Z # Subtest: artifact delivery header: quoted-call
2026-10-09T15:03:22.4989200Z ok 58 - artifact delivery header: quoted-call
2026-10-09T15:03:22.4989679Z   ---
2026-10-09T15:03:22.4990013Z   duration_ms: 1.144199
2026-10-09T15:03:22.4990416Z   type: 'test'
2026-10-09T15:03:22.4990768Z   ...
2026-10-09T15:03:22.4991222Z # Subtest: artifact delivery header: explicit-callable
2026-10-09T15:03:22.4991887Z ok 59 - artifact delivery header: explicit-callable
2026-10-09T15:03:22.4992423Z   ---
2026-10-09T15:03:22.4993041Z   duration_ms: 2.678348
2026-10-09T15:03:22.4993459Z   type: 'test'
2026-10-09T15:03:22.4993815Z   ...
2026-10-09T15:03:22.4994252Z # Subtest: artifact delivery header: non-delivery
2026-10-09T15:03:22.4994867Z ok 60 - artifact delivery header: non-delivery
2026-10-09T15:03:22.4995388Z   ---
2026-10-09T15:03:22.4995731Z   duration_ms: 4.093154
2026-10-09T15:03:22.4996129Z   type: 'test'
2026-10-09T15:03:22.4996480Z   ...
2026-10-09T15:03:22.4996983Z # Subtest: unchanged L21 persists both mandatory records in 8 turns
2026-10-09T15:03:22.4997758Z ok 61 - unchanged L21 persists both mandatory records in 8 turns
2026-10-09T15:03:22.4998367Z   ---
2026-10-09T15:03:22.4998700Z   duration_ms: 4520.406075
2026-10-09T15:03:22.4999104Z   type: 'test'
2026-10-09T15:03:22.4999456Z   ...
2026-10-09T15:03:22.4999966Z # Subtest: unchanged L21 persists both mandatory records in 16 turns
2026-10-09T15:03:22.5000782Z ok 62 - unchanged L21 persists both mandatory records in 16 turns
2026-10-09T15:03:22.5001390Z   ---
2026-10-09T15:03:22.5001739Z   duration_ms: 820.341895
2026-10-09T15:03:22.5002146Z   type: 'test'
2026-10-09T15:03:22.5002498Z   ...
2026-10-09T15:03:22.5091937Z # Subtest: issue research is preserved under docs/case-studies
2026-10-09T15:03:22.5113707Z     # Subtest: R128: issue \#96 keeps its README, raw data and named documents
2026-10-09T15:03:22.5137068Z     ok 1 - R128: issue \#96 keeps its README, raw data and named documents
2026-10-09T15:03:22.5200798Z       ---
2026-10-09T15:03:22.5251443Z       duration_ms: 4.860087
2026-10-09T15:03:22.5252136Z       type: 'test'
2026-10-09T15:03:22.5253024Z       ...
2026-10-09T15:03:22.5253770Z     # Subtest: R142: issue \#117 keeps its README, raw data and named documents
2026-10-09T15:03:22.5255094Z     ok 2 - R142: issue \#117 keeps its README, raw data and named documents
2026-10-09T15:03:22.5255898Z       ---
2026-10-09T15:03:22.5256398Z       duration_ms: 0.307144
2026-10-09T15:03:22.5256954Z       type: 'test'
2026-10-09T15:03:22.5257840Z       ...
2026-10-09T15:03:22.5258494Z     # Subtest: R143, R147: issue \#115 keeps its README, raw data and named documents
2026-10-09T15:03:22.5259431Z     ok 3 - R143, R147: issue \#115 keeps its README, raw data and named documents
2026-10-09T15:03:22.5260092Z       ---
2026-10-09T15:03:22.5260501Z       duration_ms: 0.373578
2026-10-09T15:03:22.5260957Z       type: 'test'
2026-10-09T15:03:22.5261368Z       ...
2026-10-09T15:03:22.5262010Z     # Subtest: R172: issue \#129 keeps its README, raw data and named documents
2026-10-09T15:03:22.5263262Z     ok 4 - R172: issue \#129 keeps its README, raw data and named documents
2026-10-09T15:03:22.5264047Z       ---
2026-10-09T15:03:22.5264383Z       duration_ms: 0.324747
2026-10-09T15:03:22.5264753Z       type: 'test'
2026-10-09T15:03:22.5265112Z       ...
2026-10-09T15:03:22.5265608Z     # Subtest: R230: issue \#196 keeps its README, raw data and named documents
2026-10-09T15:03:22.5266288Z     ok 5 - R230: issue \#196 keeps its README, raw data and named documents
2026-10-09T15:03:22.5266841Z       ---
2026-10-09T15:03:22.5267152Z       duration_ms: 2.41226
2026-10-09T15:03:22.5267497Z       type: 'test'
2026-10-09T15:03:22.5267810Z       ...
2026-10-09T15:03:22.5268239Z     # Subtest: R252, R253: issue \#244 keeps its README, raw data and named documents
2026-10-09T15:03:22.5268863Z     ok 6 - R252, R253: issue \#244 keeps its README, raw data and named documents
2026-10-09T15:03:22.5269349Z       ---
2026-10-09T15:03:22.5269891Z       duration_ms: 1.571718
2026-10-09T15:03:22.5270242Z       type: 'test'
2026-10-09T15:03:22.5270556Z       ...
2026-10-09T15:03:22.5270967Z     # Subtest: R320: issue \#438 keeps its README, raw data and named documents
2026-10-09T15:03:22.5271554Z     ok 7 - R320: issue \#438 keeps its README, raw data and named documents
2026-10-09T15:03:22.5272025Z       ---
2026-10-09T15:03:22.5272330Z       duration_ms: 0.444441
2026-10-09T15:03:22.5272959Z       type: 'test'
2026-10-09T15:03:22.5273454Z       ...
2026-10-09T15:03:22.5273979Z     # Subtest: R364, R367: issue \#492 keeps its README, raw data and named documents
2026-10-09T15:03:22.5274825Z     ok 8 - R364, R367: issue \#492 keeps its README, raw data and named documents
2026-10-09T15:03:22.5275457Z       ---
2026-10-09T15:03:22.5275796Z       duration_ms: 0.555498
2026-10-09T15:03:22.5276175Z       type: 'test'
2026-10-09T15:03:22.5276499Z       ...
2026-10-09T15:03:22.5277152Z     # Subtest: R387, R388, R389, R390, R391: issue \#558 keeps its README, raw data and named documents
2026-10-09T15:03:22.5278025Z     ok 9 - R387, R388, R389, R390, R391: issue \#558 keeps its README, raw data and named documents
2026-10-09T15:03:22.5278695Z       ---
2026-10-09T15:03:22.5279013Z       duration_ms: 3.646879
2026-10-09T15:03:22.5279404Z       type: 'test'
2026-10-09T15:03:22.5279721Z       ...
2026-10-09T15:03:22.5280225Z     # Subtest: R873-9: issue \#873 keeps its README, raw data and named documents
2026-10-09T15:03:22.5281056Z     ok 10 - R873-9: issue \#873 keeps its README, raw data and named documents
2026-10-09T15:03:22.5281660Z       ---
2026-10-09T15:03:22.5281974Z       duration_ms: 1.682937
2026-10-09T15:03:22.5282346Z       type: 'test'
2026-10-09T15:03:22.5282858Z       ...
2026-10-09T15:03:22.5283330Z     # Subtest: R265: issue \#365 keeps its README, raw data and named documents
2026-10-09T15:03:22.5284048Z     ok 11 - R265: issue \#365 keeps its README, raw data and named documents
2026-10-09T15:03:22.5284589Z       ---
2026-10-09T15:03:22.5284944Z       duration_ms: 0.184284
2026-10-09T15:03:22.5285289Z       type: 'test'
2026-10-09T15:03:22.5285578Z       ...
2026-10-09T15:03:22.5286020Z     # Subtest: R922-6: issue \#922 keeps its README, raw data and named documents
2026-10-09T15:03:22.5286760Z     ok 12 - R922-6: issue \#922 keeps its README, raw data and named documents
2026-10-09T15:03:22.5287291Z       ---
2026-10-09T15:03:22.5287569Z       duration_ms: 0.303397
2026-10-09T15:03:22.5287905Z       type: 'test'
2026-10-09T15:03:22.5288202Z       ...
2026-10-09T15:03:22.5288727Z     1..12
2026-10-09T15:03:22.5289116Z ok 63 - issue research is preserved under docs/case-studies
2026-10-09T15:03:22.5289592Z   ---
2026-10-09T15:03:22.5289874Z   duration_ms: 18.630044
2026-10-09T15:03:22.5290208Z   type: 'suite'
2026-10-09T15:03:22.5290494Z   ...
2026-10-09T15:03:22.5290997Z # Subtest: a valid change can exceed concise input without counting explanation text
2026-10-09T15:03:22.5291807Z ok 64 - a valid change can exceed concise input without counting explanation text
2026-10-09T15:03:22.5292387Z   ---
2026-10-09T15:03:22.5292909Z   duration_ms: 4.766783
2026-10-09T15:03:22.5293239Z   type: 'test'
2026-10-09T15:03:22.5293523Z   ...
2026-10-09T15:03:22.5293994Z # Subtest: failed or missing independent checks cannot produce validated output
2026-10-09T15:03:22.5294759Z ok 65 - failed or missing independent checks cannot produce validated output
2026-10-09T15:03:22.5295333Z   ---
2026-10-09T15:03:22.5295623Z   duration_ms: 0.666807
2026-10-09T15:03:22.5295937Z   type: 'test'
2026-10-09T15:03:22.5296220Z   ...
2026-10-09T15:03:22.5296639Z # Subtest: a passing check against different final source is rejected
2026-10-09T15:03:22.5297484Z ok 66 - a passing check against different final source is rejected
2026-10-09T15:03:22.5298047Z   ---
2026-10-09T15:03:22.5298344Z   duration_ms: 0.598919
2026-10-09T15:03:22.5298699Z   type: 'test'
2026-10-09T15:03:22.5299008Z   ...
2026-10-09T15:03:22.5299721Z # Subtest: comments, whitespace, unchanged file copies and literal payload padding do not increase the proxy
2026-10-09T15:03:22.5301191Z ok 67 - comments, whitespace, unchanged file copies and literal payload padding do not increase the proxy
2026-10-09T15:03:22.5302001Z   ---
2026-10-09T15:03:22.5302302Z   duration_ms: 3.878953
2026-10-09T15:03:22.5302872Z   type: 'test'
2026-10-09T15:03:22.5303199Z   ...
2026-10-09T15:03:22.5303766Z # Subtest: reviewed patch replay and generators remain outside autonomous authorship
2026-10-09T15:03:22.5304723Z ok 68 - reviewed patch replay and generators remain outside autonomous authorship
2026-10-09T15:03:22.5305513Z   ---
2026-10-09T15:03:22.5305817Z   duration_ms: 0.61515
2026-10-09T15:03:22.5306323Z   type: 'test'
2026-10-09T15:03:22.5306667Z   ...
2026-10-09T15:03:22.5307084Z # Subtest: generated mirrors, documentation and evidence cannot inflate code output
2026-10-09T15:03:22.5307633Z ok 69 - generated mirrors, documentation and evidence cannot inflate code output
2026-10-09T15:03:22.5308013Z   ---
2026-10-09T15:03:22.5308266Z   duration_ms: 0.530312
2026-10-09T15:03:22.5308669Z   type: 'test'
2026-10-09T15:03:22.5308989Z   ...
2026-10-09T15:03:22.5309469Z # Subtest: all retries, patch bytes, observed source and tool receipts remain charged
2026-10-09T15:03:22.5310405Z ok 70 - all retries, patch bytes, observed source and tool receipts remain charged
2026-10-09T15:03:22.5311049Z   ---
2026-10-09T15:03:22.5311334Z   duration_ms: 0.250699
2026-10-09T15:03:22.5311712Z   type: 'test'
2026-10-09T15:03:22.5312020Z   ...
2026-10-09T15:03:22.5312611Z # Subtest: a useful deletion and a short mathematical answer never fail for lack of growth
2026-10-09T15:03:22.5313764Z ok 71 - a useful deletion and a short mathematical answer never fail for lack of growth
2026-10-09T15:03:22.5314455Z   ---
2026-10-09T15:03:22.5314762Z   duration_ms: 0.423782
2026-10-09T15:03:22.5315116Z   type: 'test'
2026-10-09T15:03:22.5315423Z   ...
2026-10-09T15:03:22.5315901Z # Subtest: failed self-coding attempts stay in the usually denominator
2026-10-09T15:03:22.5316710Z ok 72 - failed self-coding attempts stay in the usually denominator
2026-10-09T15:03:22.5317294Z   ---
2026-10-09T15:03:22.5317611Z   duration_ms: 0.998257
2026-10-09T15:03:22.5317978Z   type: 'test'
2026-10-09T15:03:22.5318296Z   ...
2026-10-09T15:03:22.5318805Z # Subtest: a thrown independent verifier remains a failed measured attempt
2026-10-09T15:03:22.5319658Z ok 73 - a thrown independent verifier remains a failed measured attempt
2026-10-09T15:03:22.5320273Z   ---
2026-10-09T15:03:22.5320591Z   duration_ms: 1.5723
2026-10-09T15:03:22.5321205Z   type: 'test'
2026-10-09T15:03:22.5321542Z   ...
2026-10-09T15:03:22.5322141Z # Subtest: duplicate, missing and undeclared cohort runs cannot improve the usually count
2026-10-09T15:03:22.5323429Z ok 74 - duplicate, missing and undeclared cohort runs cannot improve the usually count
2026-10-09T15:03:22.5324141Z   ---
2026-10-09T15:03:22.5324456Z   duration_ms: 0.872942
2026-10-09T15:03:22.5324828Z   type: 'test'
2026-10-09T15:03:22.5325150Z   ...
2026-10-09T15:03:22.5325708Z # Subtest: missing original attempts and unsupported source languages are rejected
2026-10-09T15:03:22.5326642Z ok 75 - missing original attempts and unsupported source languages are rejected
2026-10-09T15:03:22.5327306Z   ---
2026-10-09T15:03:22.5327666Z   duration_ms: 0.481941
2026-10-09T15:03:22.5328032Z   type: 'test'
2026-10-09T15:03:22.5328353Z   ...
2026-10-09T15:03:22.5329033Z # Subtest: successful trusted main completion and stable releases actually invoke container delivery
2026-10-09T15:03:22.5330204Z ok 76 - successful trusted main completion and stable releases actually invoke container delivery
2026-10-09T15:03:22.5330984Z   ---
2026-10-09T15:03:22.5331294Z   duration_ms: 1.524551
2026-10-09T15:03:22.5331654Z   type: 'test'
2026-10-09T15:03:22.5331962Z   ...
2026-10-09T15:03:22.5332625Z # Subtest: two same-run native targets feed every full and slim architecture without a static exclusion
2026-10-09T15:03:22.5333866Z ok 77 - two same-run native targets feed every full and slim architecture without a static exclusion
2026-10-09T15:03:22.5334931Z   ---
2026-10-09T15:03:22.5335249Z   duration_ms: 2.005941
2026-10-09T15:03:22.5335621Z   type: 'test'
2026-10-09T15:03:22.5335938Z   ...
2026-10-09T15:03:22.5336605Z # Subtest: PR validation has no registry write while publication retains independent source authority
2026-10-09T15:03:22.5337760Z ok 78 - PR validation has no registry write while publication retains independent source authority
2026-10-09T15:03:22.5338536Z   ---
2026-10-09T15:03:22.5338861Z   duration_ms: 0.497781
2026-10-09T15:03:22.5339229Z   type: 'test'
2026-10-09T15:03:22.5339553Z   ...
2026-10-09T15:03:22.5340215Z # Subtest: full source compilation has an independent path and every job keeps the required deadline
2026-10-09T15:03:22.5341351Z ok 79 - full source compilation has an independent path and every job keeps the required deadline
2026-10-09T15:03:22.5342128Z   ---
2026-10-09T15:03:22.5342511Z   duration_ms: 0.661247
2026-10-09T15:03:22.5343115Z   type: 'test'
2026-10-09T15:03:22.5343440Z   ...
2026-10-09T15:03:22.5344151Z # Subtest: the release pipeline waits for native publication only after actual successful release creation
2026-10-09T15:03:22.5345386Z ok 80 - the release pipeline waits for native publication only after actual successful release creation
2026-10-09T15:03:22.5346202Z   ---
2026-10-09T15:03:22.5346514Z   duration_ms: 0.986916
2026-10-09T15:03:22.5346876Z   type: 'test'
2026-10-09T15:03:22.5347189Z   ...
2026-10-09T15:03:22.5347807Z # Subtest: doctests prepare the exact Cargo doc graph by listing before unchanged execution
2026-10-09T15:03:22.5348837Z ok 81 - doctests prepare the exact Cargo doc graph by listing before unchanged execution
2026-10-09T15:03:22.5349553Z   ---
2026-10-09T15:03:22.5349861Z   duration_ms: 1.914139
2026-10-09T15:03:22.5350224Z   type: 'test'
2026-10-09T15:03:22.5350538Z   ...
2026-10-09T15:03:22.5351170Z # Subtest: documentation preparation has its own deadline while real doctests retain120seconds
2026-10-09T15:03:22.5352273Z ok 82 - documentation preparation has its own deadline while real doctests retain120seconds
2026-10-09T15:03:22.5353231Z   ---
2026-10-09T15:03:22.5353547Z   duration_ms: 0.433651
2026-10-09T15:03:22.5353927Z   type: 'test'
2026-10-09T15:03:22.5354246Z   ...
2026-10-09T15:03:22.5355014Z # Subtest: documentation source is the actual PRhead freshly merged with the pinned base in a read-only parallel job
2026-10-09T15:03:22.5356558Z ok 83 - documentation source is the actual PRhead freshly merged with the pinned base in a read-only parallel job
2026-10-09T15:03:22.5357447Z   ---
2026-10-09T15:03:22.5357763Z   duration_ms: 0.422991
2026-10-09T15:03:22.5358131Z   type: 'test'
2026-10-09T15:03:22.5358450Z   ...
2026-10-09T15:03:22.5359074Z # Subtest: five full native shards retain all their tests without compiling documentation again
2026-10-09T15:03:22.5360145Z ok 84 - five full native shards retain all their tests without compiling documentation again
2026-10-09T15:03:22.5360886Z   ---
2026-10-09T15:03:22.5361205Z   duration_ms: 0.339064
2026-10-09T15:03:22.5361568Z   type: 'test'
2026-10-09T15:03:22.5361887Z   ...
2026-10-09T15:03:26.7523533Z # Subtest: an unrelated latest release cannot stand in for the completed run
2026-10-09T15:03:26.7553934Z ok 85 - an unrelated latest release cannot stand in for the completed run
2026-10-09T15:03:26.7583410Z   ---
2026-10-09T15:03:26.7613124Z   duration_ms: 412.608865
2026-10-09T15:03:26.7613575Z   type: 'test'
2026-10-09T15:03:26.7643275Z   ...
2026-10-09T15:03:26.7673643Z # Subtest: a delayed run selects its matching older published child
2026-10-09T15:03:26.7674769Z ok 86 - a delayed run selects its matching older published child
2026-10-09T15:03:26.7703325Z   ---
2026-10-09T15:03:26.7733349Z   duration_ms: 940.680808
2026-10-09T15:03:26.7763262Z   type: 'test'
2026-10-09T15:03:26.7763890Z   ...
2026-10-09T15:03:26.7793529Z # Subtest: the issue479 child-release path still heals missing assets
2026-10-09T15:03:26.7823370Z ok 87 - the issue479 child-release path still heals missing assets
2026-10-09T15:03:26.7853394Z   ---
2026-10-09T15:03:26.7853994Z   duration_ms: 673.376373
2026-10-09T15:03:26.7883377Z   type: 'test'
2026-10-09T15:03:26.7913272Z   ...
2026-10-09T15:03:26.7933361Z # Subtest: an exact-head release retains the defensive resolution tier
2026-10-09T15:03:26.7943503Z ok 88 - an exact-head release retains the defensive resolution tier
2026-10-09T15:03:26.7964053Z   ---
2026-10-09T15:03:26.7964655Z   duration_ms: 508.239812
2026-10-09T15:03:26.7965355Z   type: 'test'
2026-10-09T15:03:26.7965940Z   ...
2026-10-09T15:03:26.7966577Z # Subtest: an explicit manual rebuild may still select an older release
2026-10-09T15:03:26.7967552Z ok 89 - an explicit manual rebuild may still select an older release
2026-10-09T15:03:26.7968404Z   ---
2026-10-09T15:03:26.7968907Z   duration_ms: 326.00353
2026-10-09T15:03:26.7969452Z   type: 'test'
2026-10-09T15:03:26.7969930Z   ...
2026-10-09T15:03:26.7970616Z # Subtest: a GitHub transport failure cannot authorize an unrelated release
2026-10-09T15:03:26.7971652Z ok 90 - a GitHub transport failure cannot authorize an unrelated release
2026-10-09T15:03:26.7972433Z   ---
2026-10-09T15:03:26.7973124Z   duration_ms: 416.986265
2026-10-09T15:03:26.7973674Z   type: 'test'
2026-10-09T15:03:26.7974163Z   ...
2026-10-09T15:03:26.7975048Z # Subtest: the matching release heals a missing formal-ai-vscode-1.2.3.vsix after desktop and CLI success
2026-10-09T15:03:26.7976473Z ok 91 - the matching release heals a missing formal-ai-vscode-1.2.3.vsix after desktop and CLI success
2026-10-09T15:03:26.7977463Z   ---
2026-10-09T15:03:26.7977948Z   duration_ms: 613.649971
2026-10-09T15:03:26.7978502Z   type: 'test'
2026-10-09T15:03:26.7978973Z   ...
2026-10-09T15:03:26.7979743Z # Subtest: the matching release heals a missing SHA256SUMS.txt after desktop and CLI success
2026-10-09T15:03:26.7981013Z ok 92 - the matching release heals a missing SHA256SUMS.txt after desktop and CLI success
2026-10-09T15:03:26.7981892Z   ---
2026-10-09T15:03:26.7982377Z   duration_ms: 597.297312
2026-10-09T15:03:26.7983942Z   type: 'test'
2026-10-09T15:03:26.7984470Z   ...
2026-10-09T15:03:26.7985372Z # Subtest: the matching release heals a missing BUILD-PROVENANCE.txt after desktop and CLI success
2026-10-09T15:03:26.7986707Z ok 93 - the matching release heals a missing BUILD-PROVENANCE.txt after desktop and CLI success
2026-10-09T15:03:26.7987632Z   ---
2026-10-09T15:03:26.7988105Z   duration_ms: 724.530074
2026-10-09T15:03:26.7988643Z   type: 'test'
2026-10-09T15:03:26.7989124Z   ...
2026-10-09T15:03:26.7990269Z # Subtest: only a release with the complete package and manifest set skips an automatic build
2026-10-09T15:03:26.7991524Z ok 94 - only a release with the complete package and manifest set skips an automatic build
2026-10-09T15:03:26.7992424Z   ---
2026-10-09T15:03:26.7993140Z   duration_ms: 1653.81216
2026-10-09T15:03:26.7993703Z   type: 'test'
2026-10-09T15:03:26.7994186Z   ...
2026-10-09T15:03:26.7994859Z # Subtest: a VSIX from another version cannot complete the matching release
2026-10-09T15:03:26.7995883Z ok 95 - a VSIX from another version cannot complete the matching release
2026-10-09T15:03:26.7996733Z   ---
2026-10-09T15:03:26.7997219Z   duration_ms: 511.856844
2026-10-09T15:03:26.7997785Z   type: 'test'
2026-10-09T15:03:26.7998269Z   ...
2026-10-09T15:03:26.7999009Z # Subtest: an explicit manual rebuild retains the complete-assets override
2026-10-09T15:03:26.8000032Z ok 96 - an explicit manual rebuild retains the complete-assets override
2026-10-09T15:03:26.8000853Z   ---
2026-10-09T15:03:26.8001359Z   duration_ms: 253.021735
2026-10-09T15:03:26.8001902Z   type: 'test'
2026-10-09T15:03:26.8002425Z   ...
2026-10-09T15:03:26.8003306Z # Subtest: complete names still heal invalid durable evidence: corrupt
2026-10-09T15:03:26.8004264Z ok 97 - complete names still heal invalid durable evidence: corrupt
2026-10-09T15:03:26.8005041Z   ---
2026-10-09T15:03:26.8005512Z   duration_ms: 1004.893071
2026-10-09T15:03:26.8006053Z   type: 'test'
2026-10-09T15:03:26.8006791Z   ...
2026-10-09T15:03:26.8007453Z # Subtest: complete names still heal invalid durable evidence: manifest
2026-10-09T15:03:26.8008420Z ok 98 - complete names still heal invalid durable evidence: manifest
2026-10-09T15:03:26.8009175Z   ---
2026-10-09T15:03:26.8009638Z   duration_ms: 1195.347786
2026-10-09T15:03:26.8010169Z   type: 'test'
2026-10-09T15:03:26.8010644Z   ...
2026-10-09T15:03:26.8011315Z # Subtest: complete names still heal invalid durable evidence: attestation
2026-10-09T15:03:26.8012316Z ok 99 - complete names still heal invalid durable evidence: attestation
2026-10-09T15:03:26.8013338Z   ---
2026-10-09T15:03:26.8013825Z   duration_ms: 1168.077912
2026-10-09T15:03:26.8014376Z   type: 'test'
2026-10-09T15:03:26.8014850Z   ...
2026-10-09T15:03:26.8093459Z # Subtest: the legs are planned longest-first, never cut by test count
2026-10-09T15:03:26.8183368Z ok 100 - the legs are planned longest-first, never cut by test count
2026-10-09T15:03:26.8253234Z   ---
2026-10-09T15:03:26.8268925Z   duration_ms: 1.322994
2026-10-09T15:03:26.8283433Z   type: 'test'
2026-10-09T15:03:26.8314949Z   ...
2026-10-09T15:03:26.8336123Z # Subtest: the long specs run in the project that starts first
2026-10-09T15:03:26.8343380Z ok 101 - the long specs run in the project that starts first
2026-10-09T15:03:26.8373151Z   ---
2026-10-09T15:03:26.8403157Z   duration_ms: 0.421418
2026-10-09T15:03:26.8403746Z   type: 'test'
2026-10-09T15:03:26.8433158Z   ...
2026-10-09T15:03:26.8463520Z # Subtest: tests run in parallel, and only files that share state stay in one worker
2026-10-09T15:03:26.8498640Z ok 102 - tests run in parallel, and only files that share state stay in one worker
2026-10-09T15:03:26.8514453Z   ---
2026-10-09T15:03:26.8573275Z   duration_ms: 6.562671
2026-10-09T15:03:26.8573697Z   type: 'test'
2026-10-09T15:03:26.8574036Z   ...
2026-10-09T15:03:26.8574720Z # Subtest: a successful shell envelope advances the exact file obligation and preserves raw records
2026-10-09T15:03:26.8575898Z ok 103 - a successful shell envelope advances the exact file obligation and preserves raw records
2026-10-09T15:03:26.8576706Z   ---
2026-10-09T15:03:26.8577026Z   duration_ms: 3258.0922
2026-10-09T15:03:26.8577404Z   type: 'test'
2026-10-09T15:03:26.8577719Z   ...
2026-10-09T15:03:26.8578113Z # Subtest: bare successful readback remains supported
2026-10-09T15:03:26.8578734Z ok 104 - bare successful readback remains supported
2026-10-09T15:03:26.8603180Z   ---
2026-10-09T15:03:26.8633135Z   duration_ms: 84.95585
2026-10-09T15:03:26.8635527Z   type: 'test'
2026-10-09T15:03:26.8658413Z   ...
2026-10-09T15:03:26.8664798Z # Subtest: write acknowledgements and auxiliary commands do not certify file contents
2026-10-09T15:03:26.8666129Z ok 105 - write acknowledgements and auxiliary commands do not certify file contents
2026-10-09T15:03:26.8667033Z   ---
2026-10-09T15:03:26.8667529Z   duration_ms: 200.524242
2026-10-09T15:03:26.8668084Z   type: 'test'
2026-10-09T15:03:26.8668574Z   ...
2026-10-09T15:03:26.8669358Z # Subtest: mismatch, nonzero status and a later failed receipt cannot reuse an older success
2026-10-09T15:03:26.8670588Z ok 106 - mismatch, nonzero status and a later failed receipt cannot reuse an older success
2026-10-09T15:03:26.8671497Z   ---
2026-10-09T15:03:26.8671969Z   duration_ms: 127.286292
2026-10-09T15:03:26.8672507Z   type: 'test'
2026-10-09T15:03:26.8673230Z   ...
2026-10-09T15:03:26.8673983Z # Subtest: a different path sharing a filename suffix cannot fulfill the declared file
2026-10-09T15:03:26.8675137Z ok 107 - a different path sharing a filename suffix cannot fulfill the declared file
2026-10-09T15:03:26.8675988Z   ---
2026-10-09T15:03:26.8676456Z   duration_ms: 95.554097
2026-10-09T15:03:26.8676995Z   type: 'test'
2026-10-09T15:03:26.8677466Z   ...
2026-10-09T15:03:26.8678255Z # Subtest: the unchanged issue1099 request persists both artifacts through real shell receipts
2026-10-09T15:03:26.8679598Z ok 108 - the unchanged issue1099 request persists both artifacts through real shell receipts
2026-10-09T15:03:26.8680792Z   ---
2026-10-09T15:03:26.8681371Z   duration_ms: 2948.307041
2026-10-09T15:03:26.8681903Z   type: 'test'
2026-10-09T15:03:26.8682372Z   ...
2026-10-09T15:03:26.8683456Z # Subtest: exact compact JSON and UTF8 payload bytes, including terminal newline, discharge only their file
2026-10-09T15:03:26.8684883Z ok 109 - exact compact JSON and UTF8 payload bytes, including terminal newline, discharge only their file
2026-10-09T15:03:26.8685859Z   ---
2026-10-09T15:03:26.8686327Z   duration_ms: 38.32123
2026-10-09T15:03:26.8686856Z   type: 'test'
2026-10-09T15:03:26.8687334Z   ...
2026-10-09T15:03:26.8688188Z # Subtest: read clients preserve earlier bytes, verify the stream and deduplicate a replay
2026-10-09T15:03:26.8689428Z not ok 110 - read clients preserve earlier bytes, verify the stream and deduplicate a replay
2026-10-09T15:03:26.8690460Z   ---
2026-10-09T15:03:26.8690936Z   duration_ms: 3266.264437
2026-10-09T15:03:26.8691481Z   type: 'test'
2026-10-09T15:03:26.8692404Z   location: '/home/runner/work/formal-ai/formal-ai/rust/tests/web/general-plan-event-append.test.mjs:46:1'
2026-10-09T15:03:26.8693730Z   failureType: 'testCodeFailure'
2026-10-09T15:03:26.8694314Z   error: |-
2026-10-09T15:03:26.8694907Z     Expected values to be strictly equal:
2026-10-09T15:03:26.8695546Z     + actual - expected
2026-10-09T15:03:26.8696067Z     
2026-10-09T15:03:26.8696665Z     + 'general_change_plan\n  id "earlier"\n  target "before.txt"'
2026-10-09T15:03:26.8697430Z     - 'general_change_plan\n' +
2026-10-09T15:03:26.8698007Z     -   '  id "earlier"\n' +
2026-10-09T15:03:26.8698581Z     -   '  target "before.txt"\n' +
2026-10-09T15:03:26.8699193Z     -   'general_change_plan\n' +
2026-10-09T15:03:26.8699863Z     -   '  id "general_change_plan_e2242511cda53a8b"\n' +
2026-10-09T15:03:26.8700593Z     -   '  execution_mode "literal_file"\n' +
2026-10-09T15:03:26.8701255Z     -   '  terminal_state "executed"\n' +
2026-10-09T15:03:26.8702443Z     -   '  goal "Set the contents of result.txt to «hello»"\n' +
2026-10-09T15:03:26.8727488Z     -   '  target "result.txt"\n' +
2026-10-09T15:03:26.8753235Z     -   '  step 1\n' +
2026-10-09T15:03:26.8783309Z     -   '    capability "Write"\n' +
2026-10-09T15:03:26.8813436Z     -   '    action "append the composed plan to .formal-ai/general-change-plan.lino"\n' +
2026-10-09T15:03:26.8833451Z     -   '    expected_evidence "written plan event impulse_7d23001876a4f785"\n' +
2026-10-09T15:03:26.8843269Z     -   '  step 2\n' +
2026-10-09T15:03:26.8873354Z     -   '    capability "Write"\n' +
2026-10-09T15:03:26.8903802Z     -   '    action "write the requested content to result.txt"\n' +
2026-10-09T15:03:26.8904812Z     -   '    expected_evidence "workspace file result.txt"\n' +
2026-10-09T15:03:26.8933191Z     -   '  step 3\n' +
2026-10-09T15:03:26.8983323Z     -   '    capability "Run"\n' +
2026-10-09T15:03:26.9013520Z     -   '    action "run the request-derived verification command"\n' +
2026-10-09T15:03:26.9043197Z     -   '    expected_evidence "hello"\n' +
2026-10-09T15:03:26.9043991Z     -   '    command "cat result.txt"\n' +
2026-10-09T15:03:26.9073235Z     -   '  verification_command "cat result.txt"\n'
2026-10-09T15:03:26.9103134Z     
2026-10-09T15:03:26.9113293Z   code: 'ERR_ASSERTION'
2026-10-09T15:03:26.9133240Z   name: 'AssertionError'
2026-10-09T15:03:26.9136485Z   expected: |-
2026-10-09T15:03:26.9163946Z     general_change_plan
2026-10-09T15:03:26.9193270Z       id "earlier"
2026-10-09T15:03:26.9223207Z       target "before.txt"
2026-10-09T15:03:26.9233129Z     general_change_plan
2026-10-09T15:03:26.9253393Z       id "general_change_plan_e2242511cda53a8b"
2026-10-09T15:03:26.9283232Z       execution_mode "literal_file"
2026-10-09T15:03:26.9313177Z       terminal_state "executed"
2026-10-09T15:03:26.9343452Z       goal "Set the contents of result.txt to «hello»"
2026-10-09T15:03:26.9344141Z       target "result.txt"
2026-10-09T15:03:26.9356089Z       step 1
2026-10-09T15:03:26.9383230Z         capability "Write"
2026-10-09T15:03:26.9413488Z         action "append the composed plan to .formal-ai/general-change-plan.lino"
2026-10-09T15:03:26.9443491Z         expected_evidence "written plan event impulse_7d23001876a4f785"
2026-10-09T15:03:26.9500324Z       step 2
2026-10-09T15:03:26.9500756Z         capability "Write"
2026-10-09T15:03:26.9523411Z         action "write the requested content to result.txt"
2026-10-09T15:03:26.9593426Z         expected_evidence "workspace file result.txt"
2026-10-09T15:03:26.9621001Z       step 3
2026-10-09T15:03:26.9653157Z         capability "Run"
2026-10-09T15:03:26.9673457Z         action "run the request-derived verification command"
2026-10-09T15:03:26.9710701Z         expected_evidence "hello"
2026-10-09T15:03:26.9711451Z         command "cat result.txt"
2026-10-09T15:03:26.9712096Z       verification_command "cat result.txt"
2026-10-09T15:03:26.9712924Z     
2026-10-09T15:03:26.9713418Z   actual: |-
2026-10-09T15:03:26.9713883Z     general_change_plan
2026-10-09T15:03:26.9714416Z       id "earlier"
2026-10-09T15:03:26.9714872Z       target "before.txt"
2026-10-09T15:03:26.9715449Z   operator: 'strictEqual'
2026-10-09T15:03:26.9715945Z   stack: |-
2026-10-09T15:03:26.9717025Z     TestContext.<anonymous> (file:///home/runner/work/formal-ai/formal-ai/rust/tests/web/general-plan-event-append.test.mjs:50:10)
2026-10-09T15:03:26.9718253Z     Test.runInAsyncScope (node:async_hooks:214:14)
2026-10-09T15:03:26.9719006Z     Test.run (node:internal/test_runner/test:1047:25)
2026-10-09T15:03:26.9719893Z     async startSubtestAfterBootstrap (node:internal/test_runner/harness:296:3)
2026-10-09T15:03:26.9720744Z   ...
2026-10-09T15:03:26.9721448Z # Subtest: an absent log is created, while a permission failure never overwrites it
2026-10-09T15:03:26.9722537Z not ok 111 - an absent log is created, while a permission failure never overwrites it
2026-10-09T15:03:26.9723579Z   ---
2026-10-09T15:03:26.9724058Z   duration_ms: 14.932634
2026-10-09T15:03:26.9724554Z   type: 'test'
2026-10-09T15:03:26.9725471Z   location: '/home/runner/work/formal-ai/formal-ai/rust/tests/web/general-plan-event-append.test.mjs:59:1'
2026-10-09T15:03:26.9726508Z   failureType: 'testCodeFailure'
2026-10-09T15:03:26.9727079Z   error: |-
2026-10-09T15:03:26.9727551Z     Expected values to be strictly equal:
2026-10-09T15:03:26.9728180Z     + actual - expected
2026-10-09T15:03:26.9728659Z     
2026-10-09T15:03:26.9729113Z     + undefined
2026-10-09T15:03:26.9729580Z     - 'general_change_plan\n' +
2026-10-09T15:03:26.9730270Z     -   '  id "general_change_plan_e2242511cda53a8b"\n' +
2026-10-09T15:03:26.9731370Z     -   '  execution_mode "literal_file"\n' +
2026-10-09T15:03:26.9732075Z     -   '  terminal_state "executed"\n' +
2026-10-09T15:03:26.9733303Z     -   '  goal "Set the contents of result.txt to «hello»"\n' +
2026-10-09T15:03:26.9783238Z     -   '  target "result.txt"\n' +
2026-10-09T15:03:26.9793102Z     -   '  step 1\n' +
2026-10-09T15:03:26.9793529Z     -   '    capability "Write"\n' +
2026-10-09T15:03:26.9794268Z     -   '    action "append the composed plan to .formal-ai/general-change-plan.lino"\n' +
2026-10-09T15:03:26.9795305Z     -   '    expected_evidence "written plan event impulse_7d23001876a4f785"\n' +
2026-10-09T15:03:26.9795996Z     -   '  step 2\n' +
2026-10-09T15:03:26.9796404Z     -   '    capability "Write"\n' +
2026-10-09T15:03:26.9796979Z     -   '    action "write the requested content to result.txt"\n' +
2026-10-09T15:03:26.9797714Z     -   '    expected_evidence "workspace file result.txt"\n' +
2026-10-09T15:03:26.9823316Z     -   '  step 3\n' +
2026-10-09T15:03:26.9823747Z     -   '    capability "Run"\n' +
2026-10-09T15:03:26.9824371Z     -   '    action "run the request-derived verification command"\n' +
2026-10-09T15:03:26.9825019Z     -   '    expected_evidence "hello"\n' +
2026-10-09T15:03:26.9825535Z     -   '    command "cat result.txt"\n' +
2026-10-09T15:03:26.9826070Z     -   '  verification_command "cat result.txt"\n'
2026-10-09T15:03:26.9826557Z     
2026-10-09T15:03:26.9826866Z   code: 'ERR_ASSERTION'
2026-10-09T15:03:26.9827255Z   name: 'AssertionError'
2026-10-09T15:03:26.9827935Z   expected: |-
2026-10-09T15:03:26.9828276Z     general_change_plan
2026-10-09T15:03:26.9828691Z       id "general_change_plan_e2242511cda53a8b"
2026-10-09T15:03:26.9829197Z       execution_mode "literal_file"
2026-10-09T15:03:26.9829650Z       terminal_state "executed"
2026-10-09T15:03:26.9830315Z       goal "Set the contents of result.txt to «hello»"
2026-10-09T15:03:26.9830842Z       target "result.txt"
2026-10-09T15:03:26.9831223Z       step 1
2026-10-09T15:03:26.9831579Z         capability "Write"
2026-10-09T15:03:26.9832206Z         action "append the composed plan to .formal-ai/general-change-plan.lino"
2026-10-09T15:03:26.9863410Z         expected_evidence "written plan event impulse_7d23001876a4f785"
2026-10-09T15:03:26.9864060Z       step 2
2026-10-09T15:03:26.9864416Z         capability "Write"
2026-10-09T15:03:26.9864902Z         action "write the requested content to result.txt"
2026-10-09T15:03:26.9865517Z         expected_evidence "workspace file result.txt"
2026-10-09T15:03:26.9866031Z       step 3
2026-10-09T15:03:26.9866355Z         capability "Run"
2026-10-09T15:03:26.9866849Z         action "run the request-derived verification command"
2026-10-09T15:03:26.9867457Z         expected_evidence "hello"
2026-10-09T15:03:26.9867890Z         command "cat result.txt"
2026-10-09T15:03:26.9868335Z       verification_command "cat result.txt"
2026-10-09T15:03:26.9868780Z     
2026-10-09T15:03:26.9869096Z   operator: 'strictEqual'
2026-10-09T15:03:26.9869502Z   stack: |-
2026-10-09T15:03:26.9870405Z     TestContext.<anonymous> (file:///home/runner/work/formal-ai/formal-ai/rust/tests/web/general-plan-event-append.test.mjs:62:10)
2026-10-09T15:03:26.9871506Z     Test.runInAsyncScope (node:async_hooks:214:14)
2026-10-09T15:03:26.9872100Z     Test.run (node:internal/test_runner/test:1047:25)
2026-10-09T15:03:26.9873037Z     async Test.processPendingSubtests (node:internal/test_runner/test:744:7)
2026-10-09T15:03:26.9873704Z   ...
2026-10-09T15:03:26.9874259Z # Subtest: read-back that loses earlier events cannot authorize the requested write
2026-10-09T15:03:26.9875204Z not ok 112 - read-back that loses earlier events cannot authorize the requested write
2026-10-09T15:03:26.9875882Z   ---
2026-10-09T15:03:26.9876193Z   duration_ms: 22.654994
2026-10-09T15:03:26.9876564Z   type: 'test'
2026-10-09T15:03:26.9877322Z   location: '/home/runner/work/formal-ai/formal-ai/rust/tests/web/general-plan-event-append.test.mjs:70:1'
2026-10-09T15:03:26.9878220Z   failureType: 'testCodeFailure'
2026-10-09T15:03:26.9878639Z   error: |-
2026-10-09T15:03:26.9879264Z     The expression evaluated to a falsy value:
2026-10-09T15:03:26.9879750Z     
2026-10-09T15:03:26.9880085Z       assert.ok(!files.has('result.txt'))
2026-10-09T15:03:26.9880532Z     
2026-10-09T15:03:26.9880840Z   code: 'ERR_ASSERTION'
2026-10-09T15:03:26.9881221Z   name: 'AssertionError'
2026-10-09T15:03:26.9881596Z   expected: true
2026-10-09T15:03:26.9881933Z   actual: false
2026-10-09T15:03:26.9882271Z   operator: '=='
2026-10-09T15:03:26.9882619Z   stack: |-
2026-10-09T15:03:26.9883724Z     TestContext.<anonymous> (file:///home/runner/work/formal-ai/formal-ai/rust/tests/web/general-plan-event-append.test.mjs:73:10)
2026-10-09T15:03:26.9884898Z     Test.runInAsyncScope (node:async_hooks:214:14)
2026-10-09T15:03:26.9885545Z     Test.run (node:internal/test_runner/test:1047:25)
2026-10-09T15:03:26.9886340Z     async Test.processPendingSubtests (node:internal/test_runner/test:744:7)
2026-10-09T15:03:26.9887051Z   ...
2026-10-09T15:03:26.9887656Z # Subtest: run-only clients execute a quoted append and preserve history on retries
2026-10-09T15:03:26.9888635Z ok 113 - run-only clients execute a quoted append and preserve history on retries
2026-10-09T15:03:26.9889321Z   ---
2026-10-09T15:03:26.9889652Z   duration_ms: 59.146181
2026-10-09T15:03:26.9890034Z   type: 'test'
2026-10-09T15:03:26.9890357Z   ...
2026-10-09T15:03:26.9891000Z # Subtest: write-only clients deliver the target without overwriting an unobserved event stream
2026-10-09T15:03:26.9892398Z ok 114 - write-only clients deliver the target without overwriting an unobserved event stream
2026-10-09T15:03:26.9923566Z   ---
2026-10-09T15:03:26.9923927Z   duration_ms: 8.118481
2026-10-09T15:03:26.9924323Z   type: 'test'
2026-10-09T15:03:26.9924659Z   ...
2026-10-09T15:03:26.9925247Z # Subtest: simultaneous retries take the bounded lock and retain exactly one event
2026-10-09T15:03:26.9926227Z ok 115 - simultaneous retries take the bounded lock and retain exactly one event
2026-10-09T15:03:26.9926918Z   ---
2026-10-09T15:03:26.9927249Z   duration_ms: 1210.514782
2026-10-09T15:03:26.9927638Z   type: 'test'
2026-10-09T15:03:26.9927959Z   ...
2026-10-09T15:03:26.9928474Z # Subtest: repository-root shell events use the same sandbox as file tools
2026-10-09T15:03:26.9929345Z ok 116 - repository-root shell events use the same sandbox as file tools
2026-10-09T15:03:26.9929982Z   ---
2026-10-09T15:03:26.9930297Z   duration_ms: 74.480357
2026-10-09T15:03:26.9930683Z   type: 'test'
2026-10-09T15:03:26.9931019Z   ...
2026-10-09T15:03:26.9931621Z # Subtest: cached event readback excludes the separator before a later canonical record
2026-10-09T15:03:26.9932928Z ok 117 - cached event readback excludes the separator before a later canonical record
2026-10-09T15:03:26.9933639Z   ---
2026-10-09T15:03:26.9933951Z   duration_ms: 35.516816
2026-10-09T15:03:26.9934321Z   type: 'test'
2026-10-09T15:03:26.9934633Z   ...
2026-10-09T15:03:26.9935087Z # Subtest: R105: scripts/sync-seed.sh copies data/seed into js/seed
2026-10-09T15:03:26.9935814Z ok 118 - R105: scripts/sync-seed.sh copies data/seed into js/seed
2026-10-09T15:03:26.9936378Z   ---
2026-10-09T15:03:26.9936683Z   duration_ms: 1.087794
2026-10-09T15:03:26.9937048Z   type: 'test'
2026-10-09T15:03:26.9937374Z   ...
2026-10-09T15:03:26.9937843Z # Subtest: R105: the mirror is gitignored and has no tracked copy
2026-10-09T15:03:26.9938583Z ok 119 - R105: the mirror is gitignored and has no tracked copy
2026-10-09T15:03:26.9939145Z   ---
2026-10-09T15:03:26.9939455Z   duration_ms: 17.12697
2026-10-09T15:03:26.9939829Z   type: 'test'
2026-10-09T15:03:26.9940151Z   ...
2026-10-09T15:03:26.9940721Z # Subtest: R105: every web-serving surface regenerates the mirror before serving js/
2026-10-09T15:03:26.9941689Z ok 120 - R105: every web-serving surface regenerates the mirror before serving js/
2026-10-09T15:03:26.9942393Z   ---
2026-10-09T15:03:26.9943049Z   duration_ms: 2.841894
2026-10-09T15:03:26.9943455Z   type: 'test'
2026-10-09T15:03:26.9943783Z   ...
2026-10-09T15:03:26.9944566Z # Subtest: R175: the cache keeps an answer for one week under a per-language key
2026-10-09T15:03:26.9945458Z ok 121 - R175: the cache keeps an answer for one week under a per-language key
2026-10-09T15:03:26.9946103Z   ---
2026-10-09T15:03:26.9946417Z   duration_ms: 1590.443681
2026-10-09T15:03:26.9946793Z   type: 'test'
2026-10-09T15:03:26.9947103Z   ...
2026-10-09T15:03:26.9947692Z # Subtest: R175/R178: a miss resolves live and is stored; the repeat is served from the cache
2026-10-09T15:03:26.9948719Z ok 122 - R175/R178: a miss resolves live and is stored; the repeat is served from the cache
2026-10-09T15:03:26.9949438Z   ---
2026-10-09T15:03:26.9949751Z   duration_ms: 340.553559
2026-10-09T15:03:26.9950121Z   type: 'test'
2026-10-09T15:03:26.9950426Z   ...
2026-10-09T15:03:26.9950886Z # Subtest: R176: a fresh marker bypasses the cache and resolves again
2026-10-09T15:03:26.9951635Z ok 123 - R176: a fresh marker bypasses the cache and resolves again
2026-10-09T15:03:26.9952203Z   ---
2026-10-09T15:03:26.9952508Z   duration_ms: 13.018605
2026-10-09T15:03:26.9983257Z   type: 'test'
2026-10-09T15:03:26.9983630Z   ...
2026-10-09T15:03:26.9984179Z # Subtest: R176: the fresh marker is recognised in every supported language
2026-10-09T15:03:26.9985071Z ok 124 - R176: the fresh marker is recognised in every supported language
2026-10-09T15:03:26.9985673Z   ---
2026-10-09T15:03:26.9985993Z   duration_ms: 2.208921
2026-10-09T15:03:26.9986385Z   type: 'test'
2026-10-09T15:03:26.9986717Z   ...
2026-10-09T15:03:29.3145154Z # Subtest: R181/R190: DuckDuckGo leads, providers return ten results and run five at a time
2026-10-09T15:03:29.3154235Z     # Subtest: the default provider order opens with DuckDuckGo
2026-10-09T15:03:29.3155042Z     ok 1 - the default provider order opens with DuckDuckGo
2026-10-09T15:03:29.3155674Z       ---
2026-10-09T15:03:29.3156122Z       duration_ms: 1891.665277
2026-10-09T15:03:29.3156625Z       type: 'test'
2026-10-09T15:03:29.3157060Z       ...
2026-10-09T15:03:29.3157763Z     # Subtest: the planner constants are k = 60, five concurrent providers and ten results each
2026-10-09T15:03:29.3158806Z     ok 2 - the planner constants are k = 60, five concurrent providers and ten results each
2026-10-09T15:03:29.3159573Z       ---
2026-10-09T15:03:29.3160014Z       duration_ms: 1812.236578
2026-10-09T15:03:29.3160518Z       type: 'test'
2026-10-09T15:03:29.3160956Z       ...
2026-10-09T15:03:34.5053955Z     # Subtest: no more than five provider tasks are ever in flight
2026-10-09T15:03:34.5083578Z     ok 3 - no more than five provider tasks are ever in flight
2026-10-09T15:03:34.5084560Z       ---
2026-10-09T15:03:34.5113267Z       duration_ms: 1896.033352
2026-10-09T15:03:34.5143138Z       type: 'test'
2026-10-09T15:03:34.5143662Z       ...
2026-10-09T15:03:34.5173161Z     1..3
2026-10-09T15:03:34.5203444Z ok 125 - R181/R190: DuckDuckGo leads, providers return ten results and run five at a time
2026-10-09T15:03:34.5212412Z   ---
2026-10-09T15:03:34.5213256Z   duration_ms: 5601.685356
2026-10-09T15:03:34.5213842Z   type: 'suite'
2026-10-09T15:03:34.5214374Z   ...
2026-10-09T15:03:34.5215107Z # Subtest: R182/R183/R188/R189: one fused list from live requests, every step recorded
2026-10-09T15:03:34.5216187Z     # Subtest: reciprocal rank fusion sums 1/(k + rank) across providers
2026-10-09T15:03:34.5217144Z     ok 1 - reciprocal rank fusion sums 1/(k + rank) across providers
2026-10-09T15:03:34.5217912Z       ---
2026-10-09T15:03:34.5218406Z       duration_ms: 1695.352421
2026-10-09T15:03:34.5218990Z       type: 'test'
2026-10-09T15:03:34.5219484Z       ...
2026-10-09T15:03:34.5220184Z     # Subtest: a search requests the providers, ranks each answer and fuses them
2026-10-09T15:03:34.5221221Z     ok 2 - a search requests the providers, ranks each answer and fuses them
2026-10-09T15:03:34.5222021Z       ---
2026-10-09T15:03:34.5222504Z       duration_ms: 1623.678578
2026-10-09T15:03:34.5223305Z       type: 'test'
2026-10-09T15:03:34.5223902Z       ...
2026-10-09T15:03:34.5224372Z     1..2
2026-10-09T15:03:34.5225540Z ok 126 - R182/R183/R188/R189: one fused list from live requests, every step recorded
2026-10-09T15:03:34.5226431Z   ---
2026-10-09T15:03:34.5226921Z   duration_ms: 3320.267178
2026-10-09T15:03:34.5227465Z   type: 'suite'
2026-10-09T15:03:34.5227983Z   ...
2026-10-09T15:03:34.5228720Z # Subtest: R191: a failing provider is disabled for the rest of the session
2026-10-09T15:03:34.5229866Z     # Subtest: a refused provider is recorded as disabled and never requested again
2026-10-09T15:03:34.5230998Z     ok 1 - a refused provider is recorded as disabled and never requested again
2026-10-09T15:03:34.5231848Z       ---
2026-10-09T15:03:34.5232358Z       duration_ms: 1843.564622
2026-10-09T15:03:34.5233171Z       type: 'test'
2026-10-09T15:03:34.5234165Z       ...
2026-10-09T15:03:34.5234671Z     1..1
2026-10-09T15:03:34.5235336Z ok 127 - R191: a failing provider is disabled for the rest of the session
2026-10-09T15:03:34.5236100Z   ---
2026-10-09T15:03:34.5236563Z   duration_ms: 1844.071005
2026-10-09T15:03:34.5237081Z   type: 'suite'
2026-10-09T15:03:34.5237544Z   ...
2026-10-09T15:03:34.5238213Z # Subtest: R184-R187: the diagnostics page probes the extra provider families
2026-10-09T15:03:34.5239287Z     # Subtest: the search category probes Yandex Search, Ecosia, Mojeek, Startpage
2026-10-09T15:03:34.5240374Z     ok 1 - the search category probes Yandex Search, Ecosia, Mojeek, Startpage
2026-10-09T15:03:34.5241206Z       ---
2026-10-09T15:03:34.5241688Z       duration_ms: 0.380566
2026-10-09T15:03:34.5242574Z       type: 'test'
2026-10-09T15:03:34.5243322Z       ...
2026-10-09T15:03:34.5244073Z     # Subtest: the code category probes GitHub, GitLab, Codeberg, Gitee, Bitbucket Cloud
2026-10-09T15:03:34.5245215Z     ok 2 - the code category probes GitHub, GitLab, Codeberg, Gitee, Bitbucket Cloud
2026-10-09T15:03:34.5246086Z       ---
2026-10-09T15:03:34.5246569Z       duration_ms: 0.100785
2026-10-09T15:03:34.5247123Z       type: 'test'
2026-10-09T15:03:34.5247624Z       ...
2026-10-09T15:03:34.5248285Z     # Subtest: the papers category probes arXiv, Europe PMC, DOAJ
2026-10-09T15:03:34.5249175Z     ok 3 - the papers category probes arXiv, Europe PMC, DOAJ
2026-10-09T15:03:34.5249897Z       ---
2026-10-09T15:03:34.5250382Z       duration_ms: 0.259242
2026-10-09T15:03:34.5250944Z       type: 'test'
2026-10-09T15:03:34.5251438Z       ...
2026-10-09T15:03:34.5252091Z     # Subtest: the knowledge category probes Wiktionary, DBpedia Lookup
2026-10-09T15:03:34.5253257Z     ok 4 - the knowledge category probes Wiktionary, DBpedia Lookup
2026-10-09T15:03:34.5254034Z       ---
2026-10-09T15:03:34.5254522Z       duration_ms: 0.307314
2026-10-09T15:03:34.5255074Z       type: 'test'
2026-10-09T15:03:34.5255572Z       ...
2026-10-09T15:03:34.5256032Z     1..4
2026-10-09T15:03:34.5256710Z ok 128 - R184-R187: the diagnostics page probes the extra provider families
2026-10-09T15:03:34.5257529Z   ---
2026-10-09T15:03:34.5258017Z   duration_ms: 1.368328
2026-10-09T15:03:34.5258560Z   type: 'suite'
2026-10-09T15:03:34.5259055Z   ...
2026-10-09T15:03:34.5259764Z # Subtest: the evidence names the web-search release the bundle is built from
2026-10-09T15:03:34.5260954Z     # Subtest: the component entry (bundled at build time) labels the version package.json pins
2026-10-09T15:03:34.5262190Z     ok 1 - the component entry (bundled at build time) labels the version package.json pins
2026-10-09T15:03:34.5263299Z       ---
2026-10-09T15:03:34.5288950Z       duration_ms: 0.341781
2026-10-09T15:03:34.5333450Z       type: 'test'
2026-10-09T15:03:34.5353122Z       ...
2026-10-09T15:03:34.5363324Z     1..1
2026-10-09T15:03:34.5393671Z ok 129 - the evidence names the web-search release the bundle is built from
2026-10-09T15:03:34.5423209Z   ---
2026-10-09T15:03:34.5443103Z   duration_ms: 0.467064
2026-10-09T15:03:34.5453254Z   type: 'suite'
2026-10-09T15:03:34.5483242Z   ...
2026-10-09T15:03:34.5503559Z # Subtest: R193: the change was released as a minor version with its changelog entry
2026-10-09T15:03:34.5513541Z     # Subtest: the 0.71.0 section records the issue \#133 addition
2026-10-09T15:03:34.5544157Z     ok 1 - the 0.71.0 section records the issue \#133 addition
2026-10-09T15:03:34.5573326Z       ---
2026-10-09T15:03:34.5593397Z       duration_ms: 0.949928
2026-10-09T15:03:34.5603292Z       type: 'test'
2026-10-09T15:03:34.5633217Z       ...
2026-10-09T15:03:34.5654627Z     1..1
2026-10-09T15:03:34.5663584Z ok 130 - R193: the change was released as a minor version with its changelog entry
2026-10-09T15:03:34.5664313Z   ---
2026-10-09T15:03:34.5664702Z   duration_ms: 1.039011
2026-10-09T15:03:34.5665117Z   type: 'suite'
2026-10-09T15:03:34.5665469Z   ...
2026-10-09T15:03:34.5665959Z # Subtest: R192: the issue \#133 research is kept in the repository
2026-10-09T15:03:34.5666670Z     # Subtest: the case study has a README and raw data
2026-10-09T15:03:34.5667273Z     ok 1 - the case study has a README and raw data
2026-10-09T15:03:34.5667791Z       ---
2026-10-09T15:03:34.5668150Z       duration_ms: 0.261065
2026-10-09T15:03:34.5668560Z       type: 'test'
2026-10-09T15:03:34.5668945Z       ...
2026-10-09T15:03:34.5669283Z     1..1
2026-10-09T15:03:34.5669740Z ok 131 - R192: the issue \#133 research is kept in the repository
2026-10-09T15:03:34.5670327Z   ---
2026-10-09T15:03:34.5670676Z   duration_ms: 0.342513
2026-10-09T15:03:34.5671066Z   type: 'suite'
2026-10-09T15:03:34.5671420Z   ...
2026-10-09T15:03:34.5968935Z # Subtest: R250: ROADMAP.md exists and records all E1-E34 epics as closed and merged
2026-10-09T15:03:34.5993534Z ok 132 - R250: ROADMAP.md exists and records all E1-E34 epics as closed and merged
2026-10-09T15:03:34.6023388Z   ---
2026-10-09T15:03:34.6053456Z   duration_ms: 1.506076
2026-10-09T15:03:34.6053975Z   type: 'test'
2026-10-09T15:03:34.6054322Z   ...
2026-10-09T15:03:34.6054980Z # Subtest: R251: ARCHITECTURE.md, REQUIREMENTS.md, and VISION.md all exist and are non-trivial
2026-10-09T15:03:34.6056092Z ok 133 - R251: ARCHITECTURE.md, REQUIREMENTS.md, and VISION.md all exist and are non-trivial
2026-10-09T15:03:34.6056854Z   ---
2026-10-09T15:03:34.6057214Z   duration_ms: 0.429123
2026-10-09T15:03:34.6057592Z   type: 'test'
2026-10-09T15:03:34.6057920Z   ...
2026-10-09T15:03:34.6058528Z # Subtest: R254: ROADMAP.md documents the foundation-first ordering of planning batches
2026-10-09T15:03:34.6059538Z ok 134 - R254: ROADMAP.md documents the foundation-first ordering of planning batches
2026-10-09T15:03:34.6060246Z   ---
2026-10-09T15:03:34.6060565Z   duration_ms: 0.275545
2026-10-09T15:03:34.6060937Z   type: 'test'
2026-10-09T15:03:34.6061268Z   ...
2026-10-09T15:03:34.6061876Z # Subtest: R255: proposed-issues.md records issue numbers for all E1-E34 planning batches
2026-10-09T15:03:34.6063110Z ok 135 - R255: proposed-issues.md records issue numbers for all E1-E34 planning batches
2026-10-09T15:03:34.6063851Z   ---
2026-10-09T15:03:34.6064171Z   duration_ms: 0.243546
2026-10-09T15:03:34.6064553Z   type: 'test'
2026-10-09T15:03:34.6064876Z   ...
2026-10-09T15:03:57.9864897Z # Subtest: R294: the shared matrix is read whole from the Rust specification
2026-10-09T15:03:57.9901253Z ok 136 - R294: the shared matrix is read whole from the Rust specification
2026-10-09T15:03:57.9933274Z   ---
2026-10-09T15:03:57.9933641Z   duration_ms: 1508.251944
2026-10-09T15:03:57.9934080Z   type: 'test'
2026-10-09T15:03:57.9934413Z   ...
2026-10-09T15:03:57.9934952Z # Subtest: R294: CoEdIT case_conversion answers as the Rust solver does
2026-10-09T15:03:58.0003485Z ok 137 - R294: CoEdIT case_conversion answers as the Rust solver does
2026-10-09T15:03:58.0033200Z   ---
2026-10-09T15:03:58.0082498Z   duration_ms: 1213.588011
2026-10-09T15:03:58.0085307Z   type: 'test'
2026-10-09T15:03:58.0113228Z   ...
2026-10-09T15:03:58.0113755Z # Subtest: R294: CoEdIT case_conversion answers as the Rust solver does
2026-10-09T15:03:58.0114569Z ok 138 - R294: CoEdIT case_conversion answers as the Rust solver does
2026-10-09T15:03:58.0115163Z   ---
2026-10-09T15:03:58.0115480Z   duration_ms: 96.364627
2026-10-09T15:03:58.0115854Z   type: 'test'
2026-10-09T15:03:58.0116170Z   ...
2026-10-09T15:03:58.0117229Z # Subtest: R294: CoEdIT lexical_substitution answers as the Rust solver does
2026-10-09T15:03:58.0118094Z ok 139 - R294: CoEdIT lexical_substitution answers as the Rust solver does
2026-10-09T15:03:58.0118731Z   ---
2026-10-09T15:03:58.0119037Z   duration_ms: 73.47665
2026-10-09T15:03:58.0119403Z   type: 'test'
2026-10-09T15:03:58.0119717Z   ...
2026-10-09T15:03:58.0120156Z # Subtest: R294: CoEdIT deletion answers as the Rust solver does
2026-10-09T15:03:58.0120899Z ok 140 - R294: CoEdIT deletion answers as the Rust solver does
2026-10-09T15:03:58.0121442Z   ---
2026-10-09T15:03:58.0121749Z   duration_ms: 123.2396
2026-10-09T15:03:58.0122110Z   type: 'test'
2026-10-09T15:03:58.0122424Z   ...
2026-10-09T15:03:58.0123144Z # Subtest: R294: CoEdIT whitespace_cleanup answers as the Rust solver does
2026-10-09T15:03:58.0124197Z ok 141 - R294: CoEdIT whitespace_cleanup answers as the Rust solver does
2026-10-09T15:03:58.0124806Z   ---
2026-10-09T15:03:58.0125113Z   duration_ms: 55.361153
2026-10-09T15:03:58.0125496Z   type: 'test'
2026-10-09T15:03:58.0125808Z   ...
2026-10-09T15:03:58.0126300Z # Subtest: R294: CoEdIT whitespace_cleanup answers as the Rust solver does
2026-10-09T15:03:58.0127116Z ok 142 - R294: CoEdIT whitespace_cleanup answers as the Rust solver does
2026-10-09T15:03:58.0127720Z   ---
2026-10-09T15:03:58.0128026Z   duration_ms: 67.336072
2026-10-09T15:03:58.0128388Z   type: 'test'
2026-10-09T15:03:58.0128705Z   ...
2026-10-09T15:03:58.0129164Z # Subtest: R294: EditEval reordering answers as the Rust solver does
2026-10-09T15:03:58.0130167Z ok 143 - R294: EditEval reordering answers as the Rust solver does
2026-10-09T15:03:58.0130733Z   ---
2026-10-09T15:03:58.0131039Z   duration_ms: 50.96334
2026-10-09T15:03:58.0131412Z   type: 'test'
2026-10-09T15:03:58.0153153Z   ...
2026-10-09T15:03:58.0163497Z # Subtest: R294: EditEval deduplication answers as the Rust solver does
2026-10-09T15:03:58.0203385Z ok 144 - R294: EditEval deduplication answers as the Rust solver does
2026-10-09T15:03:58.0233184Z   ---
2026-10-09T15:03:58.0263203Z   duration_ms: 54.934614
2026-10-09T15:03:58.0293214Z   type: 'test'
2026-10-09T15:03:58.0323170Z   ...
2026-10-09T15:03:58.0323638Z # Subtest: R294: EditEval sorting answers as the Rust solver does
2026-10-09T15:03:58.0324393Z ok 145 - R294: EditEval sorting answers as the Rust solver does
2026-10-09T15:03:58.0324961Z   ---
2026-10-09T15:03:58.0325271Z   duration_ms: 56.762764
2026-10-09T15:03:58.0325640Z   type: 'test'
2026-10-09T15:03:58.0325970Z   ...
2026-10-09T15:03:58.0326428Z # Subtest: R294: EditEval counting answers as the Rust solver does
2026-10-09T15:03:58.0327141Z ok 146 - R294: EditEval counting answers as the Rust solver does
2026-10-09T15:03:58.0327695Z   ---
2026-10-09T15:03:58.0328002Z   duration_ms: 105.144136
2026-10-09T15:03:58.0328370Z   type: 'test'
2026-10-09T15:03:58.0328678Z   ...
2026-10-09T15:03:58.0329129Z # Subtest: R294: EditEval extraction answers as the Rust solver does
2026-10-09T15:03:58.0329871Z ok 147 - R294: EditEval extraction answers as the Rust solver does
2026-10-09T15:03:58.0330431Z   ---
2026-10-09T15:03:58.0330735Z   duration_ms: 42.693441
2026-10-09T15:03:58.0331106Z   type: 'test'
2026-10-09T15:03:58.0331416Z   ...
2026-10-09T15:03:58.0331881Z # Subtest: R294: EditEval counting answers as the Rust solver does
2026-10-09T15:03:58.0332630Z ok 148 - R294: EditEval counting answers as the Rust solver does
2026-10-09T15:03:58.0333469Z   ---
2026-10-09T15:03:58.0333794Z   duration_ms: 82.317178
2026-10-09T15:03:58.0334187Z   type: 'test'
2026-10-09T15:03:58.0334521Z   ...
2026-10-09T15:03:58.0335048Z # Subtest: R294: InstrEditBench latex_edit answers as the Rust solver does
2026-10-09T15:03:58.0335945Z ok 149 - R294: InstrEditBench latex_edit answers as the Rust solver does
2026-10-09T15:03:58.0355740Z   ---
2026-10-09T15:03:58.0383256Z   duration_ms: 42.398846
2026-10-09T15:03:58.0423135Z   type: 'test'
2026-10-09T15:03:58.0453296Z   ...
2026-10-09T15:03:58.0473479Z # Subtest: R294: InstrEditBench comment_deletion answers as the Rust solver does
2026-10-09T15:03:58.0513936Z ok 150 - R294: InstrEditBench comment_deletion answers as the Rust solver does
2026-10-09T15:03:58.0613550Z   ---
2026-10-09T15:03:58.0623217Z   duration_ms: 99.20825
2026-10-09T15:03:58.0643340Z   type: 'test'
2026-10-09T15:03:58.0673259Z   ...
2026-10-09T15:03:58.0684885Z # Subtest: R294: InstrEditBench markdown_edit answers as the Rust solver does
2026-10-09T15:03:58.0714877Z ok 151 - R294: InstrEditBench markdown_edit answers as the Rust solver does
2026-10-09T15:03:58.0753138Z   ---
2026-10-09T15:03:58.0773333Z   duration_ms: 40.728709
2026-10-09T15:03:58.0803136Z   type: 'test'
2026-10-09T15:03:58.0803520Z   ...
2026-10-09T15:03:58.0804213Z # Subtest: R294: InstrEditBench token_insertion answers as the Rust solver does
2026-10-09T15:03:58.0813470Z ok 152 - R294: InstrEditBench token_insertion answers as the Rust solver does
2026-10-09T15:03:58.0833160Z   ---
2026-10-09T15:03:58.0903144Z   duration_ms: 44.802082
2026-10-09T15:03:58.0913346Z   type: 'test'
2026-10-09T15:03:58.0973152Z   ...
2026-10-09T15:03:58.1014531Z # Subtest: R294: InstrEditBench sql_cleanup answers as the Rust solver does
2026-10-09T15:03:58.1030953Z ok 153 - R294: InstrEditBench sql_cleanup answers as the Rust solver does
2026-10-09T15:03:58.1035018Z   ---
2026-10-09T15:03:58.1035868Z   duration_ms: 51.058011
2026-10-09T15:03:58.1036525Z   type: 'test'
2026-10-09T15:03:58.1037083Z   ...
2026-10-09T15:03:58.1037904Z # Subtest: R294: InstrEditBench import_sort answers as the Rust solver does
2026-10-09T15:03:58.1039577Z ok 154 - R294: InstrEditBench import_sort answers as the Rust solver does
2026-10-09T15:03:58.1040454Z   ---
2026-10-09T15:03:58.1041021Z   duration_ms: 55.257283
2026-10-09T15:03:58.1041654Z   type: 'test'
2026-10-09T15:03:58.1042185Z   ...
2026-10-09T15:03:58.1045181Z # Subtest: R294: CodeEditorBench operator_fix answers as the Rust solver does
2026-10-09T15:03:58.1046408Z ok 155 - R294: CodeEditorBench operator_fix answers as the Rust solver does
2026-10-09T15:03:58.1047343Z   ---
2026-10-09T15:03:58.1047885Z   duration_ms: 46.263175
2026-10-09T15:03:58.1048511Z   type: 'test'
2026-10-09T15:03:58.1049072Z   ...
2026-10-09T15:03:58.1049874Z # Subtest: R294: CodeEditorBench debug_print_removal answers as the Rust solver does
2026-10-09T15:03:58.1051217Z ok 156 - R294: CodeEditorBench debug_print_removal answers as the Rust solver does
2026-10-09T15:03:58.1052173Z   ---
2026-10-09T15:03:58.1052887Z   duration_ms: 89.279186
2026-10-09T15:03:58.1053536Z   type: 'test'
2026-10-09T15:03:58.1054023Z   ...
2026-10-09T15:03:58.1054781Z # Subtest: R294: CodeEditorBench requirement_switch answers as the Rust solver does
2026-10-09T15:03:58.1055975Z ok 157 - R294: CodeEditorBench requirement_switch answers as the Rust solver does
2026-10-09T15:03:58.1056834Z   ---
2026-10-09T15:03:58.1057345Z   duration_ms: 38.857126
2026-10-09T15:03:58.1057953Z   type: 'test'
2026-10-09T15:03:58.1058452Z   ...
2026-10-09T15:03:58.1059178Z # Subtest: R294: CodeEditorBench runtime_header answers as the Rust solver does
2026-10-09T15:03:58.1060272Z ok 158 - R294: CodeEditorBench runtime_header answers as the Rust solver does
2026-10-09T15:03:58.1061111Z   ---
2026-10-09T15:03:58.1061619Z   duration_ms: 51.191116
2026-10-09T15:03:58.1062184Z   type: 'test'
2026-10-09T15:03:58.1062900Z   ...
2026-10-09T15:03:58.1063763Z # Subtest: R294: CodeEditorBench formatting answers as the Rust solver does
2026-10-09T15:03:58.1064818Z ok 159 - R294: CodeEditorBench formatting answers as the Rust solver does
2026-10-09T15:03:58.1065644Z   ---
2026-10-09T15:03:58.1066156Z   duration_ms: 48.734507
2026-10-09T15:03:58.1066732Z   type: 'test'
2026-10-09T15:03:58.1067239Z   ...
2026-10-09T15:03:58.1067953Z # Subtest: R294: CodeEditorBench code_counting answers as the Rust solver does
2026-10-09T15:03:58.1069045Z ok 160 - R294: CodeEditorBench code_counting answers as the Rust solver does
2026-10-09T15:03:58.1069878Z   ---
2026-10-09T15:03:58.1070379Z   duration_ms: 65.809552
2026-10-09T15:03:58.1070932Z   type: 'test'
2026-10-09T15:03:58.1071432Z   ...
2026-10-09T15:03:58.1072415Z # Subtest: R294: CanItEdit identifier_rename answers as the Rust solver does
2026-10-09T15:03:58.1074666Z ok 161 - R294: CanItEdit identifier_rename answers as the Rust solver does
2026-10-09T15:03:58.1075503Z   ---
2026-10-09T15:03:58.1076006Z   duration_ms: 38.690405
2026-10-09T15:03:58.1076564Z   type: 'test'
2026-10-09T15:03:58.1077100Z   ...
2026-10-09T15:03:58.1077790Z # Subtest: R294: CanItEdit stub_removal answers as the Rust solver does
2026-10-09T15:03:58.1078781Z ok 162 - R294: CanItEdit stub_removal answers as the Rust solver does
2026-10-09T15:03:58.1079564Z   ---
2026-10-09T15:03:58.1080057Z   duration_ms: 92.788473
2026-10-09T15:03:58.1080618Z   type: 'test'
2026-10-09T15:03:58.1081120Z   ...
2026-10-09T15:03:58.1081811Z # Subtest: R294: CanItEdit comment_prefix answers as the Rust solver does
2026-10-09T15:03:58.1083055Z ok 163 - R294: CanItEdit comment_prefix answers as the Rust solver does
2026-10-09T15:03:58.1083977Z   ---
2026-10-09T15:03:58.1084553Z   duration_ms: 36.662922
2026-10-09T15:03:58.1085146Z   type: 'test'
2026-10-09T15:03:58.1085708Z   ...
2026-10-09T15:03:58.1086434Z # Subtest: R294: CanItEdit syntax_suffix answers as the Rust solver does
2026-10-09T15:03:58.1087494Z ok 164 - R294: CanItEdit syntax_suffix answers as the Rust solver does
2026-10-09T15:03:58.1088364Z   ---
2026-10-09T15:03:58.1088899Z   duration_ms: 46.735385
2026-10-09T15:03:58.1089519Z   type: 'test'
2026-10-09T15:03:58.1090040Z   ...
2026-10-09T15:03:58.1091148Z # Subtest: R294: CanItEdit symbol_normalization answers as the Rust solver does
2026-10-09T15:03:58.1092317Z ok 165 - R294: CanItEdit symbol_normalization answers as the Rust solver does
2026-10-09T15:03:58.1093464Z   ---
2026-10-09T15:03:58.1093996Z   duration_ms: 40.537563
2026-10-09T15:03:58.1094620Z   type: 'test'
2026-10-09T15:03:58.1095202Z   ...
2026-10-09T15:03:58.1095939Z # Subtest: R294: CanItEdit marker_emphasis answers as the Rust solver does
2026-10-09T15:03:58.1097049Z ok 166 - R294: CanItEdit marker_emphasis answers as the Rust solver does
2026-10-09T15:03:58.1097935Z   ---
2026-10-09T15:03:58.1098466Z   duration_ms: 97.145025
2026-10-09T15:03:58.1099084Z   type: 'test'
2026-10-09T15:03:58.1099633Z   ...
2026-10-09T15:03:58.1100362Z # Subtest: R294: EDIT-Bench api_migration answers as the Rust solver does
2026-10-09T15:03:58.1101443Z ok 167 - R294: EDIT-Bench api_migration answers as the Rust solver does
2026-10-09T15:03:58.1102278Z   ---
2026-10-09T15:03:58.1103074Z   duration_ms: 63.63005
2026-10-09T15:03:58.1103707Z   type: 'test'
2026-10-09T15:03:58.1104247Z   ...
2026-10-09T15:03:58.1105031Z # Subtest: R294: EDIT-Bench unused_import_removal answers as the Rust solver does
2026-10-09T15:03:58.1106232Z ok 168 - R294: EDIT-Bench unused_import_removal answers as the Rust solver does
2026-10-09T15:03:58.1107224Z   ---
2026-10-09T15:03:58.1107811Z   duration_ms: 57.071669
2026-10-09T15:03:58.1108431Z   type: 'test'
2026-10-09T15:03:58.1108983Z   ...
2026-10-09T15:03:58.1109722Z # Subtest: R294: EDIT-Bench statement_sort answers as the Rust solver does
2026-10-09T15:03:58.1110804Z ok 169 - R294: EDIT-Bench statement_sort answers as the Rust solver does
2026-10-09T15:03:58.1111654Z   ---
2026-10-09T15:03:58.1112212Z   duration_ms: 5103.763242
2026-10-09T15:03:58.1113012Z   type: 'test'
2026-10-09T15:03:58.1113497Z   ...
2026-10-09T15:03:58.1114261Z # Subtest: R294: EDIT-Bench duplicate_import_removal answers as the Rust solver does
2026-10-09T15:03:58.1115421Z ok 170 - R294: EDIT-Bench duplicate_import_removal answers as the Rust solver does
2026-10-09T15:03:58.1116298Z   ---
2026-10-09T15:03:58.1116801Z   duration_ms: 78.507083
2026-10-09T15:03:58.1117343Z   type: 'test'
2026-10-09T15:03:58.1117848Z   ...
2026-10-09T15:03:58.1118505Z # Subtest: R294: EDIT-Bench line_trim answers as the Rust solver does
2026-10-09T15:03:58.1119460Z ok 171 - R294: EDIT-Bench line_trim answers as the Rust solver does
2026-10-09T15:03:58.1120227Z   ---
2026-10-09T15:03:58.1120726Z   duration_ms: 52.070983
2026-10-09T15:03:58.1121616Z   type: 'test'
2026-10-09T15:03:58.1122172Z   ...
2026-10-09T15:03:58.1123117Z # Subtest: R294: EDIT-Bench markdown_formatting answers as the Rust solver does
2026-10-09T15:03:58.1124234Z ok 172 - R294: EDIT-Bench markdown_formatting answers as the Rust solver does
2026-10-09T15:03:58.1125053Z   ---
2026-10-09T15:03:58.1125553Z   duration_ms: 47.690214
2026-10-09T15:03:58.1126116Z   type: 'test'
2026-10-09T15:03:58.1126617Z   ...
2026-10-09T15:03:58.1127273Z # Subtest: R294: HumanEvalFix bug_fix answers as the Rust solver does
2026-10-09T15:03:58.1128247Z ok 173 - R294: HumanEvalFix bug_fix answers as the Rust solver does
2026-10-09T15:03:58.1129014Z   ---
2026-10-09T15:03:58.1129513Z   duration_ms: 44.719654
2026-10-09T15:03:58.1130070Z   type: 'test'
2026-10-09T15:03:58.1130561Z   ...
2026-10-09T15:03:58.1131260Z # Subtest: R294: HumanEvalFix off_by_one_fix answers as the Rust solver does
2026-10-09T15:03:58.1132277Z ok 174 - R294: HumanEvalFix off_by_one_fix answers as the Rust solver does
2026-10-09T15:03:58.1133292Z   ---
2026-10-09T15:03:58.1133816Z   duration_ms: 117.290388
2026-10-09T15:03:58.1134444Z   type: 'test'
2026-10-09T15:03:58.1134986Z   ...
2026-10-09T15:03:58.1135709Z # Subtest: R294: HumanEvalFix test_count answers as the Rust solver does
2026-10-09T15:03:58.1136773Z ok 175 - R294: HumanEvalFix test_count answers as the Rust solver does
2026-10-09T15:03:58.1137630Z   ---
2026-10-09T15:03:58.1138147Z   duration_ms: 80.980884
2026-10-09T15:03:58.1139061Z   type: 'test'
2026-10-09T15:03:58.1139618Z   ...
2026-10-09T15:03:58.1140381Z # Subtest: R294: HumanEvalFix negation_removal answers as the Rust solver does
2026-10-09T15:03:58.1141533Z ok 176 - R294: HumanEvalFix negation_removal answers as the Rust solver does
2026-10-09T15:03:58.1142445Z   ---
2026-10-09T15:03:58.1143184Z   duration_ms: 55.005754
2026-10-09T15:03:58.1143873Z   type: 'test'
2026-10-09T15:03:58.1144398Z   ...
2026-10-09T15:03:58.1145154Z # Subtest: R294: HumanEvalFix test_addition answers as the Rust solver does
2026-10-09T15:03:58.1146269Z ok 177 - R294: HumanEvalFix test_addition answers as the Rust solver does
2026-10-09T15:03:58.1147127Z   ---
2026-10-09T15:03:58.1147628Z   duration_ms: 38.297572
2026-10-09T15:03:58.1148205Z   type: 'test'
2026-10-09T15:03:58.1148734Z   ...
2026-10-09T15:03:58.1149483Z # Subtest: R294: HumanEvalFix fix_note_prefix answers as the Rust solver does
2026-10-09T15:03:58.1150685Z ok 178 - R294: HumanEvalFix fix_note_prefix answers as the Rust solver does
2026-10-09T15:03:58.1151575Z   ---
2026-10-09T15:03:58.1152103Z   duration_ms: 35.867548
2026-10-09T15:03:58.1153024Z   type: 'test'
2026-10-09T15:03:58.1153601Z   ...
2026-10-09T15:03:58.1154372Z # Subtest: R294: SWE-bench configuration_patch answers as the Rust solver does
2026-10-09T15:03:58.1155509Z ok 179 - R294: SWE-bench configuration_patch answers as the Rust solver does
2026-10-09T15:03:58.1156447Z   ---
2026-10-09T15:03:58.1156965Z   duration_ms: 41.424305
2026-10-09T15:03:58.1157579Z   type: 'test'
2026-10-09T15:03:58.1158102Z   ...
2026-10-09T15:03:58.1158864Z # Subtest: R294: SWE-bench test_marker_removal answers as the Rust solver does
2026-10-09T15:03:58.1159966Z ok 180 - R294: SWE-bench test_marker_removal answers as the Rust solver does
2026-10-09T15:03:58.1160832Z   ---
2026-10-09T15:03:58.1161355Z   duration_ms: 54.261614
2026-10-09T15:03:58.1161966Z   type: 'test'
2026-10-09T15:03:58.1162493Z   ...
2026-10-09T15:03:58.1163510Z # Subtest: R294: SWE-bench issue_text_cleanup answers as the Rust solver does
2026-10-09T15:03:58.1164544Z ok 181 - R294: SWE-bench issue_text_cleanup answers as the Rust solver does
2026-10-09T15:03:58.1165328Z   ---
2026-10-09T15:03:58.1165844Z   duration_ms: 37.02029
2026-10-09T15:03:58.1166425Z   type: 'test'
2026-10-09T15:03:58.1166929Z   ...
2026-10-09T15:03:58.1167741Z # Subtest: R294: SWE-bench trace_deduplication answers as the Rust solver does
2026-10-09T15:03:58.1168922Z ok 182 - R294: SWE-bench trace_deduplication answers as the Rust solver does
2026-10-09T15:03:58.1169773Z   ---
2026-10-09T15:03:58.1170527Z   duration_ms: 37.205729
2026-10-09T15:03:58.1171085Z   type: 'test'
2026-10-09T15:03:58.1171593Z   ...
2026-10-09T15:03:58.1172214Z # Subtest: R294: SWE-bench import_ordering answers as the Rust solver does
2026-10-09T15:03:58.1173309Z ok 183 - R294: SWE-bench import_ordering answers as the Rust solver does
2026-10-09T15:03:58.1173958Z   ---
2026-10-09T15:03:58.1174466Z   duration_ms: 37.010661
2026-10-09T15:03:58.1175041Z   type: 'test'
2026-10-09T15:03:58.1175547Z   ...
2026-10-09T15:03:58.1176194Z # Subtest: R294: SWE-bench log_count answers as the Rust solver does
2026-10-09T15:03:58.1177125Z ok 184 - R294: SWE-bench log_count answers as the Rust solver does
2026-10-09T15:03:58.1177888Z   ---
2026-10-09T15:03:58.1178393Z   duration_ms: 56.172904
2026-10-09T15:03:58.1178953Z   type: 'test'
2026-10-09T15:03:58.1179464Z   ...
2026-10-09T15:03:58.1180139Z # Subtest: R294: CoEdIT sentence_case answers as the Rust solver does
2026-10-09T15:03:58.1181123Z ok 185 - R294: CoEdIT sentence_case answers as the Rust solver does
2026-10-09T15:03:58.1181887Z   ---
2026-10-09T15:03:58.1182388Z   duration_ms: 55.062845
2026-10-09T15:03:58.1183153Z   type: 'test'
2026-10-09T15:03:58.1183655Z   ...
2026-10-09T15:03:58.1184314Z # Subtest: R294: EditEval word_count answers as the Rust solver does
2026-10-09T15:03:58.1185260Z ok 186 - R294: EditEval word_count answers as the Rust solver does
2026-10-09T15:03:58.1186008Z   ---
2026-10-09T15:03:58.1186508Z   duration_ms: 171.193369
2026-10-09T15:03:58.1187350Z   type: 'test'
2026-10-09T15:03:58.1187924Z   ...
2026-10-09T15:03:58.1188640Z # Subtest: R294: InstrEditBench url_extraction answers as the Rust solver does
2026-10-09T15:03:58.1189732Z ok 187 - R294: InstrEditBench url_extraction answers as the Rust solver does
2026-10-09T15:03:58.1190568Z   ---
2026-10-09T15:03:58.1191071Z   duration_ms: 54.06698
2026-10-09T15:03:58.1191689Z   type: 'test'
2026-10-09T15:03:58.1192240Z   ...
2026-10-09T15:03:58.1193317Z # Subtest: R294: CodeEditorBench comment_lines answers as the Rust solver does
2026-10-09T15:03:58.1194511Z ok 188 - R294: CodeEditorBench comment_lines answers as the Rust solver does
2026-10-09T15:03:58.1195407Z   ---
2026-10-09T15:03:58.1195935Z   duration_ms: 72.02076
2026-10-09T15:03:58.1196539Z   type: 'test'
2026-10-09T15:03:58.1197123Z   ...
2026-10-09T15:03:58.1197833Z # Subtest: R294: CanItEdit uncomment_lines answers as the Rust solver does
2026-10-09T15:03:58.1198928Z ok 189 - R294: CanItEdit uncomment_lines answers as the Rust solver does
2026-10-09T15:03:58.1199844Z   ---
2026-10-09T15:03:58.1200365Z   duration_ms: 71.602931
2026-10-09T15:03:58.1200977Z   type: 'test'
2026-10-09T15:03:58.1201499Z   ...
2026-10-09T15:03:58.1202254Z # Subtest: R294: EDIT-Bench reverse_lines answers as the Rust solver does
2026-10-09T15:03:58.1203559Z ok 190 - R294: EDIT-Bench reverse_lines answers as the Rust solver does
2026-10-09T15:03:58.1204398Z   ---
2026-10-09T15:03:58.1204917Z   duration_ms: 10033.419282
2026-10-09T15:03:58.1205542Z   type: 'test'
2026-10-09T15:03:58.1206083Z   ...
2026-10-09T15:03:58.1206894Z # Subtest: R294: HumanEvalFix number_extraction answers as the Rust solver does
2026-10-09T15:03:58.1208077Z ok 191 - R294: HumanEvalFix number_extraction answers as the Rust solver does
2026-10-09T15:03:58.1208973Z   ---
2026-10-09T15:03:58.1209533Z   duration_ms: 74.034555
2026-10-09T15:03:58.1210114Z   type: 'test'
2026-10-09T15:03:58.1210669Z   ...
2026-10-09T15:03:58.1211517Z # Subtest: R294: SWE-bench punctuation_cleanup answers as the Rust solver does
2026-10-09T15:03:58.1212859Z ok 192 - R294: SWE-bench punctuation_cleanup answers as the Rust solver does
2026-10-09T15:03:58.1213690Z   ---
2026-10-09T15:03:58.1214151Z   duration_ms: 87.908844
2026-10-09T15:03:58.1214729Z   type: 'test'
2026-10-09T15:03:58.1215253Z   ...
2026-10-09T15:03:58.1215914Z # Subtest: R294: EditEval sort_words answers as the Rust solver does
2026-10-09T15:03:58.1216913Z ok 193 - R294: EditEval sort_words answers as the Rust solver does
2026-10-09T15:03:58.1217724Z   ---
2026-10-09T15:03:58.1218524Z   duration_ms: 35.913978
2026-10-09T15:03:58.1219194Z   type: 'test'
2026-10-09T15:03:58.1219712Z   ...
2026-10-09T15:03:58.1220386Z # Subtest: R294: SWE-bench line_count answers as the Rust solver does
2026-10-09T15:03:58.1221341Z ok 194 - R294: SWE-bench line_count answers as the Rust solver does
2026-10-09T15:03:58.1222111Z   ---
2026-10-09T15:03:58.1222859Z   duration_ms: 12061.028884
2026-10-09T15:03:58.1223604Z   type: 'test'
2026-10-09T15:03:58.1224124Z   ...
2026-10-09T15:03:58.1224813Z # Subtest: R294: CoEdIT character_count answers as the Rust solver does
2026-10-09T15:03:58.1225821Z ok 195 - R294: CoEdIT character_count answers as the Rust solver does
2026-10-09T15:03:58.1226618Z   ---
2026-10-09T15:03:58.1227114Z   duration_ms: 80.863562
2026-10-09T15:03:58.1227681Z   type: 'test'
2026-10-09T15:03:58.1228176Z   ...
2026-10-09T15:03:58.1228989Z # Subtest: R294: issue_408_regression hello_world_replacement answers as the Rust solver does
2026-10-09T15:03:58.1230213Z ok 196 - R294: issue_408_regression hello_world_replacement answers as the Rust solver does
2026-10-09T15:03:58.1231083Z   ---
2026-10-09T15:03:58.1231541Z   duration_ms: 33.056812
2026-10-09T15:03:58.1232051Z   type: 'test'
2026-10-09T15:03:58.1232498Z   ...
2026-10-09T15:03:58.1233460Z # Subtest: R294: issue_408_regression native_replacement answers as the Rust solver does
2026-10-09T15:03:58.1234586Z ok 197 - R294: issue_408_regression native_replacement answers as the Rust solver does
2026-10-09T15:03:58.1235678Z   ---
2026-10-09T15:03:58.1236176Z   duration_ms: 62.343588
2026-10-09T15:03:58.1236772Z   type: 'test'
2026-10-09T15:03:58.1237304Z   ...
2026-10-09T15:03:58.2374220Z # Subtest: the browser worker answers pattern-inference requests (R403, R405)
2026-10-09T15:03:58.2413376Z     # Subtest: detects a repetition and predicts the next element
2026-10-09T15:03:58.2453474Z     ok 1 - detects a repetition and predicts the next element
2026-10-09T15:03:58.2499961Z       ---
2026-10-09T15:03:58.2573233Z       duration_ms: 1141.16152
2026-10-09T15:03:58.2613152Z       type: 'test'
2026-10-09T15:03:58.2693590Z       ...
2026-10-09T15:03:58.2723237Z     # Subtest: reports a palindrome over letters
2026-10-09T15:03:58.2733782Z     ok 2 - reports a palindrome over letters
2026-10-09T15:03:58.2781267Z       ---
2026-10-09T15:03:58.2803432Z       duration_ms: 92.695425
2026-10-09T15:03:58.2833339Z       type: 'test'
2026-10-09T15:03:58.2833712Z       ...
2026-10-09T15:03:58.2834146Z     # Subtest: predicts the next element of a constant run
2026-10-09T15:03:58.2834820Z     ok 3 - predicts the next element of a constant run
2026-10-09T15:03:58.2835346Z       ---
2026-10-09T15:03:58.2835675Z       duration_ms: 49.876958
2026-10-09T15:03:58.2836076Z       type: 'test'
2026-10-09T15:03:58.2836414Z       ...
2026-10-09T15:03:58.2836780Z     # Subtest: infers the symmetry of a grid
2026-10-09T15:03:58.2837287Z     ok 4 - infers the symmetry of a grid
2026-10-09T15:03:58.2837738Z       ---
2026-10-09T15:03:58.2838074Z       duration_ms: 284.110738
2026-10-09T15:03:58.2838473Z       type: 'test'
2026-10-09T15:03:58.2838799Z       ...
2026-10-09T15:03:58.2839565Z     # Subtest: a definition question about the word pattern reaches the concept lookup, as natively
2026-10-09T15:03:58.2840673Z     ok 5 - a definition question about the word pattern reaches the concept lookup, as natively
2026-10-09T15:03:58.2841413Z       ---
2026-10-09T15:03:58.2841745Z       duration_ms: 264.589525
2026-10-09T15:03:58.2842146Z       type: 'test'
2026-10-09T15:03:58.2842467Z       ...
2026-10-09T15:03:58.2843171Z     # Subtest: leaves prompts without a run of atoms to other handlers
2026-10-09T15:03:58.2843913Z     ok 6 - leaves prompts without a run of atoms to other handlers
2026-10-09T15:03:58.2844470Z       ---
2026-10-09T15:03:58.2844789Z       duration_ms: 473.569057
2026-10-09T15:03:58.2845177Z       type: 'test'
2026-10-09T15:03:58.2845500Z       ...
2026-10-09T15:03:58.2846428Z     # Subtest: a response-language follow-up replays the report in every seeded language
2026-10-09T15:03:58.2847415Z     ok 7 - a response-language follow-up replays the report in every seeded language
2026-10-09T15:03:58.2848109Z       ---
2026-10-09T15:03:58.2848428Z       duration_ms: 516.934196
2026-10-09T15:03:58.2848832Z       type: 'test'
2026-10-09T15:03:58.2849162Z       ...
2026-10-09T15:03:58.2850004Z     # Subtest: the symmetry separator is the seeded template in every language (grid_symmetries_join_with_the_seeded_separator)
2026-10-09T15:03:58.2851435Z     ok 8 - the symmetry separator is the seeded template in every language (grid_symmetries_join_with_the_seeded_separator)
2026-10-09T15:03:58.2852349Z       ---
2026-10-09T15:03:58.2852892Z       duration_ms: 2.00485
2026-10-09T15:03:58.2853285Z       type: 'test'
2026-10-09T15:03:58.2853611Z       ...
2026-10-09T15:03:58.2854184Z     # Subtest: the Chinese grid report joins its symmetries with the Chinese list comma
2026-10-09T15:03:58.2855116Z     ok 9 - the Chinese grid report joins its symmetries with the Chinese list comma
2026-10-09T15:03:58.2873178Z       ---
2026-10-09T15:03:58.2873565Z       duration_ms: 504.168486
2026-10-09T15:03:58.2873989Z       type: 'test'
2026-10-09T15:03:58.2874341Z       ...
2026-10-09T15:03:58.2874650Z     1..9
2026-10-09T15:03:58.2875174Z ok 198 - the browser worker answers pattern-inference requests (R403, R405)
2026-10-09T15:03:58.2875847Z   ---
2026-10-09T15:03:58.2876180Z   duration_ms: 5476.334424
2026-10-09T15:03:58.2876575Z   type: 'suite'
2026-10-09T15:03:58.2877169Z   ...
2026-10-09T15:03:58.2877777Z # Subtest: the worker substrate (sequences/patterns_1d.rs, grid_2d.rs, compression.rs)
2026-10-09T15:03:58.2878750Z     # Subtest: classifies constant, repetition, periodic and aperiodic sequences
2026-10-09T15:03:58.2879659Z     ok 1 - classifies constant, repetition, periodic and aperiodic sequences
2026-10-09T15:03:58.2880309Z       ---
2026-10-09T15:03:58.2880644Z       duration_ms: 0.945303
2026-10-09T15:03:58.2881046Z       type: 'test'
2026-10-09T15:03:58.2881389Z       ...
2026-10-09T15:03:58.2882031Z     # Subtest: detects reversal and cyclic translation (patterns_1d.rs reversal_and_translation)
2026-10-09T15:03:58.2883340Z     ok 2 - detects reversal and cyclic translation (patterns_1d.rs reversal_and_translation)
2026-10-09T15:03:58.2884100Z       ---
2026-10-09T15:03:58.2884413Z       duration_ms: 0.579517
2026-10-09T15:03:58.2884791Z       type: 'test'
2026-10-09T15:03:58.2885128Z       ...
2026-10-09T15:03:58.2885843Z     # Subtest: finds the transform that maps one grid onto another (grid_2d.rs transform_onto_detects_analogy)
2026-10-09T15:03:58.2887049Z     ok 3 - finds the transform that maps one grid onto another (grid_2d.rs transform_onto_detects_analogy)
2026-10-09T15:03:58.2887842Z       ---
2026-10-09T15:03:58.2888155Z       duration_ms: 0.467727
2026-10-09T15:03:58.2888548Z       type: 'test'
2026-10-09T15:03:58.2888897Z       ...
2026-10-09T15:03:58.2889568Z     # Subtest: rotations round-trip and reflections and transposes move cells as the native grid does
2026-10-09T15:03:58.2890751Z     ok 4 - rotations round-trip and reflections and transposes move cells as the native grid does
2026-10-09T15:03:58.2891480Z       ---
2026-10-09T15:03:58.2891749Z       duration_ms: 0.749156
2026-10-09T15:03:58.2892105Z       type: 'test'
2026-10-09T15:03:58.2892515Z       ...
2026-10-09T15:03:58.2893346Z     # Subtest: a square grid symmetric on both diagonals is invariant under the whole dihedral group
2026-10-09T15:03:58.2894446Z     ok 5 - a square grid symmetric on both diagonals is invariant under the whole dihedral group
2026-10-09T15:03:58.2895209Z       ---
2026-10-09T15:03:58.2895543Z       duration_ms: 0.332574
2026-10-09T15:03:58.2895930Z       type: 'test'
2026-10-09T15:03:58.2896260Z       ...
2026-10-09T15:03:58.2896958Z     # Subtest: compression replaces the most frequent pair, ties to the smallest, and expands losslessly
2026-10-09T15:03:58.2898126Z     ok 6 - compression replaces the most frequent pair, ties to the smallest, and expands losslessly
2026-10-09T15:03:58.2899112Z       ---
2026-10-09T15:03:58.2899452Z       duration_ms: 0.568076
2026-10-09T15:03:58.2899847Z       type: 'test'
2026-10-09T15:03:58.2900178Z       ...
2026-10-09T15:03:58.2900615Z     # Subtest: ratios print as Rust prints an f64: ties to even
2026-10-09T15:03:58.2901297Z     ok 7 - ratios print as Rust prints an f64: ties to even
2026-10-09T15:03:58.2901828Z       ---
2026-10-09T15:03:58.2902151Z       duration_ms: 0.322354
2026-10-09T15:03:58.2902544Z       type: 'test'
2026-10-09T15:03:58.2943263Z       ...
2026-10-09T15:03:58.2943589Z     1..7
2026-10-09T15:03:58.2944162Z ok 199 - the worker substrate (sequences/patterns_1d.rs, grid_2d.rs, compression.rs)
2026-10-09T15:03:58.2944860Z   ---
2026-10-09T15:03:58.2958857Z   duration_ms: 4.406012
2026-10-09T15:03:58.2959249Z   type: 'suite'
2026-10-09T15:03:58.2959582Z   ...
2026-10-09T15:03:58.2960141Z # Subtest: the link-native sequence store in js/agentic/crate/sequences.mjs (R402)
2026-10-09T15:03:58.2961119Z     # Subtest: deduplicates pairs and keeps a self-pairing distinct from its point
2026-10-09T15:03:58.2962036Z     ok 1 - deduplicates pairs and keeps a self-pairing distinct from its point
2026-10-09T15:03:58.2962931Z       ---
2026-10-09T15:03:58.2963266Z       duration_ms: 0.379301
2026-10-09T15:03:58.2963660Z       type: 'test'
2026-10-09T15:03:58.2964000Z       ...
2026-10-09T15:03:58.2964344Z     # Subtest: markers are stable by name
2026-10-09T15:03:58.2964838Z     ok 2 - markers are stable by name
2026-10-09T15:03:58.2965532Z       ---
2026-10-09T15:03:58.2965864Z       duration_ms: 0.163135
2026-10-09T15:03:58.2966246Z       type: 'test'
2026-10-09T15:03:58.2966574Z       ...
2026-10-09T15:03:58.2967067Z     # Subtest: the balanced converter round-trips and reuses repeated halves
2026-10-09T15:03:58.2967885Z     ok 3 - the balanced converter round-trips and reuses repeated halves
2026-10-09T15:03:58.2968491Z       ---
2026-10-09T15:03:58.2968802Z       duration_ms: 0.343815
2026-10-09T15:03:58.2969180Z       type: 'test'
2026-10-09T15:03:58.2969521Z       ...
2026-10-09T15:03:58.2970064Z     # Subtest: compression is lossless and breaks ties toward the smallest pair
2026-10-09T15:03:58.2970937Z     ok 4 - compression is lossless and breaks ties toward the smallest pair
2026-10-09T15:03:58.2971564Z       ---
2026-10-09T15:03:58.2971887Z       duration_ms: 0.715652
2026-10-09T15:03:58.2972275Z       type: 'test'
2026-10-09T15:03:58.2972607Z       ...
2026-10-09T15:03:58.3003332Z     1..4
2026-10-09T15:03:58.3003933Z ok 200 - the link-native sequence store in js/agentic/crate/sequences.mjs (R402)
2026-10-09T15:03:58.3004619Z   ---
2026-10-09T15:03:58.3004947Z   duration_ms: 1.870308
2026-10-09T15:03:58.3005329Z   type: 'suite'
2026-10-09T15:03:58.3005660Z   ...
2026-10-09T15:03:58.3006389Z # Subtest: algorithm discovery in js/agentic/crate/algorithm_discovery.mjs (R531-19, R531-21)
2026-10-09T15:03:58.3007447Z     # Subtest: a repeated episode inside one log is discovered without trace boundaries
2026-10-09T15:03:58.3008426Z     ok 1 - a repeated episode inside one log is discovered without trace boundaries
2026-10-09T15:03:58.3009030Z       ---
2026-10-09T15:03:58.3009322Z       duration_ms: 7.929531
2026-10-09T15:03:58.3009723Z       type: 'test'
2026-10-09T15:03:58.3010057Z       ...
2026-10-09T15:03:58.3010581Z     # Subtest: held-out missing or changed steps reject an incomplete algorithm
2026-10-09T15:03:58.3011422Z     ok 2 - held-out missing or changed steps reject an incomplete algorithm
2026-10-09T15:03:58.3012020Z       ---
2026-10-09T15:03:58.3012385Z       duration_ms: 2.469902
2026-10-09T15:03:58.3012967Z       type: 'test'
2026-10-09T15:03:58.3013318Z       ...
2026-10-09T15:03:58.3013616Z     1..2
2026-10-09T15:03:58.3014214Z ok 201 - algorithm discovery in js/agentic/crate/algorithm_discovery.mjs (R531-19, R531-21)
2026-10-09T15:03:58.3014963Z   ---
2026-10-09T15:03:58.3015298Z   duration_ms: 10.561648
2026-10-09T15:03:58.3015684Z   type: 'suite'
2026-10-09T15:03:58.3016014Z   ...
2026-10-09T15:03:58.3016716Z # Subtest: the issue \#531 research record (R396-R401, R406, R531-25)
2026-10-09T15:03:58.3017641Z     # Subtest: the inventory names every integration point it surveys (R398)
2026-10-09T15:03:58.3018473Z     ok 1 - the inventory names every integration point it surveys (R398)
2026-10-09T15:03:58.3019114Z       ---
2026-10-09T15:03:58.3019450Z       duration_ms: 0.348403
2026-10-09T15:03:58.3019851Z       type: 'test'
2026-10-09T15:03:58.3020197Z       ...
2026-10-09T15:03:58.3021084Z     # Subtest: the converter research and the C\#/C++ max-frequency discrepancy are recorded with their sources (R399, R400)
2026-10-09T15:03:58.3022471Z     ok 2 - the converter research and the C\#/C++ max-frequency discrepancy are recorded with their sources (R399, R400)
2026-10-09T15:03:58.3023604Z       ---
2026-10-09T15:03:58.3023936Z       duration_ms: 0.334167
2026-10-09T15:03:58.3024340Z       type: 'test'
2026-10-09T15:03:58.3024681Z       ...
2026-10-09T15:03:58.3025295Z     # Subtest: Phase 7 defines the five benchmark directions and their fixtures exist (R406)
2026-10-09T15:03:58.3026309Z     ok 3 - Phase 7 defines the five benchmark directions and their fixtures exist (R406)
2026-10-09T15:03:58.3027027Z       ---
2026-10-09T15:03:58.3027357Z       duration_ms: 0.218139
2026-10-09T15:03:58.3027753Z       type: 'test'
2026-10-09T15:03:58.3028095Z       ...
2026-10-09T15:03:58.3028626Z     # Subtest: the README states what the learner does not synthesize (R531-25)
2026-10-09T15:03:58.3029671Z     ok 4 - the README states what the learner does not synthesize (R531-25)
2026-10-09T15:03:58.3030303Z       ---
2026-10-09T15:03:58.3053267Z       duration_ms: 0.15469
2026-10-09T15:03:58.3053689Z       type: 'test'
2026-10-09T15:03:58.3054039Z       ...
2026-10-09T15:03:58.3054337Z     1..4
2026-10-09T15:03:58.3054790Z ok 202 - the issue \#531 research record (R396-R401, R406, R531-25)
2026-10-09T15:03:58.3055367Z   ---
2026-10-09T15:03:58.3055707Z   duration_ms: 1.256506
2026-10-09T15:03:58.3056090Z   type: 'suite'
2026-10-09T15:03:58.3056421Z   ...
2026-10-09T15:03:58.3056945Z # Subtest: relative_meta_logic.rs: truth values, tiers and assessments
2026-10-09T15:03:58.3057709Z     # Subtest: truth_value_clamps_and_rounds
2026-10-09T15:03:58.3058233Z     ok 1 - truth_value_clamps_and_rounds
2026-10-09T15:03:58.3058681Z       ---
2026-10-09T15:03:58.3059036Z       duration_ms: 1.383034
2026-10-09T15:03:58.3059462Z       type: 'test'
2026-10-09T15:03:58.3059786Z       ...
2026-10-09T15:03:58.3060153Z     # Subtest: truth_value_negate_is_complement
2026-10-09T15:03:58.3060709Z     ok 2 - truth_value_negate_is_complement
2026-10-09T15:03:58.3061186Z       ---
2026-10-09T15:03:58.3061545Z       duration_ms: 0.242786
2026-10-09T15:03:58.3061941Z       type: 'test'
2026-10-09T15:03:58.3062271Z       ...
2026-10-09T15:03:58.3063093Z     # Subtest: aggregators_have_expected_identities
2026-10-09T15:03:58.3063701Z     ok 3 - aggregators_have_expected_identities
2026-10-09T15:03:58.3064220Z       ---
2026-10-09T15:03:58.3064545Z       duration_ms: 0.450906
2026-10-09T15:03:58.3064942Z       type: 'test'
2026-10-09T15:03:58.3065272Z       ...
2026-10-09T15:03:58.3065643Z     # Subtest: aggregators_handle_the_empty_set
2026-10-09T15:03:58.3066183Z     ok 4 - aggregators_handle_the_empty_set
2026-10-09T15:03:58.3066646Z       ---
2026-10-09T15:03:58.3066968Z       duration_ms: 0.232385
2026-10-09T15:03:58.3067354Z       type: 'test'
2026-10-09T15:03:58.3067693Z       ...
2026-10-09T15:03:58.3068058Z     # Subtest: unoriginal_sources_are_ignored
2026-10-09T15:03:58.3068596Z     ok 5 - unoriginal_sources_are_ignored
2026-10-09T15:03:58.3069063Z       ---
2026-10-09T15:03:58.3069390Z       duration_ms: 3.243983
2026-10-09T15:03:58.3069777Z       type: 'test'
2026-10-09T15:03:58.3070103Z       ...
2026-10-09T15:03:58.3070450Z     # Subtest: neutral_evidence_is_ignored
2026-10-09T15:03:58.3070940Z     ok 6 - neutral_evidence_is_ignored
2026-10-09T15:03:58.3071376Z       ---
2026-10-09T15:03:58.3071697Z       duration_ms: 0.218109
2026-10-09T15:03:58.3072090Z       type: 'test'
2026-10-09T15:03:58.3072635Z       ...
2026-10-09T15:03:58.3073324Z     # Subtest: no_evidence_keeps_the_assumed_true_prior
2026-10-09T15:03:58.3073958Z     ok 7 - no_evidence_keeps_the_assumed_true_prior
2026-10-09T15:03:58.3074473Z       ---
2026-10-09T15:03:58.3074808Z       duration_ms: 0.6135
2026-10-09T15:03:58.3075187Z       type: 'test'
2026-10-09T15:03:58.3075531Z       ...
2026-10-09T15:03:58.3075927Z     # Subtest: trusted_support_raises_probability
2026-10-09T15:03:58.3076507Z     ok 8 - trusted_support_raises_probability
2026-10-09T15:03:58.3076980Z       ---
2026-10-09T15:03:58.3077300Z       duration_ms: 0.436178
2026-10-09T15:03:58.3077700Z       type: 'test'
2026-10-09T15:03:58.3078045Z       ...
2026-10-09T15:03:58.3078533Z     # Subtest: contradicting_original_evidence_lowers_probability
2026-10-09T15:03:58.3079247Z     ok 9 - contradicting_original_evidence_lowers_probability
2026-10-09T15:03:58.3079815Z       ---
2026-10-09T15:03:58.3080151Z       duration_ms: 3.755422
2026-10-09T15:03:58.3080548Z       type: 'test'
2026-10-09T15:03:58.3080878Z       ...
2026-10-09T15:03:58.3081288Z     # Subtest: unoriginal_reposts_do_not_move_probability
2026-10-09T15:03:58.3081922Z     ok 10 - unoriginal_reposts_do_not_move_probability
2026-10-09T15:03:58.3082424Z       ---
2026-10-09T15:03:58.3113124Z       duration_ms: 0.708809
2026-10-09T15:03:58.3113598Z       type: 'test'
2026-10-09T15:03:58.3113934Z       ...
2026-10-09T15:03:58.3114443Z     # Subtest: first_party_outweighs_corroboration_for_the_same_strength
2026-10-09T15:03:58.3115605Z     ok 11 - first_party_outweighs_corroboration_for_the_same_strength
2026-10-09T15:03:58.3116199Z       ---
2026-10-09T15:03:58.3116541Z       duration_ms: 0.207921
2026-10-09T15:03:58.3116944Z       type: 'test'
2026-10-09T15:03:58.3117286Z       ...
2026-10-09T15:03:58.3117830Z     # Subtest: independent_support_reinforces_rather_than_averages
2026-10-09T15:03:58.3118563Z     ok 12 - independent_support_reinforces_rather_than_averages
2026-10-09T15:03:58.3119162Z       ---
2026-10-09T15:03:58.3119501Z       duration_ms: 0.215103
2026-10-09T15:03:58.3119886Z       type: 'test'
2026-10-09T15:03:58.3120219Z       ...
2026-10-09T15:03:58.3120588Z     # Subtest: posterior_stays_within_bounds
2026-10-09T15:03:58.3121117Z     ok 13 - posterior_stays_within_bounds
2026-10-09T15:03:58.3121579Z       ---
2026-10-09T15:03:58.3121896Z       duration_ms: 0.34107
2026-10-09T15:03:58.3122287Z       type: 'test'
2026-10-09T15:03:58.3122851Z       ...
2026-10-09T15:03:58.3123296Z     # Subtest: tier_weights_are_the_published_percentages
2026-10-09T15:03:58.3123929Z     ok 14 - tier_weights_are_the_published_percentages
2026-10-09T15:03:58.3124461Z       ---
2026-10-09T15:03:58.3124797Z       duration_ms: 1.022488
2026-10-09T15:03:58.3125199Z       type: 'test'
2026-10-09T15:03:58.3125541Z       ...
2026-10-09T15:03:58.3125837Z     1..14
2026-10-09T15:03:58.3126312Z ok 203 - relative_meta_logic.rs: truth values, tiers and assessments
2026-10-09T15:03:58.3126927Z   ---
2026-10-09T15:03:58.3127260Z   duration_ms: 391.007846
2026-10-09T15:03:58.3127647Z   type: 'suite'
2026-10-09T15:03:58.3127959Z   ...
2026-10-09T15:03:58.3128392Z # Subtest: translation/formalization.rs: formalize_prompt
2026-10-09T15:03:58.3129130Z     # Subtest: relation_prompt_extracts_subject_predicate_object
2026-10-09T15:03:58.3129844Z     ok 1 - relation_prompt_extracts_subject_predicate_object
2026-10-09T15:03:58.3130394Z       ---
2026-10-09T15:03:58.3130729Z       duration_ms: 1148.604585
2026-10-09T15:03:58.3131143Z       type: 'test'
2026-10-09T15:03:58.3131484Z       ...
2026-10-09T15:03:58.3131963Z     # Subtest: russian_translation_prompt_uses_multilingual_label_table
2026-10-09T15:03:58.3132935Z     ok 2 - russian_translation_prompt_uses_multilingual_label_table
2026-10-09T15:03:58.3133551Z       ---
2026-10-09T15:03:58.3133878Z       duration_ms: 7.553267
2026-10-09T15:03:58.3134258Z       type: 'test'
2026-10-09T15:03:58.3134593Z       ...
2026-10-09T15:03:58.3135642Z     # Subtest: source_first_translation_formalizes_only_the_source_proposition
2026-10-09T15:03:58.3136513Z     ok 3 - source_first_translation_formalizes_only_the_source_proposition
2026-10-09T15:03:58.3137160Z       ---
2026-10-09T15:03:58.3137488Z       duration_ms: 0.307046
2026-10-09T15:03:58.3137883Z       type: 'test'
2026-10-09T15:03:58.3138228Z       ...
2026-10-09T15:03:58.3138753Z     # Subtest: arbitrary_statement_maps_predicate_and_nouns_to_wikidata_ids
2026-10-09T15:03:58.3139574Z     ok 4 - arbitrary_statement_maps_predicate_and_nouns_to_wikidata_ids
2026-10-09T15:03:58.3140201Z       ---
2026-10-09T15:03:58.3140537Z       duration_ms: 2.160652
2026-10-09T15:03:58.3140931Z       type: 'test'
2026-10-09T15:03:58.3141266Z       ...
2026-10-09T15:03:58.3141811Z     # Subtest: an_ambiguous_copula_also_yields_the_subclass_reading (source-derived)
2026-10-09T15:03:58.3173169Z     ok 5 - an_ambiguous_copula_also_yields_the_subclass_reading (source-derived)
2026-10-09T15:03:58.3173895Z       ---
2026-10-09T15:03:58.3174258Z       duration_ms: 1.664722
2026-10-09T15:03:58.3174669Z       type: 'test'
2026-10-09T15:03:58.3175009Z       ...
2026-10-09T15:03:58.3175510Z     # Subtest: action_prompt_maps_translation_verb_to_wikidata_property
2026-10-09T15:03:58.3176292Z     ok 6 - action_prompt_maps_translation_verb_to_wikidata_property
2026-10-09T15:03:58.3176893Z       ---
2026-10-09T15:03:58.3177222Z       duration_ms: 1.084955
2026-10-09T15:03:58.3177617Z       type: 'test'
2026-10-09T15:03:58.3178196Z       ...
2026-10-09T15:03:58.3178825Z     # Subtest: supported_language_prompts_map_local_surfaces_to_same_language_independent_ids
2026-10-09T15:03:58.3179897Z     ok 7 - supported_language_prompts_map_local_surfaces_to_same_language_independent_ids
2026-10-09T15:03:58.3180639Z       ---
2026-10-09T15:03:58.3180957Z       duration_ms: 5.87063
2026-10-09T15:03:58.3181337Z       type: 'test'
2026-10-09T15:03:58.3181677Z       ...
2026-10-09T15:03:58.3182202Z     # Subtest: unmodeled_dictionary_terms_fall_back_to_wiktionary_surfaces
2026-10-09T15:03:58.3183231Z     ok 8 - unmodeled_dictionary_terms_fall_back_to_wiktionary_surfaces
2026-10-09T15:03:58.3183828Z       ---
2026-10-09T15:03:58.3184161Z       duration_ms: 22.576379
2026-10-09T15:03:58.3184563Z       type: 'test'
2026-10-09T15:03:58.3184897Z       ...
2026-10-09T15:03:58.3185430Z     # Subtest: unanchored_unknown_terms_are_flagged_for_later_translation_gaps
2026-10-09T15:03:58.3186286Z     ok 9 - unanchored_unknown_terms_are_flagged_for_later_translation_gaps
2026-10-09T15:03:58.3186939Z       ---
2026-10-09T15:03:58.3187267Z       duration_ms: 2.06357
2026-10-09T15:03:58.3187664Z       type: 'test'
2026-10-09T15:03:58.3187997Z       ...
2026-10-09T15:03:58.3188621Z     # Subtest: a_prompt_with_no_anchorable_surface_yields_the_empty_candidate (source-derived)
2026-10-09T15:03:58.3189663Z     ok 10 - a_prompt_with_no_anchorable_surface_yields_the_empty_candidate (source-derived)
2026-10-09T15:03:58.3190408Z       ---
2026-10-09T15:03:58.3190784Z       duration_ms: 7.469117
2026-10-09T15:03:58.3191183Z       type: 'test'
2026-10-09T15:03:58.3191517Z       ...
2026-10-09T15:03:58.3191808Z     1..10
2026-10-09T15:03:58.3192209Z ok 204 - translation/formalization.rs: formalize_prompt
2026-10-09T15:03:58.3192923Z   ---
2026-10-09T15:03:58.3193262Z   duration_ms: 1199.873304
2026-10-09T15:03:58.3193656Z   type: 'suite'
2026-10-09T15:03:58.3193986Z   ...
2026-10-09T15:03:58.3194427Z # Subtest: summarization/dedup.rs: deduplicate (issue \#844)
2026-10-09T15:03:58.3195292Z     # Subtest: n_sources_asserting_one_fact_yield_one_statement_with_a_justification_link
2026-10-09T15:03:58.3196288Z     ok 1 - n_sources_asserting_one_fact_yield_one_statement_with_a_justification_link
2026-10-09T15:03:58.3196982Z       ---
2026-10-09T15:03:58.3197296Z       duration_ms: 6.944333
2026-10-09T15:03:58.3197690Z       type: 'test'
2026-10-09T15:03:58.3198027Z       ...
2026-10-09T15:03:58.3198501Z     # Subtest: wording_differences_merge_but_extra_content_does_not
2026-10-09T15:03:58.3199408Z     ok 2 - wording_differences_merge_but_extra_content_does_not
2026-10-09T15:03:58.3199977Z       ---
2026-10-09T15:03:58.3200308Z       duration_ms: 0.691917
2026-10-09T15:03:58.3200704Z       type: 'test'
2026-10-09T15:03:58.3201042Z       ...
2026-10-09T15:03:58.3201586Z     # Subtest: inflected_wordings_stay_separate_because_the_merge_does_not_stem
2026-10-09T15:03:58.3202448Z     ok 3 - inflected_wordings_stay_separate_because_the_merge_does_not_stem
2026-10-09T15:03:58.3233423Z       ---
2026-10-09T15:03:58.3233783Z       duration_ms: 0.484479
2026-10-09T15:03:58.3234194Z       type: 'test'
2026-10-09T15:03:58.3234530Z       ...
2026-10-09T15:03:58.3234958Z     # Subtest: a_merge_that_conflates_two_facts_can_be_split
2026-10-09T15:03:58.3235620Z     ok 4 - a_merge_that_conflates_two_facts_can_be_split
2026-10-09T15:03:58.3236151Z       ---
2026-10-09T15:03:58.3236487Z       duration_ms: 1.085445
2026-10-09T15:03:58.3236890Z       type: 'test'
2026-10-09T15:03:58.3237215Z       ...
2026-10-09T15:03:58.3237706Z     # Subtest: contradictions_pair_an_affirmed_fact_with_its_denial
2026-10-09T15:03:58.3238445Z     ok 5 - contradictions_pair_an_affirmed_fact_with_its_denial
2026-10-09T15:03:58.3239016Z       ---
2026-10-09T15:03:58.3239350Z       duration_ms: 266.810979
2026-10-09T15:03:58.3239757Z       type: 'test'
2026-10-09T15:03:58.3240076Z       ...
2026-10-09T15:03:58.3240765Z     # Subtest: a_repeated_sentence_from_one_source_adds_nothing_and_function_word_only_text_never_merges
2026-10-09T15:03:58.3242176Z     ok 6 - a_repeated_sentence_from_one_source_adds_nothing_and_function_word_only_text_never_merges
2026-10-09T15:03:58.3243155Z       ---
2026-10-09T15:03:58.3243513Z       duration_ms: 0.591088
2026-10-09T15:03:58.3243913Z       type: 'test'
2026-10-09T15:03:58.3244253Z       ...
2026-10-09T15:03:58.3244726Z     # Subtest: signature_order_is_utf8_byte_order (source-derived)
2026-10-09T15:03:58.3245451Z     ok 7 - signature_order_is_utf8_byte_order (source-derived)
2026-10-09T15:03:58.3246007Z       ---
2026-10-09T15:03:58.3246345Z       duration_ms: 0.153598
2026-10-09T15:03:58.3246741Z       type: 'test'
2026-10-09T15:03:58.3247081Z       ...
2026-10-09T15:03:58.3247387Z     1..7
2026-10-09T15:03:58.3247820Z ok 205 - summarization/dedup.rs: deduplicate (issue \#844)
2026-10-09T15:03:58.3248363Z   ---
2026-10-09T15:03:58.3248674Z   duration_ms: 277.126504
2026-10-09T15:03:58.3249063Z   type: 'suite'
2026-10-09T15:03:58.3249397Z   ...
2026-10-09T15:03:58.3249837Z # Subtest: summarization/importance.rs: rank (issue \#844)
2026-10-09T15:03:58.3250582Z     # Subtest: ranking_reflects_observed_frequency_and_source_stance
2026-10-09T15:03:58.3251305Z     ok 1 - ranking_reflects_observed_frequency_and_source_stance
2026-10-09T15:03:58.3251870Z       ---
2026-10-09T15:03:58.3252197Z       duration_ms: 2.328037
2026-10-09T15:03:58.3252599Z       type: 'test'
2026-10-09T15:03:58.3253122Z       ...
2026-10-09T15:03:58.3253530Z     # Subtest: an_unoriginal_mirror_adds_no_probability
2026-10-09T15:03:58.3254127Z     ok 2 - an_unoriginal_mirror_adds_no_probability
2026-10-09T15:03:58.3254642Z       ---
2026-10-09T15:03:58.3254973Z       duration_ms: 0.731201
2026-10-09T15:03:58.3255366Z       type: 'test'
2026-10-09T15:03:58.3255702Z       ...
2026-10-09T15:03:58.3256232Z     # Subtest: unoriginal_repetition_cannot_outrank_an_authoritative_source
2026-10-09T15:03:58.3257068Z     ok 3 - unoriginal_repetition_cannot_outrank_an_authoritative_source
2026-10-09T15:03:58.3257696Z       ---
2026-10-09T15:03:58.3258043Z       duration_ms: 0.945523
2026-10-09T15:03:58.3258433Z       type: 'test'
2026-10-09T15:03:58.3258769Z       ...
2026-10-09T15:03:58.3259316Z     # Subtest: blend_is_integer_arithmetic_capped_at_one_hundred (source-derived)
2026-10-09T15:03:58.3260196Z     ok 4 - blend_is_integer_arithmetic_capped_at_one_hundred (source-derived)
2026-10-09T15:03:58.3260851Z       ---
2026-10-09T15:03:58.3261174Z       duration_ms: 0.289703
2026-10-09T15:03:58.3261565Z       type: 'test'
2026-10-09T15:03:58.3261904Z       ...
2026-10-09T15:03:58.3262375Z     1..4
2026-10-09T15:03:58.3293228Z ok 206 - summarization/importance.rs: rank (issue \#844)
2026-10-09T15:03:58.3293830Z   ---
2026-10-09T15:03:58.3294158Z   duration_ms: 4.524946
2026-10-09T15:03:58.3294542Z   type: 'suite'
2026-10-09T15:03:58.3294859Z   ...
2026-10-09T15:03:58.3295493Z # Subtest: summarization/recheck.rs: the capture-independent preflight (issue \#844)
2026-10-09T15:03:58.3296443Z     # Subtest: a_statement_no_trusted_source_asserts_is_withheld_but_kept
2026-10-09T15:03:58.3297273Z     ok 1 - a_statement_no_trusted_source_asserts_is_withheld_but_kept
2026-10-09T15:03:58.3297863Z       ---
2026-10-09T15:03:58.3298205Z       duration_ms: 6.71902
2026-10-09T15:03:58.3298605Z       type: 'test'
2026-10-09T15:03:58.3298946Z       ...
2026-10-09T15:03:58.3299405Z     # Subtest: verdicts_follow_the_assessment (source-derived)
2026-10-09T15:03:58.3300104Z     ok 2 - verdicts_follow_the_assessment (source-derived)
2026-10-09T15:03:58.3300624Z       ---
2026-10-09T15:03:58.3300934Z       duration_ms: 0.76744
2026-10-09T15:03:58.3301296Z       type: 'test'
2026-10-09T15:03:58.3301594Z       ...
2026-10-09T15:03:58.3302234Z     # Subtest: the_grounding_query_condenses_whitespace_and_quotes_the_statement (source-derived)
2026-10-09T15:03:58.3303528Z     ok 3 - the_grounding_query_condenses_whitespace_and_quotes_the_statement (source-derived)
2026-10-09T15:03:58.3304310Z       ---
2026-10-09T15:03:58.3304670Z       duration_ms: 0.383249
2026-10-09T15:03:58.3305335Z       type: 'test'
2026-10-09T15:03:58.3305681Z       ...
2026-10-09T15:03:58.3305983Z     1..3
2026-10-09T15:03:58.3306579Z ok 207 - summarization/recheck.rs: the capture-independent preflight (issue \#844)
2026-10-09T15:03:58.3307316Z   ---
2026-10-09T15:03:58.3307640Z   duration_ms: 8.050959
2026-10-09T15:03:58.3308013Z   type: 'suite'
2026-10-09T15:03:58.3308338Z   ...
2026-10-09T15:03:58.3309023Z # Subtest: contradictionsIn (mirrors fn contradictions_in in rust/src/selection_heuristics/triz.rs)
2026-10-09T15:03:58.3310319Z     # Subtest: detects a technical contradiction when two satisfying candidates each win on a different dimension
2026-10-09T15:03:58.3311627Z     ok 1 - detects a technical contradiction when two satisfying candidates each win on a different dimension
2026-10-09T15:03:58.3312488Z       ---
2026-10-09T15:03:58.3313064Z       duration_ms: 877.790338
2026-10-09T15:03:58.3313476Z       type: 'test'
2026-10-09T15:03:58.3313805Z       ...
2026-10-09T15:03:58.3314425Z     # Subtest: returns an empty array when no two candidates each win on a different dimension
2026-10-09T15:03:58.3315440Z     ok 2 - returns an empty array when no two candidates each win on a different dimension
2026-10-09T15:03:58.3316152Z       ---
2026-10-09T15:03:58.3316473Z       duration_ms: 0.355096
2026-10-09T15:03:58.3316863Z       type: 'test'
2026-10-09T15:03:58.3317195Z       ...
2026-10-09T15:03:58.3317908Z     # Subtest: derives the selection value from requirement clauses when they state the trade-off
2026-10-09T15:03:58.3319004Z     ok 3 - derives the selection value from requirement clauses when they state the trade-off
2026-10-09T15:03:58.3319751Z       ---
2026-10-09T15:03:58.3320072Z       duration_ms: 1.005205
2026-10-09T15:03:58.3320457Z       type: 'test'
2026-10-09T15:03:58.3320785Z       ...
2026-10-09T15:03:58.3321264Z     # Subtest: reports underivable when no clause states the trade-off
2026-10-09T15:03:58.3322017Z     ok 4 - reports underivable when no clause states the trade-off
2026-10-09T15:03:58.3322600Z       ---
2026-10-09T15:03:58.3353289Z       duration_ms: 0.469441
2026-10-09T15:03:58.3353710Z       type: 'test'
2026-10-09T15:03:58.3354059Z       ...
2026-10-09T15:03:58.3354512Z     # Subtest: selection_basis_points is an integer in 0..=10000
2026-10-09T15:03:58.3355206Z     ok 5 - selection_basis_points is an integer in 0..=10000
2026-10-09T15:03:58.3355753Z       ---
2026-10-09T15:03:58.3356077Z       duration_ms: 0.914935
2026-10-09T15:03:58.3356466Z       type: 'test'
2026-10-09T15:03:58.3356795Z       ...
2026-10-09T15:03:58.3357307Z     1..5
2026-10-09T15:03:58.3358003Z ok 208 - contradictionsIn (mirrors fn contradictions_in in rust/src/selection_heuristics/triz.rs)
2026-10-09T15:03:58.3358818Z   ---
2026-10-09T15:03:58.3359143Z   duration_ms: 1214.466452
2026-10-09T15:03:58.3359535Z   type: 'suite'
2026-10-09T15:03:58.3359862Z   ...
2026-10-09T15:03:58.3360531Z # Subtest: situationFor (mirrors situation detection in rust/src/draft_portfolio.rs and ranking.rs)
2026-10-09T15:03:58.3361572Z     # Subtest: returns contradiction_detected when a contradiction exists
2026-10-09T15:03:58.3362379Z     ok 1 - returns contradiction_detected when a contradiction exists
2026-10-09T15:03:58.3363175Z       ---
2026-10-09T15:03:58.3363507Z       duration_ms: 0.443031
2026-10-09T15:03:58.3363896Z       type: 'test'
2026-10-09T15:03:58.3364224Z       ...
2026-10-09T15:03:58.3364666Z     # Subtest: returns empty string when no contradiction exists
2026-10-09T15:03:58.3365364Z     ok 2 - returns empty string when no contradiction exists
2026-10-09T15:03:58.3365909Z       ---
2026-10-09T15:03:58.3366231Z       duration_ms: 0.29856
2026-10-09T15:03:58.3366605Z       type: 'test'
2026-10-09T15:03:58.3366934Z       ...
2026-10-09T15:03:58.3367232Z     1..2
2026-10-09T15:03:58.3367897Z ok 209 - situationFor (mirrors situation detection in rust/src/draft_portfolio.rs and ranking.rs)
2026-10-09T15:03:58.3368700Z   ---
2026-10-09T15:03:58.3369014Z   duration_ms: 1.255735
2026-10-09T15:03:58.3369379Z   type: 'suite'
2026-10-09T15:03:58.3369902Z   ...
2026-10-09T15:03:58.3370492Z # Subtest: rankWithHeuristic (mirrors fn rank_passing_drafts / rank_survivors R901-3)
2026-10-09T15:03:58.3371497Z     # Subtest: selects a different ranker when contradiction_detected vs no situation
2026-10-09T15:03:58.3372430Z     ok 1 - selects a different ranker when contradiction_detected vs no situation
2026-10-09T15:03:58.3373343Z       ---
2026-10-09T15:03:58.3373670Z       duration_ms: 8.862901
2026-10-09T15:03:58.3374060Z       type: 'test'
2026-10-09T15:03:58.3374392Z       ...
2026-10-09T15:03:58.3374996Z     # Subtest: keeps the same ordering for a non-contradicted pair regardless of situation
2026-10-09T15:03:58.3375986Z     ok 2 - keeps the same ordering for a non-contradicted pair regardless of situation
2026-10-09T15:03:58.3376691Z       ---
2026-10-09T15:03:58.3377036Z       duration_ms: 0.645731
2026-10-09T15:03:58.3377420Z       type: 'test'
2026-10-09T15:03:58.3377747Z       ...
2026-10-09T15:03:58.3378456Z     # Subtest: round-trip: situationFor + rankWithHeuristic routes through triz for the contradicted pair
2026-10-09T15:03:58.3379687Z     ok 3 - round-trip: situationFor + rankWithHeuristic routes through triz for the contradicted pair
2026-10-09T15:03:58.3380492Z       ---
2026-10-09T15:03:58.3380811Z       duration_ms: 0.374382
2026-10-09T15:03:58.3381194Z       type: 'test'
2026-10-09T15:03:58.3381525Z       ...
2026-10-09T15:03:58.3381821Z     1..3
2026-10-09T15:03:58.3382400Z ok 210 - rankWithHeuristic (mirrors fn rank_passing_drafts / rank_survivors R901-3)
2026-10-09T15:03:58.3383493Z   ---
2026-10-09T15:03:58.3383827Z   duration_ms: 12.876729
2026-10-09T15:03:58.3384213Z   type: 'suite'
2026-10-09T15:03:58.3384544Z   ...
2026-10-09T15:03:58.3385092Z # Subtest: the seeded catalog declares a triz rank row (R901-3 seed requirement)
2026-10-09T15:03:58.3386087Z     # Subtest: heuristic_triz is present at order 3 with applies_when contradiction_detected
2026-10-09T15:03:58.3387088Z     ok 1 - heuristic_triz is present at order 3 with applies_when contradiction_detected
2026-10-09T15:03:58.3387735Z       ---
2026-10-09T15:03:58.3388020Z       duration_ms: 0.327504
2026-10-09T15:03:58.3388371Z       type: 'test'
2026-10-09T15:03:58.3388729Z       ...
2026-10-09T15:03:58.3389007Z     1..1
2026-10-09T15:03:58.3389525Z ok 211 - the seeded catalog declares a triz rank row (R901-3 seed requirement)
2026-10-09T15:03:58.3390186Z   ---
2026-10-09T15:03:58.3390489Z   duration_ms: 0.455444
2026-10-09T15:03:58.3390857Z   type: 'suite'
2026-10-09T15:03:58.3391185Z   ...
2026-10-09T15:03:58.3391955Z # Subtest: R914-4/R914-12: every epic of the batch was opened, numbered from \#916
2026-10-09T15:03:58.3393106Z ok 212 - R914-4/R914-12: every epic of the batch was opened, numbered from \#916
2026-10-09T15:03:58.3393748Z   ---
2026-10-09T15:03:58.3394055Z   duration_ms: 1.351505
2026-10-09T15:03:58.3394453Z   type: 'test'
2026-10-09T15:03:58.3394783Z   ...
2026-10-09T15:03:58.3395381Z # Subtest: R914-14: the foundation blocker comes first and binds every capability epic
2026-10-09T15:03:58.3396366Z ok 213 - R914-14: the foundation blocker comes first and binds every capability epic
2026-10-09T15:03:58.3397090Z   ---
2026-10-09T15:03:58.3397424Z   duration_ms: 0.555682
2026-10-09T15:03:58.3397819Z   type: 'test'
2026-10-09T15:03:58.3398159Z   ...
2026-10-09T15:03:58.3398842Z # Subtest: R914-13: the regression floor binds every epic, and every epic inventories what it generalizes
2026-10-09T15:03:58.3400043Z ok 214 - R914-13: the regression floor binds every epic, and every epic inventories what it generalizes
2026-10-09T15:03:58.3400856Z   ---
2026-10-09T15:03:58.3401218Z   duration_ms: 0.359073
2026-10-09T15:03:58.3401608Z   type: 'test'
2026-10-09T15:03:58.3401940Z   ...
2026-10-09T15:03:58.3402471Z # Subtest: R914-7: the plan binds the no-neural-networks rule to every epic
2026-10-09T15:03:58.3403632Z ok 215 - R914-7: the plan binds the no-neural-networks rule to every epic
2026-10-09T15:03:58.3404250Z   ---
2026-10-09T15:03:58.3404558Z   duration_ms: 0.291517
2026-10-09T15:03:58.3405162Z   type: 'test'
2026-10-09T15:03:58.3405486Z   ...
2026-10-09T15:05:54.9388329Z # Subtest: R1021-3/4/5/9: shell requests on the agentic planner
2026-10-09T15:05:54.9389271Z     # Subtest: a command-naming noun is not an argument (\#866, \#867)
2026-10-09T15:05:54.9390304Z     ok 1 - a command-naming noun is not an argument (\#866, \#867)
2026-10-09T15:05:54.9391018Z       ---
2026-10-09T15:05:54.9391297Z       duration_ms: 1960.517109
2026-10-09T15:05:54.9391627Z       type: 'test'
2026-10-09T15:05:54.9391923Z       ...
2026-10-09T15:05:54.9396043Z     # Subtest: a prose listing request routes to ls in any word order, english, russian, hindi and spanish (\#865)
2026-10-09T15:05:54.9411439Z     ok 2 - a prose listing request routes to ls in any word order, english, russian, hindi and spanish (\#865)
2026-10-09T15:05:54.9412322Z       ---
2026-10-09T15:05:54.9413192Z       duration_ms: 8158.175459
2026-10-09T15:05:54.9413658Z       type: 'test'
2026-10-09T15:05:54.9414031Z       ...
2026-10-09T15:05:54.9414429Z     # Subtest: a bare command is the request (\#868)
2026-10-09T15:05:54.9414857Z     ok 3 - a bare command is the request (\#868)
2026-10-09T15:05:54.9415189Z       ---
2026-10-09T15:05:54.9415411Z       duration_ms: 1062.595803
2026-10-09T15:05:54.9415692Z       type: 'test'
2026-10-09T15:05:54.9416002Z       ...
2026-10-09T15:05:54.9416712Z     # Subtest: a move between absolute or home-relative paths is performed; a traversal is not (\#824)
2026-10-09T15:05:54.9417912Z     ok 4 - a move between absolute or home-relative paths is performed; a traversal is not (\#824)
2026-10-09T15:05:54.9418718Z       ---
2026-10-09T15:05:54.9419057Z       duration_ms: 10793.509757
2026-10-09T15:05:54.9419481Z       type: 'test'
2026-10-09T15:05:54.9419835Z       ...
2026-10-09T15:05:54.9420318Z     # Subtest: a cue that names its object still takes a plain name
2026-10-09T15:05:54.9421106Z     ok 5 - a cue that names its object still takes a plain name
2026-10-09T15:05:54.9421698Z       ---
2026-10-09T15:05:54.9422032Z       duration_ms: 53500.024797
2026-10-09T15:05:54.9422421Z       type: 'test'
2026-10-09T15:05:54.9422929Z       ...
2026-10-09T15:05:54.9423224Z     1..5
2026-10-09T15:05:54.9423636Z ok 216 - R1021-3/4/5/9: shell requests on the agentic planner
2026-10-09T15:05:54.9424162Z   ---
2026-10-09T15:05:54.9424473Z   duration_ms: 77866.800129
2026-10-09T15:05:54.9424848Z   type: 'suite'
2026-10-09T15:05:54.9425159Z   ...
2026-10-09T15:05:54.9426104Z # Subtest: R1021-6/7: a named exercise is a program, not a file operation
2026-10-09T15:05:54.9427014Z     # Subtest: neither the exercise nor its Rosetta Code URL reaches the shell (\#862, \#863)
2026-10-09T15:05:54.9427976Z     ok 1 - neither the exercise nor its Rosetta Code URL reaches the shell (\#862, \#863)
2026-10-09T15:05:54.9428651Z       ---
2026-10-09T15:05:54.9428965Z       duration_ms: 58253.156409
2026-10-09T15:05:54.9429351Z       type: 'test'
2026-10-09T15:05:54.9429674Z       ...
2026-10-09T15:05:54.9430390Z     # Subtest: the exercise is answered as a catalogued program in english, russian, hindi, chinese and spanish
2026-10-09T15:05:54.9431593Z     ok 2 - the exercise is answered as a catalogued program in english, russian, hindi, chinese and spanish
2026-10-09T15:05:54.9432274Z       ---
2026-10-09T15:05:54.9432477Z       duration_ms: 624.715881
2026-10-09T15:05:54.9432892Z       type: 'test'
2026-10-09T15:05:54.9433089Z       ...
2026-10-09T15:05:54.9433445Z     # Subtest: the stdin answer pipes the input it was verified against into the run command
2026-10-09T15:05:54.9434036Z     ok 3 - the stdin answer pipes the input it was verified against into the run command
2026-10-09T15:05:54.9434433Z       ---
2026-10-09T15:05:54.9434620Z       duration_ms: 20.650648
2026-10-09T15:05:54.9434849Z       type: 'test'
2026-10-09T15:05:54.9435036Z       ...
2026-10-09T15:05:54.9435310Z     # Subtest: a task that reads no input keeps its plain run command
2026-10-09T15:05:54.9437344Z     ok 4 - a task that reads no input keeps its plain run command
2026-10-09T15:05:54.9438246Z       ---
2026-10-09T15:05:54.9438604Z       duration_ms: 21.713857
2026-10-09T15:05:54.9439019Z       type: 'test'
2026-10-09T15:05:54.9439333Z       ...
2026-10-09T15:05:54.9442938Z     1..4
2026-10-09T15:05:54.9443463Z ok 217 - R1021-6/7: a named exercise is a program, not a file operation
2026-10-09T15:05:54.9444065Z   ---
2026-10-09T15:05:54.9444381Z   duration_ms: 58920.73422
2026-10-09T15:05:54.9444758Z   type: 'suite'
2026-10-09T15:05:54.9445072Z   ...
2026-10-09T15:05:54.9445634Z # Subtest: R1021-8: a framework-named request is answered in that framework (\#723)
2026-10-09T15:05:54.9446591Z     # Subtest: Laravel is its own target; an uncatalogued framework falls back to its language
2026-10-09T15:05:54.9447560Z     ok 1 - Laravel is its own target; an uncatalogued framework falls back to its language
2026-10-09T15:05:54.9448235Z       ---
2026-10-09T15:05:54.9448557Z       duration_ms: 181.090934
2026-10-09T15:05:54.9448948Z       type: 'test'
2026-10-09T15:05:54.9449278Z       ...
2026-10-09T15:05:54.9449573Z     1..1
2026-10-09T15:05:54.9450097Z ok 218 - R1021-8: a framework-named request is answered in that framework (\#723)
2026-10-09T15:05:54.9450744Z   ---
2026-10-09T15:05:54.9451058Z   duration_ms: 181.216801
2026-10-09T15:05:54.9451433Z   type: 'suite'
2026-10-09T15:05:54.9451746Z   ...
2026-10-09T15:05:54.9466004Z # Subtest: R1021-31: asking for code is a coding request whatever the asking verb
2026-10-09T15:05:54.9466889Z     # Subtest: a named language is answered with its minimal script in every asking verb
2026-10-09T15:05:54.9467722Z     ok 1 - a named language is answered with its minimal script in every asking verb
2026-10-09T15:05:54.9468281Z       ---
2026-10-09T15:05:54.9468691Z       duration_ms: 184.12977
2026-10-09T15:05:54.9469095Z       type: 'test'
2026-10-09T15:05:54.9471106Z       ...
2026-10-09T15:05:54.9471852Z     # Subtest: code naming no language reaches the honest dead end in english, russian, hindi, chinese and spanish
2026-10-09T15:05:54.9473398Z     ok 2 - code naming no language reaches the honest dead end in english, russian, hindi, chinese and spanish
2026-10-09T15:05:54.9474219Z       ---
2026-10-09T15:05:54.9474558Z       duration_ms: 858.21331
2026-10-09T15:05:54.9474948Z       type: 'test'
2026-10-09T15:05:54.9475278Z       ...
2026-10-09T15:05:54.9475744Z     # Subtest: the dead end is worded in the language it was asked in
2026-10-09T15:05:54.9476457Z     ok 3 - the dead end is worded in the language it was asked in
2026-10-09T15:05:54.9477264Z       ---
2026-10-09T15:05:54.9477596Z       duration_ms: 121.186072
2026-10-09T15:05:54.9477993Z       type: 'test'
2026-10-09T15:05:54.9478320Z       ...
2026-10-09T15:05:54.9478847Z     # Subtest: an asking verb that names another subject is not a coding request
2026-10-09T15:05:54.9479382Z     ok 4 - an asking verb that names another subject is not a coding request
2026-10-09T15:05:54.9479752Z       ---
2026-10-09T15:05:54.9479946Z       duration_ms: 2111.967922
2026-10-09T15:05:54.9480185Z       type: 'test'
2026-10-09T15:05:54.9480373Z       ...
2026-10-09T15:05:54.9480543Z     1..4
2026-10-09T15:05:54.9480842Z ok 219 - R1021-31: asking for code is a coding request whatever the asking verb
2026-10-09T15:05:54.9481215Z   ---
2026-10-09T15:05:54.9481406Z   duration_ms: 3275.749739
2026-10-09T15:05:54.9481633Z   type: 'suite'
2026-10-09T15:05:54.9481829Z   ...
2026-10-09T15:05:55.1964102Z # Subtest: L07 derives a real canonical greeting edit and fulfills every whole-node obligation
2026-10-09T15:05:55.1993856Z ok 220 - L07 derives a real canonical greeting edit and fulfills every whole-node obligation
2026-10-09T15:05:55.2040933Z   ---
2026-10-09T15:05:55.2043633Z   duration_ms: 6765.770585
2026-10-09T15:05:55.2044063Z   type: 'test'
2026-10-09T15:05:55.2044401Z   ...
2026-10-09T15:05:55.2045060Z # Subtest: the changed Links Notation greeting lexeme reaches the production greeting caller
2026-10-09T15:05:55.2046196Z ok 221 - the changed Links Notation greeting lexeme reaches the production greeting caller
2026-10-09T15:05:55.2047399Z   ---
2026-10-09T15:05:55.2047714Z   duration_ms: 2508.656662
2026-10-09T15:05:55.2048102Z   type: 'test'
2026-10-09T15:05:55.2048432Z   ...
2026-10-09T15:05:55.2049053Z # Subtest: browser projects every held-out verifiable task and stays explicitly unverified
2026-10-09T15:05:55.2050085Z ok 222 - browser projects every held-out verifiable task and stays explicitly unverified
2026-10-09T15:05:55.2050785Z   ---
2026-10-09T15:05:55.2051099Z   duration_ms: 5211.935492
2026-10-09T15:05:55.2051487Z   type: 'test'
2026-10-09T15:05:55.2051824Z   ...
2026-10-09T15:05:55.2052447Z # Subtest: the Telegram refused/granted table is complete and points at shared response intents
2026-10-09T15:05:55.2053741Z ok 223 - the Telegram refused/granted table is complete and points at shared response intents
2026-10-09T15:05:55.2054519Z   ---
2026-10-09T15:05:55.2054963Z   duration_ms: 1683.943308
2026-10-09T15:05:55.2055672Z   type: 'test'
2026-10-09T15:05:55.2056116Z   ...
2026-10-09T15:05:55.2066949Z # Subtest: the browser produces the same concept-graph identity as the native path
2026-10-09T15:05:55.2067899Z ok 224 - the browser produces the same concept-graph identity as the native path
2026-10-09T15:05:55.2068555Z   ---
2026-10-09T15:05:55.2068872Z   duration_ms: 5852.417275
2026-10-09T15:05:55.2069253Z   type: 'test'
2026-10-09T15:05:55.2069570Z   ...
2026-10-09T15:05:55.2070081Z # Subtest: every extracted procedure step the browser shows is unverified
2026-10-09T15:05:55.2070900Z ok 225 - every extracted procedure step the browser shows is unverified
2026-10-09T15:05:55.2071499Z   ---
2026-10-09T15:05:55.2071812Z   duration_ms: 3202.588462
2026-10-09T15:05:55.2072192Z   type: 'test'
2026-10-09T15:05:55.2072503Z   ...
2026-10-09T15:05:55.2073267Z # Subtest: every capture is the recorded bytes and keeps the page's language tags
2026-10-09T15:05:55.2074154Z ok 226 - every capture is the recorded bytes and keeps the page's language tags
2026-10-09T15:05:55.2074795Z   ---
2026-10-09T15:05:55.2075102Z   duration_ms: 1710.113734
2026-10-09T15:05:55.2075474Z   type: 'test'
2026-10-09T15:05:55.2075796Z   ...
2026-10-09T15:05:55.2076343Z # Subtest: R1163-14: kotlinlang's numbered steps keep the compile and run commands
2026-10-09T15:05:55.2077233Z ok 227 - R1163-14: kotlinlang's numbered steps keep the compile and run commands
2026-10-09T15:05:55.2077867Z   ---
2026-10-09T15:05:55.2078174Z   duration_ms: 3.234145
2026-10-09T15:05:55.2078534Z   type: 'test'
2026-10-09T15:05:55.2078843Z   ...
2026-10-09T15:05:55.2079704Z # Subtest: R1163-11 offline half: the paragraph mentioning compiling introduces the kotlinc command
2026-10-09T15:05:55.2080796Z ok 228 - R1163-11 offline half: the paragraph mentioning compiling introduces the kotlinc command
2026-10-09T15:05:55.2081541Z   ---
2026-10-09T15:05:55.2081843Z   duration_ms: 7.564697
2026-10-09T15:05:55.2082199Z   type: 'test'
2026-10-09T15:05:55.2082510Z   ...
2026-10-09T15:05:55.2083129Z # Subtest: R1164-12: every captured Hello World page decomposes
2026-10-09T15:05:55.2083808Z ok 229 - R1164-12: every captured Hello World page decomposes
2026-10-09T15:05:55.2084322Z   ---
2026-10-09T15:05:55.2084633Z   duration_ms: 61.333265
2026-10-09T15:05:55.2084997Z   type: 'test'
2026-10-09T15:05:55.2085304Z   ...
2026-10-09T15:05:55.2085802Z # Subtest: R1165-1: a code block keeps its indentation, prose still collapses
2026-10-09T15:05:55.2086607Z ok 230 - R1165-1: a code block keeps its indentation, prose still collapses
2026-10-09T15:05:55.2087214Z   ---
2026-10-09T15:05:55.2087528Z   duration_ms: 7.43329
2026-10-09T15:05:55.2087884Z   type: 'test'
2026-10-09T15:05:55.2088195Z   ...
2026-10-09T15:05:55.2088821Z # Subtest: R1165-8: the counter reads every program quote spelling and leaves an expectation alone
2026-10-09T15:05:55.2089880Z ok 231 - R1165-8: the counter reads every program quote spelling and leaves an expectation alone
2026-10-09T15:05:55.2090606Z   ---
2026-10-09T15:05:55.2090904Z   duration_ms: 2.70597
2026-10-09T15:05:55.2091424Z   type: 'test'
2026-10-09T15:05:55.2091737Z   ...
2026-10-09T15:05:55.2092286Z # Subtest: R1165-8: data/ stores no more verbatim Hello World programs than the ratchet
2026-10-09T15:05:55.2093941Z ok 232 - R1165-8: data/ stores no more verbatim Hello World programs than the ratchet
2026-10-09T15:05:55.2094619Z   ---
2026-10-09T15:05:55.2095071Z   duration_ms: 773.293297
2026-10-09T15:05:55.2095439Z   type: 'test'
2026-10-09T15:05:55.2095751Z   ...
2026-10-09T15:05:55.2096350Z # Subtest: the cache path mirrors default_cache_path: the override, else the repository file
2026-10-09T15:05:55.2097358Z ok 233 - the cache path mirrors default_cache_path: the override, else the repository file
2026-10-09T15:05:55.2098053Z   ---
2026-10-09T15:05:55.2098363Z   duration_ms: 1743.620451
2026-10-09T15:05:55.2098739Z   type: 'test'
2026-10-09T15:05:55.2099048Z   ...
2026-10-09T15:05:55.2099612Z # Subtest: the committed cache has no rows, so an unmodified request stays the native miss
2026-10-09T15:05:55.2100562Z ok 234 - the committed cache has no rows, so an unmodified request stays the native miss
2026-10-09T15:05:55.2101257Z   ---
2026-10-09T15:05:55.2101565Z   duration_ms: 1094.289307
2026-10-09T15:05:55.2101933Z   type: 'test'
2026-10-09T15:05:55.2102241Z   ...
2026-10-09T15:05:55.2103053Z # Subtest: a verified row answers the unmodified request with the cached entry and logs the hit
2026-10-09T15:05:55.2104089Z ok 235 - a verified row answers the unmodified request with the cached entry and logs the hit
2026-10-09T15:05:55.2104808Z   ---
2026-10-09T15:05:55.2105119Z   duration_ms: 76.167011
2026-10-09T15:05:55.2105480Z   type: 'test'
2026-10-09T15:05:55.2105787Z   ...
2026-10-09T15:05:55.2106199Z # Subtest: a row for another pair leaves this request a miss
2026-10-09T15:05:55.2106844Z ok 236 - a row for another pair leaves this request a miss
2026-10-09T15:05:55.2107353Z   ---
2026-10-09T15:05:55.2107658Z   duration_ms: 41.620481
2026-10-09T15:05:55.2108016Z   type: 'test'
2026-10-09T15:05:55.2108327Z   ...
2026-10-09T15:05:55.2108795Z # Subtest: a row whose content_id drifted is dropped on load, as in Rust
2026-10-09T15:05:55.2109562Z ok 237 - a row whose content_id drifted is dropped on load, as in Rust
2026-10-09T15:05:55.2110133Z   ---
2026-10-09T15:05:55.2110440Z   duration_ms: 43.529589
2026-10-09T15:05:55.2110797Z   type: 'test'
2026-10-09T15:05:55.2111104Z   ...
2026-10-09T15:05:55.2111530Z # Subtest: a customised request is never answered from the cache
2026-10-09T15:05:55.2112208Z ok 238 - a customised request is never answered from the cache
2026-10-09T15:05:55.2113084Z   ---
2026-10-09T15:05:55.2113406Z   duration_ms: 70.167022
2026-10-09T15:05:55.2113769Z   type: 'test'
2026-10-09T15:05:55.2114078Z   ...
2026-10-09T15:05:55.2114665Z # Subtest: R1165-1: a rediscovered row is recorded in the runtime cache and reused as a hit
2026-10-09T15:05:55.2115636Z ok 239 - R1165-1: a rediscovered row is recorded in the runtime cache and reused as a hit
2026-10-09T15:05:55.2116317Z   ---
2026-10-09T15:05:55.2116617Z   duration_ms: 82.745973
2026-10-09T15:05:55.2117045Z   type: 'test'
2026-10-09T15:05:55.2117355Z   ...
2026-10-09T15:05:55.2117754Z # Subtest: the committed cache is never written by a solve
2026-10-09T15:05:55.2118370Z ok 240 - the committed cache is never written by a solve
2026-10-09T15:05:55.2118868Z   ---
2026-10-09T15:05:55.2119166Z   duration_ms: 59.558366
2026-10-09T15:05:55.2119526Z   type: 'test'
2026-10-09T15:05:55.2119831Z   ...
2026-10-09T15:05:55.2120240Z # Subtest: the cache key is the native FNV-1a 64 of the URL
2026-10-09T15:05:55.2120868Z ok 241 - the cache key is the native FNV-1a 64 of the URL
2026-10-09T15:05:55.2121365Z   ---
2026-10-09T15:05:55.2121673Z   duration_ms: 1731.454832
2026-10-09T15:05:55.2122051Z   type: 'test'
2026-10-09T15:05:55.2122360Z   ...
2026-10-09T15:05:55.2123341Z # Subtest: R1168-1/2/3: online, every pin is read from its publisher and captured in the native layout
2026-10-09T15:05:55.2124440Z ok 242 - R1168-1/2/3: online, every pin is read from its publisher and captured in the native layout
2026-10-09T15:05:55.2125347Z   ---
2026-10-09T15:05:55.2125665Z   duration_ms: 8.909601
2026-10-09T15:05:55.2126025Z   type: 'test'
2026-10-09T15:05:55.2126334Z   ...
2026-10-09T15:05:55.2126838Z # Subtest: R1168-4: the resolution is recorded with each capture's provenance
2026-10-09T15:05:55.2127661Z ok 243 - R1168-4: the resolution is recorded with each capture's provenance
2026-10-09T15:05:55.2128265Z   ---
2026-10-09T15:05:55.2128568Z   duration_ms: 4.711179
2026-10-09T15:05:55.2128925Z   type: 'test'
2026-10-09T15:05:55.2129239Z   ...
2026-10-09T15:05:55.2129901Z # Subtest: R1168-5: unreachable, the cached capture answers and says so; with no cache, the baseline does
2026-10-09T15:05:55.2131051Z ok 244 - R1168-5: unreachable, the cached capture answers and says so; with no cache, the baseline does
2026-10-09T15:05:55.2131819Z   ---
2026-10-09T15:05:55.2132121Z   duration_ms: 293.385202
2026-10-09T15:05:55.2132490Z   type: 'test'
2026-10-09T15:05:55.2132992Z   ...
2026-10-09T15:05:55.2133570Z # Subtest: forGeneration reads the host source cache named by FORMAL_AI_SOURCE_CACHE_DIR
2026-10-09T15:05:55.2134554Z ok 245 - forGeneration reads the host source cache named by FORMAL_AI_SOURCE_CACHE_DIR
2026-10-09T15:05:55.2135244Z   ---
2026-10-09T15:05:55.2135546Z   duration_ms: 3.178871
2026-10-09T15:05:55.2135901Z   type: 'test'
2026-10-09T15:05:55.2136208Z   ...
2026-10-09T15:05:55.2136659Z # Subtest: \#1172 R10: the alias "us" does not fire inside "australia"
2026-10-09T15:05:55.2137392Z ok 246 - \#1172 R10: the alias "us" does not fire inside "australia"
2026-10-09T15:05:55.2137942Z   ---
2026-10-09T15:05:55.2138246Z   duration_ms: 2991.532455
2026-10-09T15:05:55.2138614Z   type: 'test'
2026-10-09T15:05:55.2138916Z   ...
2026-10-09T15:05:55.2139347Z # Subtest: \#1172 R10: a seeded alias still answers as a whole word
2026-10-09T15:05:55.2139914Z ok 247 - \#1172 R10: a seeded alias still answers as a whole word
2026-10-09T15:05:55.2140229Z   ---
2026-10-09T15:05:55.2140411Z   duration_ms: 195.48577
2026-10-09T15:05:55.2140637Z   type: 'test'
2026-10-09T15:05:55.2140818Z   ...
2026-10-09T15:05:55.2141133Z # Subtest: \#1173 R5: a canned search description degrades to web_search_unavailable
2026-10-09T15:05:55.2141648Z ok 248 - \#1173 R5: a canned search description degrades to web_search_unavailable
2026-10-09T15:05:55.2142029Z   ---
2026-10-09T15:05:55.2142207Z   duration_ms: 0.64243
2026-10-09T15:05:55.2142414Z   type: 'test'
2026-10-09T15:05:55.2142593Z   ...
2026-10-09T15:05:55.2143221Z # Subtest: \#1173 R5: an offline research prompt never answers with the canned description
2026-10-09T15:05:55.2143815Z ok 249 - \#1173 R5: an offline research prompt never answers with the canned description
2026-10-09T15:05:55.2144246Z   ---
2026-10-09T15:05:55.2144428Z   duration_ms: 164.316251
2026-10-09T15:05:55.2144644Z   type: 'test'
2026-10-09T15:05:55.2144824Z   ...
2026-10-09T15:05:55.2145125Z # Subtest: R1173-3: a yearly compounding problem reaches the interest handler
2026-10-09T15:05:55.2145630Z ok 250 - R1173-3: a yearly compounding problem reaches the interest handler
2026-10-09T15:05:55.2145990Z   ---
2026-10-09T15:05:55.2146176Z   duration_ms: 1150.388312
2026-10-09T15:05:55.2146399Z   type: 'test'
2026-10-09T15:05:55.2146577Z   ...
2026-10-09T15:05:55.2146872Z # Subtest: R1173-3: a CSV table asked for as JSON reaches the format converter
2026-10-09T15:05:55.2147351Z ok 251 - R1173-3: a CSV table asked for as JSON reaches the format converter
2026-10-09T15:05:55.2147705Z   ---
2026-10-09T15:05:55.2147885Z   duration_ms: 130.027481
2026-10-09T15:05:55.2148103Z   type: 'test'
2026-10-09T15:05:55.2148284Z   ...
2026-10-09T15:05:55.2148545Z # Subtest: summarization keeps the statements the text depends on
2026-10-09T15:05:55.2148975Z ok 252 - summarization keeps the statements the text depends on
2026-10-09T15:05:55.2149294Z   ---
2026-10-09T15:05:55.2149469Z   duration_ms: 3495.885395
2026-10-09T15:05:55.2149686Z   type: 'test'
2026-10-09T15:05:55.2149870Z   ...
2026-10-09T15:05:55.2150116Z # Subtest: summarization traces every statement and duplicate
2026-10-09T15:05:55.2150632Z ok 253 - summarization traces every statement and duplicate
2026-10-09T15:05:55.2150941Z   ---
2026-10-09T15:05:55.2151117Z   duration_ms: 73.329085
2026-10-09T15:05:55.2151418Z   type: 'test'
2026-10-09T15:05:55.2151749Z   ...
2026-10-09T15:05:55.2152260Z # Subtest: the worker summarizer is the JavaScript root's own module
2026-10-09T15:05:55.2153622Z ok 254 - the worker summarizer is the JavaScript root's own module
2026-10-09T15:05:55.2154233Z   ---
2026-10-09T15:05:55.2154572Z   duration_ms: 1.235549
2026-10-09T15:05:55.2154950Z   type: 'test'
2026-10-09T15:05:55.2155271Z   ...
2026-10-09T15:05:55.2155679Z # Subtest: summarization declines a prompt without text
2026-10-09T15:05:55.2156322Z ok 255 - summarization declines a prompt without text
2026-10-09T15:05:55.2156851Z   ---
2026-10-09T15:05:55.2157162Z   duration_ms: 0.564294
2026-10-09T15:05:55.2157550Z   type: 'test'
2026-10-09T15:05:55.2157886Z   ...
2026-10-09T15:05:55.2158312Z # Subtest: summarization declines a single statement
2026-10-09T15:05:55.2158919Z ok 256 - summarization declines a single statement
2026-10-09T15:05:55.2159440Z   ---
2026-10-09T15:05:55.2159774Z   duration_ms: 3.818817
2026-10-09T15:05:55.2160157Z   type: 'test'
2026-10-09T15:05:55.2160486Z   ...
2026-10-09T15:05:55.2160939Z # Subtest: register rewrite substitutes every informal token
2026-10-09T15:05:55.2161638Z ok 257 - register rewrite substitutes every informal token
2026-10-09T15:05:55.2162184Z   ---
2026-10-09T15:05:55.2162523Z   duration_ms: 88.529099
2026-10-09T15:05:55.2163200Z   type: 'test'
2026-10-09T15:05:55.2163400Z   ...
2026-10-09T15:05:55.2163654Z # Subtest: register rewrite reports an already formal text
2026-10-09T15:05:55.2164039Z ok 258 - register rewrite reports an already formal text
2026-10-09T15:05:55.2164350Z   ---
2026-10-09T15:05:55.2164530Z   duration_ms: 72.346159
2026-10-09T15:05:55.2164747Z   type: 'test'
2026-10-09T15:05:55.2164933Z   ...
2026-10-09T15:05:55.2165212Z # Subtest: grammar correction re-agrees subjects and pluralizes
2026-10-09T15:05:55.2165642Z ok 259 - grammar correction re-agrees subjects and pluralizes
2026-10-09T15:05:55.2165961Z   ---
2026-10-09T15:05:55.2166144Z   duration_ms: 61.73668
2026-10-09T15:05:55.2166360Z   type: 'test'
2026-10-09T15:05:55.2166545Z   ...
2026-10-09T15:05:55.2166790Z # Subtest: grammar correction reports an already clean text
2026-10-09T15:05:55.2167183Z ok 260 - grammar correction reports an already clean text
2026-10-09T15:05:55.2167487Z   ---
2026-10-09T15:05:55.2167846Z   duration_ms: 55.327715
2026-10-09T15:05:55.2168067Z   type: 'test'
2026-10-09T15:05:55.2168246Z   ...
2026-10-09T15:05:55.2168482Z # Subtest: commit message composes the conventional line
2026-10-09T15:05:55.2168844Z ok 261 - commit message composes the conventional line
2026-10-09T15:05:55.2169134Z   ---
2026-10-09T15:05:55.2169311Z   duration_ms: 126.607296
2026-10-09T15:05:55.2169525Z   type: 'test'
2026-10-09T15:05:55.2169706Z   ...
2026-10-09T15:05:55.2169919Z # Subtest: commit message names its missing slots
2026-10-09T15:05:55.2170247Z ok 262 - commit message names its missing slots
2026-10-09T15:05:55.2170522Z   ---
2026-10-09T15:05:55.2170698Z   duration_ms: 126.259264
2026-10-09T15:05:55.2170910Z   type: 'test'
2026-10-09T15:05:55.2171089Z   ...
2026-10-09T15:05:55.2171298Z # Subtest: email composes every declared part
2026-10-09T15:05:55.2171603Z ok 263 - email composes every declared part
2026-10-09T15:05:55.2171868Z   ---
2026-10-09T15:05:55.2172045Z   duration_ms: 57.051563
2026-10-09T15:05:55.2172256Z   type: 'test'
2026-10-09T15:05:55.2172438Z   ...
2026-10-09T15:05:55.2172956Z # Subtest: the claim rows are read from the capability table
2026-10-09T15:05:55.2173638Z ok 264 - the claim rows are read from the capability table
2026-10-09T15:05:55.2174129Z   ---
2026-10-09T15:05:55.2174315Z   duration_ms: 1752.773671
2026-10-09T15:05:55.2174536Z   type: 'test'
2026-10-09T15:05:55.2174716Z   ...
2026-10-09T15:05:55.2175021Z # Subtest: every row names browser functions and evidence kinds the worker knows
2026-10-09T15:05:55.2175687Z ok 265 - every row names browser functions and evidence kinds the worker knows
2026-10-09T15:05:55.2176060Z   ---
2026-10-09T15:05:55.2176242Z   duration_ms: 0.934452
2026-10-09T15:05:55.2176455Z   type: 'test'
2026-10-09T15:05:55.2176641Z   ...
2026-10-09T15:05:55.2176915Z # Subtest: the native-only rows read the same structure in the worker
2026-10-09T15:05:55.2177361Z ok 266 - the native-only rows read the same structure in the worker
2026-10-09T15:05:55.2177696Z   ---
2026-10-09T15:05:55.2177875Z   duration_ms: 322.201505
2026-10-09T15:05:55.2178090Z   type: 'test'
2026-10-09T15:05:55.2178270Z   ...
2026-10-09T15:05:55.2178474Z # Subtest: a surface word alone is not admitted
2026-10-09T15:05:55.2178789Z ok 267 - a surface word alone is not admitted
2026-10-09T15:05:55.2179057Z   ---
2026-10-09T15:05:55.2179234Z   duration_ms: 54.029448
2026-10-09T15:05:55.2179450Z   type: 'test'
2026-10-09T15:05:55.2179628Z   ...
2026-10-09T15:05:55.2179827Z # Subtest: the structural evidence admits
2026-10-09T15:05:55.2180117Z ok 268 - the structural evidence admits
2026-10-09T15:05:55.2180370Z   ---
2026-10-09T15:05:55.2180546Z   duration_ms: 54.165093
2026-10-09T15:05:55.2180756Z   type: 'test'
2026-10-09T15:05:55.2180940Z   ...
2026-10-09T15:05:55.2181186Z # Subtest: a numeric handler answers only where its row admits
2026-10-09T15:05:55.2181573Z ok 269 - a numeric handler answers only where its row admits
2026-10-09T15:05:55.2181879Z   ---
2026-10-09T15:05:55.2182064Z   duration_ms: 47.597887
2026-10-09T15:05:55.2182278Z   type: 'test'
2026-10-09T15:05:55.2182457Z   ...
2026-10-09T15:05:55.2182891Z # Subtest: a handler with no claim row is admitted as before
2026-10-09T15:05:55.2183270Z ok 270 - a handler with no claim row is admitted as before
2026-10-09T15:05:55.2183569Z   ---
2026-10-09T15:05:55.2183742Z   duration_ms: 3.14161
2026-10-09T15:05:55.2183945Z   type: 'test'
2026-10-09T15:05:55.2184123Z   ...
2026-10-09T15:05:55.2184476Z # Subtest: R1175-3 refusal lane: a cued request without its operand keeps only its named refusal
2026-10-09T15:05:55.2185080Z ok 271 - R1175-3 refusal lane: a cued request without its operand keeps only its named refusal
2026-10-09T15:05:55.2185499Z   ---
2026-10-09T15:05:55.2185673Z   duration_ms: 766.863428
2026-10-09T15:05:55.2185886Z   type: 'test'
2026-10-09T15:05:55.2186065Z   ...
2026-10-09T15:05:55.2186366Z # Subtest: R1175-3: the refusal-group evidence reads the handlers' own operands
2026-10-09T15:05:55.2186986Z ok 272 - R1175-3: the refusal-group evidence reads the handlers' own operands
2026-10-09T15:05:55.2187355Z   ---
2026-10-09T15:05:55.2187535Z   duration_ms: 1.219177
2026-10-09T15:05:55.2187747Z   type: 'test'
2026-10-09T15:05:55.2187925Z   ...
2026-10-09T15:05:55.2188280Z # Subtest: R1175-3 class b: the dialogue evidence reads the earlier turns, never the prompt alone
2026-10-09T15:05:55.2188898Z ok 273 - R1175-3 class b: the dialogue evidence reads the earlier turns, never the prompt alone
2026-10-09T15:05:55.2189326Z   ---
2026-10-09T15:05:55.2189502Z   duration_ms: 3.235408
2026-10-09T15:05:55.2189711Z   type: 'test'
2026-10-09T15:05:55.2189895Z   ...
2026-10-09T15:05:55.2190262Z # Subtest: R1175-3 class c: a composer without its specification is admitted to its refusal lane only
2026-10-09T15:05:55.2190905Z ok 274 - R1175-3 class c: a composer without its specification is admitted to its refusal lane only
2026-10-09T15:05:55.2191341Z   ---
2026-10-09T15:05:55.2191520Z   duration_ms: 25.519947
2026-10-09T15:05:55.2191735Z   type: 'test'
2026-10-09T15:05:55.2191915Z   ...
2026-10-09T15:05:55.2192259Z # Subtest: R1175-3 class e: a lookup or policy admits on the subject or shape its reader extracts
2026-10-09T15:05:55.2192983Z ok 275 - R1175-3 class e: a lookup or policy admits on the subject or shape its reader extracts
2026-10-09T15:05:55.2193403Z   ---
2026-10-09T15:05:55.2193577Z   duration_ms: 5.692228
2026-10-09T15:05:55.2193786Z   type: 'test'
2026-10-09T15:05:55.2193963Z   ...
2026-10-09T15:05:55.2194523Z # Subtest: R1173-3: a trailing sentence that only shapes the answer leaves the question to the concept reader
2026-10-09T15:05:55.2195212Z ok 276 - R1173-3: a trailing sentence that only shapes the answer leaves the question to the concept reader
2026-10-09T15:05:55.2195672Z   ---
2026-10-09T15:05:55.2195850Z   duration_ms: 221.218846
2026-10-09T15:05:55.2196064Z   type: 'test'
2026-10-09T15:05:55.2196253Z   ...
2026-10-09T15:05:55.2196603Z # Subtest: R1173-3: the legality frame reads an act and the object class of its object phrase
2026-10-09T15:05:55.2197187Z ok 277 - R1173-3: the legality frame reads an act and the object class of its object phrase
2026-10-09T15:05:55.2197600Z   ---
2026-10-09T15:05:55.2197781Z   duration_ms: 80.687359
2026-10-09T15:05:55.2197994Z   type: 'test'
2026-10-09T15:05:55.2198175Z   ...
2026-10-09T15:05:55.2198436Z # Subtest: R1175-3: a class handler answers only where its row admits
2026-10-09T15:05:55.2198862Z ok 278 - R1175-3: a class handler answers only where its row admits
2026-10-09T15:05:55.2199188Z   ---
2026-10-09T15:05:55.2199366Z   duration_ms: 334.281988
2026-10-09T15:05:55.2199578Z   type: 'test'
2026-10-09T15:05:55.2199757Z   ...
2026-10-09T15:05:55.2200129Z # Subtest: R1175-3 follow-up round: a handler without its input is admitted to its refusal lane only
2026-10-09T15:05:55.2200760Z ok 279 - R1175-3 follow-up round: a handler without its input is admitted to its refusal lane only
2026-10-09T15:05:55.2201192Z   ---
2026-10-09T15:05:55.2201372Z   duration_ms: 76.305648
2026-10-09T15:05:55.2201586Z   type: 'test'
2026-10-09T15:05:55.2201764Z   ...
2026-10-09T15:05:55.2202090Z # Subtest: R1175-3 follow-up round: the assistant is the subject unless another is named
2026-10-09T15:05:55.2202990Z ok 280 - R1175-3 follow-up round: the assistant is the subject unless another is named
2026-10-09T15:05:55.2203571Z   ---
2026-10-09T15:05:55.2203759Z   duration_ms: 3.467886
2026-10-09T15:05:55.2203970Z   type: 'test'
2026-10-09T15:05:55.2204156Z   ...
2026-10-09T15:05:55.2204469Z # Subtest: R1173-3: a comma after the advice verb still reaches the advice handler
2026-10-09T15:05:55.2204971Z ok 281 - R1173-3: a comma after the advice verb still reaches the advice handler
2026-10-09T15:05:55.2205333Z   ---
2026-10-09T15:05:55.2205516Z   duration_ms: 79.320303
2026-10-09T15:05:55.2205729Z   type: 'test'
2026-10-09T15:05:55.2205909Z   ...
2026-10-09T15:05:55.2206207Z # Subtest: R1175-3 last five rows: every precedence handler carries a claim row
2026-10-09T15:05:55.2206839Z ok 282 - R1175-3 last five rows: every precedence handler carries a claim row
2026-10-09T15:05:55.2207205Z   ---
2026-10-09T15:05:55.2207387Z   duration_ms: 0.439649
2026-10-09T15:05:55.2207597Z   type: 'test'
2026-10-09T15:05:55.2207776Z   ...
2026-10-09T15:05:55.2208076Z # Subtest: R1175-3 last five rows: the documented method is read from the prompt
2026-10-09T15:05:55.2208572Z ok 283 - R1175-3 last five rows: the documented method is read from the prompt
2026-10-09T15:05:55.2208933Z   ---
2026-10-09T15:05:55.2209115Z   duration_ms: 210.325699
2026-10-09T15:05:55.2209330Z   type: 'test'
2026-10-09T15:05:55.2209508Z   ...
2026-10-09T15:05:55.2209797Z # Subtest: R1175-3 last five rows: the idiom claims only as the whole utterance
2026-10-09T15:05:55.2210274Z ok 284 - R1175-3 last five rows: the idiom claims only as the whole utterance
2026-10-09T15:05:55.2210631Z   ---
2026-10-09T15:05:55.2210806Z   duration_ms: 25.643821
2026-10-09T15:05:55.2211017Z   type: 'test'
2026-10-09T15:05:55.2211196Z   ...
2026-10-09T15:05:55.2211514Z # Subtest: R1175-3 last five rows: a source conflict names its attributed alternatives
2026-10-09T15:05:55.2212038Z ok 285 - R1175-3 last five rows: a source conflict names its attributed alternatives
2026-10-09T15:05:55.2212412Z   ---
2026-10-09T15:05:55.2212589Z   duration_ms: 21.62201
2026-10-09T15:05:55.2213481Z   type: 'test'
2026-10-09T15:05:55.2213798Z   ...
2026-10-09T15:05:55.2214371Z # Subtest: R1175-3 last five rows: a traffic answer names the repository the prompt names
2026-10-09T15:05:55.2215495Z ok 286 - R1175-3 last five rows: a traffic answer names the repository the prompt names
2026-10-09T15:05:55.2216160Z   ---
2026-10-09T15:05:55.2216465Z   duration_ms: 47.039885
2026-10-09T15:05:55.2216879Z   type: 'test'
2026-10-09T15:05:55.2217193Z   ...
2026-10-09T15:05:55.2217696Z # Subtest: R1175-3 last five rows: a formalization claims only with a statement
2026-10-09T15:05:55.2218524Z ok 287 - R1175-3 last five rows: a formalization claims only with a statement
2026-10-09T15:05:55.2219131Z   ---
2026-10-09T15:05:55.2219438Z   duration_ms: 49.133137
2026-10-09T15:05:55.2219797Z   type: 'test'
2026-10-09T15:05:55.2220108Z   ...
2026-10-09T15:05:55.2220503Z # Subtest: the four precedence rows bind worker functions
2026-10-09T15:05:55.2221115Z ok 288 - the four precedence rows bind worker functions
2026-10-09T15:05:55.2221608Z   ---
2026-10-09T15:05:55.2221909Z   duration_ms: 1870.405362
2026-10-09T15:05:55.2222270Z   type: 'test'
2026-10-09T15:05:55.2222576Z   ...
2026-10-09T15:05:55.2223186Z # Subtest: R1: brainstorming composes from the formalized topic
2026-10-09T15:05:55.2223869Z ok 289 - R1: brainstorming composes from the formalized topic
2026-10-09T15:05:55.2224396Z   ---
2026-10-09T15:05:55.2224698Z   duration_ms: 310.598166
2026-10-09T15:05:55.2225065Z   type: 'test'
2026-10-09T15:05:55.2225372Z   ...
2026-10-09T15:05:55.2225795Z # Subtest: R2: brainstorming states its metric and constraints
2026-10-09T15:05:55.2226465Z ok 290 - R2: brainstorming states its metric and constraints
2026-10-09T15:05:55.2226995Z   ---
2026-10-09T15:05:55.2227303Z   duration_ms: 3.562564
2026-10-09T15:05:55.2227649Z   type: 'test'
2026-10-09T15:05:55.2227954Z   ...
2026-10-09T15:05:55.2228321Z # Subtest: brainstorming honors the requested count
2026-10-09T15:05:55.2228886Z ok 291 - brainstorming honors the requested count
2026-10-09T15:05:55.2229358Z   ---
2026-10-09T15:05:55.2229664Z   duration_ms: 2.63146
2026-10-09T15:05:55.2230010Z   type: 'test'
2026-10-09T15:05:55.2230317Z   ...
2026-10-09T15:05:55.2230668Z # Subtest: brainstorming multilingual probes
2026-10-09T15:05:55.2231186Z ok 292 - brainstorming multilingual probes
2026-10-09T15:05:55.2231632Z   ---
2026-10-09T15:05:55.2231932Z   duration_ms: 21.163297
2026-10-09T15:05:55.2232289Z   type: 'test'
2026-10-09T15:05:55.2232591Z   ...
2026-10-09T15:05:55.2233230Z # Subtest: R3: a four-line poem about the sea passes its constraint check
2026-10-09T15:05:55.2233994Z ok 293 - R3: a four-line poem about the sea passes its constraint check
2026-10-09T15:05:55.2234577Z   ---
2026-10-09T15:05:55.2235046Z   duration_ms: 4.465506
2026-10-09T15:05:55.2235405Z   type: 'test'
2026-10-09T15:05:55.2235709Z   ...
2026-10-09T15:05:55.2236062Z # Subtest: R3: a violating poem is never returned
2026-10-09T15:05:55.2236600Z ok 294 - R3: a violating poem is never returned
2026-10-09T15:05:55.2237059Z   ---
2026-10-09T15:05:55.2237362Z   duration_ms: 3.190843
2026-10-09T15:05:55.2237711Z   type: 'test'
2026-10-09T15:05:55.2238016Z   ...
2026-10-09T15:05:55.2238478Z # Subtest: a haiku carries three lines and states its meter unverified
2026-10-09T15:05:55.2239224Z ok 295 - a haiku carries three lines and states its meter unverified
2026-10-09T15:05:55.2239783Z   ---
2026-10-09T15:05:55.2240081Z   duration_ms: 2.11131
2026-10-09T15:05:55.2240429Z   type: 'test'
2026-10-09T15:05:55.2240733Z   ...
2026-10-09T15:05:55.2241153Z # Subtest: R4: the non-English rhyme gap is stated, not guessed
2026-10-09T15:05:55.2241818Z ok 296 - R4: the non-English rhyme gap is stated, not guessed
2026-10-09T15:05:55.2242340Z   ---
2026-10-09T15:05:55.2242795Z   duration_ms: 14.191096
2026-10-09T15:05:55.2243163Z   type: 'test'
2026-10-09T15:05:55.2243470Z   ...
2026-10-09T15:05:55.2243847Z # Subtest: R5: the Rome itinerary is cited and feasible
2026-10-09T15:05:55.2244437Z ok 297 - R5: the Rome itinerary is cited and feasible
2026-10-09T15:05:55.2244920Z   ---
2026-10-09T15:05:55.2245217Z   duration_ms: 4.316565
2026-10-09T15:05:55.2245569Z   type: 'test'
2026-10-09T15:05:55.2246043Z   ...
2026-10-09T15:05:55.2246492Z # Subtest: R5: every scheduled window sits inside the day and in order
2026-10-09T15:05:55.2247222Z ok 298 - R5: every scheduled window sits inside the day and in order
2026-10-09T15:05:55.2247781Z   ---
2026-10-09T15:05:55.2248078Z   duration_ms: 2.289966
2026-10-09T15:05:55.2248431Z   type: 'test'
2026-10-09T15:05:55.2248738Z   ...
2026-10-09T15:05:55.2249165Z # Subtest: planning refuses an uncached destination honestly
2026-10-09T15:05:55.2249820Z ok 299 - planning refuses an uncached destination honestly
2026-10-09T15:05:55.2250342Z   ---
2026-10-09T15:05:55.2250638Z   duration_ms: 0.97608
2026-10-09T15:05:55.2250982Z   type: 'test'
2026-10-09T15:05:55.2251286Z   ...
2026-10-09T15:05:55.2251614Z # Subtest: planning multilingual probes
2026-10-09T15:05:55.2252091Z ok 300 - planning multilingual probes
2026-10-09T15:05:55.2252514Z   ---
2026-10-09T15:05:55.2252982Z   duration_ms: 8.719694
2026-10-09T15:05:55.2253338Z   type: 'test'
2026-10-09T15:05:55.2253657Z   ...
2026-10-09T15:05:55.2254028Z # Subtest: R6: advice is cited, graded and weighted
2026-10-09T15:05:55.2254580Z ok 301 - R6: advice is cited, graded and weighted
2026-10-09T15:05:55.2255047Z   ---
2026-10-09T15:05:55.2255344Z   duration_ms: 1.758094
2026-10-09T15:05:55.2255700Z   type: 'test'
2026-10-09T15:05:55.2256005Z   ...
2026-10-09T15:05:55.2256332Z # Subtest: advice multilingual probes
2026-10-09T15:05:55.2256789Z ok 302 - advice multilingual probes
2026-10-09T15:05:55.2257195Z   ---
2026-10-09T15:05:55.2257503Z   duration_ms: 2.484102
2026-10-09T15:05:55.2257856Z   type: 'test'
2026-10-09T15:05:55.2258166Z   ...
2026-10-09T15:05:55.2258553Z # Subtest: advice refuses an unformalized topic honestly
2026-10-09T15:05:55.2259165Z ok 303 - advice refuses an unformalized topic honestly
2026-10-09T15:05:55.2259659Z   ---
2026-10-09T15:05:55.2259955Z   duration_ms: 0.930664
2026-10-09T15:05:55.2260302Z   type: 'test'
2026-10-09T15:05:55.2260615Z   ...
2026-10-09T15:05:55.2260970Z # Subtest: R8: unrelated prompts are not claimed
2026-10-09T15:05:55.2261515Z ok 304 - R8: unrelated prompts are not claimed
2026-10-09T15:05:55.2261970Z   ---
2026-10-09T15:05:55.2262265Z   duration_ms: 3.308966
2026-10-09T15:05:55.2262620Z   type: 'test'
2026-10-09T15:05:55.2263091Z   ...
2026-10-09T15:05:55.2263600Z # Subtest: the full worker routes the four classes to their composition handlers
2026-10-09T15:05:55.2264460Z ok 305 - the full worker routes the four classes to their composition handlers
2026-10-09T15:05:55.2265088Z   ---
2026-10-09T15:05:55.2265573Z   duration_ms: 971.351761
2026-10-09T15:05:55.2265948Z   type: 'test'
2026-10-09T15:05:55.2266254Z   ...
2026-10-09T15:05:55.2266793Z # Subtest: issue bodies formalize into requirement statements and dated transitions
2026-10-09T15:05:55.2267710Z ok 306 - issue bodies formalize into requirement statements and dated transitions
2026-10-09T15:05:55.2268379Z   ---
2026-10-09T15:05:55.2268687Z   duration_ms: 1847.289658
2026-10-09T15:05:55.2269056Z   type: 'test'
2026-10-09T15:05:55.2269368Z   ...
2026-10-09T15:05:55.2269871Z # Subtest: comments, reviews and CI runs import as the Rust importer maps them
2026-10-09T15:05:55.2270712Z ok 307 - comments, reviews and CI runs import as the Rust importer maps them
2026-10-09T15:05:55.2271337Z   ---
2026-10-09T15:05:55.2271645Z   duration_ms: 1.340647
2026-10-09T15:05:55.2272002Z   type: 'test'
2026-10-09T15:05:55.2272306Z   ...
2026-10-09T15:05:55.2272824Z # Subtest: lineage subjects need a cue and a path
2026-10-09T15:05:55.2273376Z ok 308 - lineage subjects need a cue and a path
2026-10-09T15:05:55.2273852Z   ---
2026-10-09T15:05:55.2274157Z   duration_ms: 0.841175
2026-10-09T15:05:55.2274509Z   type: 'test'
2026-10-09T15:05:55.2274814Z   ...
2026-10-09T15:05:55.2275383Z # Subtest: the lineage answer names the commits, the issue and an unrecorded pull request
2026-10-09T15:05:55.2276342Z ok 309 - the lineage answer names the commits, the issue and an unrecorded pull request
2026-10-09T15:05:55.2277018Z   ---
2026-10-09T15:05:55.2277322Z   duration_ms: 323.025789
2026-10-09T15:05:55.2277860Z   type: 'test'
2026-10-09T15:05:55.2278166Z   ...
2026-10-09T15:05:55.2278559Z # Subtest: the seed names the status rule and the census
2026-10-09T15:05:55.2279151Z ok 310 - the seed names the status rule and the census
2026-10-09T15:05:55.2279638Z   ---
2026-10-09T15:05:55.2279941Z   duration_ms: 1761.30692
2026-10-09T15:05:55.2280303Z   type: 'test'
2026-10-09T15:05:55.2280612Z   ...
2026-10-09T15:05:55.2280947Z # Subtest: a cue alone never names a subject
2026-10-09T15:05:55.2281452Z ok 311 - a cue alone never names a subject
2026-10-09T15:05:55.2281890Z   ---
2026-10-09T15:05:55.2282189Z   duration_ms: 0.815587
2026-10-09T15:05:55.2282548Z   type: 'test'
2026-10-09T15:05:55.2283031Z   ...
2026-10-09T15:05:55.2283468Z # Subtest: the documentation comment above the item is quoted
2026-10-09T15:05:55.2284130Z ok 312 - the documentation comment above the item is quoted
2026-10-09T15:05:55.2284642Z   ---
2026-10-09T15:05:55.2284943Z   duration_ms: 0.429399
2026-10-09T15:05:55.2285304Z   type: 'test'
2026-10-09T15:05:55.2285623Z   ...
2026-10-09T15:05:55.2286201Z # Subtest: the census locates evaluate_calculation and the answer quotes its documentation
2026-10-09T15:05:55.2287188Z ok 313 - the census locates evaluate_calculation and the answer quotes its documentation
2026-10-09T15:05:55.2287882Z   ---
2026-10-09T15:05:55.2288182Z   duration_ms: 332.382746
2026-10-09T15:05:55.2288551Z   type: 'test'
2026-10-09T15:05:55.2288857Z   ...
2026-10-09T15:05:55.2289356Z # Subtest: the status answer reads the floor and the target from the ledger
2026-10-09T15:05:55.2290172Z ok 314 - the status answer reads the floor and the target from the ledger
2026-10-09T15:05:55.2290768Z   ---
2026-10-09T15:05:55.2291065Z   duration_ms: 3.309257
2026-10-09T15:05:55.2291422Z   type: 'test'
2026-10-09T15:05:55.2291728Z   ...
2026-10-09T15:05:55.2292221Z # Subtest: a served answer links, appends and persists its derivation record
2026-10-09T15:05:55.2293200Z ok 315 - a served answer links, appends and persists its derivation record
2026-10-09T15:05:55.2293815Z   ---
2026-10-09T15:05:55.2294129Z   duration_ms: 4119.016921
2026-10-09T15:05:55.2294494Z   type: 'test'
2026-10-09T15:05:55.2294797Z   ...
2026-10-09T15:05:55.2295292Z # Subtest: the explain request prints the persisted record in either format
2026-10-09T15:05:55.2296106Z ok 316 - the explain request prints the persisted record in either format
2026-10-09T15:05:55.2296701Z   ---
2026-10-09T15:05:55.2297003Z   duration_ms: 582.551695
2026-10-09T15:05:55.2297369Z   type: 'test'
2026-10-09T15:05:55.2297848Z   ...
2026-10-09T15:05:55.2298296Z # Subtest: an unknown or unusable id is the seed miss with exit 1
2026-10-09T15:05:55.2298978Z ok 317 - an unknown or unusable id is the seed miss with exit 1
2026-10-09T15:05:55.2299516Z   ---
2026-10-09T15:05:55.2299824Z   duration_ms: 343.114605
2026-10-09T15:05:55.2300188Z   type: 'test'
2026-10-09T15:05:55.2300500Z   ...
2026-10-09T15:05:55.2300922Z # Subtest: a refused write is reported, never silently dropped
2026-10-09T15:05:55.2301598Z ok 318 - a refused write is reported, never silently dropped
2026-10-09T15:05:55.2302117Z   ---
2026-10-09T15:05:55.2302416Z   duration_ms: 3.801082
2026-10-09T15:05:55.2302946Z   type: 'test'
2026-10-09T15:05:55.2303256Z   ...
2026-10-09T15:05:55.2303816Z # Subtest: every web UI answer links, records and hands its derivation to the memory store
2026-10-09T15:05:55.2304774Z ok 319 - every web UI answer links, records and hands its derivation to the memory store
2026-10-09T15:05:55.2305448Z   ---
2026-10-09T15:05:55.2305754Z   duration_ms: 4616.160771
2026-10-09T15:05:55.2306122Z   type: 'test'
2026-10-09T15:05:55.2306432Z   ...
2026-10-09T15:05:55.2306960Z # Subtest: the worker projects the same record as the crate module for the same log
2026-10-09T15:05:55.2307852Z ok 320 - the worker projects the same record as the crate module for the same log
2026-10-09T15:05:55.2308492Z   ---
2026-10-09T15:05:55.2308791Z   duration_ms: 3.793508
2026-10-09T15:05:55.2309314Z   type: 'test'
2026-10-09T15:05:55.2309673Z   ...
2026-10-09T15:05:55.2310166Z # Subtest: explain <answer id> prints the stored record as text and as links
2026-10-09T15:05:55.2310981Z ok 321 - explain <answer id> prints the stored record as text and as links
2026-10-09T15:05:55.2311580Z   ---
2026-10-09T15:05:55.2311884Z   duration_ms: 65.225002
2026-10-09T15:05:55.2312244Z   type: 'test'
2026-10-09T15:05:55.2312552Z   ...
2026-10-09T15:05:55.2313167Z # Subtest: explain of an unrecorded answer id is the seed miss text
2026-10-09T15:05:55.2313890Z ok 322 - explain of an unrecorded answer id is the seed miss text
2026-10-09T15:05:55.2314441Z   ---
2026-10-09T15:05:55.2314743Z   duration_ms: 289.062479
2026-10-09T15:05:55.2315111Z   type: 'test'
2026-10-09T15:05:55.2315416Z   ...
2026-10-09T15:05:55.2315910Z # Subtest: stopNote names the unresolved need and carries the attempt chain
2026-10-09T15:05:55.2316788Z ok 323 - stopNote names the unresolved need and carries the attempt chain
2026-10-09T15:05:55.2317403Z   ---
2026-10-09T15:05:55.2317701Z   duration_ms: 3388.948055
2026-10-09T15:05:55.2318069Z   type: 'test'
2026-10-09T15:05:55.2318378Z   ...
2026-10-09T15:05:55.2318858Z # Subtest: stopNote reports the spent ladder and is silent without a rung
2026-10-09T15:05:55.2319679Z ok 324 - stopNote reports the spent ladder and is silent without a rung
2026-10-09T15:05:55.2320311Z   ---
2026-10-09T15:05:55.2320609Z   duration_ms: 2.79144
2026-10-09T15:05:55.2320956Z   type: 'test'
2026-10-09T15:05:55.2321261Z   ...
2026-10-09T15:05:55.2321820Z # Subtest: a Russian interval riddle returns formal reasoning, not the unknown fallback
2026-10-09T15:05:55.2322935Z ok 325 - a Russian interval riddle returns formal reasoning, not the unknown fallback
2026-10-09T15:05:55.2323607Z   ---
2026-10-09T15:05:55.2323909Z   duration_ms: 1255.871607
2026-10-09T15:05:55.2324274Z   type: 'test'
2026-10-09T15:05:55.2324580Z   ...
2026-10-09T15:05:55.2325048Z # Subtest: the solved statement is the seed's canonical proof statement
2026-10-09T15:05:55.2325822Z ok 326 - the solved statement is the seed's canonical proof statement
2026-10-09T15:05:55.2326395Z   ---
2026-10-09T15:05:55.2326701Z   duration_ms: 129.825897
2026-10-09T15:05:55.2327066Z   type: 'test'
2026-10-09T15:05:55.2327370Z   ...
2026-10-09T15:05:55.2334078Z # Subtest: an exclusive bound at i64::MAX has no solution and says so
2026-10-09T15:05:55.2334860Z ok 327 - an exclusive bound at i64::MAX has no solution and says so
2026-10-09T15:05:55.2335418Z   ---
2026-10-09T15:05:55.2335740Z   duration_ms: 136.071038
2026-10-09T15:05:55.2336309Z   type: 'test'
2026-10-09T15:05:55.2336638Z   ...
2026-10-09T15:05:55.2337098Z # Subtest: normalizeForMatch is case- and diacritic-insensitive
2026-10-09T15:05:55.2337804Z ok 328 - normalizeForMatch is case- and diacritic-insensitive
2026-10-09T15:05:55.2338338Z   ---
2026-10-09T15:05:55.2338639Z   duration_ms: 2.00074
2026-10-09T15:05:55.2338990Z   type: 'test'
2026-10-09T15:05:55.2339299Z   ...
2026-10-09T15:05:55.2339747Z # Subtest: ranking prefers prefix, then word start, then substring
2026-10-09T15:05:55.2340469Z ok 329 - ranking prefers prefix, then word start, then substring
2026-10-09T15:05:55.2341014Z   ---
2026-10-09T15:05:55.2341311Z   duration_ms: 3.090383
2026-10-09T15:05:55.2341665Z   type: 'test'
2026-10-09T15:05:55.2341978Z   ...
2026-10-09T15:05:55.2342426Z # Subtest: ranking works across the UI languages the catalog ships
2026-10-09T15:05:55.2343385Z ok 330 - ranking works across the UI languages the catalog ships
2026-10-09T15:05:55.2343926Z   ---
2026-10-09T15:05:55.2344243Z   duration_ms: 0.892683
2026-10-09T15:05:55.2344596Z   type: 'test'
2026-10-09T15:05:55.2344901Z   ...
2026-10-09T15:05:55.2345407Z # Subtest: the controller opens on a partial word and completes via keyboard
2026-10-09T15:05:55.2346264Z ok 331 - the controller opens on a partial word and completes via keyboard
2026-10-09T15:05:55.2346872Z   ---
2026-10-09T15:05:55.2357074Z   duration_ms: 5.059584
2026-10-09T15:05:55.2357460Z   type: 'test'
2026-10-09T15:05:55.2357993Z   ...
2026-10-09T15:05:55.2358447Z # Subtest: Enter on an untouched list sends instead of completing
2026-10-09T15:05:55.2359175Z ok 332 - Enter on an untouched list sends instead of completing
2026-10-09T15:05:55.2359729Z   ---
2026-10-09T15:05:55.2360039Z   duration_ms: 0.629757
2026-10-09T15:05:55.2360399Z   type: 'test'
2026-10-09T15:05:55.2360730Z   ...
2026-10-09T15:05:55.2361296Z # Subtest: Tab completes, Escape closes and releases the keys, short input stays closed
2026-10-09T15:05:55.2362262Z ok 333 - Tab completes, Escape closes and releases the keys, short input stays closed
2026-10-09T15:05:55.2363133Z   ---
2026-10-09T15:05:55.2363438Z   duration_ms: 0.37679
2026-10-09T15:05:55.2363791Z   type: 'test'
2026-10-09T15:05:55.2364102Z   ...
2026-10-09T15:05:55.2364615Z # Subtest: only the word being typed is matched, so prose does not pop the list
2026-10-09T15:05:55.2365450Z ok 334 - only the word being typed is matched, so prose does not pop the list
2026-10-09T15:05:55.2366062Z   ---
2026-10-09T15:05:55.2366381Z   duration_ms: 0.466719
2026-10-09T15:05:55.2366730Z   type: 'test'
2026-10-09T15:05:55.2367032Z   ...
2026-10-09T15:05:55.2367541Z # Subtest: input history is deduped, newest-first, capped, and failure-tolerant
2026-10-09T15:05:55.2368384Z ok 335 - input history is deduped, newest-first, capped, and failure-tolerant
2026-10-09T15:05:55.2368997Z   ---
2026-10-09T15:05:55.2369298Z   duration_ms: 0.965088
2026-10-09T15:05:55.2369648Z   type: 'test'
2026-10-09T15:05:55.2369953Z   ...
2026-10-09T15:05:55.2370341Z # Subtest: suggestion adapters keep their source labels
2026-10-09T15:05:55.2370940Z ok 336 - suggestion adapters keep their source labels
2026-10-09T15:05:55.2371434Z   ---
2026-10-09T15:05:55.2371736Z   duration_ms: 1.649137
2026-10-09T15:05:55.2372080Z   type: 'test'
2026-10-09T15:05:55.2372388Z   ...
2026-10-09T15:05:55.2372959Z # Subtest: every command suggestion is unique and non-empty
2026-10-09T15:05:55.2373603Z ok 337 - every command suggestion is unique and non-empty
2026-10-09T15:05:55.2374124Z   ---
2026-10-09T15:05:55.2374427Z   duration_ms: 0.732741
2026-10-09T15:05:55.2374774Z   type: 'test'
2026-10-09T15:05:55.2375082Z   ...
2026-10-09T15:05:55.2375567Z # Subtest: the catalog carries the autocomplete strings in every locale
2026-10-09T15:05:55.2376341Z ok 338 - the catalog carries the autocomplete strings in every locale
2026-10-09T15:05:55.2376920Z   ---
2026-10-09T15:05:55.2377213Z   duration_ms: 1.347208
2026-10-09T15:05:55.2377564Z   type: 'test'
2026-10-09T15:05:55.2377871Z   ...
2026-10-09T15:05:55.2378521Z # Subtest: completing mid-sentence replaces only the word being typed
2026-10-09T15:05:55.2379290Z ok 339 - completing mid-sentence replaces only the word being typed
2026-10-09T15:05:55.2379860Z   ---
2026-10-09T15:05:55.2380159Z   duration_ms: 0.281761
2026-10-09T15:05:55.2380504Z   type: 'test'
2026-10-09T15:05:55.2380811Z   ...
2026-10-09T15:05:55.2381648Z # Subtest: the browser worker reads the how-to services out of the seed registry
2026-10-09T15:05:55.2382514Z ok 340 - the browser worker reads the how-to services out of the seed registry
2026-10-09T15:05:55.2383314Z   ---
2026-10-09T15:05:55.2383513Z   duration_ms: 1847.970259
2026-10-09T15:05:55.2383743Z   type: 'test'
2026-10-09T15:05:55.2383938Z   ...
2026-10-09T15:05:55.2384209Z # Subtest: settings opt-outs stay authoritative in the browser
2026-10-09T15:05:55.2384628Z ok 341 - settings opt-outs stay authoritative in the browser
2026-10-09T15:05:55.2384960Z   ---
2026-10-09T15:05:55.2385148Z   duration_ms: 1793.324609
2026-10-09T15:05:55.2385367Z   type: 'test'
2026-10-09T15:05:55.2385559Z   ...
2026-10-09T15:05:55.2385858Z # Subtest: the committed captures synthesise a provenance-carrying guide
2026-10-09T15:05:55.2386341Z ok 342 - the committed captures synthesise a provenance-carrying guide
2026-10-09T15:05:55.2386705Z   ---
2026-10-09T15:05:55.2386891Z   duration_ms: 1800.333229
2026-10-09T15:05:55.2387111Z   type: 'test'
2026-10-09T15:05:55.2387299Z   ...
2026-10-09T15:05:55.2387563Z # Subtest: insufficient evidence is reported instead of invented
2026-10-09T15:05:55.2388115Z ok 343 - insufficient evidence is reported instead of invented
2026-10-09T15:05:55.2388435Z   ---
2026-10-09T15:05:55.2388622Z   duration_ms: 1833.29851
2026-10-09T15:05:55.2388837Z   type: 'test'
2026-10-09T15:05:55.2389025Z   ...
2026-10-09T15:05:55.2389324Z # Subtest: per-service accessibility is remembered for at least seven days
2026-10-09T15:05:55.2389922Z ok 344 - per-service accessibility is remembered for at least seven days
2026-10-09T15:05:55.2390558Z   ---
2026-10-09T15:05:55.2390878Z   duration_ms: 1674.777067
2026-10-09T15:05:55.2391253Z   type: 'test'
2026-10-09T15:05:55.2391561Z   ...
2026-10-09T15:05:55.2392089Z # Subtest: copies and contradictions follow the issue \#709 source-tier policy
2026-10-09T15:05:55.2393159Z ok 345 - copies and contradictions follow the issue \#709 source-tier policy
2026-10-09T15:05:55.2393797Z   ---
2026-10-09T15:05:55.2394099Z   duration_ms: 1670.140841
2026-10-09T15:05:55.2394338Z   type: 'test'
2026-10-09T15:05:55.2394523Z   ...
2026-10-09T15:05:55.2394815Z # Subtest: the browser worker and the Rust solver synthesise the same guide
2026-10-09T15:05:55.2395299Z ok 346 - the browser worker and the Rust solver synthesise the same guide
2026-10-09T15:05:55.2395653Z   ---
2026-10-09T15:05:55.2395834Z   duration_ms: 1879.796458
2026-10-09T15:05:55.2396067Z   type: 'test'
2026-10-09T15:05:55.2396255Z   ...
2026-10-09T15:05:55.2396588Z # Subtest: the procedural how-to answer is the synthesised guide when it is sufficient
2026-10-09T15:05:55.2397151Z ok 347 - the procedural how-to answer is the synthesised guide when it is sufficient
2026-10-09T15:05:55.2397548Z   ---
2026-10-09T15:05:55.2397730Z   duration_ms: 2449.105657
2026-10-09T15:05:55.2397951Z   type: 'test'
2026-10-09T15:05:55.2398143Z   ...
2026-10-09T15:05:55.2398450Z # Subtest: a quoted first-line fixture remains the exact authored file content
2026-10-09T15:05:55.2398944Z ok 348 - a quoted first-line fixture remains the exact authored file content
2026-10-09T15:05:55.2399318Z   ---
2026-10-09T15:05:55.2399499Z   duration_ms: 2513.985229
2026-10-09T15:05:55.2399717Z   type: 'test'
2026-10-09T15:05:55.2399903Z   ...
2026-10-09T15:05:55.2400195Z # Subtest: an actual first-line constraint outside the literal still applies
2026-10-09T15:05:55.2400673Z ok 349 - an actual first-line constraint outside the literal still applies
2026-10-09T15:05:55.2401029Z   ---
2026-10-09T15:05:55.2401212Z   duration_ms: 12.785011
2026-10-09T15:05:55.2401426Z   type: 'test'
2026-10-09T15:05:55.2401750Z   ...
2026-10-09T15:05:55.2402047Z # Subtest: immutable legacy session bytes retain their recorded provenance
2026-10-09T15:05:55.2402526Z ok 350 - immutable legacy session bytes retain their recorded provenance
2026-10-09T15:05:55.2403139Z   ---
2026-10-09T15:05:55.2403337Z   duration_ms: 2.086011
2026-10-09T15:05:55.2403552Z   type: 'test'
2026-10-09T15:05:55.2403735Z   ...
2026-10-09T15:05:55.2404055Z # Subtest: versioned sessions preserve complete actual native comparison operands
2026-10-09T15:05:55.2404596Z ok 351 - versioned sessions preserve complete actual native comparison operands
2026-10-09T15:05:55.2404978Z   ---
2026-10-09T15:05:55.2405158Z   duration_ms: 2.0219
2026-10-09T15:05:55.2405363Z   type: 'test'
2026-10-09T15:05:55.2405544Z   ...
2026-10-09T15:05:55.2405901Z # Subtest: missing template capture remains explicit rather than synthesizing an observation
2026-10-09T15:05:55.2406513Z ok 352 - missing template capture remains explicit rather than synthesizing an observation
2026-10-09T15:05:55.2406938Z   ---
2026-10-09T15:05:55.2407117Z   duration_ms: 0.368263
2026-10-09T15:05:55.2407329Z   type: 'test'
2026-10-09T15:05:55.2407510Z   ...
2026-10-09T15:05:55.2407796Z # Subtest: capture validation refuses a foreign task or turn-cap outcome
2026-10-09T15:05:55.2408256Z ok 353 - capture validation refuses a foreign task or turn-cap outcome
2026-10-09T15:05:55.2408602Z   ---
2026-10-09T15:05:55.2408779Z   duration_ms: 3.107736
2026-10-09T15:05:55.2409161Z   type: 'test'
2026-10-09T15:05:55.2409344Z   ...
2026-10-09T15:05:55.2409702Z # Subtest: one source job seals source and compiler before all eight distinct native producers
2026-10-09T15:05:55.2410301Z ok 354 - one source job seals source and compiler before all eight distinct native producers
2026-10-09T15:05:55.2410718Z   ---
2026-10-09T15:05:55.2410896Z   duration_ms: 3.026563
2026-10-09T15:05:55.2411108Z   type: 'test'
2026-10-09T15:05:55.2411291Z   ...
2026-10-09T15:05:55.2411640Z # Subtest: the six desktop and five CLI consumers only package exact verified target artifacts
2026-10-09T15:05:55.2412224Z ok 355 - the six desktop and five CLI consumers only package exact verified target artifacts
2026-10-09T15:05:55.2412631Z   ---
2026-10-09T15:05:55.2412937Z   duration_ms: 3.453066
2026-10-09T15:05:55.2413318Z   type: 'test'
2026-10-09T15:05:55.2413630Z   ...
2026-10-09T15:05:55.2414267Z # Subtest: publication guards and full consolidated asset verification remain on release consumers
2026-10-09T15:05:55.2415369Z ok 356 - publication guards and full consolidated asset verification remain on release consumers
2026-10-09T15:05:55.2416113Z   ---
2026-10-09T15:05:55.2416471Z   duration_ms: 0.960831
2026-10-09T15:05:55.2416825Z   type: 'test'
2026-10-09T15:05:55.2417133Z   ...
2026-10-09T15:05:55.2417617Z # Subtest: VS Code and final provenance use the same exact source selection
2026-10-09T15:05:55.2418407Z ok 357 - VS Code and final provenance use the same exact source selection
2026-10-09T15:05:55.2419004Z   ---
2026-10-09T15:05:55.2419308Z   duration_ms: 2.909061
2026-10-09T15:05:55.2419658Z   type: 'test'
2026-10-09T15:05:55.2419961Z   ...
2026-10-09T15:05:55.2420605Z # Subtest: each packaging job captures the pinned workflow protocol before checking out binary source
2026-10-09T15:05:55.2421717Z ok 358 - each packaging job captures the pinned workflow protocol before checking out binary source
2026-10-09T15:05:55.2422472Z   ---
2026-10-09T15:05:55.2422939Z   duration_ms: 0.786743
2026-10-09T15:05:55.2423296Z   type: 'test'
2026-10-09T15:05:55.2423607Z   ...
2026-10-09T15:05:55.2424179Z # Subtest: original literal matrices preserve target bytes after observed auxiliary I/O
2026-10-09T15:05:55.2425172Z not ok 359 - original literal matrices preserve target bytes after observed auxiliary I/O
2026-10-09T15:05:55.2425868Z   ---
2026-10-09T15:05:55.2426171Z   duration_ms: 3633.601102
2026-10-09T15:05:55.2426545Z   type: 'test'
2026-10-09T15:05:55.2427459Z   location: '/home/runner/work/formal-ai/formal-ai/rust/tests/web/observed-auxiliary-contracts.test.mjs:78:1'
2026-10-09T15:05:55.2428361Z   failureType: 'testCodeFailure'
2026-10-09T15:05:55.2428769Z   error: |-
2026-10-09T15:05:55.2429130Z     Expected values to be strictly deep-equal:
2026-10-09T15:05:55.2429608Z     + actual - expected
2026-10-09T15:05:55.2429951Z     
2026-10-09T15:05:55.2430241Z       [
2026-10-09T15:05:55.2430535Z         'read_file',
2026-10-09T15:05:55.2430876Z     -   'write_file',
2026-10-09T15:05:55.2431221Z     -   'read_file'
2026-10-09T15:05:55.2431549Z       ]
2026-10-09T15:05:55.2431830Z     
2026-10-09T15:05:55.2432127Z   code: 'ERR_ASSERTION'
2026-10-09T15:05:55.2432497Z   name: 'AssertionError'
2026-10-09T15:05:55.2433027Z   expected:
2026-10-09T15:05:55.2433333Z     0: 'read_file'
2026-10-09T15:05:55.2433658Z     1: 'write_file'
2026-10-09T15:05:55.2433987Z     2: 'read_file'
2026-10-09T15:05:55.2434316Z   actual:
2026-10-09T15:05:55.2434611Z     0: 'read_file'
2026-10-09T15:05:55.2434964Z   operator: 'deepStrictEqual'
2026-10-09T15:05:55.2435359Z   stack: |-
2026-10-09T15:05:55.2436248Z     TestContext.<anonymous> (file:///home/runner/work/formal-ai/formal-ai/rust/tests/web/observed-auxiliary-contracts.test.mjs:82:12)
2026-10-09T15:05:55.2437344Z     async Test.run (node:internal/test_runner/test:1054:7)
2026-10-09T15:05:55.2438168Z     async startSubtestAfterBootstrap (node:internal/test_runner/harness:296:3)
2026-10-09T15:05:55.2438829Z   ...
2026-10-09T15:05:55.2439232Z # Subtest: original verification outcome: explicit error
2026-10-09T15:05:55.2440020Z ok 360 - original verification outcome: explicit error
2026-10-09T15:05:55.2440524Z   ---
2026-10-09T15:05:55.2440834Z   duration_ms: 165.365459
2026-10-09T15:05:55.2441197Z   type: 'test'
2026-10-09T15:05:55.2441517Z   ...
2026-10-09T15:05:55.2441919Z # Subtest: original verification outcome: nonzero status
2026-10-09T15:05:55.2442527Z ok 361 - original verification outcome: nonzero status
2026-10-09T15:05:55.2443191Z   ---
2026-10-09T15:05:55.2443496Z   duration_ms: 102.51221
2026-10-09T15:05:55.2443855Z   type: 'test'
2026-10-09T15:05:55.2444170Z   ...
2026-10-09T15:05:55.2444547Z # Subtest: original verification outcome: wrong bytes
2026-10-09T15:05:55.2445131Z ok 362 - original verification outcome: wrong bytes
2026-10-09T15:05:55.2445616Z   ---
2026-10-09T15:05:55.2445917Z   duration_ms: 115.392361
2026-10-09T15:05:55.2446280Z   type: 'test'
2026-10-09T15:05:55.2446587Z   ...
2026-10-09T15:05:55.2446977Z # Subtest: original verification outcome: matching bytes
2026-10-09T15:05:55.2447606Z not ok 363 - original verification outcome: matching bytes
2026-10-09T15:05:55.2448120Z   ---
2026-10-09T15:05:55.2448421Z   duration_ms: 84.375187
2026-10-09T15:05:55.2448784Z   type: 'test'
2026-10-09T15:05:55.2449529Z   location: '/home/runner/work/formal-ai/formal-ai/rust/tests/web/observed-auxiliary-contracts.test.mjs:92:4'
2026-10-09T15:05:55.2450435Z   failureType: 'testCodeFailure'
2026-10-09T15:05:55.2450842Z   error: |-
2026-10-09T15:05:55.2451190Z     Expected values to be strictly equal:
2026-10-09T15:05:55.2451637Z     
2026-10-09T15:05:55.2451821Z     false !== true
2026-10-09T15:05:55.2452013Z     
2026-10-09T15:05:55.2452190Z   code: 'ERR_ASSERTION'
2026-10-09T15:05:55.2452411Z   name: 'AssertionError'
2026-10-09T15:05:55.2452936Z   expected: true
2026-10-09T15:05:55.2453194Z   actual: false
2026-10-09T15:05:55.2453402Z   operator: 'strictEqual'
2026-10-09T15:05:55.2453625Z   stack: |-
2026-10-09T15:05:55.2454165Z     TestContext.<anonymous> (file:///home/runner/work/formal-ai/formal-ai/rust/tests/web/observed-auxiliary-contracts.test.mjs:95:10)
2026-10-09T15:05:55.2454818Z     async Test.run (node:internal/test_runner/test:1054:7)
2026-10-09T15:05:55.2455259Z     async Test.processPendingSubtests (node:internal/test_runner/test:744:7)
2026-10-09T15:05:55.2455640Z   ...
2026-10-09T15:05:55.2455971Z # Subtest: target write is retried once after an actual missing-target read, then stops
2026-10-09T15:05:55.2456535Z ok 364 - target write is retried once after an actual missing-target read, then stops
2026-10-09T15:05:55.2457088Z   ---
2026-10-09T15:05:55.2457284Z   duration_ms: 168.978026
2026-10-09T15:05:55.2457503Z   type: 'test'
2026-10-09T15:05:55.2457693Z   ...
2026-10-09T15:05:55.2458004Z # Subtest: write-only target succeeds with an explicit missing auxiliary receipt
2026-10-09T15:05:55.2458520Z ok 365 - write-only target succeeds with an explicit missing auxiliary receipt
2026-10-09T15:05:55.2458893Z   ---
2026-10-09T15:05:55.2459071Z   duration_ms: 53.672937
2026-10-09T15:05:55.2459287Z   type: 'test'
2026-10-09T15:05:55.2459467Z   ...
2026-10-09T15:05:55.2459781Z # Subtest: write-only actual target error is terminal and never becomes completion
2026-10-09T15:05:55.2460305Z ok 366 - write-only actual target error is terminal and never becomes completion
2026-10-09T15:05:55.2460678Z   ---
2026-10-09T15:05:55.2460858Z   duration_ms: 49.762371
2026-10-09T15:05:55.2461078Z   type: 'test'
2026-10-09T15:05:55.2461257Z   ...
2026-10-09T15:05:55.2461618Z # Subtest: shell-only event persistence uses actual command stdout before target verification
2026-10-09T15:05:55.2462231Z ok 367 - shell-only event persistence uses actual command stdout before target verification
2026-10-09T15:05:55.2462799Z   ---
2026-10-09T15:05:55.2462981Z   duration_ms: 265.545669
2026-10-09T15:05:55.2463193Z   type: 'test'
2026-10-09T15:05:55.2463373Z   ...
2026-10-09T15:05:55.2463688Z # Subtest: digest normalization preserves Unicode and line-ending byte identities
2026-10-09T15:05:55.2464230Z ok 368 - digest normalization preserves Unicode and line-ending byte identities
2026-10-09T15:05:55.2464752Z   ---
2026-10-09T15:05:55.2464936Z   duration_ms: 2644.716619
2026-10-09T15:05:55.2465157Z   type: 'test'
2026-10-09T15:05:55.2465337Z   ...
2026-10-09T15:05:55.2465661Z # Subtest: failed receipts cannot verify even when stdout contains the exact digest
2026-10-09T15:05:55.2466195Z ok 369 - failed receipts cannot verify even when stdout contains the exact digest
2026-10-09T15:05:55.2466578Z   ---
2026-10-09T15:05:55.2466754Z   duration_ms: 7.83651
2026-10-09T15:05:55.2466964Z   type: 'test'
2026-10-09T15:05:55.2467147Z   ...
2026-10-09T15:05:55.2467503Z # Subtest: grounded workspace edit verifies receipt payload, preserving actual failed status
2026-10-09T15:05:55.2468115Z ok 370 - grounded workspace edit verifies receipt payload, preserving actual failed status
2026-10-09T15:05:55.2468529Z   ---
2026-10-09T15:05:55.2468708Z   duration_ms: 752.539568
2026-10-09T15:05:55.2468927Z   type: 'test'
2026-10-09T15:05:55.2469115Z   ...
2026-10-09T15:05:55.2469434Z # Subtest: checkout uses the trusted triggering ref before verification or execution
2026-10-09T15:05:55.2469969Z ok 371 - checkout uses the trusted triggering ref before verification or execution
2026-10-09T15:05:55.2470351Z   ---
2026-10-09T15:05:55.2470536Z   duration_ms: 1.556682
2026-10-09T15:05:55.2470747Z   type: 'test'
2026-10-09T15:05:55.2470931Z   ...
2026-10-09T15:05:55.2471262Z # Subtest: ref validation rejects missing values and shell payloads; accepts a full SHA
2026-10-09T15:05:55.2471821Z ok 372 - ref validation rejects missing values and shell payloads; accepts a full SHA
2026-10-09T15:05:55.2472213Z   ---
2026-10-09T15:05:55.2472392Z   duration_ms: 21.849946
2026-10-09T15:05:55.2472608Z   type: 'test'
2026-10-09T15:05:55.2472948Z   ...
2026-10-09T15:05:55.2473315Z # Subtest: a changed branch or arbitrary input fails before build; matching release commit passes
2026-10-09T15:05:55.2473950Z ok 373 - a changed branch or arbitrary input fails before build; matching release commit passes
2026-10-09T15:05:55.2474381Z   ---
2026-10-09T15:05:55.2474560Z   duration_ms: 13.602942
2026-10-09T15:05:55.2474771Z   type: 'test'
2026-10-09T15:05:55.2474968Z   ...
2026-10-09T15:05:55.2475256Z # Subtest: records inherit the file's values unless they state their own
2026-10-09T15:05:55.2475717Z ok 374 - records inherit the file's values unless they state their own
2026-10-09T15:05:55.2476060Z   ---
2026-10-09T15:05:55.2476236Z   duration_ms: 4.098329
2026-10-09T15:05:55.2476448Z   type: 'test'
2026-10-09T15:05:55.2476749Z   ...
2026-10-09T15:05:55.2477063Z # Subtest: a level is the verdict, and a test lifts an undelivered row to measured
2026-10-09T15:05:55.2477563Z ok 375 - a level is the verdict, and a test lifts an undelivered row to measured
2026-10-09T15:05:55.2477925Z   ---
2026-10-09T15:05:55.2478103Z   duration_ms: 0.455939
2026-10-09T15:05:55.2478311Z   type: 'test'
2026-10-09T15:05:55.2478500Z   ...
2026-10-09T15:05:55.2478727Z # Subtest: the pinning root is read from the test file
2026-10-09T15:05:55.2479075Z ok 376 - the pinning root is read from the test file
2026-10-09T15:05:55.2479357Z   ---
2026-10-09T15:05:55.2479535Z   duration_ms: 0.339179
2026-10-09T15:05:55.2479743Z   type: 'test'
2026-10-09T15:05:55.2479924Z   ...
2026-10-09T15:05:55.2480204Z # Subtest: the next pass is the lowest non-empty level, listed by shard
2026-10-09T15:05:55.2480648Z ok 377 - the next pass is the lowest non-empty level, listed by shard
2026-10-09T15:05:55.2480983Z   ---
2026-10-09T15:05:55.2481158Z   duration_ms: 0.954178
2026-10-09T15:05:55.2481369Z   type: 'test'
2026-10-09T15:05:55.2481552Z   ...
2026-10-09T15:05:55.2481828Z # Subtest: the ratchet measures each open level and the Rust-only count
2026-10-09T15:05:55.2482270Z ok 378 - the ratchet measures each open level and the Rust-only count
2026-10-09T15:05:55.2482604Z   ---
2026-10-09T15:05:55.2482904Z   duration_ms: 0.895497
2026-10-09T15:05:55.2483110Z   type: 'test'
2026-10-09T15:05:55.2483294Z   ...
2026-10-09T15:05:55.2483689Z # Subtest: a lower level that grows while a higher one is refined fails
2026-10-09T15:05:55.2484121Z ok 379 - a lower level that grows while a higher one is refined fails
2026-10-09T15:05:55.2484452Z   ---
2026-10-09T15:05:55.2484629Z   duration_ms: 0.412386
2026-10-09T15:05:55.2484836Z   type: 'test'
2026-10-09T15:05:55.2485014Z   ...
2026-10-09T15:05:55.2485366Z # Subtest: a newly recorded requirement may enter a low level, and a fallen ceiling is lowered
2026-10-09T15:05:55.2485964Z ok 380 - a newly recorded requirement may enter a low level, and a fallen ceiling is lowered
2026-10-09T15:05:55.2486376Z   ---
2026-10-09T15:05:55.2486559Z   duration_ms: 0.32925
2026-10-09T15:05:55.2486761Z   type: 'test'
2026-10-09T15:05:55.2486935Z   ...
2026-10-09T15:05:55.2487198Z # Subtest: a row that rises out of a lower level may join a higher one
2026-10-09T15:05:55.2487642Z ok 381 - a row that rises out of a lower level may join a higher one
2026-10-09T15:05:55.2487976Z   ---
2026-10-09T15:05:55.2488151Z   duration_ms: 0.404882
2026-10-09T15:05:55.2488362Z   type: 'test'
2026-10-09T15:05:55.2488543Z   ...
2026-10-09T15:05:55.2488815Z # Subtest: the Rust-only count never grows, even with new requirements
2026-10-09T15:05:55.2489250Z ok 382 - the Rust-only count never grows, even with new requirements
2026-10-09T15:05:55.2489593Z   ---
2026-10-09T15:05:55.2489768Z   duration_ms: 0.520621
2026-10-09T15:05:55.2489972Z   type: 'test'
2026-10-09T15:05:55.2490153Z   ...
2026-10-09T15:05:55.2490363Z # Subtest: the committed plan matches the ledger
2026-10-09T15:05:55.2490682Z ok 383 - the committed plan matches the ledger
2026-10-09T15:05:55.2490953Z   ---
2026-10-09T15:05:55.2491131Z   duration_ms: 94.189003
2026-10-09T15:05:55.2491343Z   type: 'test'
2026-10-09T15:05:55.2491521Z   ...
2026-10-09T15:05:55.2491696Z # Subtest: a moving tag is never an immutable publication witness
2026-10-09T15:05:55.2491848Z ok 384 - a moving tag is never an immutable publication witness
2026-10-09T15:05:55.2491925Z   ---
2026-10-09T15:05:55.2492017Z   duration_ms: 2.985313
2026-10-09T15:05:55.2492093Z   type: 'test'
2026-10-09T15:05:55.2492167Z   ...
2026-10-09T15:05:55.2492354Z # Subtest: labels cannot replace actual binary bytes or executed version
2026-10-09T15:05:55.2492532Z ok 385 - labels cannot replace actual binary bytes or executed version
2026-10-09T15:05:55.2492603Z   ---
2026-10-09T15:05:55.2492827Z   duration_ms: 4.070598
2026-10-09T15:05:55.2492904Z   type: 'test'
2026-10-09T15:05:55.2492980Z   ...
2026-10-09T15:05:55.2493299Z # Subtest: independent source and exact executable receipts are preserved
2026-10-09T15:05:55.2493482Z ok 386 - independent source and exact executable receipts are preserved
2026-10-09T15:05:55.2493557Z   ---
2026-10-09T15:05:55.2493638Z   duration_ms: 1.218415
2026-10-09T15:05:55.2493717Z   type: 'test'
2026-10-09T15:05:55.2493788Z   ...
2026-10-09T15:05:55.2494010Z # Subtest: each actual Docker observation uses the same immutable pushed reference
2026-10-09T15:05:55.2494219Z ok 387 - each actual Docker observation uses the same immutable pushed reference
2026-10-09T15:05:55.2494293Z   ---
2026-10-09T15:05:55.2494376Z   duration_ms: 0.563602
2026-10-09T15:05:55.2494451Z   type: 'test'
2026-10-09T15:05:55.2494525Z   ...
2026-10-09T15:05:55.2494683Z # Subtest: an addition to a file never becomes its whole content
2026-10-09T15:05:55.2494855Z     # Subtest: "Add <description> to <file>" is not a whole-file write
2026-10-09T15:05:55.2495009Z     ok 1 - "Add <description> to <file>" is not a whole-file write
2026-10-09T15:05:55.2495084Z       ---
2026-10-09T15:05:55.2495181Z       duration_ms: 1338.014492
2026-10-09T15:05:55.2495260Z       type: 'test'
2026-10-09T15:05:55.2495337Z       ...
2026-10-09T15:05:55.2495495Z     # Subtest: content a content lead introduces is still the file
2026-10-09T15:05:55.2495639Z     ok 2 - content a content lead introduces is still the file
2026-10-09T15:05:55.2495712Z       ---
2026-10-09T15:05:55.2495803Z       duration_ms: 371.975896
2026-10-09T15:05:55.2495886Z       type: 'test'
2026-10-09T15:05:55.2496073Z       ...
2026-10-09T15:05:55.2496252Z     # Subtest: a write verb that is not an addition still writes the file
2026-10-09T15:05:55.2496408Z     ok 3 - a write verb that is not an addition still writes the file
2026-10-09T15:05:55.2496485Z       ---
2026-10-09T15:05:55.2496570Z       duration_ms: 5.976347
2026-10-09T15:05:55.2496653Z       type: 'test'
2026-10-09T15:05:55.2496723Z       ...
2026-10-09T15:05:55.2496802Z     1..3
2026-10-09T15:05:55.2496958Z ok 388 - an addition to a file never becomes its whole content
2026-10-09T15:05:55.2497033Z   ---
2026-10-09T15:05:55.2497122Z   duration_ms: 2003.308816
2026-10-09T15:05:55.2497200Z   type: 'suite'
2026-10-09T15:05:55.2497276Z   ...
2026-10-09T15:05:55.2497480Z # Subtest: a request that declares the file it writes creates it unread (T310)
2026-10-09T15:05:55.2497740Z     # Subtest: a file noun before the path and the content after it write first, whatever the verb
2026-10-09T15:05:55.2497980Z     ok 1 - a file noun before the path and the content after it write first, whatever the verb
2026-10-09T15:05:55.2498058Z       ---
2026-10-09T15:05:55.2498148Z       duration_ms: 4298.324881
2026-10-09T15:05:55.2498225Z       type: 'test'
2026-10-09T15:05:55.2498300Z       ...
2026-10-09T15:05:55.2498498Z     # Subtest: a destination ahead of the file noun keeps the read-first guard
2026-10-09T15:05:55.2498681Z     ok 2 - a destination ahead of the file noun keeps the read-first guard
2026-10-09T15:05:55.2498754Z       ---
2026-10-09T15:05:55.2498845Z       duration_ms: 81.005434
2026-10-09T15:05:55.2498929Z       type: 'test'
2026-10-09T15:05:55.2499001Z       ...
2026-10-09T15:05:55.2499078Z     1..2
2026-10-09T15:05:55.2499272Z ok 389 - a request that declares the file it writes creates it unread (T310)
2026-10-09T15:05:55.2499345Z   ---
2026-10-09T15:05:55.2499429Z   duration_ms: 4835.221129
2026-10-09T15:05:55.2499512Z   type: 'suite'
2026-10-09T15:05:55.2499583Z   ...
2026-10-09T15:05:55.2499838Z # Subtest: an explicit grep runs as written; a search request is the workspace search (T311)
2026-10-09T15:05:55.2499996Z     # Subtest: execute grep TODO note.txt is the command itself
2026-10-09T15:05:55.2500134Z     ok 1 - execute grep TODO note.txt is the command itself
2026-10-09T15:05:55.2500212Z       ---
2026-10-09T15:05:55.2500295Z       duration_ms: 91.598153
2026-10-09T15:05:55.2500377Z       type: 'test'
2026-10-09T15:05:55.2500449Z       ...
2026-10-09T15:05:55.2500641Z     # Subtest: a local search request greps the workspace for the whole word
2026-10-09T15:05:55.2500903Z     ok 2 - a local search request greps the workspace for the whole word
2026-10-09T15:05:55.2500980Z       ---
2026-10-09T15:05:55.2501071Z       duration_ms: 86.885001
2026-10-09T15:05:55.2501147Z       type: 'test'
2026-10-09T15:05:55.2501221Z       ...
2026-10-09T15:05:55.2501293Z     1..2
2026-10-09T15:05:55.2501530Z ok 390 - an explicit grep runs as written; a search request is the workspace search (T311)
2026-10-09T15:05:55.2501607Z   ---
2026-10-09T15:05:55.2501695Z   duration_ms: 178.831911
2026-10-09T15:05:55.2501775Z   type: 'suite'
2026-10-09T15:05:55.2501844Z   ...
2026-10-09T15:05:55.2502023Z # Subtest: an article after a place preposition is no directory (T312)
2026-10-09T15:05:55.2502472Z     # Subtest: qué hay en la carpeta actual lists the current directory
2026-10-09T15:05:55.2502853Z     ok 1 - qué hay en la carpeta actual lists the current directory
2026-10-09T15:05:55.2502932Z       ---
2026-10-09T15:05:55.2503025Z       duration_ms: 1272.644176
2026-10-09T15:05:55.2503114Z       type: 'test'
2026-10-09T15:05:55.2503184Z       ...
2026-10-09T15:05:55.2503305Z     # Subtest: a named directory is still listed
2026-10-09T15:05:55.2503410Z     ok 2 - a named directory is still listed
2026-10-09T15:05:55.2503486Z       ---
2026-10-09T15:05:55.2503571Z       duration_ms: 257.817301
2026-10-09T15:05:55.2503655Z       type: 'test'
2026-10-09T15:05:55.2503726Z       ...
2026-10-09T15:05:55.2503802Z     1..2
2026-10-09T15:05:55.2503981Z ok 391 - an article after a place preposition is no directory (T312)
2026-10-09T15:05:55.2504183Z   ---
2026-10-09T15:05:55.2504271Z   duration_ms: 1531.185901
2026-10-09T15:05:55.2504348Z   type: 'suite'
2026-10-09T15:05:55.2504423Z   ...
2026-10-09T15:05:55.2504589Z # Subtest: a dialogue act is answered by the engine, not searched
2026-10-09T15:05:55.2504747Z     # Subtest: the seed names dialogue roles, each with surfaces
2026-10-09T15:05:55.2504891Z     ok 1 - the seed names dialogue roles, each with surfaces
2026-10-09T15:05:55.2504965Z       ---
2026-10-09T15:05:55.2505058Z       duration_ms: 973.677524
2026-10-09T15:05:55.2505134Z       type: 'test'
2026-10-09T15:05:55.2505209Z       ...
2026-10-09T15:05:55.2505428Z     # Subtest: every surface of social_greeting plans no tool call over a full toolset
2026-10-09T15:05:55.2505634Z     ok 2 - every surface of social_greeting plans no tool call over a full toolset
2026-10-09T15:05:55.2505708Z       ---
2026-10-09T15:05:55.2505797Z       duration_ms: 8735.192594
2026-10-09T15:05:55.2505881Z       type: 'test'
2026-10-09T15:05:55.2505951Z       ...
2026-10-09T15:05:55.2506167Z     # Subtest: every surface of social_farewell plans no tool call over a full toolset
2026-10-09T15:05:55.2506362Z     ok 3 - every surface of social_farewell plans no tool call over a full toolset
2026-10-09T15:05:55.2506439Z       ---
2026-10-09T15:05:55.2506521Z       duration_ms: 5773.167155
2026-10-09T15:05:55.2506602Z       type: 'test'
2026-10-09T15:05:55.2506679Z       ...
2026-10-09T15:05:55.2506934Z     # Subtest: every surface of social_courtesy_response plans no tool call over a full toolset
2026-10-09T15:05:55.2507169Z     ok 4 - every surface of social_courtesy_response plans no tool call over a full toolset
2026-10-09T15:05:55.2507242Z       ---
2026-10-09T15:05:55.2507329Z       duration_ms: 7215.43089
2026-10-09T15:05:55.2507406Z       type: 'test'
2026-10-09T15:05:55.2507481Z       ...
2026-10-09T15:05:55.2507649Z     # Subtest: the engine answers the greeting the planner left to it
2026-10-09T15:05:55.2507806Z     ok 5 - the engine answers the greeting the planner left to it
2026-10-09T15:05:55.2507883Z       ---
2026-10-09T15:05:55.2507966Z       duration_ms: 21.438186
2026-10-09T15:05:55.2508046Z       type: 'test'
2026-10-09T15:05:55.2508119Z       ...
2026-10-09T15:05:55.2508279Z     # Subtest: a request beyond the greeting still reaches research
2026-10-09T15:05:55.2508421Z     ok 6 - a request beyond the greeting still reaches research
2026-10-09T15:05:55.2508499Z       ---
2026-10-09T15:05:55.2508703Z       duration_ms: 1008.73199
2026-10-09T15:05:55.2508782Z       type: 'test'
2026-10-09T15:05:55.2508857Z       ...
2026-10-09T15:05:55.2508928Z     1..6
2026-10-09T15:05:55.2509080Z ok 392 - a dialogue act is answered by the engine, not searched
2026-10-09T15:05:55.2509151Z   ---
2026-10-09T15:05:55.2509238Z   duration_ms: 24128.931334
2026-10-09T15:05:55.2509315Z   type: 'suite'
2026-10-09T15:05:55.2509390Z   ...
2026-10-09T15:05:55.2509563Z # Subtest: calendar day evidence requires a whole word outside CJK
2026-10-09T15:05:55.2509721Z ok 393 - calendar day evidence requires a whole word outside CJK
2026-10-09T15:05:55.2509797Z   ---
2026-10-09T15:05:55.2509879Z   duration_ms: 10.961961
2026-10-09T15:05:55.2509957Z   type: 'test'
2026-10-09T15:05:55.2510028Z   ...
2026-10-09T15:05:55.2510165Z # Subtest: Wikipedia summary is not a calendar request
2026-10-09T15:05:55.2510290Z ok 394 - Wikipedia summary is not a calendar request
2026-10-09T15:05:55.2510364Z   ---
2026-10-09T15:05:55.2510450Z   duration_ms: 123.722496
2026-10-09T15:05:55.2510528Z   type: 'test'
2026-10-09T15:05:55.2510602Z   ...
2026-10-09T15:05:55.2510750Z # Subtest: lines under a request keep their structure (G16)
2026-10-09T15:05:55.2510947Z     # Subtest: an unfenced block is rebased on the anchor line, as its siblings
2026-10-09T15:05:55.2511124Z     ok 1 - an unfenced block is rebased on the anchor line, as its siblings
2026-10-09T15:05:55.2511201Z       ---
2026-10-09T15:05:55.2511291Z       duration_ms: 1616.204789
2026-10-09T15:05:55.2511455Z       type: 'test'
2026-10-09T15:05:55.2511528Z       ...
2026-10-09T15:05:55.2511647Z     # Subtest: a fenced block is inserted as written
2026-10-09T15:05:55.2511762Z     ok 2 - a fenced block is inserted as written
2026-10-09T15:05:55.2511870Z       ---
2026-10-09T15:05:55.2511959Z       duration_ms: 167.538172
2026-10-09T15:05:55.2512036Z       type: 'test'
2026-10-09T15:05:55.2512112Z       ...
2026-10-09T15:05:55.2512297Z     # Subtest: appended lines keep an indentation the file already uses
2026-10-09T15:05:55.2512461Z     ok 3 - appended lines keep an indentation the file already uses
2026-10-09T15:05:55.2512538Z       ---
2026-10-09T15:05:55.2512771Z       duration_ms: 178.496371
2026-10-09T15:05:55.2512856Z       type: 'test'
2026-10-09T15:05:55.2512927Z       ...
2026-10-09T15:05:55.2513202Z     # Subtest: inserted lines keep an indentation the file already uses, whatever the anchor's (G93)
2026-10-09T15:05:55.2513455Z     ok 4 - inserted lines keep an indentation the file already uses, whatever the anchor's (G93)
2026-10-09T15:05:55.2513533Z       ---
2026-10-09T15:05:55.2513618Z       duration_ms: 132.388369
2026-10-09T15:05:55.2513693Z       type: 'test'
2026-10-09T15:05:55.2513768Z       ...
2026-10-09T15:05:55.2514076Z     # Subtest: lines under a request are its payload: a delivery or a path inside them is not acted on (G94, G95)
2026-10-09T15:05:55.2514363Z     ok 5 - lines under a request are its payload: a delivery or a path inside them is not acted on (G94, G95)
2026-10-09T15:05:55.2514441Z       ---
2026-10-09T15:05:55.2514525Z       duration_ms: 145.147643
2026-10-09T15:05:55.2514604Z       type: 'test'
2026-10-09T15:05:55.2514676Z       ...
2026-10-09T15:05:55.2514751Z     1..5
2026-10-09T15:05:55.2514886Z ok 395 - lines under a request keep their structure (G16)
2026-10-09T15:05:55.2514964Z   ---
2026-10-09T15:05:55.2515049Z   duration_ms: 2663.830029
2026-10-09T15:05:55.2515132Z   type: 'suite'
2026-10-09T15:05:55.2515207Z   ...
2026-10-09T15:05:55.2515320Z # Subtest: a line named by its ordinal (G19)
2026-10-09T15:05:55.2515512Z     # Subtest: first, last and a counted line, in every registered language
2026-10-09T15:05:55.2515679Z     ok 1 - first, last and a counted line, in every registered language
2026-10-09T15:05:55.2515758Z       ---
2026-10-09T15:05:55.2515841Z       duration_ms: 299.358762
2026-10-09T15:05:55.2515921Z       type: 'test'
2026-10-09T15:05:55.2515993Z       ...
2026-10-09T15:05:55.2516108Z     # Subtest: an ordinal is an insertion anchor
2026-10-09T15:05:55.2516371Z     ok 2 - an ordinal is an insertion anchor
2026-10-09T15:05:55.2516449Z       ---
2026-10-09T15:05:55.2516539Z       duration_ms: 70.873331
2026-10-09T15:05:55.2516615Z       type: 'test'
2026-10-09T15:05:55.2516691Z       ...
2026-10-09T15:05:55.2516761Z     1..2
2026-10-09T15:05:55.2516870Z ok 396 - a line named by its ordinal (G19)
2026-10-09T15:05:55.2516940Z   ---
2026-10-09T15:05:55.2517027Z   duration_ms: 370.752564
2026-10-09T15:05:55.2517107Z   type: 'suite'
2026-10-09T15:05:55.2517181Z   ...
2026-10-09T15:05:55.2517367Z # Subtest: the answer is in the language the request is written in (G20)
2026-10-09T15:05:55.2517565Z     # Subtest: a Spanish request without a Spanish marker is answered in Spanish
2026-10-09T15:05:55.2517752Z     ok 1 - a Spanish request without a Spanish marker is answered in Spanish
2026-10-09T15:05:55.2517826Z       ---
2026-10-09T15:05:55.2517912Z       duration_ms: 90.732852
2026-10-09T15:05:55.2517996Z       type: 'test'
2026-10-09T15:05:55.2518067Z       ...
2026-10-09T15:05:55.2518182Z     # Subtest: an English request stays English
2026-10-09T15:05:55.2518282Z     ok 2 - an English request stays English
2026-10-09T15:05:55.2518361Z       ---
2026-10-09T15:05:55.2518442Z       duration_ms: 36.606766
2026-10-09T15:05:55.2518550Z       type: 'test'
2026-10-09T15:05:55.2518623Z       ...
2026-10-09T15:05:55.2518699Z     1..2
2026-10-09T15:05:55.2518884Z ok 397 - the answer is in the language the request is written in (G20)
2026-10-09T15:05:55.2519096Z   ---
2026-10-09T15:05:55.2519202Z   duration_ms: 127.778124
2026-10-09T15:05:55.2519284Z   type: 'suite'
2026-10-09T15:05:55.2519359Z   ...
2026-10-09T15:05:55.2519531Z # Subtest: a quoted path-shaped anchor is not the file (G21)
2026-10-09T15:05:55.2519693Z     # Subtest: the line goes after the path line in the named file
2026-10-09T15:05:55.2519850Z     ok 1 - the line goes after the path line in the named file
2026-10-09T15:05:55.2519931Z       ---
2026-10-09T15:05:55.2520017Z       duration_ms: 71.127601
2026-10-09T15:05:55.2520097Z       type: 'test'
2026-10-09T15:05:55.2520191Z       ...
2026-10-09T15:05:55.2520269Z     1..1
2026-10-09T15:05:55.2520414Z ok 398 - a quoted path-shaped anchor is not the file (G21)
2026-10-09T15:05:55.2520502Z   ---
2026-10-09T15:05:55.2520592Z   duration_ms: 71.30238
2026-10-09T15:05:55.2520668Z   type: 'suite'
2026-10-09T15:05:55.2520763Z   ...
2026-10-09T15:05:55.2520991Z # Subtest: a new clause that describes lines takes the lines under the request (G22)
2026-10-09T15:05:55.2521156Z     # Subtest: the block replaces the line, at its indentation
2026-10-09T15:05:55.2521294Z     ok 1 - the block replaces the line, at its indentation
2026-10-09T15:05:55.2521369Z       ---
2026-10-09T15:05:55.2521476Z       duration_ms: 188.893459
2026-10-09T15:05:55.2521555Z       type: 'test'
2026-10-09T15:05:55.2521634Z       ...
2026-10-09T15:05:55.2521709Z     1..1
2026-10-09T15:05:55.2521940Z ok 399 - a new clause that describes lines takes the lines under the request (G22)
2026-10-09T15:05:55.2522017Z   ---
2026-10-09T15:05:55.2522117Z   duration_ms: 189.043702
2026-10-09T15:05:55.2522203Z   type: 'suite'
2026-10-09T15:05:55.2522274Z   ...
2026-10-09T15:05:55.2522366Z # Subtest: renames (G24, G28)
2026-10-09T15:05:55.2522600Z     # Subtest: a file renamed to a path is no edit of its bytes; the verified move runs
2026-10-09T15:05:55.2522938Z     ok 1 - a file renamed to a path is no edit of its bytes; the verified move runs
2026-10-09T15:05:55.2523037Z       ---
2026-10-09T15:05:55.2523126Z       duration_ms: 1397.97342
2026-10-09T15:05:55.2523207Z       type: 'test'
2026-10-09T15:05:55.2523278Z       ...
2026-10-09T15:05:55.2523467Z     # Subtest: a function renamed to a name containing the old one
2026-10-09T15:05:55.2523622Z     ok 2 - a function renamed to a name containing the old one
2026-10-09T15:05:55.2523703Z       ---
2026-10-09T15:05:55.2523811Z       duration_ms: 1849.603512
2026-10-09T15:05:55.2523889Z       type: 'test'
2026-10-09T15:05:55.2523964Z       ...
2026-10-09T15:05:55.2524036Z     1..2
2026-10-09T15:05:55.2524306Z ok 400 - renames (G24, G28)
2026-10-09T15:05:55.2524402Z   ---
2026-10-09T15:05:55.2524493Z   duration_ms: 3247.797116
2026-10-09T15:05:55.2524570Z   type: 'suite'
2026-10-09T15:05:55.2524646Z   ...
2026-10-09T15:05:55.2524797Z # Subtest: an empty line beside an anchor line (G31)
2026-10-09T15:05:55.2524905Z     # Subtest: before and after the named line
2026-10-09T15:05:55.2525026Z     ok 1 - before and after the named line
2026-10-09T15:05:55.2525108Z       ---
2026-10-09T15:05:55.2525193Z       duration_ms: 121.745359
2026-10-09T15:05:55.2525271Z       type: 'test'
2026-10-09T15:05:55.2525366Z       ...
2026-10-09T15:05:55.2525440Z     1..1
2026-10-09T15:05:55.2525564Z ok 401 - an empty line beside an anchor line (G31)
2026-10-09T15:05:55.2525656Z   ---
2026-10-09T15:05:55.2525740Z   duration_ms: 121.892666
2026-10-09T15:05:55.2525820Z   type: 'suite'
2026-10-09T15:05:55.2525891Z   ...
2026-10-09T15:05:55.2526047Z # Subtest: a quoted anchor line holding an escape (G96)
2026-10-09T15:05:55.2526301Z     # Subtest: the escape is its two characters when the file holds them so inside the line
2026-10-09T15:05:55.2526517Z     ok 1 - the escape is its two characters when the file holds them so inside the line
2026-10-09T15:05:55.2526591Z       ---
2026-10-09T15:05:55.2526697Z       duration_ms: 169.850142
2026-10-09T15:05:55.2526780Z       type: 'test'
2026-10-09T15:05:55.2526851Z       ...
2026-10-09T15:05:55.2527067Z     # Subtest: the escape stays a line break when the file holds the two lines
2026-10-09T15:05:55.2527389Z     ok 2 - the escape stays a line break when the file holds the two lines
2026-10-09T15:05:55.2527468Z       ---
2026-10-09T15:05:55.2527552Z       duration_ms: 45.090516
2026-10-09T15:05:55.2527651Z       type: 'test'
2026-10-09T15:05:55.2527727Z       ...
2026-10-09T15:05:55.2527799Z     1..2
2026-10-09T15:05:55.2527952Z ok 402 - a quoted anchor line holding an escape (G96)
2026-10-09T15:05:55.2528025Z   ---
2026-10-09T15:05:55.2528112Z   duration_ms: 215.158799
2026-10-09T15:05:55.2528193Z   type: 'suite'
2026-10-09T15:05:55.2528287Z   ...
2026-10-09T15:05:55.2528440Z # Subtest: a path names a file, not the answer language (G97)
2026-10-09T15:05:55.2528771Z     # Subtest: an English request naming a file whose name starts with a Spanish marker is answered in English
2026-10-09T15:05:55.2529077Z     ok 1 - an English request naming a file whose name starts with a Spanish marker is answered in English
2026-10-09T15:05:55.2529151Z       ---
2026-10-09T15:05:55.2529259Z       duration_ms: 78.838545
2026-10-09T15:05:55.2529337Z       type: 'test'
2026-10-09T15:05:55.2529414Z       ...
2026-10-09T15:05:55.2529484Z     1..1
2026-10-09T15:05:55.2529657Z ok 403 - a path names a file, not the answer language (G97)
2026-10-09T15:05:55.2529733Z   ---
2026-10-09T15:05:55.2529817Z   duration_ms: 78.991643
2026-10-09T15:05:55.2529897Z   type: 'suite'
2026-10-09T15:05:55.2529983Z   ...
2026-10-09T15:05:55.2530208Z # Subtest: an article between the target cues is no part of the new text (G98)
2026-10-09T15:05:55.2530434Z     # Subtest: the file clause runs back over the seeded function words to its first cue
2026-10-09T15:05:55.2530675Z     ok 1 - the file clause runs back over the seeded function words to its first cue
2026-10-09T15:05:55.2530751Z       ---
2026-10-09T15:05:55.2530840Z       duration_ms: 7.128162
2026-10-09T15:05:55.2530954Z       type: 'test'
2026-10-09T15:05:55.2531029Z       ...
2026-10-09T15:05:55.2531146Z     # Subtest: the edit writes the new text alone
2026-10-09T15:05:55.2531254Z     ok 2 - the edit writes the new text alone
2026-10-09T15:05:55.2531350Z       ---
2026-10-09T15:05:55.2531434Z       duration_ms: 71.870594
2026-10-09T15:05:55.2531513Z       type: 'test'
2026-10-09T15:05:55.2531583Z       ...
2026-10-09T15:05:55.2531660Z     1..2
2026-10-09T15:05:55.2531879Z ok 404 - an article between the target cues is no part of the new text (G98)
2026-10-09T15:05:55.2531952Z   ---
2026-10-09T15:05:55.2532038Z   duration_ms: 79.269366
2026-10-09T15:05:55.2532130Z   type: 'suite'
2026-10-09T15:05:55.2532296Z   ...
2026-10-09T15:05:55.2532468Z # Subtest: G60: a quoted line is the whole line that equals it
2026-10-09T15:05:55.2532901Z     # Subtest: `Delete the line 'x'` removes the line that is x, not every line holding the letter
2026-10-09T15:05:55.2533140Z     ok 1 - `Delete the line 'x'` removes the line that is x, not every line holding the letter
2026-10-09T15:05:55.2533230Z       ---
2026-10-09T15:05:55.2533326Z       duration_ms: 1429.367855
2026-10-09T15:05:55.2533411Z       type: 'test'
2026-10-09T15:05:55.2533487Z       ...
2026-10-09T15:05:55.2533706Z     # Subtest: with no equal line and several containing it, nothing is removed
2026-10-09T15:05:55.2533906Z     ok 2 - with no equal line and several containing it, nothing is removed
2026-10-09T15:05:55.2533985Z       ---
2026-10-09T15:05:55.2534069Z       duration_ms: 33.08511
2026-10-09T15:05:55.2534168Z       type: 'test'
2026-10-09T15:05:55.2534241Z       ...
2026-10-09T15:05:55.2534468Z     # Subtest: the seeded containment cue removes every line containing the text
2026-10-09T15:05:55.2534655Z     ok 3 - the seeded containment cue removes every line containing the text
2026-10-09T15:05:55.2534733Z       ---
2026-10-09T15:05:55.2534835Z       duration_ms: 160.721243
2026-10-09T15:05:55.2534917Z       type: 'test'
2026-10-09T15:05:55.2534993Z       ...
2026-10-09T15:05:55.2535065Z     1..3
2026-10-09T15:05:55.2535232Z ok 405 - G60: a quoted line is the whole line that equals it
2026-10-09T15:05:55.2535453Z   ---
2026-10-09T15:05:55.2535543Z   duration_ms: 2069.100054
2026-10-09T15:05:55.2535621Z   type: 'suite'
2026-10-09T15:05:55.2535718Z   ...
2026-10-09T15:05:55.2535901Z # Subtest: G61: a payload that quotes a single-quoted literal of its own
2026-10-09T15:05:55.2536047Z     # Subtest: the outer quote pair is the payload
2026-10-09T15:05:55.2536162Z     ok 1 - the outer quote pair is the payload
2026-10-09T15:05:55.2536236Z       ---
2026-10-09T15:05:55.2536344Z       duration_ms: 0.476858
2026-10-09T15:05:55.2536426Z       type: 'test'
2026-10-09T15:05:55.2536502Z       ...
2026-10-09T15:05:55.2536622Z     # Subtest: the line is appended; no file is moved
2026-10-09T15:05:55.2536741Z     ok 2 - the line is appended; no file is moved
2026-10-09T15:05:55.2536814Z       ---
2026-10-09T15:05:55.2536905Z       duration_ms: 182.368214
2026-10-09T15:05:55.2536988Z       type: 'test'
2026-10-09T15:05:55.2537060Z       ...
2026-10-09T15:05:55.2537137Z     1..2
2026-10-09T15:05:55.2537309Z ok 406 - G61: a payload that quotes a single-quoted literal of its own
2026-10-09T15:05:55.2537404Z   ---
2026-10-09T15:05:55.2537489Z   duration_ms: 183.178851
2026-10-09T15:05:55.2537572Z   type: 'suite'
2026-10-09T15:05:55.2537643Z   ...
2026-10-09T15:05:55.2537834Z # Subtest: G53, G54: several quoted line literals are lines, each as written
2026-10-09T15:05:55.2538022Z     # Subtest: an insert keeps a backslash-n inside one of several literals
2026-10-09T15:05:55.2538187Z     ok 1 - an insert keeps a backslash-n inside one of several literals
2026-10-09T15:05:55.2538268Z       ---
2026-10-09T15:05:55.2538369Z       duration_ms: 88.859121
2026-10-09T15:05:55.2538455Z       type: 'test'
2026-10-09T15:05:55.2538528Z       ...
2026-10-09T15:05:55.2538799Z     # Subtest: an append of a list of literals appends each as its own line, never a whole-file write
2026-10-09T15:05:55.2539051Z     ok 2 - an append of a list of literals appends each as its own line, never a whole-file write
2026-10-09T15:05:55.2539128Z       ---
2026-10-09T15:05:55.2539215Z       duration_ms: 146.759993
2026-10-09T15:05:55.2539291Z       type: 'test'
2026-10-09T15:05:55.2539368Z       ...
2026-10-09T15:05:55.2539440Z     1..2
2026-10-09T15:05:55.2539758Z ok 407 - G53, G54: several quoted line literals are lines, each as written
2026-10-09T15:05:55.2539894Z   ---
2026-10-09T15:05:55.2540069Z   duration_ms: 236.194037
2026-10-09T15:05:55.2540228Z   type: 'suite'
2026-10-09T15:05:55.2540383Z   ...
2026-10-09T15:05:55.2541003Z # Subtest: G65: a replace whose needle quotes an escape the file holds as written
2026-10-09T15:05:55.2541451Z     # Subtest: the needle is the text as written when the file has no unescaped match
2026-10-09T15:05:55.2541799Z     ok 1 - the needle is the text as written when the file has no unescaped match
2026-10-09T15:05:55.2541941Z       ---
2026-10-09T15:05:55.2542125Z       duration_ms: 79.402843
2026-10-09T15:05:55.2542258Z       type: 'test'
2026-10-09T15:05:55.2542334Z       ...
2026-10-09T15:05:55.2542505Z     # Subtest: an escape that names a real line break still does
2026-10-09T15:05:55.2542932Z     ok 2 - an escape that names a real line break still does
2026-10-09T15:05:55.2543073Z       ---
2026-10-09T15:05:55.2543219Z       duration_ms: 62.392248
2026-10-09T15:05:55.2543309Z       type: 'test'
2026-10-09T15:05:55.2543385Z       ...
2026-10-09T15:05:55.2543456Z     1..2
2026-10-09T15:05:55.2543671Z ok 408 - G65: a replace whose needle quotes an escape the file holds as written
2026-10-09T15:05:55.2543742Z   ---
2026-10-09T15:05:55.2543836Z   duration_ms: 145.132069
2026-10-09T15:05:55.2543913Z   type: 'suite'
2026-10-09T15:05:55.2543990Z   ...
2026-10-09T15:05:55.2544146Z # Subtest: G50, G51: another file's contents are the text placed
2026-10-09T15:05:55.2544442Z     # Subtest: `Append the contents of a.txt to the end of b.txt.` reads a.txt and appends its lines; no cat
2026-10-09T15:05:55.2544715Z     ok 1 - `Append the contents of a.txt to the end of b.txt.` reads a.txt and appends its lines; no cat
2026-10-09T15:05:55.2544979Z       ---
2026-10-09T15:05:55.2545074Z       duration_ms: 103.41701
2026-10-09T15:05:55.2545154Z       type: 'test'
2026-10-09T15:05:55.2545229Z       ...
2026-10-09T15:05:55.2545425Z     # Subtest: an insert places the source after the anchor its context names
2026-10-09T15:05:55.2545606Z     ok 2 - an insert places the source after the anchor its context names
2026-10-09T15:05:55.2545685Z       ---
2026-10-09T15:05:55.2545770Z       duration_ms: 97.838791
2026-10-09T15:05:55.2545851Z       type: 'test'
2026-10-09T15:05:55.2545928Z       ...
2026-10-09T15:05:55.2546139Z     # Subtest: a block under the request may also name the line its anchor follows
2026-10-09T15:05:55.2546324Z     ok 3 - a block under the request may also name the line its anchor follows
2026-10-09T15:05:55.2546402Z       ---
2026-10-09T15:05:55.2546486Z       duration_ms: 160.504278
2026-10-09T15:05:55.2546569Z       type: 'test'
2026-10-09T15:05:55.2546645Z       ...
2026-10-09T15:05:55.2546718Z     1..3
2026-10-09T15:05:55.2546880Z ok 409 - G50, G51: another file's contents are the text placed
2026-10-09T15:05:55.2546952Z   ---
2026-10-09T15:05:55.2547042Z   duration_ms: 362.037542
2026-10-09T15:05:55.2547118Z   type: 'suite'
2026-10-09T15:05:55.2547194Z   ...
2026-10-09T15:05:55.2547320Z # Subtest: G33: a line slice answers only those lines
2026-10-09T15:05:55.2547432Z     # Subtest: Show the last 2 lines of n.txt.
2026-10-09T15:05:55.2547537Z     ok 1 - Show the last 2 lines of n.txt.
2026-10-09T15:05:55.2547614Z       ---
2026-10-09T15:05:55.2547706Z       duration_ms: 954.054403
2026-10-09T15:05:55.2547784Z       type: 'test'
2026-10-09T15:05:55.2547860Z       ...
2026-10-09T15:05:55.2547969Z     # Subtest: Show the first 2 lines of n.txt.
2026-10-09T15:05:55.2548077Z     ok 2 - Show the first 2 lines of n.txt.
2026-10-09T15:05:55.2548156Z       ---
2026-10-09T15:05:55.2548240Z       duration_ms: 267.447339
2026-10-09T15:05:55.2548323Z       type: 'test'
2026-10-09T15:05:55.2548395Z       ...
2026-10-09T15:05:55.2548504Z     # Subtest: Show lines 2-3 of n.txt.
2026-10-09T15:05:55.2548595Z     ok 3 - Show lines 2-3 of n.txt.
2026-10-09T15:05:55.2548674Z       ---
2026-10-09T15:05:55.2548758Z       duration_ms: 258.242787
2026-10-09T15:05:55.2548840Z       type: 'test'
2026-10-09T15:05:55.2548920Z       ...
2026-10-09T15:05:55.2549018Z     # Subtest: Show the last line of n.txt.
2026-10-09T15:05:55.2549116Z     ok 4 - Show the last line of n.txt.
2026-10-09T15:05:55.2549189Z       ---
2026-10-09T15:05:55.2549279Z       duration_ms: 6626.164864
2026-10-09T15:05:55.2549472Z       type: 'test'
2026-10-09T15:05:55.2549553Z       ...
2026-10-09T15:05:55.2549707Z     # Subtest: a read that names no lines still shows the file
2026-10-09T15:05:55.2549864Z     ok 5 - a read that names no lines still shows the file
2026-10-09T15:05:55.2549942Z       ---
2026-10-09T15:05:55.2550024Z       duration_ms: 794.653313
2026-10-09T15:05:55.2550104Z       type: 'test'
2026-10-09T15:05:55.2550176Z       ...
2026-10-09T15:05:55.2550256Z     1..5
2026-10-09T15:05:55.2550377Z ok 410 - G33: a line slice answers only those lines
2026-10-09T15:05:55.2550453Z   ---
2026-10-09T15:05:55.2550537Z   duration_ms: 8900.958283
2026-10-09T15:05:55.2550619Z   type: 'suite'
2026-10-09T15:05:55.2550696Z   ...
2026-10-09T15:05:55.2550837Z # Subtest: G35: an insert at one end of a Markdown section
2026-10-09T15:05:55.2551126Z     # Subtest: the end of a section is its last line before the next heading of the same or a higher level
2026-10-09T15:05:55.2551385Z     ok 1 - the end of a section is its last line before the next heading of the same or a higher level
2026-10-09T15:05:55.2551465Z       ---
2026-10-09T15:05:55.2551550Z       duration_ms: 130.999722
2026-10-09T15:05:55.2551631Z       type: 'test'
2026-10-09T15:05:55.2551707Z       ...
2026-10-09T15:05:55.2551836Z     # Subtest: the start of a section is under its heading
2026-10-09T15:05:55.2551963Z     ok 2 - the start of a section is under its heading
2026-10-09T15:05:55.2552036Z       ---
2026-10-09T15:05:55.2552210Z       duration_ms: 112.653073
2026-10-09T15:05:55.2552286Z       type: 'test'
2026-10-09T15:05:55.2552361Z       ...
2026-10-09T15:05:55.2552523Z     # Subtest: a heading inside fenced code does not end the section
2026-10-09T15:05:55.2552916Z     ok 3 - a heading inside fenced code does not end the section
2026-10-09T15:05:55.2553004Z       ---
2026-10-09T15:05:55.2553091Z       duration_ms: 86.169922
2026-10-09T15:05:55.2553174Z       type: 'test'
2026-10-09T15:05:55.2553246Z       ...
2026-10-09T15:05:55.2553324Z     1..3
2026-10-09T15:05:55.2553465Z ok 411 - G35: an insert at one end of a Markdown section
2026-10-09T15:05:55.2553540Z   ---
2026-10-09T15:05:55.2553628Z   duration_ms: 330.108825
2026-10-09T15:05:55.2553707Z   type: 'suite'
2026-10-09T15:05:55.2553787Z   ...
2026-10-09T15:05:55.2553942Z # Subtest: G37: a rename with both paths quoted moves the file
2026-10-09T15:05:55.2554071Z     # Subtest: Rename the file 'a.txt' to 'b.txt'.
2026-10-09T15:05:55.2554180Z     ok 1 - Rename the file 'a.txt' to 'b.txt'.
2026-10-09T15:05:55.2554264Z       ---
2026-10-09T15:05:55.2554348Z       duration_ms: 2130.15559
2026-10-09T15:05:55.2554428Z       type: 'test'
2026-10-09T15:05:55.2554505Z       ...
2026-10-09T15:05:55.2554609Z     # Subtest: Rename the file a.txt to b.txt.
2026-10-09T15:05:55.2554711Z     ok 2 - Rename the file a.txt to b.txt.
2026-10-09T15:05:55.2554783Z       ---
2026-10-09T15:05:55.2554871Z       duration_ms: 1729.959952
2026-10-09T15:05:55.2554946Z       type: 'test'
2026-10-09T15:05:55.2555023Z       ...
2026-10-09T15:05:55.2555137Z     # Subtest: Rename the file "a.txt" to "b.txt".
2026-10-09T15:05:55.2555246Z     ok 3 - Rename the file "a.txt" to "b.txt".
2026-10-09T15:05:55.2555323Z       ---
2026-10-09T15:05:55.2555406Z       duration_ms: 1772.897407
2026-10-09T15:05:55.2555488Z       type: 'test'
2026-10-09T15:05:55.2555559Z       ...
2026-10-09T15:05:55.2555681Z     # Subtest: a rename inside a file still edits it
2026-10-09T15:05:55.2555790Z     ok 4 - a rename inside a file still edits it
2026-10-09T15:05:55.2555872Z       ---
2026-10-09T15:05:55.2555956Z       duration_ms: 108.348122
2026-10-09T15:05:55.2556036Z       type: 'test'
2026-10-09T15:05:55.2556112Z       ...
2026-10-09T15:05:55.2556183Z     1..4
2026-10-09T15:05:55.2556330Z ok 412 - G37: a rename with both paths quoted moves the file
2026-10-09T15:05:55.2556400Z   ---
2026-10-09T15:05:55.2556494Z   duration_ms: 5741.708985
2026-10-09T15:05:55.2556571Z   type: 'suite'
2026-10-09T15:05:55.2556647Z   ...
2026-10-09T15:05:55.2556927Z # Subtest: G62: a backticked compound command runs as written
2026-10-09T15:05:55.2557142Z     # Subtest: `Run \\`a && b\\`` runs the one compound command, never reads its operands
2026-10-09T15:05:55.2557331Z     ok 1 - `Run \\`a && b\\`` runs the one compound command, never reads its operands
2026-10-09T15:05:55.2557405Z       ---
2026-10-09T15:05:55.2557494Z       duration_ms: 70.235614
2026-10-09T15:05:55.2557570Z       type: 'test'
2026-10-09T15:05:55.2557647Z       ...
2026-10-09T15:05:55.2557722Z     1..1
2026-10-09T15:05:55.2557869Z ok 413 - G62: a backticked compound command runs as written
2026-10-09T15:05:55.2557944Z   ---
2026-10-09T15:05:55.2558026Z   duration_ms: 70.427385
2026-10-09T15:05:55.2558107Z   type: 'suite'
2026-10-09T15:05:55.2558180Z   ...
2026-10-09T15:05:55.2558399Z # Subtest: G52 (not reproduced; pinned): a replace inside a 7000-character line
2026-10-09T15:05:55.2558567Z     # Subtest: the needle is found, edited once and the digest matches
2026-10-09T15:05:55.2558730Z     ok 1 - the needle is found, edited once and the digest matches
2026-10-09T15:05:55.2558810Z       ---
2026-10-09T15:05:55.2558894Z       duration_ms: 216.642053
2026-10-09T15:05:55.2558976Z       type: 'test'
2026-10-09T15:05:55.2559048Z       ...
2026-10-09T15:05:55.2559123Z     1..1
2026-10-09T15:05:55.2559316Z ok 414 - G52 (not reproduced; pinned): a replace inside a 7000-character line
2026-10-09T15:05:55.2559390Z   ---
2026-10-09T15:05:55.2559472Z   duration_ms: 216.813185
2026-10-09T15:05:55.2559672Z   type: 'suite'
2026-10-09T15:05:55.2559753Z   ...
2026-10-09T15:05:55.2560003Z # Subtest: U15: every owner message is collected verbatim and mapped to its rows
2026-10-09T15:05:55.2560269Z ok 415 - U15: every owner message is collected verbatim and mapped to its rows
2026-10-09T15:05:55.2560466Z   ---
2026-10-09T15:05:55.2560601Z   duration_ms: 3720.08224
2026-10-09T15:05:55.2560796Z   type: 'test'
2026-10-09T15:05:55.2560901Z   ...
2026-10-09T15:05:55.2561214Z # Subtest: U22: at most three subagents, none stopped early, every started task delivered
2026-10-09T15:05:55.2561545Z ok 416 - U22: at most three subagents, none stopped early, every started task delivered
2026-10-09T15:05:55.2561668Z   ---
2026-10-09T15:05:55.2561826Z   duration_ms: 0.342545
2026-10-09T15:05:55.2561938Z   type: 'test'
2026-10-09T15:05:55.2562080Z   ...
2026-10-09T15:05:55.2562289Z # Subtest: U24: local checks are minimal and leave every Rust compile to CI
2026-10-09T15:05:55.2562602Z ok 417 - U24: local checks are minimal and leave every Rust compile to CI
2026-10-09T15:05:55.2563029Z   ---
2026-10-09T15:05:55.2563155Z   duration_ms: 0.400003
2026-10-09T15:05:55.2563303Z   type: 'test'
2026-10-09T15:05:55.2563392Z   ...
2026-10-09T15:05:55.2572602Z # Subtest: U25: no Rust builds and no repository copies on the workstation
2026-10-09T15:05:55.2573104Z ok 418 - U25: no Rust builds and no repository copies on the workstation
2026-10-09T15:05:55.2573178Z   ---
2026-10-09T15:05:55.2573335Z   duration_ms: 0.287782
2026-10-09T15:05:55.2573471Z   type: 'test'
2026-10-09T15:05:55.2573574Z   ...
2026-10-09T15:05:55.2573832Z # Subtest: U26: the CI fixer continuously monitors and uses the coordinated batch barrier
2026-10-09T15:05:55.2574071Z ok 419 - U26: the CI fixer continuously monitors and uses the coordinated batch barrier
2026-10-09T15:05:55.2574144Z   ---
2026-10-09T15:05:55.2574234Z   duration_ms: 0.345951
2026-10-09T15:05:55.2574317Z   type: 'test'
2026-10-09T15:05:55.2574387Z   ...
2026-10-09T15:05:55.2574584Z # Subtest: R1017: "How many words are in 'the quick brown fox'?" derives "4"
2026-10-09T15:05:55.2574765Z ok 420 - R1017: "How many words are in 'the quick brown fox'?" derives "4"
2026-10-09T15:05:55.2574841Z   ---
2026-10-09T15:05:55.2574927Z   duration_ms: 2766.182744
2026-10-09T15:05:55.2575008Z   type: 'test'
2026-10-09T15:05:55.2575079Z   ...
2026-10-09T15:05:55.2575258Z # Subtest: R1017: "How many lines are in this text: 'a\\nb'" derives "2"
2026-10-09T15:05:55.2575431Z ok 421 - R1017: "How many lines are in this text: 'a\\nb'" derives "2"
2026-10-09T15:05:55.2575672Z   ---
2026-10-09T15:05:55.2575769Z   duration_ms: 255.09387
2026-10-09T15:05:55.2575846Z   type: 'test'
2026-10-09T15:05:55.2575921Z   ...
2026-10-09T15:05:55.2576086Z # Subtest: R1017: "How many characters are in 'abc'?" derives "3"
2026-10-09T15:05:55.2576235Z ok 422 - R1017: "How many characters are in 'abc'?" derives "3"
2026-10-09T15:05:55.2576310Z   ---
2026-10-09T15:05:55.2576395Z   duration_ms: 141.120531
2026-10-09T15:05:55.2576478Z   type: 'test'
2026-10-09T15:05:55.2576548Z   ...
2026-10-09T15:05:55.2576725Z # Subtest: R1017: "How many unique words are in 'a b a c'?" derives "3"
2026-10-09T15:05:55.2576885Z ok 423 - R1017: "How many unique words are in 'a b a c'?" derives "3"
2026-10-09T15:05:55.2576965Z   ---
2026-10-09T15:05:55.2577047Z   duration_ms: 78.895368
2026-10-09T15:05:55.2577127Z   type: 'test'
2026-10-09T15:05:55.2577202Z   ...
2026-10-09T15:05:55.2577495Z # Subtest: R1017: "Сколько слов в 'раз два три'?" derives "3"
2026-10-09T15:05:55.2577687Z ok 424 - R1017: "Сколько слов в 'раз два три'?" derives "3"
2026-10-09T15:05:55.2577760Z   ---
2026-10-09T15:05:55.2577849Z   duration_ms: 112.407633
2026-10-09T15:05:55.2577934Z   type: 'test'
2026-10-09T15:05:55.2578009Z   ...
2026-10-09T15:05:55.2578183Z # Subtest: R1017: "How many characters are in 'two words'?" derives "9"
2026-10-09T15:05:55.2578345Z ok 425 - R1017: "How many characters are in 'two words'?" derives "9"
2026-10-09T15:05:55.2578420Z   ---
2026-10-09T15:05:55.2578632Z   duration_ms: 132.236843
2026-10-09T15:05:55.2578714Z   type: 'test'
2026-10-09T15:05:55.2578783Z   ...
2026-10-09T15:05:55.2579024Z # Subtest: R1017: "Keep only the lines that start with x: 'x1\\ny2\\nx3'" derives "x1\\nx3"
2026-10-09T15:05:55.2579237Z ok 426 - R1017: "Keep only the lines that start with x: 'x1\\ny2\\nx3'" derives "x1\\nx3"
2026-10-09T15:05:55.2579312Z   ---
2026-10-09T15:05:55.2579398Z   duration_ms: 105.880765
2026-10-09T15:05:55.2579475Z   type: 'test'
2026-10-09T15:05:55.2579550Z   ...
2026-10-09T15:05:55.2579783Z # Subtest: R1017: "How many lines start with x in this text: 'x1\\ny2\\nx3'" derives "2"
2026-10-09T15:05:55.2580006Z ok 427 - R1017: "How many lines start with x in this text: 'x1\\ny2\\nx3'" derives "2"
2026-10-09T15:05:55.2580077Z   ---
2026-10-09T15:05:55.2580175Z   duration_ms: 221.96013
2026-10-09T15:05:55.2580257Z   type: 'test'
2026-10-09T15:05:55.2580326Z   ...
2026-10-09T15:05:55.2580564Z # Subtest: R1017: "Keep the lines starting with '\#': '\#a\\nb\\n\#c'" derives "\#a\\n\#c"
2026-10-09T15:05:55.2580784Z ok 428 - R1017: "Keep the lines starting with '\#': '\#a\\nb\\n\#c'" derives "\#a\\n\#c"
2026-10-09T15:05:55.2580862Z   ---
2026-10-09T15:05:55.2580945Z   duration_ms: 86.504362
2026-10-09T15:05:55.2581026Z   type: 'test'
2026-10-09T15:05:55.2581096Z   ...
2026-10-09T15:05:55.2581378Z # Subtest: R1017: "Сколько строк начинается с x в тексте: 'x1\\ny2\\nx3'" derives "2"
2026-10-09T15:05:55.2581628Z ok 429 - R1017: "Сколько строк начинается с x в тексте: 'x1\\ny2\\nx3'" derives "2"
2026-10-09T15:05:55.2581705Z   ---
2026-10-09T15:05:55.2581794Z   duration_ms: 95.088174
2026-10-09T15:05:55.2581871Z   type: 'test'
2026-10-09T15:05:55.2581945Z   ...
2026-10-09T15:05:55.2582215Z # Subtest: R1017: "x से शुरू होने वाली पंक्तियाँ रखें: 'x1\\ny2\\nx3'" derives "x1\\nx3"
2026-10-09T15:05:55.2582463Z ok 430 - R1017: "x से शुरू होने वाली पंक्तियाँ रखें: 'x1\\ny2\\nx3'" derives "x1\\nx3"
2026-10-09T15:05:55.2582537Z   ---
2026-10-09T15:05:55.2582616Z   duration_ms: 71.656289
2026-10-09T15:05:55.2582950Z   type: 'test'
2026-10-09T15:05:55.2583021Z   ...
2026-10-09T15:05:55.2583180Z # Subtest: R1017: "Count the vowels in 'formal'" derives "2"
2026-10-09T15:05:55.2583326Z ok 431 - R1017: "Count the vowels in 'formal'" derives "2"
2026-10-09T15:05:55.2583406Z   ---
2026-10-09T15:05:55.2583489Z   duration_ms: 135.005803
2026-10-09T15:05:55.2583572Z   type: 'test'
2026-10-09T15:05:55.2583649Z   ...
2026-10-09T15:05:55.2583822Z # Subtest: R1017: "How many vowels are in 'Formal Area'?" derives "5"
2026-10-09T15:05:55.2584122Z ok 432 - R1017: "How many vowels are in 'Formal Area'?" derives "5"
2026-10-09T15:05:55.2584194Z   ---
2026-10-09T15:05:55.2584285Z   duration_ms: 140.384193
2026-10-09T15:05:55.2584360Z   type: 'test'
2026-10-09T15:05:55.2584433Z   ...
2026-10-09T15:05:55.2584656Z # Subtest: R1017: a counting question without a quoted payload is not a text count
2026-10-09T15:05:55.2584865Z ok 433 - R1017: a counting question without a quoted payload is not a text count
2026-10-09T15:05:55.2584943Z   ---
2026-10-09T15:05:55.2585022Z   duration_ms: 203.882847
2026-10-09T15:05:55.2585102Z   type: 'test'
2026-10-09T15:05:55.2585171Z   ...
2026-10-09T15:05:55.2585319Z # Subtest: R1017: 'many' without a counting cue still sorts
2026-10-09T15:05:55.2585450Z ok 434 - R1017: 'many' without a counting cue still sorts
2026-10-09T15:05:55.2585525Z   ---
2026-10-09T15:05:55.2585611Z   duration_ms: 41.049932
2026-10-09T15:05:55.2585686Z   type: 'test'
2026-10-09T15:05:55.2585762Z   ...
2026-10-09T15:05:55.2585967Z # Subtest: R1017: format conversion keeps payload keys that name count units
2026-10-09T15:05:55.2586155Z ok 435 - R1017: format conversion keeps payload keys that name count units
2026-10-09T15:05:55.2586226Z   ---
2026-10-09T15:05:55.2586312Z   duration_ms: 80.554544
2026-10-09T15:05:55.2586387Z   type: 'test'
2026-10-09T15:05:55.2586457Z   ...
2026-10-09T15:05:55.2586741Z # Subtest: R1017: an inline line count is a text operation ("Count the lines in this text: 'a\\nb\\nc'")
2026-10-09T15:05:55.2587117Z ok 436 - R1017: an inline line count is a text operation ("Count the lines in this text: 'a\\nb\\nc'")
2026-10-09T15:05:55.2587192Z   ---
2026-10-09T15:05:55.2587275Z   duration_ms: 2802.786761
2026-10-09T15:05:55.2587354Z   type: 'test'
2026-10-09T15:05:55.2587423Z   ...
2026-10-09T15:05:55.2587644Z # Subtest: R1017: an inline line count is a text operation ("Count lines: 'a\\nb\\nc'")
2026-10-09T15:05:55.2587849Z ok 437 - R1017: an inline line count is a text operation ("Count lines: 'a\\nb\\nc'")
2026-10-09T15:05:55.2587919Z   ---
2026-10-09T15:05:55.2588009Z   duration_ms: 123.178541
2026-10-09T15:05:55.2588087Z   type: 'test'
2026-10-09T15:05:55.2588162Z   ...
2026-10-09T15:05:55.2588415Z # Subtest: R1017: an inline line count is a text operation ("Line count of this text: 'a\\nb\\nc'")
2026-10-09T15:05:55.2588659Z ok 438 - R1017: an inline line count is a text operation ("Line count of this text: 'a\\nb\\nc'")
2026-10-09T15:05:55.2588735Z   ---
2026-10-09T15:05:55.2588816Z   duration_ms: 86.923
2026-10-09T15:05:55.2588899Z   type: 'test'
2026-10-09T15:05:55.2588969Z   ...
2026-10-09T15:05:55.2589166Z # Subtest: R1017: the shell composer steps aside for an inline text payload
2026-10-09T15:05:55.2589340Z ok 439 - R1017: the shell composer steps aside for an inline text payload
2026-10-09T15:05:55.2589414Z   ---
2026-10-09T15:05:55.2589495Z   duration_ms: 3.619418
2026-10-09T15:05:55.2589575Z   type: 'test'
2026-10-09T15:05:55.2589649Z   ...
2026-10-09T15:05:55.2589806Z # Subtest: R1017: a file operand still composes a shell command
2026-10-09T15:05:55.2589956Z ok 440 - R1017: a file operand still composes a shell command
2026-10-09T15:05:55.2590026Z   ---
2026-10-09T15:05:55.2590112Z   duration_ms: 144.20436
2026-10-09T15:05:55.2590189Z   type: 'test'
2026-10-09T15:05:55.2590263Z   ...
2026-10-09T15:05:55.2590510Z # Subtest: R1017: the weekday of a stated date is computed (What day of the week was 2024-02-29?)
2026-10-09T15:05:55.2590751Z ok 441 - R1017: the weekday of a stated date is computed (What day of the week was 2024-02-29?)
2026-10-09T15:05:55.2590829Z   ---
2026-10-09T15:05:55.2590913Z   duration_ms: 2807.985019
2026-10-09T15:05:55.2590994Z   type: 'test'
2026-10-09T15:05:55.2591064Z   ...
2026-10-09T15:05:55.2591289Z # Subtest: R1017: the weekday of a stated date is computed (What weekday is 2025-12-25?)
2026-10-09T15:05:55.2591491Z ok 442 - R1017: the weekday of a stated date is computed (What weekday is 2025-12-25?)
2026-10-09T15:05:55.2591567Z   ---
2026-10-09T15:05:55.2591653Z   duration_ms: 132.401258
2026-10-09T15:05:55.2591813Z   type: 'test'
2026-10-09T15:05:55.2591890Z   ...
2026-10-09T15:05:55.2592155Z # Subtest: R1017: the weekday of a stated date is computed (What day of the week was 1 January 2000?)
2026-10-09T15:05:55.2592405Z ok 443 - R1017: the weekday of a stated date is computed (What day of the week was 1 January 2000?)
2026-10-09T15:05:55.2592475Z   ---
2026-10-09T15:05:55.2592563Z   duration_ms: 74.870715
2026-10-09T15:05:55.2592898Z   type: 'test'
2026-10-09T15:05:55.2593011Z   ...
2026-10-09T15:05:55.2593296Z # Subtest: R1017: the weekday of a stated date is computed (Which day of the week is July 4, 1776?)
2026-10-09T15:05:55.2593545Z ok 444 - R1017: the weekday of a stated date is computed (Which day of the week is July 4, 1776?)
2026-10-09T15:05:55.2593620Z   ---
2026-10-09T15:05:55.2593702Z   duration_ms: 63.984357
2026-10-09T15:05:55.2593782Z   type: 'test'
2026-10-09T15:05:55.2593852Z   ...
2026-10-09T15:05:55.2594107Z # Subtest: R1017: the weekday of a stated date is computed (What day of the week was 1969-12-31?)
2026-10-09T15:05:55.2594348Z ok 445 - R1017: the weekday of a stated date is computed (What day of the week was 1969-12-31?)
2026-10-09T15:05:55.2594418Z   ---
2026-10-09T15:05:55.2594504Z   duration_ms: 62.95486
2026-10-09T15:05:55.2594578Z   type: 'test'
2026-10-09T15:05:55.2594653Z   ...
2026-10-09T15:05:55.2594823Z # Subtest: R1017: the date weekday shows its day count from the epoch
2026-10-09T15:05:55.2594987Z ok 446 - R1017: the date weekday shows its day count from the epoch
2026-10-09T15:05:55.2595192Z   ---
2026-10-09T15:05:55.2595275Z   duration_ms: 165.626326
2026-10-09T15:05:55.2595354Z   type: 'test'
2026-10-09T15:05:55.2595424Z   ...
2026-10-09T15:05:55.2595657Z # Subtest: R1017: an impossible date or an offset question is not read as a date weekday
2026-10-09T15:05:55.2595870Z ok 447 - R1017: an impossible date or an offset question is not read as a date weekday
2026-10-09T15:05:55.2595945Z   ---
2026-10-09T15:05:55.2596033Z   duration_ms: 177.82812
2026-10-09T15:05:55.2596112Z   type: 'test'
2026-10-09T15:05:55.2596191Z   ...
2026-10-09T15:05:55.2596393Z # Subtest: R1017: primality of one stated number is decided by trial division
2026-10-09T15:05:55.2596585Z ok 448 - R1017: primality of one stated number is decided by trial division
2026-10-09T15:05:55.2596654Z   ---
2026-10-09T15:05:55.2596740Z   duration_ms: 422.89823
2026-10-09T15:05:55.2596815Z   type: 'test'
2026-10-09T15:05:55.2596889Z   ...
2026-10-09T15:05:55.2597127Z # Subtest: R1017: a prime question about a range or an ordinal is not read as one number
2026-10-09T15:05:55.2597339Z ok 449 - R1017: a prime question about a range or an ordinal is not read as one number
2026-10-09T15:05:55.2597415Z   ---
2026-10-09T15:05:55.2597497Z   duration_ms: 749.495889
2026-10-09T15:05:55.2597577Z   type: 'test'
2026-10-09T15:05:55.2597646Z   ...
2026-10-09T15:05:55.2597914Z # Subtest: R1017: a spelled function application is computed (What is the square root of 144?)
2026-10-09T15:05:55.2598161Z ok 450 - R1017: a spelled function application is computed (What is the square root of 144?)
2026-10-09T15:05:55.2598232Z   ---
2026-10-09T15:05:55.2598318Z   duration_ms: 117.283446
2026-10-09T15:05:55.2598397Z   type: 'test'
2026-10-09T15:05:55.2598472Z   ...
2026-10-09T15:05:55.2598721Z # Subtest: R1017: a spelled function application is computed (Calculate the square root of 81)
2026-10-09T15:05:55.2598962Z ok 451 - R1017: a spelled function application is computed (Calculate the square root of 81)
2026-10-09T15:05:55.2599036Z   ---
2026-10-09T15:05:55.2599122Z   duration_ms: 68.716513
2026-10-09T15:05:55.2599202Z   type: 'test'
2026-10-09T15:05:55.2599272Z   ...
2026-10-09T15:05:55.2599655Z # Subtest: R1017: a spelled function application is computed (Сколько будет квадратный корень из 144?)
2026-10-09T15:05:55.2599985Z ok 452 - R1017: a spelled function application is computed (Сколько будет квадратный корень из 144?)
2026-10-09T15:05:55.2600058Z   ---
2026-10-09T15:05:55.2600138Z   duration_ms: 95.365086
2026-10-09T15:05:55.2600339Z   type: 'test'
2026-10-09T15:05:55.2600418Z   ...
2026-10-09T15:05:55.2600628Z # Subtest: R1017: a spelled function application is computed (What is sqrt(144)?)
2026-10-09T15:05:55.2600829Z ok 453 - R1017: a spelled function application is computed (What is sqrt(144)?)
2026-10-09T15:05:55.2600901Z   ---
2026-10-09T15:05:55.2600985Z   duration_ms: 107.310547
2026-10-09T15:05:55.2601060Z   type: 'test'
2026-10-09T15:05:55.2601135Z   ...
2026-10-09T15:05:55.2601373Z # Subtest: R1017: a spelled function application is computed (What is the square root of 2?)
2026-10-09T15:05:55.2601614Z ok 454 - R1017: a spelled function application is computed (What is the square root of 2?)
2026-10-09T15:05:55.2601688Z   ---
2026-10-09T15:05:55.2601768Z   duration_ms: 90.576434
2026-10-09T15:05:55.2601850Z   type: 'test'
2026-10-09T15:05:55.2601918Z   ...
2026-10-09T15:05:55.2602149Z # Subtest: R1017: a statement about a function value is not rewritten into a calculation
2026-10-09T15:05:55.2602362Z ok 455 - R1017: a statement about a function value is not rewritten into a calculation
2026-10-09T15:05:55.2602436Z   ---
2026-10-09T15:05:55.2602522Z   duration_ms: 1.285509
2026-10-09T15:05:55.2602596Z   type: 'test'
2026-10-09T15:05:55.2602917Z   ...
2026-10-09T15:05:55.2603124Z # Subtest: R1017: a list transformation without code answers with the result
2026-10-09T15:05:55.2603314Z ok 456 - R1017: a list transformation without code answers with the result
2026-10-09T15:05:55.2603384Z   ---
2026-10-09T15:05:55.2603606Z   duration_ms: 11768.369467
2026-10-09T15:05:55.2603681Z   type: 'test'
2026-10-09T15:05:55.2603756Z   ...
2026-10-09T15:05:55.2604036Z # Subtest: a ts twin rendered as one line of spaced tokens is refused; the layout-carrying twin passes
2026-10-09T15:05:55.2604292Z ok 457 - a ts twin rendered as one line of spaced tokens is refused; the layout-carrying twin passes
2026-10-09T15:05:55.2604367Z   ---
2026-10-09T15:05:55.2604447Z   duration_ms: 87.317834
2026-10-09T15:05:55.2604527Z   type: 'test'
2026-10-09T15:05:55.2604600Z   ...
2026-10-09T15:05:55.2604852Z # Subtest: string, template and comment text is data, not code; the code around it is counted
2026-10-09T15:05:55.2605091Z ok 458 - string, template and comment text is data, not code; the code around it is counted
2026-10-09T15:05:55.2605161Z   ---
2026-10-09T15:05:55.2605246Z   duration_ms: 8.623185
2026-10-09T15:05:55.2605320Z   type: 'test'
2026-10-09T15:05:55.2605398Z   ...
2026-10-09T15:05:55.2605515Z # Subtest: the measured roots and code extensions
2026-10-09T15:05:55.2605638Z ok 459 - the measured roots and code extensions
2026-10-09T15:05:55.2605708Z   ---
2026-10-09T15:05:55.2605794Z   duration_ms: 0.325444
2026-10-09T15:05:55.2605873Z   type: 'test'
2026-10-09T15:05:55.2605944Z   ...
2026-10-09T15:05:55.2606172Z # Subtest: every exemption names a reason, and a stale or reasonless exemption fails
2026-10-09T15:05:55.2606382Z ok 460 - every exemption names a reason, and a stale or reasonless exemption fails
2026-10-09T15:05:55.2606456Z   ---
2026-10-09T15:05:55.2606541Z   duration_ms: 51.501293
2026-10-09T15:05:55.2606620Z   type: 'test'
2026-10-09T15:05:55.2606694Z   ...
2026-10-09T15:05:55.2606915Z # Subtest: the JSX line breaker splits only at element and attribute boundaries, once
2026-10-09T15:05:55.2607126Z ok 461 - the JSX line breaker splits only at element and attribute boundaries, once
2026-10-09T15:05:55.2607197Z   ---
2026-10-09T15:05:55.2607282Z   duration_ms: 5.003827
2026-10-09T15:05:55.2607356Z   type: 'test'
2026-10-09T15:05:55.2607439Z   ...
2026-10-09T15:05:55.2607567Z # Subtest: the committed repository passes the gate
2026-10-09T15:05:55.2607706Z not ok 462 - the committed repository passes the gate
2026-10-09T15:05:55.2607781Z   ---
2026-10-09T15:05:55.2607864Z   duration_ms: 11375.462022
2026-10-09T15:05:55.2607942Z   type: 'test'
2026-10-09T15:05:55.2608213Z   location: '/home/runner/work/formal-ai/formal-ai/rust/tests/web/readable-code.test.mjs:106:1'
2026-10-09T15:05:55.2608317Z   failureType: 'testCodeFailure'
2026-10-09T15:05:55.2608508Z   error: |-
2026-10-09T15:05:55.2608862Z     rust/tests/web/container-source-event-cli.test.mjs: long line: 1 line(s) over 300 code characters, at 43 (308)
2026-10-09T15:05:55.2609414Z     readable code: 1 unreadable file(s) of 3806; break the lines (fix the generator for a generated file), or list a true bundle with its reason in data/meta/readable-code-exemptions.lino
2026-10-09T15:05:55.2609487Z     
2026-10-09T15:05:55.2609570Z     true !== false
2026-10-09T15:05:55.2609643Z     
2026-10-09T15:05:55.2609731Z   code: 'ERR_ASSERTION'
2026-10-09T15:05:55.2609819Z   name: 'AssertionError'
2026-10-09T15:05:55.2609900Z   expected: false
2026-10-09T15:05:55.2609981Z   actual: true
2026-10-09T15:05:55.2610065Z   operator: 'strictEqual'
2026-10-09T15:05:55.2610143Z   stack: |-
2026-10-09T15:05:55.2610495Z     TestContext.<anonymous> (file:///home/runner/work/formal-ai/formal-ai/rust/tests/web/readable-code.test.mjs:108:10)
2026-10-09T15:05:55.2610622Z     Test.runInAsyncScope (node:async_hooks:214:14)
2026-10-09T15:05:55.2610748Z     Test.run (node:internal/test_runner/test:1047:25)
2026-10-09T15:05:55.2610941Z     Test.processPendingSubtests (node:internal/test_runner/test:744:18)
2026-10-09T15:05:55.2611080Z     Test.postRun (node:internal/test_runner/test:1173:19)
2026-10-09T15:05:55.2611196Z     Test.run (node:internal/test_runner/test:1101:12)
2026-10-09T15:05:55.2611402Z     async Test.processPendingSubtests (node:internal/test_runner/test:744:7)
2026-10-09T15:05:55.2611590Z   ...
2026-10-09T15:05:55.2611935Z # Subtest: authoring observes a framed session and byte-preserving artifact contract, then lands without committing
2026-10-09T15:05:55.2612263Z ok 463 - authoring observes a framed session and byte-preserving artifact contract, then lands without committing
2026-10-09T15:05:55.2612332Z   ---
2026-10-09T15:05:55.2612416Z   duration_ms: 1583.982651
2026-10-09T15:05:55.2612490Z   type: 'test'
2026-10-09T15:05:55.2612564Z   ...
2026-10-09T15:05:55.2613187Z # Subtest: explicit commit contains all four trailers and the already-opened trace gate
2026-10-09T15:05:55.2613433Z ok 464 - explicit commit contains all four trailers and the already-opened trace gate
2026-10-09T15:05:55.2613504Z   ---
2026-10-09T15:05:55.2613594Z   duration_ms: 102.753473
2026-10-09T15:05:55.2613673Z   type: 'test'
2026-10-09T15:05:55.2613743Z   ...
2026-10-09T15:05:55.2614057Z # Subtest: missing contains, unchanged seed and missing session each stop before landing and close the server
2026-10-09T15:05:55.2614359Z ok 465 - missing contains, unchanged seed and missing session each stop before landing and close the server
2026-10-09T15:05:55.2614433Z   ---
2026-10-09T15:05:55.2614514Z   duration_ms: 198.536045
2026-10-09T15:05:55.2614598Z   type: 'test'
2026-10-09T15:05:55.2614673Z   ...
2026-10-09T15:05:55.2614952Z # Subtest: a removed serve stage starts no server and an ambient workspace or hosted model is refused
2026-10-09T15:05:55.2615216Z ok 466 - a removed serve stage starts no server and an ambient workspace or hosted model is refused
2026-10-09T15:05:55.2615290Z   ---
2026-10-09T15:05:55.2615378Z   duration_ms: 39.011867
2026-10-09T15:05:55.2615452Z   type: 'test'
2026-10-09T15:05:55.2615525Z   ...
2026-10-09T15:05:55.2615790Z # Subtest: live CLI routes coding-ladder task JSON and refuses unknown callers before host setup
2026-10-09T15:05:55.2616036Z ok 467 - live CLI routes coding-ladder task JSON and refuses unknown callers before host setup
2026-10-09T15:05:55.2616148Z   ---
2026-10-09T15:05:55.2616236Z   duration_ms: 1276.246237
2026-10-09T15:05:55.2616315Z   type: 'test'
2026-10-09T15:05:55.2616384Z   ...
2026-10-09T15:05:55.2616655Z # Subtest: obligations, directives, checklists and requirement sections are listed once, in order
2026-10-09T15:05:55.2616911Z ok 468 - obligations, directives, checklists and requirement sections are listed once, in order
2026-10-09T15:05:55.2616986Z   ---
2026-10-09T15:05:55.2617069Z   duration_ms: 807.774
2026-10-09T15:05:55.2617143Z   type: 'test'
2026-10-09T15:05:55.2617215Z   ...
2026-10-09T15:05:55.2617474Z # Subtest: code, quotes and headings are never units
2026-10-09T15:05:55.2617601Z ok 469 - code, quotes and headings are never units
2026-10-09T15:05:55.2617670Z   ---
2026-10-09T15:05:55.2617754Z   duration_ms: 0.547912
2026-10-09T15:05:55.2617830Z   type: 'test'
2026-10-09T15:05:55.2617899Z   ...
2026-10-09T15:05:55.2618024Z # Subtest: every seeded language states requirements
2026-10-09T15:05:55.2618136Z ok 470 - every seeded language states requirements
2026-10-09T15:05:55.2618214Z   ---
2026-10-09T15:05:55.2618292Z   duration_ms: 1.28435
2026-10-09T15:05:55.2618371Z   type: 'test'
2026-10-09T15:05:55.2618442Z   ...
2026-10-09T15:05:55.2618650Z # Subtest: a definition of done states a requirement in every seeded language
2026-10-09T15:05:55.2618841Z ok 471 - a definition of done states a requirement in every seeded language
2026-10-09T15:05:55.2618912Z   ---
2026-10-09T15:05:55.2618997Z   duration_ms: 1.405177
2026-10-09T15:05:55.2619072Z   type: 'test'
2026-10-09T15:05:55.2619146Z   ...
2026-10-09T15:05:55.2619265Z # Subtest: the issue benchmark keeps its floors
2026-10-09T15:05:55.2619380Z ok 472 - the issue benchmark keeps its floors
2026-10-09T15:05:55.2619449Z   ---
2026-10-09T15:05:55.2619534Z   duration_ms: 667.857553
2026-10-09T15:05:55.2619613Z   type: 'test'
2026-10-09T15:05:55.2619685Z   ...
2026-10-09T15:05:55.2619868Z # Subtest: the round trip chooses among the surfaces Wiktionary offers
2026-10-09T15:05:55.2620032Z ok 473 - the round trip chooses among the surfaces Wiktionary offers
2026-10-09T15:05:55.2620224Z   ---
2026-10-09T15:05:55.2620308Z   duration_ms: 2259.654294
2026-10-09T15:05:55.2620388Z   type: 'test'
2026-10-09T15:05:55.2620457Z   ...
2026-10-09T15:05:55.2620673Z # Subtest: the chat translation answers with the surface whose meaning comes back
2026-10-09T15:05:55.2620879Z ok 474 - the chat translation answers with the surface whose meaning comes back
2026-10-09T15:05:55.2620949Z   ---
2026-10-09T15:05:55.2621035Z   duration_ms: 489.495674
2026-10-09T15:05:55.2621112Z   type: 'test'
2026-10-09T15:05:55.2621187Z   ...
2026-10-09T15:05:55.2621404Z # Subtest: where the round trip cannot tell the surfaces apart, the first one stands
2026-10-09T15:05:55.2621615Z ok 475 - where the round trip cannot tell the surfaces apart, the first one stands
2026-10-09T15:05:55.2621689Z   ---
2026-10-09T15:05:55.2621769Z   duration_ms: 32.682801
2026-10-09T15:05:55.2621847Z   type: 'test'
2026-10-09T15:05:55.2621917Z   ...
2026-10-09T15:05:55.2622039Z # Subtest: a stock phrase keeps its first form
2026-10-09T15:05:55.2622145Z ok 476 - a stock phrase keeps its first form
2026-10-09T15:05:55.2622222Z   ---
2026-10-09T15:05:55.2622302Z   duration_ms: 35.787639
2026-10-09T15:05:55.2622381Z   type: 'test'
2026-10-09T15:05:55.2622452Z   ...
2026-10-09T15:05:55.2623038Z # Subtest: every original assertion executes from actual native source: natural_language_skill_compiles_to_reusable_package
2026-10-09T15:05:55.2623400Z ok 477 - every original assertion executes from actual native source: natural_language_skill_compiles_to_reusable_package
2026-10-09T15:05:55.2623469Z   ---
2026-10-09T15:05:55.2623556Z   duration_ms: 3611.446755
2026-10-09T15:05:55.2623630Z   type: 'test'
2026-10-09T15:05:55.2623704Z   ...
2026-10-09T15:05:55.2624091Z # Subtest: every original assertion executes from actual native source: natural_language_skill_compiles_supported_language_shapes
2026-10-09T15:05:55.2624456Z ok 478 - every original assertion executes from actual native source: natural_language_skill_compiles_supported_language_shapes
2026-10-09T15:05:55.2624533Z   ---
2026-10-09T15:05:55.2624618Z   duration_ms: 2183.756869
2026-10-09T15:05:55.2624697Z   type: 'test'
2026-10-09T15:05:55.2624767Z   ...
2026-10-09T15:05:55.2625200Z # Subtest: every original assertion executes from actual native source: compiled_package_replays_deterministically_and_exports_links_notation
2026-10-09T15:05:55.2625758Z ok 479 - every original assertion executes from actual native source: compiled_package_replays_deterministically_and_exports_links_notation
2026-10-09T15:05:55.2625831Z   ---
2026-10-09T15:05:55.2625915Z   duration_ms: 2136.744142
2026-10-09T15:05:55.2625988Z   type: 'test'
2026-10-09T15:05:55.2626062Z   ...
2026-10-09T15:05:55.2626461Z # Subtest: every original assertion executes from actual native source: solver_prefers_compiled_skill_from_history_and_records_cache_hit
2026-10-09T15:05:55.2626855Z ok 480 - every original assertion executes from actual native source: solver_prefers_compiled_skill_from_history_and_records_cache_hit
2026-10-09T15:05:55.2626936Z   ---
2026-10-09T15:05:55.2627016Z   duration_ms: 4968.858985
2026-10-09T15:05:55.2627097Z   type: 'test'
2026-10-09T15:05:55.2627175Z   ...
2026-10-09T15:05:55.2627553Z # Subtest: every original assertion executes from actual native source: behavior_rules_count_includes_dialog_local_runtime_rules
2026-10-09T15:05:55.2627912Z ok 481 - every original assertion executes from actual native source: behavior_rules_count_includes_dialog_local_runtime_rules
2026-10-09T15:05:55.2627985Z   ---
2026-10-09T15:05:55.2628072Z   duration_ms: 5077.898187
2026-10-09T15:05:55.2628148Z   type: 'test'
2026-10-09T15:05:55.2628224Z   ...
2026-10-09T15:05:55.2628497Z # Subtest: arbitrary local record names and imported compiler aliases use one typed loop mechanism
2026-10-09T15:05:55.2628756Z ok 482 - arbitrary local record names and imported compiler aliases use one typed loop mechanism
2026-10-09T15:05:55.2628826Z   ---
2026-10-09T15:05:55.2628912Z   duration_ms: 2.218548
2026-10-09T15:05:55.2629108Z   type: 'test'
2026-10-09T15:05:55.2629178Z   ...
2026-10-09T15:05:55.2629381Z # Subtest: wrong assertions fail and stop before later original operations
2026-10-09T15:05:55.2629561Z ok 483 - wrong assertions fail and stop before later original operations
2026-10-09T15:05:55.2629637Z   ---
2026-10-09T15:05:55.2629719Z   duration_ms: 2587.27047
2026-10-09T15:05:55.2629799Z   type: 'test'
2026-10-09T15:05:55.2629867Z   ...
2026-10-09T15:05:55.2630128Z # Subtest: unknown fields and effects reject the entire case rather than dropping assertions
2026-10-09T15:05:55.2630368Z ok 484 - unknown fields and effects reject the entire case rather than dropping assertions
2026-10-09T15:05:55.2630438Z   ---
2026-10-09T15:05:55.2630523Z   duration_ms: 0.70054
2026-10-09T15:05:55.2630598Z   type: 'test'
2026-10-09T15:05:55.2630675Z   ...
2026-10-09T15:05:55.2630864Z # Subtest: Result and Option expectations execute genuine failure states
2026-10-09T15:05:55.2631049Z ok 485 - Result and Option expectations execute genuine failure states
2026-10-09T15:05:55.2631129Z   ---
2026-10-09T15:05:55.2631212Z   duration_ms: 2.359794
2026-10-09T15:05:55.2631293Z   type: 'test'
2026-10-09T15:05:55.2631362Z   ...
2026-10-09T15:05:55.2631562Z # Subtest: engine, offline and misleading helper bodies remain unsupported
2026-10-09T15:05:55.2631739Z ok 486 - engine, offline and misleading helper bodies remain unsupported
2026-10-09T15:05:55.2631815Z   ---
2026-10-09T15:05:55.2631894Z   duration_ms: 1.409154
2026-10-09T15:05:55.2631973Z   type: 'test'
2026-10-09T15:05:55.2632050Z   ...
2026-10-09T15:05:55.2632319Z # Subtest: actual earlier answers enter history and newest user packages preserve dedup controls
2026-10-09T15:05:55.2632578Z ok 487 - actual earlier answers enter history and newest user packages preserve dedup controls
2026-10-09T15:05:55.2632895Z   ---
2026-10-09T15:05:55.2633009Z   duration_ms: 2509.73439
2026-10-09T15:05:55.2633087Z   type: 'test'
2026-10-09T15:05:55.2633163Z   ...
2026-10-09T15:05:55.2633410Z # Subtest: native source identity and fixture freshness cannot be invented by callers
2026-10-09T15:05:55.2633632Z ok 488 - native source identity and fixture freshness cannot be invented by callers
2026-10-09T15:05:55.2633707Z   ---
2026-10-09T15:05:55.2633787Z   duration_ms: 2.12997
2026-10-09T15:05:55.2633867Z   type: 'test'
2026-10-09T15:05:55.2633936Z   ...
2026-10-09T15:05:55.2634138Z # Subtest: effectful array elements execute in native left-to-right order
2026-10-09T15:05:55.2634453Z ok 489 - effectful array elements execute in native left-to-right order
2026-10-09T15:05:55.2634542Z   ---
2026-10-09T15:05:55.2634631Z   duration_ms: 17.090234
2026-10-09T15:05:55.2634708Z   type: 'test'
2026-10-09T15:05:55.2634781Z   ...
2026-10-09T15:05:55.2634955Z # Subtest: diagnostic field chains cannot hide an unexecuted effect
2026-10-09T15:05:55.2635122Z ok 490 - diagnostic field chains cannot hide an unexecuted effect
2026-10-09T15:05:55.2635192Z   ---
2026-10-09T15:05:55.2635277Z   duration_ms: 0.466207
2026-10-09T15:05:55.2635359Z   type: 'test'
2026-10-09T15:05:55.2635428Z   ...
2026-10-09T15:05:55.2635570Z # Subtest: without consent the import keeps every event
2026-10-09T15:05:55.2635696Z ok 491 - without consent the import keeps every event
2026-10-09T15:05:55.2635770Z   ---
2026-10-09T15:05:55.2635849Z   duration_ms: 6.97622
2026-10-09T15:05:55.2635928Z   type: 'test'
2026-10-09T15:05:55.2635998Z   ...
2026-10-09T15:05:55.2636189Z # Subtest: a declined choice keeps every event and is not "never asked"
2026-10-09T15:05:55.2636377Z ok 492 - a declined choice keeps every event and is not "never asked"
2026-10-09T15:05:55.2636449Z   ---
2026-10-09T15:05:55.2636534Z   duration_ms: 1.684072
2026-10-09T15:05:55.2636608Z   type: 'test'
2026-10-09T15:05:55.2636684Z   ...
2026-10-09T15:05:55.2636902Z # Subtest: with consent the import purges a deleted conversation, marker included
2026-10-09T15:05:55.2637110Z ok 493 - with consent the import purges a deleted conversation, marker included
2026-10-09T15:05:55.2637294Z   ---
2026-10-09T15:05:55.2637381Z   duration_ms: 41.990891
2026-10-09T15:05:55.2637462Z   type: 'test'
2026-10-09T15:05:55.2637532Z   ...
2026-10-09T15:05:55.2637693Z # Subtest: the preference sidecar sits next to the memory file
2026-10-09T15:05:55.2637845Z ok 494 - the preference sidecar sits next to the memory file
2026-10-09T15:05:55.2637918Z   ---
2026-10-09T15:05:55.2638001Z   duration_ms: 0.402428
2026-10-09T15:05:55.2638080Z   type: 'test'
2026-10-09T15:05:55.2638154Z   ...
2026-10-09T15:05:55.2638448Z # Subtest: duplicate recomputable records keep the most-used copy and leave a reconstruction record
2026-10-09T15:05:55.2638727Z ok 495 - duplicate recomputable records keep the most-used copy and leave a reconstruction record
2026-10-09T15:05:55.2638797Z   ---
2026-10-09T15:05:55.2638881Z   duration_ms: 7.536709
2026-10-09T15:05:55.2638953Z   type: 'test'
2026-10-09T15:05:55.2639026Z   ...
2026-10-09T15:05:55.2639242Z # Subtest: pressure eviction stops at the target and never touches raw experience
2026-10-09T15:05:55.2639456Z ok 496 - pressure eviction stops at the target and never touches raw experience
2026-10-09T15:05:55.2639530Z   ---
2026-10-09T15:05:55.2639611Z   duration_ms: 9.399925
2026-10-09T15:05:55.2639688Z   type: 'test'
2026-10-09T15:05:55.2639757Z   ...
2026-10-09T15:05:55.2639950Z # Subtest: the planner keeps raw messages and learning out of every action
2026-10-09T15:05:55.2640127Z ok 497 - the planner keeps raw messages and learning out of every action
2026-10-09T15:05:55.2640200Z   ---
2026-10-09T15:05:55.2640287Z   duration_ms: 1.152391
2026-10-09T15:05:55.2640362Z   type: 'test'
2026-10-09T15:05:55.2640435Z   ...
2026-10-09T15:05:55.2640567Z # Subtest: the Debug rendering escapes like Rust `str`
2026-10-09T15:05:55.2640695Z ok 498 - the Debug rendering escapes like Rust `str`
2026-10-09T15:05:55.2640766Z   ---
2026-10-09T15:05:55.2640854Z   duration_ms: 0.374686
2026-10-09T15:05:55.2640927Z   type: 'test'
2026-10-09T15:05:55.2641001Z   ...
2026-10-09T15:05:55.2641274Z # Subtest: consented freeing bakes the learned amendment and forgets the covered specifics first
2026-10-09T15:05:55.2641525Z ok 499 - consented freeing bakes the learned amendment and forgets the covered specifics first
2026-10-09T15:05:55.2641601Z   ---
2026-10-09T15:05:55.2641684Z   duration_ms: 4013.739344
2026-10-09T15:05:55.2641763Z   type: 'test'
2026-10-09T15:05:55.2641833Z   ...
2026-10-09T15:05:55.2642071Z # Subtest: a repeated tool procedure becomes a held-out-validated algorithm proposal
2026-10-09T15:05:55.2642388Z ok 500 - a repeated tool procedure becomes a held-out-validated algorithm proposal
2026-10-09T15:05:55.2642460Z   ---
2026-10-09T15:05:55.2642544Z   duration_ms: 4.914647
2026-10-09T15:05:55.2642811Z   type: 'test'
2026-10-09T15:05:55.2642954Z   ...
2026-10-09T15:05:55.2643182Z # Subtest: the prompt link is the one the Rust server answers with
2026-10-09T15:05:55.2643349Z ok 501 - the prompt link is the one the Rust server answers with
2026-10-09T15:05:55.2643421Z   ---
2026-10-09T15:05:55.2643518Z   duration_ms: 1637.737159
2026-10-09T15:05:55.2643597Z   type: 'test'
2026-10-09T15:05:55.2643665Z   ...
2026-10-09T15:05:55.2643900Z # Subtest: event ids hash kind, position and payload exactly as EventLog::append
2026-10-09T15:05:55.2644100Z ok 502 - event ids hash kind, position and payload exactly as EventLog::append
2026-10-09T15:05:55.2644175Z   ---
2026-10-09T15:05:55.2644254Z   duration_ms: 1.091656
2026-10-09T15:05:55.2644337Z   type: 'test'
2026-10-09T15:05:55.2644406Z   ...
2026-10-09T15:05:55.2644536Z # Subtest: every arm shape of build_evidence_links
2026-10-09T15:05:55.2644655Z ok 503 - every arm shape of build_evidence_links
2026-10-09T15:05:55.2644723Z   ---
2026-10-09T15:05:55.2644807Z   duration_ms: 0.486596
2026-10-09T15:05:55.2644881Z   type: 'test'
2026-10-09T15:05:55.2644955Z   ...
2026-10-09T15:05:55.2645119Z # Subtest: the Responses evidence projects the worker's native log
2026-10-09T15:05:55.2645276Z ok 504 - the Responses evidence projects the worker's native log
2026-10-09T15:05:55.2645491Z   ---
2026-10-09T15:05:55.2645574Z   duration_ms: 998.052414
2026-10-09T15:05:55.2645653Z   type: 'test'
2026-10-09T15:05:55.2645723Z   ...
2026-10-09T15:05:55.2645884Z # Subtest: execution_report renders the recorded toolchain run
2026-10-09T15:05:55.2646031Z ok 505 - execution_report renders the recorded toolchain run
2026-10-09T15:05:55.2646105Z   ---
2026-10-09T15:05:55.2646187Z   duration_ms: 33.329065
2026-10-09T15:05:55.2646265Z   type: 'test'
2026-10-09T15:05:55.2646338Z   ...
2026-10-09T15:05:55.2646566Z # Subtest: a rediscovered program reports its page, not the language's recorded run
2026-10-09T15:05:55.2646786Z ok 506 - a rediscovered program reports its page, not the language's recorded run
2026-10-09T15:05:55.2646856Z   ---
2026-10-09T15:05:55.2646944Z   duration_ms: 1139.749784
2026-10-09T15:05:55.2647019Z   type: 'test'
2026-10-09T15:05:55.2647094Z   ...
2026-10-09T15:05:55.2647274Z # Subtest: a follow-up program edit carries the native execution report
2026-10-09T15:05:55.2647450Z ok 507 - a follow-up program edit carries the native execution report
2026-10-09T15:05:55.2647526Z   ---
2026-10-09T15:05:55.2647606Z   duration_ms: 220.512218
2026-10-09T15:05:55.2647685Z   type: 'test'
2026-10-09T15:05:55.2647753Z   ...
2026-10-09T15:05:55.2647957Z # Subtest: f64 renders like zmij: fixed between 1e-5 and 1e16, exponent otherwise
2026-10-09T15:05:55.2648154Z ok 508 - f64 renders like zmij: fixed between 1e-5 and 1e16, exponent otherwise
2026-10-09T15:05:55.2648228Z   ---
2026-10-09T15:05:55.2648311Z   duration_ms: 1.788057
2026-10-09T15:05:55.2648391Z   type: 'test'
2026-10-09T15:05:55.2648466Z   ...
2026-10-09T15:05:55.2648635Z # Subtest: f32 renders its own shortest digits with the f32 thresholds
2026-10-09T15:05:55.2648800Z ok 509 - f32 renders its own shortest digits with the f32 thresholds
2026-10-09T15:05:55.2648871Z   ---
2026-10-09T15:05:55.2648956Z   duration_ms: 0.665103
2026-10-09T15:05:55.2649030Z   type: 'test'
2026-10-09T15:05:55.2649105Z   ...
2026-10-09T15:05:55.2649256Z # Subtest: float markers render in pretty and compact bodies
2026-10-09T15:05:55.2649398Z ok 510 - float markers render in pretty and compact bodies
2026-10-09T15:05:55.2649472Z   ---
2026-10-09T15:05:55.2649551Z   duration_ms: 0.273915
2026-10-09T15:05:55.2649629Z   type: 'test'
2026-10-09T15:05:55.2649697Z   ...
2026-10-09T15:05:55.2649883Z # Subtest: parseJson keeps every number the kind serde_json reads it as
2026-10-09T15:05:55.2650049Z ok 511 - parseJson keeps every number the kind serde_json reads it as
2026-10-09T15:05:55.2650240Z   ---
2026-10-09T15:05:55.2650327Z   duration_ms: 2.130131
2026-10-09T15:05:55.2650401Z   type: 'test'
2026-10-09T15:05:55.2650476Z   ...
2026-10-09T15:05:55.2650619Z # Subtest: a recorded exchange keeps request floats floats
2026-10-09T15:05:55.2650759Z ok 512 - a recorded exchange keeps request floats floats
2026-10-09T15:05:55.2650828Z   ---
2026-10-09T15:05:55.2650912Z   duration_ms: 1.686966
2026-10-09T15:05:55.2650986Z   type: 'test'
2026-10-09T15:05:55.2651065Z   ...
2026-10-09T15:05:55.2651251Z # Subtest: the dialog scope holds the declared session id for one request
2026-10-09T15:05:55.2651423Z ok 513 - the dialog scope holds the declared session id for one request
2026-10-09T15:05:55.2651497Z   ---
2026-10-09T15:05:55.2651575Z   duration_ms: 9.205703
2026-10-09T15:05:55.2651654Z   type: 'test'
2026-10-09T15:05:55.2651722Z   ...
2026-10-09T15:05:55.2651843Z # Subtest: fixtures cover every readable schema
2026-10-09T15:05:55.2651953Z ok 514 - fixtures cover every readable schema
2026-10-09T15:05:55.2652032Z   ---
2026-10-09T15:05:55.2652119Z   duration_ms: 897.067461
2026-10-09T15:05:55.2652192Z   type: 'test'
2026-10-09T15:05:55.2652266Z   ...
2026-10-09T15:05:55.2652561Z # Subtest: upgrade-status prints the full machine-readable status and mutates nothing (R982-1, R982-2)
2026-10-09T15:05:55.2653011Z ok 515 - upgrade-status prints the full machine-readable status and mutates nothing (R982-1, R982-2)
2026-10-09T15:05:55.2653083Z   ---
2026-10-09T15:05:55.2653294Z   duration_ms: 450.982781
2026-10-09T15:05:55.2653373Z   type: 'test'
2026-10-09T15:05:55.2653442Z   ...
2026-10-09T15:05:55.2653674Z # Subtest: released writer escapes are valid upgrade input and round-trip losslessly
2026-10-09T15:05:55.2653887Z ok 516 - released writer escapes are valid upgrade input and round-trip losslessly
2026-10-09T15:05:55.2653962Z   ---
2026-10-09T15:05:55.2654042Z   duration_ms: 47.783099
2026-10-09T15:05:55.2654127Z   type: 'test'
2026-10-09T15:05:55.2654197Z   ...
2026-10-09T15:05:55.2654356Z # Subtest: upgrade-status for a missing path creates nothing
2026-10-09T15:05:55.2654494Z ok 517 - upgrade-status for a missing path creates nothing
2026-10-09T15:05:55.2654569Z   ---
2026-10-09T15:05:55.2654654Z   duration_ms: 398.850271
2026-10-09T15:05:55.2654730Z   type: 'test'
2026-10-09T15:05:55.2654803Z   ...
2026-10-09T15:05:55.2654965Z # Subtest: a released zero-byte store is readable and upgradeable
2026-10-09T15:05:55.2655119Z ok 518 - a released zero-byte store is readable and upgradeable
2026-10-09T15:05:55.2655192Z   ---
2026-10-09T15:05:55.2655275Z   duration_ms: 40.24606
2026-10-09T15:05:55.2655348Z   type: 'test'
2026-10-09T15:05:55.2655422Z   ...
2026-10-09T15:05:55.2655703Z # Subtest: migration is atomic, lossless, receipted, idempotent and rollback-safe (R982-5 to R982-8)
2026-10-09T15:05:55.2655963Z ok 519 - migration is atomic, lossless, receipted, idempotent and rollback-safe (R982-5 to R982-8)
2026-10-09T15:05:55.2656038Z   ---
2026-10-09T15:05:55.2656119Z   duration_ms: 1342.52608
2026-10-09T15:05:55.2656200Z   type: 'test'
2026-10-09T15:05:55.2656270Z   ...
2026-10-09T15:05:55.2656537Z # Subtest: an interrupted migration keeps the original byte-identical and is retryable (R982-6)
2026-10-09T15:05:55.2656795Z ok 520 - an interrupted migration keeps the original byte-identical and is retryable (R982-6)
2026-10-09T15:05:55.2656865Z   ---
2026-10-09T15:05:55.2656949Z   duration_ms: 55.47811
2026-10-09T15:05:55.2657023Z   type: 'test'
2026-10-09T15:05:55.2657099Z   ...
2026-10-09T15:05:55.2657384Z # Subtest: a conflicting backup is refused and the default backup is content-addressed (R982-5, R982-6)
2026-10-09T15:05:55.2657656Z ok 521 - a conflicting backup is refused and the default backup is content-addressed (R982-5, R982-6)
2026-10-09T15:05:55.2657730Z   ---
2026-10-09T15:05:55.2657811Z   duration_ms: 41.486515
2026-10-09T15:05:55.2657888Z   type: 'test'
2026-10-09T15:05:55.2657957Z   ...
2026-10-09T15:05:55.2658212Z # Subtest: a live writer lock causes a machine-readable refusal without modification (R982-4)
2026-10-09T15:05:55.2658560Z ok 522 - a live writer lock causes a machine-readable refusal without modification (R982-4)
2026-10-09T15:05:55.2658637Z   ---
2026-10-09T15:05:55.2658717Z   duration_ms: 500.947108
2026-10-09T15:05:55.2658796Z   type: 'test'
2026-10-09T15:05:55.2658868Z   ...
2026-10-09T15:05:55.2659069Z # Subtest: a future schema is refused nonzero and never modified (R982-4, R982-9)
2026-10-09T15:05:55.2659259Z ok 523 - a future schema is refused nonzero and never modified (R982-4, R982-9)
2026-10-09T15:05:55.2659331Z   ---
2026-10-09T15:05:55.2659418Z   duration_ms: 928.332409
2026-10-09T15:05:55.2659492Z   type: 'test'
2026-10-09T15:05:55.2659569Z   ...
2026-10-09T15:05:55.2659737Z # Subtest: malformed memory is refused nonzero and never modified
2026-10-09T15:05:55.2659890Z ok 524 - malformed memory is refused nonzero and never modified
2026-10-09T15:05:55.2659964Z   ---
2026-10-09T15:05:55.2660045Z   duration_ms: 891.381774
2026-10-09T15:05:55.2660121Z   type: 'test'
2026-10-09T15:05:55.2660193Z   ...
2026-10-09T15:05:55.2660404Z # Subtest: take_learned merges pending chunks in word order and empties the set
2026-10-09T15:05:55.2660598Z ok 525 - take_learned merges pending chunks in word order and empties the set
2026-10-09T15:05:55.2660671Z   ---
2026-10-09T15:05:55.2660754Z   duration_ms: 1.733263
2026-10-09T15:05:55.2660827Z   type: 'test'
2026-10-09T15:05:55.2660900Z   ...
2026-10-09T15:05:55.2661107Z # Subtest: recording an exchange appends the learned chunk event in Rust's shape
2026-10-09T15:05:55.2661392Z ok 526 - recording an exchange appends the learned chunk event in Rust's shape
2026-10-09T15:05:55.2661461Z   ---
2026-10-09T15:05:55.2661544Z   duration_ms: 6.981416
2026-10-09T15:05:55.2661623Z   type: 'test'
2026-10-09T15:05:55.2661693Z   ...
2026-10-09T15:05:55.2661894Z # Subtest: opening the store imports its chunks into the worker's meta reasoner
2026-10-09T15:05:55.2662084Z ok 527 - opening the store imports its chunks into the worker's meta reasoner
2026-10-09T15:05:55.2662160Z   ---
2026-10-09T15:05:55.2662241Z   duration_ms: 2155.115077
2026-10-09T15:05:55.2662321Z   type: 'test'
2026-10-09T15:05:55.2662389Z   ...
2026-10-09T15:05:55.2662803Z # Subtest: browser translation evidence carries real formalization property and item anchors
2026-10-09T15:05:55.2663059Z ok 528 - browser translation evidence carries real formalization property and item anchors
2026-10-09T15:05:55.2663129Z   ---
2026-10-09T15:05:55.2663214Z   duration_ms: 3049.565467
2026-10-09T15:05:55.2663292Z   type: 'test'
2026-10-09T15:05:55.2663365Z   ...
2026-10-09T15:05:55.2663610Z # Subtest: repeat server projection preserves raw events and yields the same complete log
2026-10-09T15:05:55.2663842Z ok 529 - repeat server projection preserves raw events and yields the same complete log
2026-10-09T15:05:55.2663916Z   ---
2026-10-09T15:05:55.2663995Z   duration_ms: 1147.065508
2026-10-09T15:05:55.2664072Z   type: 'test'
2026-10-09T15:05:55.2664141Z   ...
2026-10-09T15:05:55.2664293Z # Subtest: a log without a solver prelude remains unchanged
2026-10-09T15:05:55.2664432Z ok 530 - a log without a solver prelude remains unchanged
2026-10-09T15:05:55.2664509Z   ---
2026-10-09T15:05:55.2664589Z   duration_ms: 0.28206
2026-10-09T15:05:55.2664669Z   type: 'test'
2026-10-09T15:05:55.2664743Z   ...
2026-10-09T15:05:55.2664995Z # Subtest: actual committed body reads its source formal slot despite anonymous task spelling
2026-10-09T15:05:55.2665238Z ok 531 - actual committed body reads its source formal slot despite anonymous task spelling
2026-10-09T15:05:55.2665310Z   ---
2026-10-09T15:05:55.2665393Z   duration_ms: 5.920056
2026-10-09T15:05:55.2665466Z   type: 'test'
2026-10-09T15:05:55.2665539Z   ...
2026-10-09T15:05:55.2665737Z # Subtest: literal contents and declaration-only names do not read an input
2026-10-09T15:05:55.2665926Z ok 532 - literal contents and declaration-only names do not read an input
2026-10-09T15:05:55.2666000Z   ---
2026-10-09T15:05:55.2666081Z   duration_ms: 1.604957
2026-10-09T15:05:55.2666157Z   type: 'test'
2026-10-09T15:05:55.2666345Z   ...
2026-10-09T15:05:55.2666580Z # Subtest: repeated body reads are distinct positional inputs, never declaration counts
2026-10-09T15:05:55.2666797Z ok 533 - repeated body reads are distinct positional inputs, never declaration counts
2026-10-09T15:05:55.2666870Z   ---
2026-10-09T15:05:55.2666953Z   duration_ms: 0.36686
2026-10-09T15:05:55.2667025Z   type: 'test'
2026-10-09T15:05:55.2667098Z   ...
2026-10-09T15:05:55.2667372Z # Subtest: explicit signature binds AST parameters and recursive callable before actual execution
2026-10-09T15:05:55.2667628Z ok 534 - explicit signature binds AST parameters and recursive callable before actual execution
2026-10-09T15:05:55.2667697Z   ---
2026-10-09T15:05:55.2667781Z   duration_ms: 55.506308
2026-10-09T15:05:55.2667860Z   type: 'test'
2026-10-09T15:05:55.2667929Z   ...
2026-10-09T15:05:55.2668187Z # Subtest: explicit incompatible arity, duplicates and unresolved parameters reject honestly
2026-10-09T15:05:55.2668427Z ok 535 - explicit incompatible arity, duplicates and unresolved parameters reject honestly
2026-10-09T15:05:55.2668500Z   ---
2026-10-09T15:05:55.2668579Z   duration_ms: 0.70202
2026-10-09T15:05:55.2668661Z   type: 'test'
2026-10-09T15:05:55.2668740Z   ...
2026-10-09T15:05:55.2669008Z # Subtest: actual source requests retain declared identity and reject unsupported signatures
2026-10-09T15:05:55.2669266Z ok 536 - actual source requests retain declared identity and reject unsupported signatures
2026-10-09T15:05:55.2669463Z   ---
2026-10-09T15:05:55.2669550Z   duration_ms: 267.046359
2026-10-09T15:05:55.2669623Z   type: 'test'
2026-10-09T15:05:55.2669697Z   ...
2026-10-09T15:05:55.2669964Z # Subtest: an assertion names the callable without turning its literal argument into a formal name
2026-10-09T15:05:55.2670222Z ok 537 - an assertion names the callable without turning its literal argument into a formal name
2026-10-09T15:05:55.2670295Z   ---
2026-10-09T15:05:55.2670376Z   duration_ms: 0.886155
2026-10-09T15:05:55.2670457Z   type: 'test'
2026-10-09T15:05:55.2670527Z   ...
2026-10-09T15:05:55.2670807Z # Subtest: raw authored source does not provide its own metadata: goal "Create a file status.txt cont
2026-10-09T15:05:55.2671067Z ok 538 - raw authored source does not provide its own metadata: goal "Create a file status.txt cont
2026-10-09T15:05:55.2671140Z   ---
2026-10-09T15:05:55.2671226Z   duration_ms: 1928.714437
2026-10-09T15:05:55.2671299Z   type: 'test'
2026-10-09T15:05:55.2671376Z   ...
2026-10-09T15:05:55.2671639Z # Subtest: outer provider success retains exact source bytes: goal "Create a file status.txt cont
2026-10-09T15:05:55.2671892Z ok 539 - outer provider success retains exact source bytes: goal "Create a file status.txt cont
2026-10-09T15:05:55.2671961Z   ---
2026-10-09T15:05:55.2672046Z   duration_ms: 45.504227
2026-10-09T15:05:55.2672119Z   type: 'test'
2026-10-09T15:05:55.2672193Z   ...
2026-10-09T15:05:55.2672476Z # Subtest: raw authored source does not provide its own metadata: {"schema":"source-read-receipt/v1",
2026-10-09T15:05:55.2672866Z ok 540 - raw authored source does not provide its own metadata: {"schema":"source-read-receipt/v1",
2026-10-09T15:05:55.2672943Z   ---
2026-10-09T15:05:55.2673023Z   duration_ms: 1.531408
2026-10-09T15:05:55.2673101Z   type: 'test'
2026-10-09T15:05:55.2673169Z   ...
2026-10-09T15:05:55.2673433Z # Subtest: outer provider success retains exact source bytes: {"schema":"source-read-receipt/v1",
2026-10-09T15:05:55.2673691Z ok 541 - outer provider success retains exact source bytes: {"schema":"source-read-receipt/v1",
2026-10-09T15:05:55.2673764Z   ---
2026-10-09T15:05:55.2673847Z   duration_ms: 3.797988
2026-10-09T15:05:55.2673921Z   type: 'test'
2026-10-09T15:05:55.2674000Z   ...
2026-10-09T15:05:55.2674272Z # Subtest: raw authored source does not provide its own metadata: {"success":false,"complete":false,"
2026-10-09T15:05:55.2674531Z ok 542 - raw authored source does not provide its own metadata: {"success":false,"complete":false,"
2026-10-09T15:05:55.2674605Z   ---
2026-10-09T15:05:55.2674802Z   duration_ms: 1.370596
2026-10-09T15:05:55.2674882Z   type: 'test'
2026-10-09T15:05:55.2674951Z   ...
2026-10-09T15:05:55.2675216Z # Subtest: outer provider success retains exact source bytes: {"success":false,"complete":false,"
2026-10-09T15:05:55.2675460Z ok 543 - outer provider success retains exact source bytes: {"success":false,"complete":false,"
2026-10-09T15:05:55.2675532Z   ---
2026-10-09T15:05:55.2675612Z   duration_ms: 4.200486
2026-10-09T15:05:55.2675694Z   type: 'test'
2026-10-09T15:05:55.2675767Z   ...
2026-10-09T15:05:55.2676033Z # Subtest: raw authored source does not provide its own metadata: {"success":true,"complete":true,"co
2026-10-09T15:05:55.2676289Z ok 544 - raw authored source does not provide its own metadata: {"success":true,"complete":true,"co
2026-10-09T15:05:55.2676358Z   ---
2026-10-09T15:05:55.2676446Z   duration_ms: 4.43194
2026-10-09T15:05:55.2676520Z   type: 'test'
2026-10-09T15:05:55.2676593Z   ...
2026-10-09T15:05:55.2676855Z # Subtest: outer provider success retains exact source bytes: {"success":true,"complete":true,"co
2026-10-09T15:05:55.2677099Z ok 545 - outer provider success retains exact source bytes: {"success":true,"complete":true,"co
2026-10-09T15:05:55.2677172Z   ---
2026-10-09T15:05:55.2677250Z   duration_ms: 2.294102
2026-10-09T15:05:55.2677329Z   type: 'test'
2026-10-09T15:05:55.2677399Z   ...
2026-10-09T15:05:55.2677652Z # Subtest: provider refusal or partial observation cannot certify source {"complete":false}
2026-10-09T15:05:55.2678046Z ok 546 - provider refusal or partial observation cannot certify source {"complete":false}
2026-10-09T15:05:55.2678117Z   ---
2026-10-09T15:05:55.2678200Z   duration_ms: 0.689586
2026-10-09T15:05:55.2678273Z   type: 'test'
2026-10-09T15:05:55.2678350Z   ...
2026-10-09T15:05:55.2678618Z # Subtest: provider refusal or partial observation cannot certify source {"stream_complete":false}
2026-10-09T15:05:55.2678879Z ok 547 - provider refusal or partial observation cannot certify source {"stream_complete":false}
2026-10-09T15:05:55.2678952Z   ---
2026-10-09T15:05:55.2679035Z   duration_ms: 0.624614
2026-10-09T15:05:55.2679113Z   type: 'test'
2026-10-09T15:05:55.2679184Z   ...
2026-10-09T15:05:55.2679430Z # Subtest: provider refusal or partial observation cannot certify source {"truncated":true}
2026-10-09T15:05:55.2679659Z ok 548 - provider refusal or partial observation cannot certify source {"truncated":true}
2026-10-09T15:05:55.2679733Z   ---
2026-10-09T15:05:55.2679815Z   duration_ms: 0.277101
2026-10-09T15:05:55.2679892Z   type: 'test'
2026-10-09T15:05:55.2679966Z   ...
2026-10-09T15:05:55.2680206Z # Subtest: provider refusal or partial observation cannot certify source {"timed_out":true}
2026-10-09T15:05:55.2680436Z ok 549 - provider refusal or partial observation cannot certify source {"timed_out":true}
2026-10-09T15:05:55.2680506Z   ---
2026-10-09T15:05:55.2680590Z   duration_ms: 0.27137
2026-10-09T15:05:55.2680665Z   type: 'test'
2026-10-09T15:05:55.2680741Z   ...
2026-10-09T15:05:55.2680978Z # Subtest: provider refusal or partial observation cannot certify source {"aborted":true}
2026-10-09T15:05:55.2681205Z ok 550 - provider refusal or partial observation cannot certify source {"aborted":true}
2026-10-09T15:05:55.2681281Z   ---
2026-10-09T15:05:55.2681359Z   duration_ms: 0.222428
2026-10-09T15:05:55.2681438Z   type: 'test'
2026-10-09T15:05:55.2681508Z   ...
2026-10-09T15:05:55.2681762Z # Subtest: provider refusal or partial observation cannot certify source {"signal":"SIGTERM"}
2026-10-09T15:05:55.2681997Z ok 551 - provider refusal or partial observation cannot certify source {"signal":"SIGTERM"}
2026-10-09T15:05:55.2682074Z   ---
2026-10-09T15:05:55.2682157Z   duration_ms: 0.187453
2026-10-09T15:05:55.2682232Z   type: 'test'
2026-10-09T15:05:55.2682304Z   ...
2026-10-09T15:05:55.2682539Z # Subtest: provider refusal or partial observation cannot certify source {"success":false}
2026-10-09T15:05:55.2682890Z ok 552 - provider refusal or partial observation cannot certify source {"success":false}
2026-10-09T15:05:55.2683083Z   ---
2026-10-09T15:05:55.2683169Z   duration_ms: 0.163858
2026-10-09T15:05:55.2683248Z   type: 'test'
2026-10-09T15:05:55.2683317Z   ...
2026-10-09T15:05:55.2683554Z # Subtest: provider refusal or partial observation cannot certify source {"is_error":true}
2026-10-09T15:05:55.2683777Z ok 553 - provider refusal or partial observation cannot certify source {"is_error":true}
2026-10-09T15:05:55.2683850Z   ---
2026-10-09T15:05:55.2683929Z   duration_ms: 0.197682
2026-10-09T15:05:55.2684010Z   type: 'test'
2026-10-09T15:05:55.2684079Z   ...
2026-10-09T15:05:55.2684308Z # Subtest: provider refusal or partial observation cannot certify source {"exit_code":1}
2026-10-09T15:05:55.2684531Z ok 554 - provider refusal or partial observation cannot certify source {"exit_code":1}
2026-10-09T15:05:55.2684600Z   ---
2026-10-09T15:05:55.2684683Z   duration_ms: 0.303701
2026-10-09T15:05:55.2684756Z   type: 'test'
2026-10-09T15:05:55.2684828Z   ...
2026-10-09T15:05:55.2685071Z # Subtest: provider refusal or partial observation cannot certify source {"success":"true"}
2026-10-09T15:05:55.2685301Z ok 555 - provider refusal or partial observation cannot certify source {"success":"true"}
2026-10-09T15:05:55.2685376Z   ---
2026-10-09T15:05:55.2685454Z   duration_ms: 0.198403
2026-10-09T15:05:55.2685535Z   type: 'test'
2026-10-09T15:05:55.2685604Z   ...
2026-10-09T15:05:55.2685851Z # Subtest: provider refusal or partial observation cannot certify source {"complete":"true"}
2026-10-09T15:05:55.2686200Z ok 556 - provider refusal or partial observation cannot certify source {"complete":"true"}
2026-10-09T15:05:55.2686274Z   ---
2026-10-09T15:05:55.2686354Z   duration_ms: 0.178385
2026-10-09T15:05:55.2686430Z   type: 'test'
2026-10-09T15:05:55.2686503Z   ...
2026-10-09T15:05:55.2686752Z # Subtest: provider refusal or partial observation cannot certify source {"format":"numbered"}
2026-10-09T15:05:55.2686993Z ok 557 - provider refusal or partial observation cannot certify source {"format":"numbered"}
2026-10-09T15:05:55.2687065Z   ---
2026-10-09T15:05:55.2687147Z   duration_ms: 0.176652
2026-10-09T15:05:55.2687220Z   type: 'test'
2026-10-09T15:05:55.2687295Z   ...
2026-10-09T15:05:55.2687682Z # Subtest: provider refusal or partial observation cannot certify source {"path":"elsewhere/.formal-ai/general-change-plan.lino"}
2026-10-09T15:05:55.2688050Z ok 558 - provider refusal or partial observation cannot certify source {"path":"elsewhere/.formal-ai/general-change-plan.lino"}
2026-10-09T15:05:55.2688127Z   ---
2026-10-09T15:05:55.2688206Z   duration_ms: 0.087294
2026-10-09T15:05:55.2688284Z   type: 'test'
2026-10-09T15:05:55.2688356Z   ...
2026-10-09T15:05:55.2688663Z # Subtest: provider refusal or partial observation cannot certify source {"path":null}
2026-10-09T15:05:55.2688882Z ok 559 - provider refusal or partial observation cannot certify source {"path":null}
2026-10-09T15:05:55.2688950Z   ---
2026-10-09T15:05:55.2689034Z   duration_ms: 0.086062
2026-10-09T15:05:55.2689107Z   type: 'test'
2026-10-09T15:05:55.2689179Z   ...
2026-10-09T15:05:55.2689388Z # Subtest: outer tool error remains failure even when metadata declares success
2026-10-09T15:05:55.2689581Z ok 560 - outer tool error remains failure even when metadata declares success
2026-10-09T15:05:55.2689654Z   ---
2026-10-09T15:05:55.2689732Z   duration_ms: 0.601751
2026-10-09T15:05:55.2689809Z   type: 'test'
2026-10-09T15:05:55.2689877Z   ...
2026-10-09T15:05:55.2690074Z # Subtest: known complete numbered format is separate from process status
2026-10-09T15:05:55.2690255Z ok 561 - known complete numbered format is separate from process status
2026-10-09T15:05:55.2690331Z   ---
2026-10-09T15:05:55.2690409Z   duration_ms: 0.415872
2026-10-09T15:05:55.2690487Z   type: 'test'
2026-10-09T15:05:55.2690560Z   ...
2026-10-09T15:05:55.2690757Z # Subtest: current call identity and exact nonconflicting path are required
2026-10-09T15:05:55.2690943Z ok 562 - current call identity and exact nonconflicting path are required
2026-10-09T15:05:55.2691013Z   ---
2026-10-09T15:05:55.2691184Z   duration_ms: 795.606127
2026-10-09T15:05:55.2691262Z   type: 'test'
2026-10-09T15:05:55.2691335Z   ...
2026-10-09T15:05:55.2691561Z # Subtest: explicit successful process receipt retains authored failure vocabulary
2026-10-09T15:05:55.2691775Z ok 563 - explicit successful process receipt retains authored failure vocabulary
2026-10-09T15:05:55.2691847Z   ---
2026-10-09T15:05:55.2691926Z   duration_ms: 1.075305
2026-10-09T15:05:55.2692008Z   type: 'test'
2026-10-09T15:05:55.2692080Z   ...
2026-10-09T15:05:55.2692295Z # Subtest: partial shell receipts veto exact bytes and digest {"complete":false}
2026-10-09T15:05:55.2692491Z ok 564 - partial shell receipts veto exact bytes and digest {"complete":false}
2026-10-09T15:05:55.2692565Z   ---
2026-10-09T15:05:55.2692761Z   duration_ms: 0.404953
2026-10-09T15:05:55.2692837Z   type: 'test'
2026-10-09T15:05:55.2692912Z   ...
2026-10-09T15:05:55.2693139Z # Subtest: partial shell receipts veto exact bytes and digest {"stream_complete":false}
2026-10-09T15:05:55.2693364Z ok 565 - partial shell receipts veto exact bytes and digest {"stream_complete":false}
2026-10-09T15:05:55.2693434Z   ---
2026-10-09T15:05:55.2693516Z   duration_ms: 0.187844
2026-10-09T15:05:55.2693596Z   type: 'test'
2026-10-09T15:05:55.2693664Z   ...
2026-10-09T15:05:55.2693874Z # Subtest: partial shell receipts veto exact bytes and digest {"truncated":true}
2026-10-09T15:05:55.2694066Z ok 566 - partial shell receipts veto exact bytes and digest {"truncated":true}
2026-10-09T15:05:55.2694259Z   ---
2026-10-09T15:05:55.2694337Z   duration_ms: 0.176372
2026-10-09T15:05:55.2694414Z   type: 'test'
2026-10-09T15:05:55.2694482Z   ...
2026-10-09T15:05:55.2694688Z # Subtest: partial shell receipts veto exact bytes and digest {"timed_out":true}
2026-10-09T15:05:55.2694883Z ok 567 - partial shell receipts veto exact bytes and digest {"timed_out":true}
2026-10-09T15:05:55.2694952Z   ---
2026-10-09T15:05:55.2695033Z   duration_ms: 0.159711
2026-10-09T15:05:55.2695105Z   type: 'test'
2026-10-09T15:05:55.2695178Z   ...
2026-10-09T15:05:55.2695377Z # Subtest: partial shell receipts veto exact bytes and digest {"aborted":true}
2026-10-09T15:05:55.2695569Z ok 568 - partial shell receipts veto exact bytes and digest {"aborted":true}
2026-10-09T15:05:55.2695643Z   ---
2026-10-09T15:05:55.2695722Z   duration_ms: 0.206239
2026-10-09T15:05:55.2695801Z   type: 'test'
2026-10-09T15:05:55.2695869Z   ...
2026-10-09T15:05:55.2696084Z # Subtest: partial shell receipts veto exact bytes and digest {"signal":"SIGTERM"}
2026-10-09T15:05:55.2696285Z ok 569 - partial shell receipts veto exact bytes and digest {"signal":"SIGTERM"}
2026-10-09T15:05:55.2696357Z   ---
2026-10-09T15:05:55.2696435Z   duration_ms: 0.178747
2026-10-09T15:05:55.2696515Z   type: 'test'
2026-10-09T15:05:55.2696588Z   ...
2026-10-09T15:05:55.2696800Z # Subtest: full successful shell bytes still require exact output and real status
2026-10-09T15:05:55.2697007Z ok 570 - full successful shell bytes still require exact output and real status
2026-10-09T15:05:55.2697076Z   ---
2026-10-09T15:05:55.2697162Z   duration_ms: 0.55237
2026-10-09T15:05:55.2697237Z   type: 'test'
2026-10-09T15:05:55.2697311Z   ...
2026-10-09T15:05:55.2697530Z # Subtest: original authored failure goal proceeds beyond actual bare source read
2026-10-09T15:05:55.2697735Z ok 571 - original authored failure goal proceeds beyond actual bare source read
2026-10-09T15:05:55.2697809Z   ---
2026-10-09T15:05:55.2697892Z   duration_ms: 511.634482
2026-10-09T15:05:55.2697975Z   type: 'test'
2026-10-09T15:05:55.2698044Z   ...
2026-10-09T15:05:55.2698273Z # Subtest: a later declined Read observation cannot retain an older source certificate
2026-10-09T15:05:55.2698484Z ok 572 - a later declined Read observation cannot retain an older source certificate
2026-10-09T15:05:55.2698561Z   ---
2026-10-09T15:05:55.2698644Z   duration_ms: 0.821948
2026-10-09T15:05:55.2698719Z   type: 'test'
2026-10-09T15:05:55.2698792Z   ...
2026-10-09T15:05:55.2698996Z # Subtest: system diagrams (rust/tests/unit/agentic-coding/system_diagrams.rs)
2026-10-09T15:05:55.2699249Z     # Subtest: committed_parts_are_the_generated_parts
2026-10-09T15:05:55.2699368Z     ok 1 - committed_parts_are_the_generated_parts
2026-10-09T15:05:55.2699448Z       ---
2026-10-09T15:05:55.2699533Z       duration_ms: 39.394234
2026-10-09T15:05:55.2699616Z       type: 'test'
2026-10-09T15:05:55.2699691Z       ...
2026-10-09T15:05:55.2699826Z     # Subtest: every_handler_appears_in_precedence_order
2026-10-09T15:05:55.2699951Z     ok 2 - every_handler_appears_in_precedence_order
2026-10-09T15:05:55.2700029Z       ---
2026-10-09T15:05:55.2700119Z       duration_ms: 24.567466
2026-10-09T15:05:55.2700195Z       type: 'test'
2026-10-09T15:05:55.2700270Z       ...
2026-10-09T15:05:55.2700393Z     # Subtest: every_promotion_appears_in_rank_order
2026-10-09T15:05:55.2700503Z     ok 3 - every_promotion_appears_in_rank_order
2026-10-09T15:05:55.2700579Z       ---
2026-10-09T15:05:55.2700659Z       duration_ms: 11.856104
2026-10-09T15:05:55.2700740Z       type: 'test'
2026-10-09T15:05:55.2700813Z       ...
2026-10-09T15:05:55.2700921Z     # Subtest: every_route_and_path_appears
2026-10-09T15:05:55.2701017Z     ok 4 - every_route_and_path_appears
2026-10-09T15:05:55.2701097Z       ---
2026-10-09T15:05:55.2701183Z       duration_ms: 19.831604
2026-10-09T15:05:55.2701257Z       type: 'test'
2026-10-09T15:05:55.2701332Z       ...
2026-10-09T15:05:55.2701426Z     # Subtest: every_subcommand_appears
2026-10-09T15:05:55.2701525Z     ok 5 - every_subcommand_appears
2026-10-09T15:05:55.2701682Z       ---
2026-10-09T15:05:55.2701768Z       duration_ms: 14.148042
2026-10-09T15:05:55.2701842Z       type: 'test'
2026-10-09T15:05:55.2701919Z       ...
2026-10-09T15:05:55.2702096Z     # Subtest: an_edge_naming_a_vanished_subcommand_fails_the_renderer
2026-10-09T15:05:55.2702247Z     ok 6 - an_edge_naming_a_vanished_subcommand_fails_the_renderer
2026-10-09T15:05:55.2702322Z       ---
2026-10-09T15:05:55.2702403Z       duration_ms: 8.58599
2026-10-09T15:05:55.2702481Z       type: 'test'
2026-10-09T15:05:55.2702553Z       ...
2026-10-09T15:05:55.2702795Z     # Subtest: a_new_seed_handler_reaches_the_diagram
2026-10-09T15:05:55.2702909Z     ok 7 - a_new_seed_handler_reaches_the_diagram
2026-10-09T15:05:55.2702986Z       ---
2026-10-09T15:05:55.2703071Z       duration_ms: 9.791081
2026-10-09T15:05:55.2703146Z       type: 'test'
2026-10-09T15:05:55.2703219Z       ...
2026-10-09T15:05:55.2703367Z     # Subtest: the --check gate passes on the committed parts
2026-10-09T15:05:55.2703508Z     ok 8 - the --check gate passes on the committed parts
2026-10-09T15:05:55.2703578Z       ---
2026-10-09T15:05:55.2703665Z       duration_ms: 107.090354
2026-10-09T15:05:55.2703742Z       type: 'test'
2026-10-09T15:05:55.2703809Z       ...
2026-10-09T15:05:55.2703883Z     1..8
2026-10-09T15:05:55.2704081Z ok 573 - system diagrams (rust/tests/unit/agentic-coding/system_diagrams.rs)
2026-10-09T15:05:55.2704156Z   ---
2026-10-09T15:05:55.2704238Z   duration_ms: 237.338484
2026-10-09T15:05:55.2704319Z   type: 'suite'
2026-10-09T15:05:55.2704395Z   ...
2026-10-09T15:05:55.2704723Z # Subtest: every workaround is recorded with the refusal it lifts, its upstream issue, its scope and how it works
2026-10-09T15:05:55.2705034Z ok 574 - every workaround is recorded with the refusal it lifts, its upstream issue, its scope and how it works
2026-10-09T15:05:55.2705103Z   ---
2026-10-09T15:05:55.2705188Z   duration_ms: 2.930708
2026-10-09T15:05:55.2705261Z   type: 'test'
2026-10-09T15:05:55.2705334Z   ...
2026-10-09T15:05:55.2705649Z # Subtest: the projections apply only recorded workarounds, and every projection-scope workaround is in use
2026-10-09T15:05:55.2705951Z ok 575 - the projections apply only recorded workarounds, and every projection-scope workaround is in use
2026-10-09T15:05:55.2706026Z   ---
2026-10-09T15:05:55.2706108Z   duration_ms: 75.809829
2026-10-09T15:05:55.2706185Z   type: 'test'
2026-10-09T15:05:55.2706254Z   ...
2026-10-09T15:05:55.2706505Z # Subtest: the ledger counts workaround items apart from the items meta-language translated
2026-10-09T15:05:55.2706862Z ok 576 - the ledger counts workaround items apart from the items meta-language translated
2026-10-09T15:05:55.2706940Z   ---
2026-10-09T15:05:55.2707026Z   duration_ms: 10.280623
2026-10-09T15:05:55.2707100Z   type: 'test'
2026-10-09T15:05:55.2707173Z   ...
2026-10-09T15:05:55.2707356Z # Subtest: every recorded workaround is covered by a call of calls.lino
2026-10-09T15:05:55.2707528Z ok 577 - every recorded workaround is covered by a call of calls.lino
2026-10-09T15:05:55.2707601Z   ---
2026-10-09T15:05:55.2707686Z   duration_ms: 165.335558
2026-10-09T15:05:55.2707759Z   type: 'test'
2026-10-09T15:05:55.2707833Z   ...
2026-10-09T15:05:55.2708035Z # Subtest: every use an import translates to names an item its module translated
2026-10-09T15:05:55.2708239Z ok 578 - every use an import translates to names an item its module translated
2026-10-09T15:05:55.2708311Z   ---
2026-10-09T15:05:55.2708392Z   duration_ms: 3.434275
2026-10-09T15:05:55.2708467Z   type: 'test'
2026-10-09T15:05:55.2708538Z   ...
2026-10-09T15:05:55.2708753Z # Subtest: import-pruning keeps the bound names, and carries an import with none
2026-10-09T15:05:55.2708956Z ok 579 - import-pruning keeps the bound names, and carries an import with none
2026-10-09T15:05:55.2709028Z   ---
2026-10-09T15:05:55.2709113Z   duration_ms: 1.414929
2026-10-09T15:05:55.2709186Z   type: 'test'
2026-10-09T15:05:55.2709258Z   ...
2026-10-09T15:05:55.2709621Z # Subtest: the import graph resolves a module directory's relative named imports, and the closure adds importers and imports
2026-10-09T15:05:55.2710090Z ok 580 - the import graph resolves a module directory's relative named imports, and the closure adds importers and imports
2026-10-09T15:05:55.2710161Z   ---
2026-10-09T15:05:55.2710244Z   duration_ms: 0.894221
2026-10-09T15:05:55.2710324Z   type: 'test'
2026-10-09T15:05:55.2710393Z   ...
2026-10-09T15:05:55.2710671Z # Subtest: crate-assembly re-roots a module's own paths at it and keeps the paths of other modules
2026-10-09T15:05:55.2710931Z ok 581 - crate-assembly re-roots a module's own paths at it and keeps the paths of other modules
2026-10-09T15:05:55.2711005Z   ---
2026-10-09T15:05:55.2711083Z   duration_ms: 1.051978
2026-10-09T15:05:55.2711162Z   type: 'test'
2026-10-09T15:05:55.2711234Z   ...
2026-10-09T15:05:55.2711460Z # Subtest: the blocker scan names every construct of an item the portable core refuses
2026-10-09T15:05:55.2711675Z ok 582 - the blocker scan names every construct of an item the portable core refuses
2026-10-09T15:05:55.2711749Z   ---
2026-10-09T15:05:55.2711832Z   duration_ms: 4.326401
2026-10-09T15:05:55.2711911Z   type: 'test'
2026-10-09T15:05:55.2711986Z   ...
2026-10-09T15:05:55.2712185Z # Subtest: the unlock order lifts first the construct that frees the most items
2026-10-09T15:05:55.2712382Z ok 583 - the unlock order lifts first the construct that frees the most items
2026-10-09T15:05:55.2712455Z   ---
2026-10-09T15:05:55.2712534Z   duration_ms: 0.939676
2026-10-09T15:05:55.2712731Z   type: 'test'
2026-10-09T15:05:55.2712810Z   ...
2026-10-09T15:05:55.2713061Z # Subtest: the committed blocker table is the scan of the carried items the projections hold
2026-10-09T15:05:55.2713293Z ok 584 - the committed blocker table is the scan of the carried items the projections hold
2026-10-09T15:05:55.2713366Z   ---
2026-10-09T15:05:55.2713450Z   duration_ms: 0.806025
2026-10-09T15:05:55.2713522Z   type: 'test'
2026-10-09T15:05:55.2713596Z   ...
2026-10-09T15:05:55.2713881Z # Subtest: every stub is typed JavaScript that meta-language names as its recorded Rust signature says
2026-10-09T15:05:55.2714151Z ok 585 - every stub is typed JavaScript that meta-language names as its recorded Rust signature says
2026-10-09T15:05:55.2714221Z   ---
2026-10-09T15:05:55.2714303Z   duration_ms: 3.103443
2026-10-09T15:05:55.2714376Z   type: 'test'
2026-10-09T15:05:55.2714452Z   ...
2026-10-09T15:05:55.2714735Z # Subtest: the lowering rules rewrite method calls, pushes, callbacks, string lengths and string loops
2026-10-09T15:05:55.2715117Z ok 586 - the lowering rules rewrite method calls, pushes, callbacks, string lengths and string loops
2026-10-09T15:05:55.2715194Z   ---
2026-10-09T15:05:55.2715274Z   duration_ms: 5.221474
2026-10-09T15:05:55.2715351Z   type: 'test'
2026-10-09T15:05:55.2715420Z   ...
2026-10-09T15:05:55.2715693Z # Subtest: whole Write fallback performs read, actual mutation, fresh digest, and exact final answer
2026-10-09T15:05:55.2715993Z ok 587 - whole Write fallback performs read, actual mutation, fresh digest, and exact final answer
2026-10-09T15:05:55.2716067Z   ---
2026-10-09T15:05:55.2716155Z   duration_ms: 3189.413416
2026-10-09T15:05:55.2716229Z   type: 'test'
2026-10-09T15:05:55.2716306Z   ...
2026-10-09T15:05:55.2716559Z # Subtest: bare digest and explicit successful receipts preserve the existing digest contract
2026-10-09T15:05:55.2716804Z ok 588 - bare digest and explicit successful receipts preserve the existing digest contract
2026-10-09T15:05:55.2716878Z   ---
2026-10-09T15:05:55.2716959Z   duration_ms: 4.257649
2026-10-09T15:05:55.2717037Z   type: 'test'
2026-10-09T15:05:55.2717106Z   ...
2026-10-09T15:05:55.2717413Z # Subtest: wrong digest, explicit nonzero, transport error, and outer failure cannot certify current bytes
2026-10-09T15:05:55.2717699Z ok 589 - wrong digest, explicit nonzero, transport error, and outer failure cannot certify current bytes
2026-10-09T15:05:55.2717773Z   ---
2026-10-09T15:05:55.2717854Z   duration_ms: 4.234045
2026-10-09T15:05:55.2718041Z   type: 'test'
2026-10-09T15:05:55.2718115Z   ...
2026-10-09T15:05:55.2718333Z # Subtest: digest observations and command calls before the mutation remain stale
2026-10-09T15:05:55.2718539Z ok 590 - digest observations and command calls before the mutation remain stale
2026-10-09T15:05:55.2718610Z   ---
2026-10-09T15:05:55.2718693Z   duration_ms: 0.906327
2026-10-09T15:05:55.2718769Z   type: 'test'
2026-10-09T15:05:55.2718843Z   ...
2026-10-09T15:05:55.2719054Z # Subtest: latest failed or changed-content writes invalidate an earlier success
2026-10-09T15:05:55.2719251Z ok 591 - latest failed or changed-content writes invalidate an earlier success
2026-10-09T15:05:55.2719327Z   ---
2026-10-09T15:05:55.2719406Z   duration_ms: 1.055038
2026-10-09T15:05:55.2719485Z   type: 'test'
2026-10-09T15:05:55.2719555Z   ...
2026-10-09T15:05:55.2719787Z # Subtest: relative suffix paths and unrelated commands cannot donate receipt evidence
2026-10-09T15:05:55.2720008Z ok 592 - relative suffix paths and unrelated commands cannot donate receipt evidence
2026-10-09T15:05:55.2720081Z   ---
2026-10-09T15:05:55.2720165Z   duration_ms: 1.829535
2026-10-09T15:05:55.2720241Z   type: 'test'
2026-10-09T15:05:55.2720315Z   ...
2026-10-09T15:05:55.2720530Z # Subtest: Unicode, BOM, CRLF and large expected sources are hashed as full UTF8 bytes
2026-10-09T15:05:55.2720736Z ok 593 - Unicode, BOM, CRLF and large expected sources are hashed as full UTF8 bytes
2026-10-09T15:05:55.2720805Z   ---
2026-10-09T15:05:55.2720891Z   duration_ms: 43.637097
2026-10-09T15:05:55.2720975Z   type: 'test'
2026-10-09T15:05:55.2721044Z   ...
2026-10-09T15:05:55.2721306Z # Subtest: unchanged actual Agent CLI source task advances via a genuine fresh digest: 1.1.1.1.1
2026-10-09T15:05:55.2721551Z ok 594 - unchanged actual Agent CLI source task advances via a genuine fresh digest: 1.1.1.1.1
2026-10-09T15:05:55.2721626Z   ---
2026-10-09T15:05:55.2721708Z   duration_ms: 2862.608913
2026-10-09T15:05:55.2721787Z   type: 'test'
2026-10-09T15:05:55.2721864Z   ...
2026-10-09T15:05:55.2722121Z # Subtest: unchanged actual Agent CLI source task advances via a genuine fresh digest: 1.1.2.1.2
2026-10-09T15:05:55.2722368Z ok 595 - unchanged actual Agent CLI source task advances via a genuine fresh digest: 1.1.2.1.2
2026-10-09T15:05:55.2722437Z   ---
2026-10-09T15:05:55.2722525Z   duration_ms: 649.979663
2026-10-09T15:05:55.2722599Z   type: 'test'
2026-10-09T15:05:55.2722938Z   ...
2026-10-09T15:05:55.2723379Z # Subtest: unchanged native prime interval request validates rejected candidates before selecting17
2026-10-09T15:05:55.2723947Z ok 596 - unchanged native prime interval request validates rejected candidates before selecting17
2026-10-09T15:05:55.2724029Z   ---
2026-10-09T15:05:55.2724115Z   duration_ms: 3164.996307
2026-10-09T15:05:55.2724195Z   type: 'test'
2026-10-09T15:05:55.2724265Z   ...
2026-10-09T15:05:55.2724477Z # Subtest: held-out bounds and seeded languages use the same actual predicate
2026-10-09T15:05:55.2724666Z ok 597 - held-out bounds and seeded languages use the same actual predicate
2026-10-09T15:05:55.2724745Z   ---
2026-10-09T15:05:55.2724828Z   duration_ms: 1.677389
2026-10-09T15:05:55.2724900Z   type: 'test'
2026-10-09T15:05:55.2724974Z   ...
2026-10-09T15:05:55.2725136Z # Subtest: no candidate is invented for an empty prime interval
2026-10-09T15:05:55.2725288Z ok 598 - no candidate is invented for an empty prime interval
2026-10-09T15:05:55.2725358Z   ---
2026-10-09T15:05:55.2725440Z   duration_ms: 2.991405
2026-10-09T15:05:55.2725513Z   type: 'test'
2026-10-09T15:05:55.2725585Z   ...
2026-10-09T15:05:55.2725825Z # Subtest: unsupported bounds and code-authoring requests remain explicit nonmatches
2026-10-09T15:05:55.2726042Z ok 599 - unsupported bounds and code-authoring requests remain explicit nonmatches
2026-10-09T15:05:55.2726116Z   ---
2026-10-09T15:05:55.2726195Z   duration_ms: 0.800377
2026-10-09T15:05:55.2726273Z   type: 'test'
2026-10-09T15:05:55.2726341Z   ...
2026-10-09T15:05:55.2726536Z # Subtest: the committed module list is exactly the worker mirror directory
2026-10-09T15:05:55.2726843Z ok 600 - the committed module list is exactly the worker mirror directory
2026-10-09T15:05:55.2726916Z   ---
2026-10-09T15:05:55.2727001Z   duration_ms: 1118.147525
2026-10-09T15:05:55.2727075Z   type: 'test'
2026-10-09T15:05:55.2727148Z   ...
2026-10-09T15:05:55.2727328Z # Subtest: worker modules are named after their subject, never numbered
2026-10-09T15:05:55.2727504Z ok 601 - worker modules are named after their subject, never numbered
2026-10-09T15:05:55.2727574Z   ---
2026-10-09T15:05:55.2727662Z   duration_ms: 301.418156
2026-10-09T15:05:55.2727741Z   type: 'test'
2026-10-09T15:05:55.2727809Z   ...
2026-10-09T15:05:55.2727926Z # Subtest: the worker modules load in any order
2026-10-09T15:05:55.2728040Z ok 602 - the worker modules load in any order
2026-10-09T15:05:55.2728113Z   ---
2026-10-09T15:05:55.2728193Z   duration_ms: 3186.503706
2026-10-09T15:05:55.2728271Z   type: 'test'
2026-10-09T15:05:55.2728340Z   ...
2026-10-09T15:05:55.2728513Z # Subtest: every coding handler executes the shared meta-algorithm
2026-10-09T15:05:55.2728674Z ok 603 - every coding handler executes the shared meta-algorithm
2026-10-09T15:05:55.2728742Z   ---
2026-10-09T15:05:55.2728830Z   duration_ms: 11821.663494
2026-10-09T15:05:55.2728904Z   type: 'test'
2026-10-09T15:05:55.2728977Z   ...
2026-10-09T15:05:55.2729198Z # Subtest: source-derived recurrences render and evaluate without a task template
2026-10-09T15:05:55.2729409Z ok 604 - source-derived recurrences render and evaluate without a task template
2026-10-09T15:05:55.2729485Z   ---
2026-10-09T15:05:55.2729567Z   duration_ms: 116.897541
2026-10-09T15:05:55.2729645Z   type: 'test'
2026-10-09T15:05:55.2729713Z   ...
2026-10-09T15:05:55.2729870Z # Subtest: prompt normalization collapses whitespace and case
2026-10-09T15:05:55.2730013Z ok 605 - prompt normalization collapses whitespace and case
2026-10-09T15:05:55.2730087Z   ---
2026-10-09T15:05:55.2730169Z   duration_ms: 31.338858
2026-10-09T15:05:55.2730247Z   type: 'test'
2026-10-09T15:05:55.2730323Z   ...
2026-10-09T15:05:55.2730479Z # Subtest: language detection recognises each supported script
2026-10-09T15:05:55.2730627Z ok 606 - language detection recognises each supported script
2026-10-09T15:05:55.2730697Z   ---
2026-10-09T15:05:55.2730781Z   duration_ms: 1231.574305
2026-10-09T15:05:55.2730855Z   type: 'test'
2026-10-09T15:05:55.2730927Z   ...
2026-10-09T15:05:55.2731079Z # Subtest: arithmetic is answered from the calculation handler
2026-10-09T15:05:55.2731308Z ok 607 - arithmetic is answered from the calculation handler
2026-10-09T15:05:55.2731384Z   ---
2026-10-09T15:05:55.2731464Z   duration_ms: 58.692459
2026-10-09T15:05:55.2731541Z   type: 'test'
2026-10-09T15:05:55.2731610Z   ...
2026-10-09T15:05:55.2731794Z # Subtest: greetings are answered in the language they were written in
2026-10-09T15:05:55.2731964Z ok 608 - greetings are answered in the language they were written in
2026-10-09T15:05:55.2732039Z   ---
2026-10-09T15:05:55.2732123Z   duration_ms: 55.42715
2026-10-09T15:05:55.2732200Z   type: 'test'
2026-10-09T15:05:55.2732273Z   ...
2026-10-09T15:05:55.2732429Z # Subtest: identity questions answer from the seeded agent info
2026-10-09T15:05:55.2732577Z ok 609 - identity questions answer from the seeded agent info
2026-10-09T15:05:55.2732784Z   ---
2026-10-09T15:05:55.2732872Z   duration_ms: 124.97881
2026-10-09T15:05:55.2732945Z   type: 'test'
2026-10-09T15:05:55.2733018Z   ...
2026-10-09T15:05:55.2733188Z # Subtest: an unknown prompt says so instead of inventing an answer
2026-10-09T15:05:55.2733348Z ok 610 - an unknown prompt says so instead of inventing an answer
2026-10-09T15:05:55.2733422Z   ---
2026-10-09T15:05:55.2733501Z   duration_ms: 140.425618
2026-10-09T15:05:55.2733580Z   type: 'test'
2026-10-09T15:05:55.2733649Z   ...
2026-10-09T15:05:55.2733964Z # Subtest: every answer carries a full impulse → formalize → deformalize trace
2026-10-09T15:05:55.2734217Z ok 611 - every answer carries a full impulse → formalize → deformalize trace
2026-10-09T15:05:55.2734428Z   ---
2026-10-09T15:05:55.2734513Z   duration_ms: 244.57165
2026-10-09T15:05:55.2734588Z   type: 'test'
2026-10-09T15:05:55.2734664Z   ...
2026-10-09T15:05:55.2734863Z # Subtest: the formalization records the subject, verb and object it derived
2026-10-09T15:05:55.2735051Z ok 612 - the formalization records the subject, verb and object it derived
2026-10-09T15:05:55.2735121Z   ---
2026-10-09T15:05:55.2735205Z   duration_ms: 36.86242
2026-10-09T15:05:55.2735284Z   type: 'test'
2026-10-09T15:05:55.2735353Z   ...
2026-10-09T15:05:55.2735555Z # Subtest: at temperature 0 the same prompt always projects the same answer
2026-10-09T15:05:55.2735734Z ok 613 - at temperature 0 the same prompt always projects the same answer
2026-10-09T15:05:55.2735806Z   ---
2026-10-09T15:05:55.2735887Z   duration_ms: 254.166708
2026-10-09T15:05:55.2735966Z   type: 'test'
2026-10-09T15:05:55.2736035Z   ...
2026-10-09T15:05:55.2736208Z # Subtest: above temperature 0 a repeated greeting stays a greeting
2026-10-09T15:05:55.2736374Z ok 614 - above temperature 0 a repeated greeting stays a greeting
2026-10-09T15:05:55.2736443Z   ---
2026-10-09T15:05:55.2736528Z   duration_ms: 1809.870924
2026-10-09T15:05:55.2736603Z   type: 'test'
2026-10-09T15:05:55.2736678Z   ...
2026-10-09T15:05:55.2736864Z # Subtest: the worker exposes its handlers through a single dispatch step
2026-10-09T15:05:55.2737043Z ok 615 - the worker exposes its handlers through a single dispatch step
2026-10-09T15:05:55.2737120Z   ---
2026-10-09T15:05:55.2737200Z   duration_ms: 40.187573
2026-10-09T15:05:55.2737283Z   type: 'test'
2026-10-09T15:05:55.2737353Z   ...
2026-10-09T15:05:55.2737522Z # Subtest: the seed corpus is hydrated from the shipped .lino files
2026-10-09T15:05:55.2737673Z ok 616 - the seed corpus is hydrated from the shipped .lino files
2026-10-09T15:05:55.2737746Z   ---
2026-10-09T15:05:55.2737826Z   duration_ms: 20.241289
2026-10-09T15:05:55.2737904Z   type: 'test'
2026-10-09T15:05:55.2737980Z   ...
2026-10-09T15:05:55.2738189Z # Subtest: the web-search component falls back when its bundle is unavailable
2026-10-09T15:05:55.2738390Z ok 617 - the web-search component falls back when its bundle is unavailable
2026-10-09T15:05:55.2738460Z   ---
2026-10-09T15:05:55.2738545Z   duration_ms: 55.929897
2026-10-09T15:05:55.2738618Z   type: 'test'
2026-10-09T15:05:55.2738696Z   ...
2026-10-09T15:05:55.2738954Z # Subtest: issue 989 dialog controls and associative-memory inspection preempt generic routes
2026-10-09T15:05:55.2739354Z ok 618 - issue 989 dialog controls and associative-memory inspection preempt generic routes
2026-10-09T15:05:55.2739433Z   ---
2026-10-09T15:05:55.2739514Z   duration_ms: 1275.355833
2026-10-09T15:05:55.2739592Z   type: 'test'
2026-10-09T15:05:55.2739661Z   ...
2026-10-09T15:05:55.2739991Z # Subtest: whole original native assertion program: english_follow_up_modification_emits_substitution_plan_trace
2026-10-09T15:05:55.2740301Z ok 619 - whole original native assertion program: english_follow_up_modification_emits_substitution_plan_trace
2026-10-09T15:05:55.2740381Z   ---
2026-10-09T15:05:55.2740467Z   duration_ms: 4916.845096
2026-10-09T15:05:55.2740544Z   type: 'test'
2026-10-09T15:05:55.2740620Z   ...
2026-10-09T15:05:55.2741022Z # Subtest: whole original native assertion program: natural_language_code_execution_gate_is_stable_across_supported_language_contexts
2026-10-09T15:05:55.2741410Z ok 620 - whole original native assertion program: natural_language_code_execution_gate_is_stable_across_supported_language_contexts
2026-10-09T15:05:55.2741480Z   ---
2026-10-09T15:05:55.2741567Z   duration_ms: 3214.283259
2026-10-09T15:05:55.2741645Z   type: 'test'
2026-10-09T15:05:55.2741715Z   ...
2026-10-09T15:05:55.2742051Z # Subtest: whole original native assertion program: pronoun_followup_resolves_prior_rust_topic_for_creator_question
2026-10-09T15:05:55.2742386Z not ok 621 - whole original native assertion program: pronoun_followup_resolves_prior_rust_topic_for_creator_question
2026-10-09T15:05:55.2742464Z   ---
2026-10-09T15:05:55.2742748Z   duration_ms: 1.774085
2026-10-09T15:05:55.2742830Z   type: 'test'
2026-10-09T15:05:55.2743167Z   location: '/home/runner/work/formal-ai/formal-ai/rust/tests/web/worker-native-handler-parity.test.mjs:15:3'
2026-10-09T15:05:55.2743264Z   failureType: 'testCodeFailure'
2026-10-09T15:05:55.2743342Z   error: |-
2026-10-09T15:05:55.2743590Z     Expected values to be strictly equal:
2026-10-09T15:05:55.2743751Z     
2026-10-09T15:05:55.2743859Z     7 !== 6
2026-10-09T15:05:55.2743998Z     
2026-10-09T15:05:55.2744115Z   code: 'ERR_ASSERTION'
2026-10-09T15:05:55.2744311Z   name: 'AssertionError'
2026-10-09T15:05:55.2744439Z   expected: 6
2026-10-09T15:05:55.2744585Z   actual: 7
2026-10-09T15:05:55.2750777Z   operator: 'strictEqual'
2026-10-09T15:05:55.2750883Z   stack: |-
2026-10-09T15:05:55.2751339Z     TestContext.<anonymous> (file:///home/runner/work/formal-ai/formal-ai/rust/tests/web/worker-native-handler-parity.test.mjs:21:12)
2026-10-09T15:05:55.2751475Z     Test.runInAsyncScope (node:async_hooks:214:14)
2026-10-09T15:05:55.2751621Z     Test.run (node:internal/test_runner/test:1047:25)
2026-10-09T15:05:55.2751827Z     Test.processPendingSubtests (node:internal/test_runner/test:744:18)
2026-10-09T15:05:55.2751971Z     Test.postRun (node:internal/test_runner/test:1173:19)
2026-10-09T15:05:55.2752105Z     Test.run (node:internal/test_runner/test:1101:12)
2026-10-09T15:05:55.2752318Z     async Test.processPendingSubtests (node:internal/test_runner/test:744:7)
2026-10-09T15:05:55.2752399Z   ...
2026-10-09T15:05:55.2752923Z # Subtest: loaded seeded pronoun contexts survive terminal punctuation and Unicode boundaries
2026-10-09T15:05:55.2753207Z ok 622 - loaded seeded pronoun contexts survive terminal punctuation and Unicode boundaries
2026-10-09T15:05:55.2753284Z   ---
2026-10-09T15:05:55.2753372Z   duration_ms: 880.011531
2026-10-09T15:05:55.2753459Z   type: 'test'
2026-10-09T15:05:55.2753530Z   ...
2026-10-09T15:05:55.2753766Z # Subtest: actual matching seed is required before any coreference event is recorded
2026-10-09T15:05:55.2753989Z ok 623 - actual matching seed is required before any coreference event is recorded
2026-10-09T15:05:55.2754064Z   ---
2026-10-09T15:05:55.2754158Z   duration_ms: 2534.296021
2026-10-09T15:05:55.2754239Z   type: 'test'
2026-10-09T15:05:55.2754319Z   ...
2026-10-09T15:05:55.2754555Z # Subtest: embedded antecedent words do not fabricate a recognized prior user topic
2026-10-09T15:05:55.2754777Z ok 624 - embedded antecedent words do not fabricate a recognized prior user topic
2026-10-09T15:05:55.2754851Z   ---
2026-10-09T15:05:55.2755107Z   duration_ms: 2874.343968
2026-10-09T15:05:55.2755191Z   type: 'test'
2026-10-09T15:05:55.2755262Z   ...
2026-10-09T15:05:55.2755512Z # Subtest: real seeded antecedents defer meta reasoning only for command-head references
2026-10-09T15:05:55.2755738Z ok 625 - real seeded antecedents defer meta reasoning only for command-head references
2026-10-09T15:05:55.2755813Z   ---
2026-10-09T15:05:55.2755897Z   duration_ms: 7889.33253
2026-10-09T15:05:55.2755979Z   type: 'test'
2026-10-09T15:05:55.2756053Z   ...
2026-10-09T15:05:55.2756133Z 1..625
2026-10-09T15:05:55.2756213Z # tests 755
2026-10-09T15:05:55.2756287Z # suites 52
2026-10-09T15:05:55.2756366Z # pass 748
2026-10-09T15:05:55.2756437Z # fail 7
2026-10-09T15:05:55.2756519Z # cancelled 0
2026-10-09T15:05:55.2756595Z # skipped 0
2026-10-09T15:05:55.2756673Z # todo 0
2026-10-09T15:05:55.2756759Z # duration_ms 160506.684702
2026-10-09T15:05:55.2897035Z JavaScript suites shard 2/4 took 161s of its 360s execution budget.
2026-10-09T15:05:55.2915345Z ##[error]Process completed with exit code 1.
2026-10-09T15:05:55.3053823Z Post job cleanup.
2026-10-09T15:05:55.3892519Z [command]/usr/bin/git version
2026-10-09T15:05:55.3934987Z git version 2.55.0
2026-10-09T15:05:55.3971043Z Temporarily overriding HOME='/home/runner/work/_temp/dbc90b39-7a94-4457-be9f-136aa1ec75f9' before making global git config changes
2026-10-09T15:05:55.3971710Z Adding repository directory to the temporary git global config as a safe directory
2026-10-09T15:05:55.3976292Z [command]/usr/bin/git config --global --add safe.directory /home/runner/work/formal-ai/formal-ai/.rml
2026-10-09T15:05:55.4006990Z Removing SSH command configuration
2026-10-09T15:05:55.4013458Z [command]/usr/bin/git config --local --name-only --get-regexp core\.sshCommand
2026-10-09T15:05:55.4048759Z [command]/usr/bin/git submodule foreach --recursive sh -c "git config --local --name-only --get-regexp 'core\.sshCommand' && git config --local --unset-all 'core.sshCommand' || :"
2026-10-09T15:05:55.4302971Z Removing HTTP extra header
2026-10-09T15:05:55.4308550Z [command]/usr/bin/git config --local --name-only --get-regexp http\.https\:\/\/github\.com\/\.extraheader
2026-10-09T15:05:55.4344984Z [command]/usr/bin/git submodule foreach --recursive sh -c "git config --local --name-only --get-regexp 'http\.https\:\/\/github\.com\/\.extraheader' && git config --local --unset-all 'http.https://github.com/.extraheader' || :"
2026-10-09T15:05:55.4590657Z Removing includeIf entries pointing to credentials config files
2026-10-09T15:05:55.4598111Z [command]/usr/bin/git config --local --name-only --get-regexp ^includeIf\.gitdir:
2026-10-09T15:05:55.4642381Z [command]/usr/bin/git submodule foreach --recursive git config --local --show-origin --name-only --get-regexp remote.origin.url
2026-10-09T15:05:55.5140512Z Post job cleanup.
2026-10-09T15:05:55.6026197Z [command]/usr/bin/git version
2026-10-09T15:05:55.6074969Z git version 2.55.0
2026-10-09T15:05:55.6114692Z Temporarily overriding HOME='/home/runner/work/_temp/f9d1ea50-81db-4e48-8c77-181b623104d1' before making global git config changes
2026-10-09T15:05:55.6115634Z Adding repository directory to the temporary git global config as a safe directory
2026-10-09T15:05:55.6120555Z [command]/usr/bin/git config --global --add safe.directory /home/runner/work/formal-ai/formal-ai
2026-10-09T15:05:55.6153763Z Removing SSH command configuration
2026-10-09T15:05:55.6161320Z [command]/usr/bin/git config --local --name-only --get-regexp core\.sshCommand
2026-10-09T15:05:55.6203459Z [command]/usr/bin/git submodule foreach --recursive sh -c "git config --local --name-only --get-regexp 'core\.sshCommand' && git config --local --unset-all 'core.sshCommand' || :"
2026-10-09T15:05:55.6506498Z Removing HTTP extra header
2026-10-09T15:05:55.6514465Z [command]/usr/bin/git config --local --name-only --get-regexp http\.https\:\/\/github\.com\/\.extraheader
2026-10-09T15:05:55.6556427Z [command]/usr/bin/git submodule foreach --recursive sh -c "git config --local --name-only --get-regexp 'http\.https\:\/\/github\.com\/\.extraheader' && git config --local --unset-all 'http.https://github.com/.extraheader' || :"
2026-10-09T15:05:55.6845574Z Removing includeIf entries pointing to credentials config files
2026-10-09T15:05:55.6853163Z [command]/usr/bin/git config --local --name-only --get-regexp ^includeIf\.gitdir:
2026-10-09T15:05:55.6895287Z [command]/usr/bin/git submodule foreach --recursive git config --local --show-origin --name-only --get-regexp remote.origin.url
2026-10-09T15:05:55.7309138Z Cleaning up orphan processes
