2026-10-09T22:05:02.2314450Z Current runner version: '2.337.0'
2026-10-09T22:05:02.2342288Z ##[group]Runner Image Provisioner
2026-10-09T22:05:02.2343239Z Hosted Compute Agent
2026-10-09T22:05:02.2344121Z Version: 20261002.596
2026-10-09T22:05:02.2344927Z Commit: c3d12f3313a95f25162a1503be624f3b0617f8c0
2026-10-09T22:05:02.2345885Z Build Date: 2026-10-02T22:28:27Z
2026-10-09T22:05:02.2346776Z Worker ID: {581e3ab2-61a2-492b-964a-a65fc6c49d1f}
2026-10-09T22:05:02.2347619Z Region: eastus
2026-10-09T22:05:02.2348344Z Cloud: Azure
2026-10-09T22:05:02.2349012Z ##[endgroup]
2026-10-09T22:05:02.2350936Z ##[group]Operating System
2026-10-09T22:05:02.2351725Z Ubuntu
2026-10-09T22:05:02.2352396Z 24.04.5
2026-10-09T22:05:02.2353021Z LTS
2026-10-09T22:05:02.2353635Z ##[endgroup]
2026-10-09T22:05:02.2354357Z ##[group]Runner Image
2026-10-09T22:05:02.2355152Z Image: ubuntu-24.04
2026-10-09T22:05:02.2355906Z Version: 20261004.327.1
2026-10-09T22:05:02.2357497Z Included Software: https://github.com/actions/runner-images/blob/ubuntu24/20261004.327/images/ubuntu/Ubuntu2404-Readme.md
2026-10-09T22:05:02.2359806Z Image Release: https://github.com/actions/runner-images/releases/tag/ubuntu24%2F20261004.327
2026-10-09T22:05:02.2361074Z ##[endgroup]
2026-10-09T22:05:02.2362453Z ##[group]GITHUB_TOKEN Permissions
2026-10-09T22:05:02.2364484Z Contents: read
2026-10-09T22:05:02.2365278Z Metadata: read
2026-10-09T22:05:02.2366023Z ##[endgroup]
2026-10-09T22:05:02.2368402Z Secret source: Actions
2026-10-09T22:05:02.2369634Z Cache mode: write
2026-10-09T22:05:02.2370638Z Prepare workflow directory
2026-10-09T22:05:02.2984915Z Prepare all required actions
2026-10-09T22:05:02.3042099Z Getting action download info
2026-10-09T22:05:02.5951648Z Download action repository 'actions/checkout@v7' (SHA:3d3c42e5aac5ba805825da76410c181273ba90b1)
2026-10-09T22:05:02.6911604Z Download action repository 'dtolnay/rust-toolchain@stable' (SHA:686976e191b89faba57d3206551f0f330d8cb249)
2026-10-09T22:05:02.7671574Z Download action repository 'actions/download-artifact@v8' (SHA:9000827ccba6bdab643e8b6fd33ac0654aef8333)
2026-10-09T22:05:03.0603413Z Complete job name: Test (ubuntu-latest / specification) shard 3/4
2026-10-09T22:05:03.1281554Z ##[group]Run actions/checkout@v7
2026-10-09T22:05:03.1282220Z with:
2026-10-09T22:05:03.1282580Z   persist-credentials: false
2026-10-09T22:05:03.1283001Z   fetch-depth: 0
2026-10-09T22:05:03.1283378Z   repository: link-assistant/formal-ai
2026-10-09T22:05:03.1286401Z   token: ***
2026-10-09T22:05:03.1286766Z   ssh-strict: true
2026-10-09T22:05:03.1287195Z   ssh-user: git
2026-10-09T22:05:03.1287576Z   clean: true
2026-10-09T22:05:03.1287942Z   sparse-checkout-cone-mode: true
2026-10-09T22:05:03.1288351Z   fetch-tags: false
2026-10-09T22:05:03.1288710Z   show-progress: true
2026-10-09T22:05:03.1289068Z   lfs: false
2026-10-09T22:05:03.1289822Z   submodules: false
2026-10-09T22:05:03.1290180Z   set-safe-directory: true
2026-10-09T22:05:03.1290580Z   allow-unsafe-pr-checkout: false
2026-10-09T22:05:03.1291256Z env:
2026-10-09T22:05:03.1291577Z   GIT_CONFIG_COUNT: 1
2026-10-09T22:05:03.1291985Z   GIT_CONFIG_KEY_0: init.defaultBranch
2026-10-09T22:05:03.1292451Z   GIT_CONFIG_VALUE_0: main
2026-10-09T22:05:03.1292828Z   CARGO_NET_RETRY: 10
2026-10-09T22:05:03.1293192Z   CARGO_HTTP_MULTIPLEXING: false
2026-10-09T22:05:03.1293597Z   CARGO_TERM_COLOR: always
2026-10-09T22:05:03.1293983Z   FORMAL_AI_CI_VERBOSE: false
2026-10-09T22:05:03.1294382Z   FORMAL_AI_NON_LINUX_CI: run
2026-10-09T22:05:03.1294829Z   RUSTFLAGS: -Dwarnings
2026-10-09T22:05:03.1295338Z   CARGO_REGISTRY_TOKEN: ***
2026-10-09T22:05:03.1295788Z   CARGO_TOKEN: ***
2026-10-09T22:05:03.1296175Z   GHCR_IMAGE: ghcr.io/link-assistant/formal-ai
2026-10-09T22:05:03.1296649Z   DOCKERHUB_IMAGE: konard/formal-ai
2026-10-09T22:05:03.1297053Z ##[endgroup]
2026-10-09T22:05:03.2189435Z Syncing repository: link-assistant/formal-ai
2026-10-09T22:05:03.2191684Z ##[group]Getting Git version info
2026-10-09T22:05:03.2192514Z Working directory is '/home/runner/work/formal-ai/formal-ai'
2026-10-09T22:05:03.2193690Z [command]/usr/bin/git version
2026-10-09T22:05:03.2301613Z git version 2.55.0
2026-10-09T22:05:03.2326950Z ##[endgroup]
2026-10-09T22:05:03.2339743Z Temporarily overriding HOME='/home/runner/work/_temp/c06c2b5c-b8a1-4d2a-aebb-8ac931279086' before making global git config changes
2026-10-09T22:05:03.2341684Z Adding repository directory to the temporary git global config as a safe directory
2026-10-09T22:05:03.2348444Z [command]/usr/bin/git config --global --add safe.directory /home/runner/work/formal-ai/formal-ai
2026-10-09T22:05:03.2403940Z Deleting the contents of '/home/runner/work/formal-ai/formal-ai'
2026-10-09T22:05:03.2407612Z ##[group]Determining repository object format
2026-10-09T22:05:03.2410050Z ##[endgroup]
2026-10-09T22:05:03.2411044Z ##[group]Initializing the repository
2026-10-09T22:05:03.2415066Z [command]/usr/bin/git init /home/runner/work/formal-ai/formal-ai
2026-10-09T22:05:03.2523943Z Initialized empty Git repository in /home/runner/work/formal-ai/formal-ai/.git/
2026-10-09T22:05:03.2544356Z [command]/usr/bin/git remote add origin https://github.com/link-assistant/formal-ai
2026-10-09T22:05:03.2596804Z ##[endgroup]
2026-10-09T22:05:03.2597909Z ##[group]Disabling automatic garbage collection
2026-10-09T22:05:03.2601508Z [command]/usr/bin/git config --local gc.auto 0
2026-10-09T22:05:03.2663908Z ##[endgroup]
2026-10-09T22:05:03.2665320Z ##[group]Setting up auth
2026-10-09T22:05:03.2666823Z Removing SSH command configuration
2026-10-09T22:05:03.2668413Z [command]/usr/bin/git config --local --name-only --get-regexp core\.sshCommand
2026-10-09T22:05:03.2713882Z [command]/usr/bin/git submodule foreach --recursive sh -c "git config --local --name-only --get-regexp 'core\.sshCommand' && git config --local --unset-all 'core.sshCommand' || :"
2026-10-09T22:05:03.3041370Z Removing HTTP extra header
2026-10-09T22:05:03.3046552Z [command]/usr/bin/git config --local --name-only --get-regexp http\.https\:\/\/github\.com\/\.extraheader
2026-10-09T22:05:03.3080532Z [command]/usr/bin/git submodule foreach --recursive sh -c "git config --local --name-only --get-regexp 'http\.https\:\/\/github\.com\/\.extraheader' && git config --local --unset-all 'http.https://github.com/.extraheader' || :"
2026-10-09T22:05:03.3287799Z Removing includeIf entries pointing to credentials config files
2026-10-09T22:05:03.3292482Z [command]/usr/bin/git config --local --name-only --get-regexp ^includeIf\.gitdir:
2026-10-09T22:05:03.3325283Z [command]/usr/bin/git submodule foreach --recursive git config --local --show-origin --name-only --get-regexp remote.origin.url
2026-10-09T22:05:03.3576474Z [command]/usr/bin/git config --file /home/runner/work/_temp/git-credentials-b5bf4649-11c0-4eef-a154-25a0b16fbf82.config http.https://github.com/.extraheader AUTHORIZATION: basic ***
2026-10-09T22:05:03.3638116Z [command]/usr/bin/git config --local includeIf.gitdir:/home/runner/work/formal-ai/formal-ai/.git.path /home/runner/work/_temp/git-credentials-b5bf4649-11c0-4eef-a154-25a0b16fbf82.config
2026-10-09T22:05:03.3670625Z [command]/usr/bin/git config --local includeIf.gitdir:/home/runner/work/formal-ai/formal-ai/.git/worktrees/*.path /home/runner/work/_temp/git-credentials-b5bf4649-11c0-4eef-a154-25a0b16fbf82.config
2026-10-09T22:05:03.3705603Z [command]/usr/bin/git config --local includeIf.gitdir:/github/workspace/.git.path /github/runner_temp/git-credentials-b5bf4649-11c0-4eef-a154-25a0b16fbf82.config
2026-10-09T22:05:03.3749406Z [command]/usr/bin/git config --local includeIf.gitdir:/github/workspace/.git/worktrees/*.path /github/runner_temp/git-credentials-b5bf4649-11c0-4eef-a154-25a0b16fbf82.config
2026-10-09T22:05:03.3786693Z ##[endgroup]
2026-10-09T22:05:03.3787311Z ##[group]Fetching the repository
2026-10-09T22:05:03.3796611Z [command]/usr/bin/git -c protocol.version=2 fetch --no-tags --prune --no-recurse-submodules origin +refs/heads/*:refs/remotes/origin/* +refs/tags/*:refs/tags/* +b3953871e7aa9a10936447fd3a64b30903c9e852:refs/remotes/pull/1188/merge
2026-10-09T22:05:23.2398603Z From https://github.com/link-assistant/formal-ai
2026-10-09T22:05:23.2400248Z  * [new branch]          ci-docker-layer-cache   -> origin/ci-docker-layer-cache
2026-10-09T22:05:23.2402222Z  * [new branch]          codex-issue-1138-final  -> origin/codex-issue-1138-final
2026-10-09T22:05:23.2403700Z  * [new branch]          coverage-budget-5400    -> origin/coverage-budget-5400
2026-10-09T22:05:23.2405336Z  * [new branch]          fix-781-mcp-research-precedence -> origin/fix-781-mcp-research-precedence
2026-10-09T22:05:23.2407358Z  * [new branch]          formal-ai/issue-1091-34197555355 -> origin/formal-ai/issue-1091-34197555355
2026-10-09T22:05:23.2409385Z  * [new branch]          formal-ai/issue-1091-34197711738 -> origin/formal-ai/issue-1091-34197711738
2026-10-09T22:05:23.2411642Z  * [new branch]          formal-ai/issue-1091-34206087424 -> origin/formal-ai/issue-1091-34206087424
2026-10-09T22:05:23.2413869Z  * [new branch]          formal-ai/issue-1091-34223865082 -> origin/formal-ai/issue-1091-34223865082
2026-10-09T22:05:23.2415953Z  * [new branch]          formal-ai/issue-1091-34231781135 -> origin/formal-ai/issue-1091-34231781135
2026-10-09T22:05:23.2418118Z  * [new branch]          formal-ai/issue-1091-34234113904 -> origin/formal-ai/issue-1091-34234113904
2026-10-09T22:05:23.2420731Z  * [new branch]          formal-ai/issue-1091-34241163195 -> origin/formal-ai/issue-1091-34241163195
2026-10-09T22:05:23.2423329Z  * [new branch]          formal-ai/issue-1091-34247939598 -> origin/formal-ai/issue-1091-34247939598
2026-10-09T22:05:23.2425227Z  * [new branch]          formal-ai/issue-1091-34294396281 -> origin/formal-ai/issue-1091-34294396281
2026-10-09T22:05:23.2427324Z  * [new branch]          formal-ai/issue-1113-34520854975 -> origin/formal-ai/issue-1113-34520854975
2026-10-09T22:05:23.2429614Z  * [new branch]          formal-ai/issue-1120-34530199973 -> origin/formal-ai/issue-1120-34530199973
2026-10-09T22:05:23.2432343Z  * [new branch]          formal-ai/issue-1120-34530973176 -> origin/formal-ai/issue-1120-34530973176
2026-10-09T22:05:23.2434454Z  * [new branch]          formal-ai/issue-1123-34542617225 -> origin/formal-ai/issue-1123-34542617225
2026-10-09T22:05:23.2436435Z  * [new branch]          gh-pages                -> origin/gh-pages
2026-10-09T22:05:23.2438300Z  * [new branch]          issue-1-040a21d753ca    -> origin/issue-1-040a21d753ca
2026-10-09T22:05:23.2440587Z  * [new branch]          issue-1-70671eb0ba20    -> origin/issue-1-70671eb0ba20
2026-10-09T22:05:23.2442342Z  * [new branch]          issue-10-528ad8299bfa   -> origin/issue-10-528ad8299bfa
2026-10-09T22:05:23.2444256Z  * [new branch]          issue-1001-e53f7675d6f4 -> origin/issue-1001-e53f7675d6f4
2026-10-09T22:05:23.2446426Z  * [new branch]          issue-1012-f43e3a18da30 -> origin/issue-1012-f43e3a18da30
2026-10-09T22:05:23.2448185Z  * [new branch]          issue-1014-fa915643117e -> origin/issue-1014-fa915643117e
2026-10-09T22:05:23.2450058Z  * [new branch]          issue-1017-fcfc7331ff54 -> origin/issue-1017-fcfc7331ff54
2026-10-09T22:05:23.2451751Z  * [new branch]          issue-1021-bdff51c09742 -> origin/issue-1021-bdff51c09742
2026-10-09T22:05:23.2454104Z  * [new branch]          issue-1028-agent-ladder-isolated-runner -> origin/issue-1028-agent-ladder-isolated-runner
2026-10-09T22:05:23.2456624Z  * [new branch]          issue-1028-apt-escalating-deadlines -> origin/issue-1028-apt-escalating-deadlines
2026-10-09T22:05:23.2458686Z  * [new branch]          issue-103-89b7776b0010  -> origin/issue-103-89b7776b0010
2026-10-09T22:05:23.2460919Z  * [new branch]          issue-105-43de79808581  -> origin/issue-105-43de79808581
2026-10-09T22:05:23.2463056Z  * [new branch]          issue-1064-release-deferral-visibility -> origin/issue-1064-release-deferral-visibility
2026-10-09T22:05:23.2465183Z  * [new branch]          issue-1069-05d4ea1feb9b -> origin/issue-1069-05d4ea1feb9b
2026-10-09T22:05:23.2466863Z  * [new branch]          issue-107-c995aabb2aac  -> origin/issue-107-c995aabb2aac
2026-10-09T22:05:23.2468505Z  * [new branch]          issue-1073-98ed56b4431c -> origin/issue-1073-98ed56b4431c
2026-10-09T22:05:23.2470574Z  * [new branch]          issue-1075-9e9c96124ed3 -> origin/issue-1075-9e9c96124ed3
2026-10-09T22:05:23.2472223Z  * [new branch]          issue-1076-e89a27662479 -> origin/issue-1076-e89a27662479
2026-10-09T22:05:23.2473869Z  * [new branch]          issue-1079-92eb3dd8a0fa -> origin/issue-1079-92eb3dd8a0fa
2026-10-09T22:05:23.2475541Z  * [new branch]          issue-108-e4fa776bf7e7  -> origin/issue-108-e4fa776bf7e7
2026-10-09T22:05:23.2477223Z  * [new branch]          issue-1081-374fa6ac9934 -> origin/issue-1081-374fa6ac9934
2026-10-09T22:05:23.2478919Z  * [new branch]          issue-1085-9c2f4e7a1b3d -> origin/issue-1085-9c2f4e7a1b3d
2026-10-09T22:05:23.2480736Z  * [new branch]          issue-110-2af174f3ddb8  -> origin/issue-110-2af174f3ddb8
2026-10-09T22:05:23.2482395Z  * [new branch]          issue-1111-linux-only-ci -> origin/issue-1111-linux-only-ci
2026-10-09T22:05:23.2484093Z  * [new branch]          issue-1113-pr-visibility -> origin/issue-1113-pr-visibility
2026-10-09T22:05:23.2485861Z  * [new branch]          issue-112-248769046c3f  -> origin/issue-112-248769046c3f
2026-10-09T22:05:23.2487747Z  * [new branch]          issue-1126-drop-kernel-terminology -> origin/issue-1126-drop-kernel-terminology
2026-10-09T22:05:23.2489936Z  * [new branch]          issue-1133-hive-mind-2026-09-13 -> origin/issue-1133-hive-mind-2026-09-13
2026-10-09T22:05:23.2492262Z  * [new branch]          issue-1138-session-evidence -> origin/issue-1138-session-evidence
2026-10-09T22:05:23.2494087Z  * [new branch]          issue-115-f9977aca33fe  -> origin/issue-115-f9977aca33fe
2026-10-09T22:05:23.2495827Z  * [new branch]          issue-117-65eb42b6b7fe  -> origin/issue-117-65eb42b6b7fe
2026-10-09T22:05:23.2498215Z  * [new branch]          issue-12-8475693e3ce5   -> origin/issue-12-8475693e3ce5
2026-10-09T22:05:23.2500232Z  * [new branch]          issue-121-2ec52977d59a  -> origin/issue-121-2ec52977d59a
2026-10-09T22:05:23.2501804Z  * [new branch]          issue-123-448321a27278  -> origin/issue-123-448321a27278
2026-10-09T22:05:23.2503586Z  * [new branch]          issue-125-1ca670a84080  -> origin/issue-125-1ca670a84080
2026-10-09T22:05:23.2505355Z  * [new branch]          issue-125-ee624abc83ec  -> origin/issue-125-ee624abc83ec
2026-10-09T22:05:23.2506974Z  * [new branch]          issue-127-02b97a60aa65  -> origin/issue-127-02b97a60aa65
2026-10-09T22:05:23.2508645Z  * [new branch]          issue-127-1af8cef2ecfb  -> origin/issue-127-1af8cef2ecfb
2026-10-09T22:05:23.2510510Z  * [new branch]          issue-129-9c664282dfea  -> origin/issue-129-9c664282dfea
2026-10-09T22:05:23.2512096Z  * [new branch]          issue-133-3a851f322caa  -> origin/issue-133-3a851f322caa
2026-10-09T22:05:23.2513734Z  * [new branch]          issue-135-e32feaf9ccfd  -> origin/issue-135-e32feaf9ccfd
2026-10-09T22:05:23.2515341Z  * [new branch]          issue-136-977a3d386e2a  -> origin/issue-136-977a3d386e2a
2026-10-09T22:05:23.2516917Z  * [new branch]          issue-14-cea6df691135   -> origin/issue-14-cea6df691135
2026-10-09T22:05:23.2518493Z  * [new branch]          issue-140-f298777c7c24  -> origin/issue-140-f298777c7c24
2026-10-09T22:05:23.2520183Z  * [new branch]          issue-144-c99ce65d1915  -> origin/issue-144-c99ce65d1915
2026-10-09T22:05:23.2521752Z  * [new branch]          issue-145-45527c76ca24  -> origin/issue-145-45527c76ca24
2026-10-09T22:05:23.2523334Z  * [new branch]          issue-146-3f926558fe76  -> origin/issue-146-3f926558fe76
2026-10-09T22:05:23.2524889Z  * [new branch]          issue-149-47706e450c61  -> origin/issue-149-47706e450c61
2026-10-09T22:05:23.2526493Z  * [new branch]          issue-152-3916072d4278  -> origin/issue-152-3916072d4278
2026-10-09T22:05:23.2528378Z  * [new branch]          issue-153-9ae03e768324  -> origin/issue-153-9ae03e768324
2026-10-09T22:05:23.2530170Z  * [new branch]          issue-156-70f6dbdff452  -> origin/issue-156-70f6dbdff452
2026-10-09T22:05:23.2532037Z  * [new branch]          issue-157-172082bc75f4  -> origin/issue-157-172082bc75f4
2026-10-09T22:05:23.2533590Z  * [new branch]          issue-159-b2a5bc9f5a56  -> origin/issue-159-b2a5bc9f5a56
2026-10-09T22:05:23.2535406Z  * [new branch]          issue-16-f76f85f72657   -> origin/issue-16-f76f85f72657
2026-10-09T22:05:23.2536968Z  * [new branch]          issue-160-53f4d46ed2df  -> origin/issue-160-53f4d46ed2df
2026-10-09T22:05:23.2538649Z  * [new branch]          issue-161-b6fba3b370ea  -> origin/issue-161-b6fba3b370ea
2026-10-09T22:05:23.2540413Z  * [new branch]          issue-162-3046a51f4c24  -> origin/issue-162-3046a51f4c24
2026-10-09T22:05:23.2541963Z  * [new branch]          issue-163-d536717f895a  -> origin/issue-163-d536717f895a
2026-10-09T22:05:23.2543504Z  * [new branch]          issue-164-9a34163b931c  -> origin/issue-164-9a34163b931c
2026-10-09T22:05:23.2545054Z  * [new branch]          issue-165-ae9e3865656f  -> origin/issue-165-ae9e3865656f
2026-10-09T22:05:23.2546667Z  * [new branch]          issue-168-74facaae132a  -> origin/issue-168-74facaae132a
2026-10-09T22:05:23.2548811Z  * [new branch]          issue-169-40f964916dd2  -> origin/issue-169-40f964916dd2
2026-10-09T22:05:23.2550954Z  * [new branch]          issue-172-6f05b8d7064b  -> origin/issue-172-6f05b8d7064b
2026-10-09T22:05:23.2552518Z  * [new branch]          issue-18-65b2eb796b44   -> origin/issue-18-65b2eb796b44
2026-10-09T22:05:23.2554054Z  * [new branch]          issue-180-d9c09fe7795a  -> origin/issue-180-d9c09fe7795a
2026-10-09T22:05:23.2555590Z  * [new branch]          issue-182-7747bbca426b  -> origin/issue-182-7747bbca426b
2026-10-09T22:05:23.2557108Z  * [new branch]          issue-183-3f4b24d7b276  -> origin/issue-183-3f4b24d7b276
2026-10-09T22:05:23.2558647Z  * [new branch]          issue-184-8c29f506aef9  -> origin/issue-184-8c29f506aef9
2026-10-09T22:05:23.2560435Z  * [new branch]          issue-185-5e92ccc6162c  -> origin/issue-185-5e92ccc6162c
2026-10-09T22:05:23.2561968Z  * [new branch]          issue-187-79bc77f3d485  -> origin/issue-187-79bc77f3d485
2026-10-09T22:05:23.2563500Z  * [new branch]          issue-190-8c706a31ad6a  -> origin/issue-190-8c706a31ad6a
2026-10-09T22:05:23.2565036Z  * [new branch]          issue-192-12a50e1d9874  -> origin/issue-192-12a50e1d9874
2026-10-09T22:05:23.2566744Z  * [new branch]          issue-193-64742fb93b00  -> origin/issue-193-64742fb93b00
2026-10-09T22:05:23.2568275Z  * [new branch]          issue-195-bed514694604  -> origin/issue-195-bed514694604
2026-10-09T22:05:23.2569917Z  * [new branch]          issue-196-baa4327fc44a  -> origin/issue-196-baa4327fc44a
2026-10-09T22:05:23.2571436Z  * [new branch]          issue-20-4275e3280a5a   -> origin/issue-20-4275e3280a5a
2026-10-09T22:05:23.2572945Z  * [new branch]          issue-205-904afe68fe09  -> origin/issue-205-904afe68fe09
2026-10-09T22:05:23.2574478Z  * [new branch]          issue-207-40aa862c0b6e  -> origin/issue-207-40aa862c0b6e
2026-10-09T22:05:23.2576002Z  * [new branch]          issue-209-490a73a6457c  -> origin/issue-209-490a73a6457c
2026-10-09T22:05:23.2577526Z  * [new branch]          issue-21-0c5ffd5a0979   -> origin/issue-21-0c5ffd5a0979
2026-10-09T22:05:23.2579049Z  * [new branch]          issue-210-4d285057dbda  -> origin/issue-210-4d285057dbda
2026-10-09T22:05:23.2580665Z  * [new branch]          issue-212-982e59cd9627  -> origin/issue-212-982e59cd9627
2026-10-09T22:05:23.2582183Z  * [new branch]          issue-213-ccac1dba5ff0  -> origin/issue-213-ccac1dba5ff0
2026-10-09T22:05:23.2583706Z  * [new branch]          issue-218-71bece6bcc84  -> origin/issue-218-71bece6bcc84
2026-10-09T22:05:23.2585207Z  * [new branch]          issue-221-77aad836fb28  -> origin/issue-221-77aad836fb28
2026-10-09T22:05:23.2586718Z  * [new branch]          issue-223-2a1e41a20542  -> origin/issue-223-2a1e41a20542
2026-10-09T22:05:23.2588235Z  * [new branch]          issue-224-cf105bcf1a6e  -> origin/issue-224-cf105bcf1a6e
2026-10-09T22:05:23.2589915Z  * [new branch]          issue-226-d5af2957ea35  -> origin/issue-226-d5af2957ea35
2026-10-09T22:05:23.2591431Z  * [new branch]          issue-228-f1e6cdaa38f0  -> origin/issue-228-f1e6cdaa38f0
2026-10-09T22:05:23.2592952Z  * [new branch]          issue-230-a9436b51254d  -> origin/issue-230-a9436b51254d
2026-10-09T22:05:23.2594594Z  * [new branch]          issue-232-b9341e555308  -> origin/issue-232-b9341e555308
2026-10-09T22:05:23.2596091Z  * [new branch]          issue-24-7fe6ff27055d   -> origin/issue-24-7fe6ff27055d
2026-10-09T22:05:23.2597568Z  * [new branch]          issue-24-9083bf15af21   -> origin/issue-24-9083bf15af21
2026-10-09T22:05:23.2599041Z  * [new branch]          issue-242-589b8e1d2946  -> origin/issue-242-589b8e1d2946
2026-10-09T22:05:23.2600757Z  * [new branch]          issue-244-75334b422fcf  -> origin/issue-244-75334b422fcf
2026-10-09T22:05:23.2602236Z  * [new branch]          issue-246-61ab4f8b4f3e  -> origin/issue-246-61ab4f8b4f3e
2026-10-09T22:05:23.2603715Z  * [new branch]          issue-247-810952870ab9  -> origin/issue-247-810952870ab9
2026-10-09T22:05:23.2605186Z  * [new branch]          issue-248-ea3e948d0229  -> origin/issue-248-ea3e948d0229
2026-10-09T22:05:23.2606656Z  * [new branch]          issue-249-6136f9213c76  -> origin/issue-249-6136f9213c76
2026-10-09T22:05:23.2608140Z  * [new branch]          issue-250-be761bc3dbee  -> origin/issue-250-be761bc3dbee
2026-10-09T22:05:23.2609768Z  * [new branch]          issue-251-7d593ac4bba8  -> origin/issue-251-7d593ac4bba8
2026-10-09T22:05:23.2611254Z  * [new branch]          issue-252-b1f65d416f4a  -> origin/issue-252-b1f65d416f4a
2026-10-09T22:05:23.2612723Z  * [new branch]          issue-253-59df91a538ab  -> origin/issue-253-59df91a538ab
2026-10-09T22:05:23.2614191Z  * [new branch]          issue-254-7e0bf261bbbe  -> origin/issue-254-7e0bf261bbbe
2026-10-09T22:05:23.2615666Z  * [new branch]          issue-255-4873634aa505  -> origin/issue-255-4873634aa505
2026-10-09T22:05:23.2617124Z  * [new branch]          issue-256-585dd1cf5c16  -> origin/issue-256-585dd1cf5c16
2026-10-09T22:05:23.2618607Z  * [new branch]          issue-257-a276337dd027  -> origin/issue-257-a276337dd027
2026-10-09T22:05:23.2620253Z  * [new branch]          issue-258-d31b6cd36328  -> origin/issue-258-d31b6cd36328
2026-10-09T22:05:23.2621865Z  * [new branch]          issue-259-8addd79af1e5  -> origin/issue-259-8addd79af1e5
2026-10-09T22:05:23.2623342Z  * [new branch]          issue-262-ffbf4f8b62fc  -> origin/issue-262-ffbf4f8b62fc
2026-10-09T22:05:23.2624805Z  * [new branch]          issue-27-2a30a20dbe1d   -> origin/issue-27-2a30a20dbe1d
2026-10-09T22:05:23.2626281Z  * [new branch]          issue-272-faddf6c692f2  -> origin/issue-272-faddf6c692f2
2026-10-09T22:05:23.2627758Z  * [new branch]          issue-278-f318cd644af7  -> origin/issue-278-f318cd644af7
2026-10-09T22:05:23.2629350Z  * [new branch]          issue-279-5ba4c6826050  -> origin/issue-279-5ba4c6826050
2026-10-09T22:05:23.2630831Z  * [new branch]          issue-280-a5568cffb278  -> origin/issue-280-a5568cffb278
2026-10-09T22:05:23.2632300Z  * [new branch]          issue-281-adb3f644d22f  -> origin/issue-281-adb3f644d22f
2026-10-09T22:05:23.2633764Z  * [new branch]          issue-282-87c4ef549aa1  -> origin/issue-282-87c4ef549aa1
2026-10-09T22:05:23.2635233Z  * [new branch]          issue-283-61f53327e75b  -> origin/issue-283-61f53327e75b
2026-10-09T22:05:23.2636703Z  * [new branch]          issue-284-ca54d46aaebc  -> origin/issue-284-ca54d46aaebc
2026-10-09T22:05:23.2638169Z  * [new branch]          issue-286-61cbbdcba27e  -> origin/issue-286-61cbbdcba27e
2026-10-09T22:05:23.2639779Z  * [new branch]          issue-288-6acac66b9387  -> origin/issue-288-6acac66b9387
2026-10-09T22:05:23.2641233Z  * [new branch]          issue-29-13a9db91b72a   -> origin/issue-29-13a9db91b72a
2026-10-09T22:05:23.2642690Z  * [new branch]          issue-292-da9aaf96e0f3  -> origin/issue-292-da9aaf96e0f3
2026-10-09T22:05:23.2644133Z  * [new branch]          issue-298-2417e4679aef  -> origin/issue-298-2417e4679aef
2026-10-09T22:05:23.2645574Z  * [new branch]          issue-299-30d5d978e553  -> origin/issue-299-30d5d978e553
2026-10-09T22:05:23.2647011Z  * [new branch]          issue-30-267957d5e55e   -> origin/issue-30-267957d5e55e
2026-10-09T22:05:23.2648463Z  * [new branch]          issue-300-873cc5bb18f5  -> origin/issue-300-873cc5bb18f5
2026-10-09T22:05:23.2650350Z  * [new branch]          issue-301-ef74e93466aa  -> origin/issue-301-ef74e93466aa
2026-10-09T22:05:23.2651793Z  * [new branch]          issue-302-e7083056c95e  -> origin/issue-302-e7083056c95e
2026-10-09T22:05:23.2653245Z  * [new branch]          issue-303-2e2d9313f8e1  -> origin/issue-303-2e2d9313f8e1
2026-10-09T22:05:23.2654743Z  * [new branch]          issue-304-23e843eb0d56  -> origin/issue-304-23e843eb0d56
2026-10-09T22:05:23.2656166Z  * [new branch]          issue-31-5ef83b6717f8   -> origin/issue-31-5ef83b6717f8
2026-10-09T22:05:23.2657596Z  * [new branch]          issue-312-d1d44d5118bd  -> origin/issue-312-d1d44d5118bd
2026-10-09T22:05:23.2659039Z  * [new branch]          issue-313-ece61791ba00  -> origin/issue-313-ece61791ba00
2026-10-09T22:05:23.2660665Z  * [new branch]          issue-314-ed19d11ac015  -> origin/issue-314-ed19d11ac015
2026-10-09T22:05:23.2662113Z  * [new branch]          issue-315-2ed7e2a5be22  -> origin/issue-315-2ed7e2a5be22
2026-10-09T22:05:23.2663584Z  * [new branch]          issue-316-df2ecc9c1366  -> origin/issue-316-df2ecc9c1366
2026-10-09T22:05:23.2665041Z  * [new branch]          issue-317-a2983c165b4d  -> origin/issue-317-a2983c165b4d
2026-10-09T22:05:23.2666486Z  * [new branch]          issue-324-cf8043055ef7  -> origin/issue-324-cf8043055ef7
2026-10-09T22:05:23.2667918Z  * [new branch]          issue-326-502fcf4d3a9f  -> origin/issue-326-502fcf4d3a9f
2026-10-09T22:05:23.2669513Z  * [new branch]          issue-327-ca9bee51ff14  -> origin/issue-327-ca9bee51ff14
2026-10-09T22:05:23.2670964Z  * [new branch]          issue-330-64d71bce5b77  -> origin/issue-330-64d71bce5b77
2026-10-09T22:05:23.2672408Z  * [new branch]          issue-332-f94cd78ff46b  -> origin/issue-332-f94cd78ff46b
2026-10-09T22:05:23.2673834Z  * [new branch]          issue-333-d89656a09a4c  -> origin/issue-333-d89656a09a4c
2026-10-09T22:05:23.2675273Z  * [new branch]          issue-334-229eab37b96b  -> origin/issue-334-229eab37b96b
2026-10-09T22:05:23.2676926Z  * [new branch]          issue-335-3a1d301bdab8  -> origin/issue-335-3a1d301bdab8
2026-10-09T22:05:23.2678384Z  * [new branch]          issue-336-d38364ae9aa3  -> origin/issue-336-d38364ae9aa3
2026-10-09T22:05:23.2680016Z  * [new branch]          issue-337-af94e05dd18c  -> origin/issue-337-af94e05dd18c
2026-10-09T22:05:23.2681468Z  * [new branch]          issue-338-f2a015abaa68  -> origin/issue-338-f2a015abaa68
2026-10-09T22:05:23.2682901Z  * [new branch]          issue-339-5582ebca4a27  -> origin/issue-339-5582ebca4a27
2026-10-09T22:05:23.2684356Z  * [new branch]          issue-340-dbe3f3891f1b  -> origin/issue-340-dbe3f3891f1b
2026-10-09T22:05:23.2685821Z  * [new branch]          issue-341-7e64bf1210ad  -> origin/issue-341-7e64bf1210ad
2026-10-09T22:05:23.2687276Z  * [new branch]          issue-342-95cece15bf3e  -> origin/issue-342-95cece15bf3e
2026-10-09T22:05:23.2688714Z  * [new branch]          issue-343-5a84780aaa50  -> origin/issue-343-5a84780aaa50
2026-10-09T22:05:23.2690327Z  * [new branch]          issue-347-4cd6329090e8  -> origin/issue-347-4cd6329090e8
2026-10-09T22:05:23.2691765Z  * [new branch]          issue-349-4243100887a0  -> origin/issue-349-4243100887a0
2026-10-09T22:05:23.2693196Z  * [new branch]          issue-35-9545df8b8566   -> origin/issue-35-9545df8b8566
2026-10-09T22:05:23.2694636Z  * [new branch]          issue-353-dfccdb39bce4  -> origin/issue-353-dfccdb39bce4
2026-10-09T22:05:23.2696084Z  * [new branch]          issue-355-344578359227  -> origin/issue-355-344578359227
2026-10-09T22:05:23.2697509Z  * [new branch]          issue-356-5b81630408a3  -> origin/issue-356-5b81630408a3
2026-10-09T22:05:23.2698948Z  * [new branch]          issue-357-d87d54ecc72c  -> origin/issue-357-d87d54ecc72c
2026-10-09T22:05:23.2700482Z  * [new branch]          issue-358-4e868b49d9a1  -> origin/issue-358-4e868b49d9a1
2026-10-09T22:05:23.2701920Z  * [new branch]          issue-359-5b5fb0777ee6  -> origin/issue-359-5b5fb0777ee6
2026-10-09T22:05:23.2703368Z  * [new branch]          issue-360-38fd6ba803ec  -> origin/issue-360-38fd6ba803ec
2026-10-09T22:05:23.2704926Z  * [new branch]          issue-361-434488134615  -> origin/issue-361-434488134615
2026-10-09T22:05:23.2706336Z  * [new branch]          issue-362-7993455d57fb  -> origin/issue-362-7993455d57fb
2026-10-09T22:05:23.2707765Z  * [new branch]          issue-363-9f47b54135b1  -> origin/issue-363-9f47b54135b1
2026-10-09T22:05:23.2709181Z  * [new branch]          issue-364-55959348860a  -> origin/issue-364-55959348860a
2026-10-09T22:05:23.2710684Z  * [new branch]          issue-365-e5527612acd6  -> origin/issue-365-e5527612acd6
2026-10-09T22:05:23.2712097Z  * [new branch]          issue-368-485e22098964  -> origin/issue-368-485e22098964
2026-10-09T22:05:23.2713532Z  * [new branch]          issue-37-43a07241273c   -> origin/issue-37-43a07241273c
2026-10-09T22:05:23.2714953Z  * [new branch]          issue-386-0f7c7e8a730c  -> origin/issue-386-0f7c7e8a730c
2026-10-09T22:05:23.2716370Z  * [new branch]          issue-388-874e3e436c91  -> origin/issue-388-874e3e436c91
2026-10-09T22:05:23.2717800Z  * [new branch]          issue-39-4fae946b6130   -> origin/issue-39-4fae946b6130
2026-10-09T22:05:23.2719376Z  * [new branch]          issue-39-953cf7f12db2   -> origin/issue-39-953cf7f12db2
2026-10-09T22:05:23.2720852Z  * [new branch]          issue-390-77cb1ef33735  -> origin/issue-390-77cb1ef33735
2026-10-09T22:05:23.2722266Z  * [new branch]          issue-392-773e82f8f031  -> origin/issue-392-773e82f8f031
2026-10-09T22:05:23.2723691Z  * [new branch]          issue-394-ffc1c872e3ab  -> origin/issue-394-ffc1c872e3ab
2026-10-09T22:05:23.2725115Z  * [new branch]          issue-395-3c3ab62d4f7c  -> origin/issue-395-3c3ab62d4f7c
2026-10-09T22:05:23.2726549Z  * [new branch]          issue-398-b349f91c312f  -> origin/issue-398-b349f91c312f
2026-10-09T22:05:23.2727962Z  * [new branch]          issue-4-1e8c9b0d59e2    -> origin/issue-4-1e8c9b0d59e2
2026-10-09T22:05:23.2729528Z  * [new branch]          issue-40-6687579f7e2e   -> origin/issue-40-6687579f7e2e
2026-10-09T22:05:23.2731066Z  * [new branch]          issue-400-a85a0ce9c93a  -> origin/issue-400-a85a0ce9c93a
2026-10-09T22:05:23.2732486Z  * [new branch]          issue-402-3f2cf0c98030  -> origin/issue-402-3f2cf0c98030
2026-10-09T22:05:23.2733914Z  * [new branch]          issue-403-f628f7845685  -> origin/issue-403-f628f7845685
2026-10-09T22:05:23.2735333Z  * [new branch]          issue-404-070ec3986707  -> origin/issue-404-070ec3986707
2026-10-09T22:05:23.2736759Z  * [new branch]          issue-406-6b5da8d41f69  -> origin/issue-406-6b5da8d41f69
2026-10-09T22:05:23.2738175Z  * [new branch]          issue-407-b35aacab285c  -> origin/issue-407-b35aacab285c
2026-10-09T22:05:23.2739693Z  * [new branch]          issue-408-336291b4b4ef  -> origin/issue-408-336291b4b4ef
2026-10-09T22:05:23.2741111Z  * [new branch]          issue-409-e4c182d83efd  -> origin/issue-409-e4c182d83efd
2026-10-09T22:05:23.2742525Z  * [new branch]          issue-41-a76143723c45   -> origin/issue-41-a76143723c45
2026-10-09T22:05:23.2743939Z  * [new branch]          issue-410-e318f1ae5275  -> origin/issue-410-e318f1ae5275
2026-10-09T22:05:23.2745355Z  * [new branch]          issue-411-1e4094a180fd  -> origin/issue-411-1e4094a180fd
2026-10-09T22:05:23.2746786Z  * [new branch]          issue-412-1f5f93827186  -> origin/issue-412-1f5f93827186
2026-10-09T22:05:23.2748179Z  * [new branch]          issue-42-591c9157cbbf   -> origin/issue-42-591c9157cbbf
2026-10-09T22:05:23.2749750Z  * [new branch]          issue-423-85026fdc955a  -> origin/issue-423-85026fdc955a
2026-10-09T22:05:23.2751156Z  * [new branch]          issue-425-ff7d3c7e0567  -> origin/issue-425-ff7d3c7e0567
2026-10-09T22:05:23.2752574Z  * [new branch]          issue-426-b91222c50d0a  -> origin/issue-426-b91222c50d0a
2026-10-09T22:05:23.2753987Z  * [new branch]          issue-427-f23ead64bdf7  -> origin/issue-427-f23ead64bdf7
2026-10-09T22:05:23.2755398Z  * [new branch]          issue-428-7778bb0172a9  -> origin/issue-428-7778bb0172a9
2026-10-09T22:05:23.2756806Z  * [new branch]          issue-43-8dcfd820555c   -> origin/issue-43-8dcfd820555c
2026-10-09T22:05:23.2758356Z  * [new branch]          issue-433-6671aae1da9e  -> origin/issue-433-6671aae1da9e
2026-10-09T22:05:23.2759989Z  * [new branch]          issue-436-e9e553c5e92f  -> origin/issue-436-e9e553c5e92f
2026-10-09T22:05:23.2761427Z  * [new branch]          issue-438-9da4a07cbf9a  -> origin/issue-438-9da4a07cbf9a
2026-10-09T22:05:23.2762827Z  * [new branch]          issue-439-416e69e14603  -> origin/issue-439-416e69e14603
2026-10-09T22:05:23.2764228Z  * [new branch]          issue-44-932b1a8ae8ee   -> origin/issue-44-932b1a8ae8ee
2026-10-09T22:05:23.2765637Z  * [new branch]          issue-440-23eab54bc87e  -> origin/issue-440-23eab54bc87e
2026-10-09T22:05:23.2767041Z  * [new branch]          issue-441-c2ce86f18d5d  -> origin/issue-441-c2ce86f18d5d
2026-10-09T22:05:23.2768448Z  * [new branch]          issue-442-8434c56ac949  -> origin/issue-442-8434c56ac949
2026-10-09T22:05:23.2770062Z  * [new branch]          issue-444-647f06dbb5f1  -> origin/issue-444-647f06dbb5f1
2026-10-09T22:05:23.2771475Z  * [new branch]          issue-445-a0710028427b  -> origin/issue-445-a0710028427b
2026-10-09T22:05:23.2772877Z  * [new branch]          issue-446-710c1b9886ed  -> origin/issue-446-710c1b9886ed
2026-10-09T22:05:23.2774282Z  * [new branch]          issue-447-2d79997f934e  -> origin/issue-447-2d79997f934e
2026-10-09T22:05:23.2775662Z  * [new branch]          issue-449-2895c0132690  -> origin/issue-449-2895c0132690
2026-10-09T22:05:23.2777058Z  * [new branch]          issue-451-b816faff56ec  -> origin/issue-451-b816faff56ec
2026-10-09T22:05:23.2778460Z  * [new branch]          issue-454-6c17bf95f9df  -> origin/issue-454-6c17bf95f9df
2026-10-09T22:05:23.2780018Z  * [new branch]          issue-456-c244f4ec8908  -> origin/issue-456-c244f4ec8908
2026-10-09T22:05:23.2781418Z  * [new branch]          issue-457-84121c7f4721  -> origin/issue-457-84121c7f4721
2026-10-09T22:05:23.2782803Z  * [new branch]          issue-458-1fb70f7869d0  -> origin/issue-458-1fb70f7869d0
2026-10-09T22:05:23.2784349Z  * [new branch]          issue-459-bf5fa6e29c78  -> origin/issue-459-bf5fa6e29c78
2026-10-09T22:05:23.2785750Z  * [new branch]          issue-460-150e2353fa44  -> origin/issue-460-150e2353fa44
2026-10-09T22:05:23.2787151Z  * [new branch]          issue-461-f8a1ead1bd9b  -> origin/issue-461-f8a1ead1bd9b
2026-10-09T22:05:23.2788535Z  * [new branch]          issue-462-81111843e5e4  -> origin/issue-462-81111843e5e4
2026-10-09T22:05:23.2789996Z  * [new branch]          issue-464-006f0aa809a9  -> origin/issue-464-006f0aa809a9
2026-10-09T22:05:23.2791383Z  * [new branch]          issue-465-7f26da0327bb  -> origin/issue-465-7f26da0327bb
2026-10-09T22:05:23.2792773Z  * [new branch]          issue-466-1d0e1e61a36c  -> origin/issue-466-1d0e1e61a36c
2026-10-09T22:05:23.2794173Z  * [new branch]          issue-467-6f9c4b38431a  -> origin/issue-467-6f9c4b38431a
2026-10-09T22:05:23.2795562Z  * [new branch]          issue-468-87c52b65bec9  -> origin/issue-468-87c52b65bec9
2026-10-09T22:05:23.2796951Z  * [new branch]          issue-476-d3746a602770  -> origin/issue-476-d3746a602770
2026-10-09T22:05:23.2798342Z  * [new branch]          issue-477-9f87005e360d  -> origin/issue-477-9f87005e360d
2026-10-09T22:05:23.2799788Z  * [new branch]          issue-478-44b0ac622612  -> origin/issue-478-44b0ac622612
2026-10-09T22:05:23.2801164Z  * [new branch]          issue-479-33639d61f4f0  -> origin/issue-479-33639d61f4f0
2026-10-09T22:05:23.2802545Z  * [new branch]          issue-479-51f54bbe54b1  -> origin/issue-479-51f54bbe54b1
2026-10-09T22:05:23.2803927Z  * [new branch]          issue-479-845c9fad1bb5  -> origin/issue-479-845c9fad1bb5
2026-10-09T22:05:23.2805310Z  * [new branch]          issue-479-8f9cd81c8ee9  -> origin/issue-479-8f9cd81c8ee9
2026-10-09T22:05:23.2806688Z  * [new branch]          issue-479-ff9c709d56dc  -> origin/issue-479-ff9c709d56dc
2026-10-09T22:05:23.2808086Z  * [new branch]          issue-481-0f9ca0b86ab0  -> origin/issue-481-0f9ca0b86ab0
2026-10-09T22:05:23.2809994Z  * [new branch]          issue-482-aaf2da83253d  -> origin/issue-482-aaf2da83253d
2026-10-09T22:05:23.2811479Z  * [new branch]          issue-483-69f2ba125406  -> origin/issue-483-69f2ba125406
2026-10-09T22:05:23.2812875Z  * [new branch]          issue-484-0a1576cb2a86  -> origin/issue-484-0a1576cb2a86
2026-10-09T22:05:23.2814289Z  * [new branch]          issue-485-c011da8f97d7  -> origin/issue-485-c011da8f97d7
2026-10-09T22:05:23.2815673Z  * [new branch]          issue-488-54ea7213044c  -> origin/issue-488-54ea7213044c
2026-10-09T22:05:23.2817047Z  * [new branch]          issue-49-15e56694c4fd   -> origin/issue-49-15e56694c4fd
2026-10-09T22:05:23.2818424Z  * [new branch]          issue-492-c714d50efef8  -> origin/issue-492-c714d50efef8
2026-10-09T22:05:23.2819896Z  * [new branch]          issue-493-481b78023692  -> origin/issue-493-481b78023692
2026-10-09T22:05:23.2821275Z  * [new branch]          issue-495-825beb6d3550  -> origin/issue-495-825beb6d3550
2026-10-09T22:05:23.2822661Z  * [new branch]          issue-496-d6b85662687d  -> origin/issue-496-d6b85662687d
2026-10-09T22:05:23.2824071Z  * [new branch]          issue-497-bd6afe9528a4  -> origin/issue-497-bd6afe9528a4
2026-10-09T22:05:23.2825454Z  * [new branch]          issue-498-9381dddf8c21  -> origin/issue-498-9381dddf8c21
2026-10-09T22:05:23.2826833Z  * [new branch]          issue-499-110e4e5b9539  -> origin/issue-499-110e4e5b9539
2026-10-09T22:05:23.2828202Z  * [new branch]          issue-50-a94d4d7b427c   -> origin/issue-50-a94d4d7b427c
2026-10-09T22:05:23.2829648Z  * [new branch]          issue-500-1fd944a3e208  -> origin/issue-500-1fd944a3e208
2026-10-09T22:05:23.2831037Z  * [new branch]          issue-501-72e3bf7e95f3  -> origin/issue-501-72e3bf7e95f3
2026-10-09T22:05:23.2832428Z  * [new branch]          issue-505-f2954093e4d6  -> origin/issue-505-f2954093e4d6
2026-10-09T22:05:23.2833800Z  * [new branch]          issue-506-466d5888efb3  -> origin/issue-506-466d5888efb3
2026-10-09T22:05:23.2835154Z  * [new branch]          issue-507-0006123832de  -> origin/issue-507-0006123832de
2026-10-09T22:05:23.2836652Z  * [new branch]          issue-508-6b6c258f1332  -> origin/issue-508-6b6c258f1332
2026-10-09T22:05:23.2838041Z  * [new branch]          issue-509-f7cd5519acb3  -> origin/issue-509-f7cd5519acb3
2026-10-09T22:05:23.2839502Z  * [new branch]          issue-51-8693c8c9e174   -> origin/issue-51-8693c8c9e174
2026-10-09T22:05:23.2840872Z  * [new branch]          issue-511-26d6b8408464  -> origin/issue-511-26d6b8408464
2026-10-09T22:05:23.2842246Z  * [new branch]          issue-513-f50eb0ca85ce  -> origin/issue-513-f50eb0ca85ce
2026-10-09T22:05:23.2843623Z  * [new branch]          issue-514-693376bc3c68  -> origin/issue-514-693376bc3c68
2026-10-09T22:05:23.2845018Z  * [new branch]          issue-515-cfebef79ba2a  -> origin/issue-515-cfebef79ba2a
2026-10-09T22:05:23.2846690Z  * [new branch]          issue-516-059bd7ea181f  -> origin/issue-516-059bd7ea181f
2026-10-09T22:05:23.2848059Z  * [new branch]          issue-517-310d75ed5ddb  -> origin/issue-517-310d75ed5ddb
2026-10-09T22:05:23.2849543Z  * [new branch]          issue-518-cbe8ae975e3b  -> origin/issue-518-cbe8ae975e3b
2026-10-09T22:05:23.2850936Z  * [new branch]          issue-519-2d4beea1f158  -> origin/issue-519-2d4beea1f158
2026-10-09T22:05:23.2852308Z  * [new branch]          issue-52-3fef487eb097   -> origin/issue-52-3fef487eb097
2026-10-09T22:05:23.2853692Z  * [new branch]          issue-520-e98d0ad41eb8  -> origin/issue-520-e98d0ad41eb8
2026-10-09T22:05:23.2855071Z  * [new branch]          issue-521-86a4d9eefeef  -> origin/issue-521-86a4d9eefeef
2026-10-09T22:05:23.2856452Z  * [new branch]          issue-523-d811f560cba2  -> origin/issue-523-d811f560cba2
2026-10-09T22:05:23.2857816Z  * [new branch]          issue-526-215ae32f521b  -> origin/issue-526-215ae32f521b
2026-10-09T22:05:23.2859253Z  * [new branch]          issue-527-6a3eb41de78a  -> origin/issue-527-6a3eb41de78a
2026-10-09T22:05:23.2860634Z  * [new branch]          issue-529-c279ceb4e86e  -> origin/issue-529-c279ceb4e86e
2026-10-09T22:05:23.2862148Z  * [new branch]          issue-53-78dd4669e4c6   -> origin/issue-53-78dd4669e4c6
2026-10-09T22:05:23.2863519Z  * [new branch]          issue-531-ebee6863aca0  -> origin/issue-531-ebee6863aca0
2026-10-09T22:05:23.2864902Z  * [new branch]          issue-534-55dea2b09922  -> origin/issue-534-55dea2b09922
2026-10-09T22:05:23.2866278Z  * [new branch]          issue-535-a15a7ecef5a1  -> origin/issue-535-a15a7ecef5a1
2026-10-09T22:05:23.2867657Z  * [new branch]          issue-538-eca4a11c39c6  -> origin/issue-538-eca4a11c39c6
2026-10-09T22:05:23.2869034Z  * [new branch]          issue-540-daaf4da2188a  -> origin/issue-540-daaf4da2188a
2026-10-09T22:05:23.2870486Z  * [new branch]          issue-541-bf330e9c749a  -> origin/issue-541-bf330e9c749a
2026-10-09T22:05:23.2871836Z  * [new branch]          issue-546-00172aaf4098  -> origin/issue-546-00172aaf4098
2026-10-09T22:05:23.2873191Z  * [new branch]          issue-548-60f357ad6440  -> origin/issue-548-60f357ad6440
2026-10-09T22:05:23.2874547Z  * [new branch]          issue-55-b16700e01313   -> origin/issue-55-b16700e01313
2026-10-09T22:05:23.2875919Z  * [new branch]          issue-550-c636b0e4075d  -> origin/issue-550-c636b0e4075d
2026-10-09T22:05:23.2877297Z  * [new branch]          issue-552-5268f4c1c9c2  -> origin/issue-552-5268f4c1c9c2
2026-10-09T22:05:23.2878658Z  * [new branch]          issue-554-4e0842bbccb4  -> origin/issue-554-4e0842bbccb4
2026-10-09T22:05:23.2880095Z  * [new branch]          issue-556-4846496df8be  -> origin/issue-556-4846496df8be
2026-10-09T22:05:23.2881456Z  * [new branch]          issue-557-798448f62fb9  -> origin/issue-557-798448f62fb9
2026-10-09T22:05:23.2882815Z  * [new branch]          issue-558-39b8470b93dc  -> origin/issue-558-39b8470b93dc
2026-10-09T22:05:23.2884165Z  * [new branch]          issue-559-0655630e8231  -> origin/issue-559-0655630e8231
2026-10-09T22:05:23.2885515Z  * [new branch]          issue-561-4a4fbf7162b8  -> origin/issue-561-4a4fbf7162b8
2026-10-09T22:05:23.2886875Z  * [new branch]          issue-563-80759f540d10  -> origin/issue-563-80759f540d10
2026-10-09T22:05:23.2888350Z  * [new branch]          issue-571-5e98873b3165  -> origin/issue-571-5e98873b3165
2026-10-09T22:05:23.2889861Z  * [new branch]          issue-595-01565ac9ae02  -> origin/issue-595-01565ac9ae02
2026-10-09T22:05:23.2891223Z  * [new branch]          issue-6-d8cf53772b56    -> origin/issue-6-d8cf53772b56
2026-10-09T22:05:23.2892573Z  * [new branch]          issue-600-742e96b0e805  -> origin/issue-600-742e96b0e805
2026-10-09T22:05:23.2893932Z  * [new branch]          issue-602-dd2ad19de0f3  -> origin/issue-602-dd2ad19de0f3
2026-10-09T22:05:23.2895310Z  * [new branch]          issue-603-0e0bca520555  -> origin/issue-603-0e0bca520555
2026-10-09T22:05:23.2896669Z  * [new branch]          issue-604-a47624b9477a  -> origin/issue-604-a47624b9477a
2026-10-09T22:05:23.2898031Z  * [new branch]          issue-605-8bc8ebb665cd  -> origin/issue-605-8bc8ebb665cd
2026-10-09T22:05:23.2899483Z  * [new branch]          issue-606-3b82a4ca654b  -> origin/issue-606-3b82a4ca654b
2026-10-09T22:05:23.2900869Z  * [new branch]          issue-607-5c67ebb8d9bf  -> origin/issue-607-5c67ebb8d9bf
2026-10-09T22:05:23.2902233Z  * [new branch]          issue-608-0df7a5925506  -> origin/issue-608-0df7a5925506
2026-10-09T22:05:23.2903617Z  * [new branch]          issue-620-eafd151b1f76  -> origin/issue-620-eafd151b1f76
2026-10-09T22:05:23.2904982Z  * [new branch]          issue-621-2a32af255191  -> origin/issue-621-2a32af255191
2026-10-09T22:05:23.2906338Z  * [new branch]          issue-622-049b4f5eff46  -> origin/issue-622-049b4f5eff46
2026-10-09T22:05:23.2907700Z  * [new branch]          issue-624-6b843e3acdbf  -> origin/issue-624-6b843e3acdbf
2026-10-09T22:05:23.2909050Z  * [new branch]          issue-625-199d35c218b5  -> origin/issue-625-199d35c218b5
2026-10-09T22:05:23.2910506Z  * [new branch]          issue-626-364a4b2f02e5  -> origin/issue-626-364a4b2f02e5
2026-10-09T22:05:23.2911861Z  * [new branch]          issue-627-661b580408c8  -> origin/issue-627-661b580408c8
2026-10-09T22:05:23.2913353Z  * [new branch]          issue-628-4d8a43226d55  -> origin/issue-628-4d8a43226d55
2026-10-09T22:05:23.2914713Z  * [new branch]          issue-63-7561bb160d49   -> origin/issue-63-7561bb160d49
2026-10-09T22:05:23.2916070Z  * [new branch]          issue-64-0f1b4b7009f5   -> origin/issue-64-0f1b4b7009f5
2026-10-09T22:05:23.2917409Z  * [new branch]          issue-647-ee229e289e45  -> origin/issue-647-ee229e289e45
2026-10-09T22:05:23.2918762Z  * [new branch]          issue-649-cb862fc80246  -> origin/issue-649-cb862fc80246
2026-10-09T22:05:23.2920193Z  * [new branch]          issue-65-91402602272c   -> origin/issue-65-91402602272c
2026-10-09T22:05:23.2921508Z  * [new branch]          issue-650-412272077860  -> origin/issue-650-412272077860
2026-10-09T22:05:23.2922855Z  * [new branch]          issue-651-0f33c6af0d5a  -> origin/issue-651-0f33c6af0d5a
2026-10-09T22:05:23.2924204Z  * [new branch]          issue-654-6d834f50dc21  -> origin/issue-654-6d834f50dc21
2026-10-09T22:05:23.2925543Z  * [new branch]          issue-655-352ae09c0c14  -> origin/issue-655-352ae09c0c14
2026-10-09T22:05:23.2926900Z  * [new branch]          issue-656-f2a77c2178d8  -> origin/issue-656-f2a77c2178d8
2026-10-09T22:05:23.2928248Z  * [new branch]          issue-657-22efa39a883b  -> origin/issue-657-22efa39a883b
2026-10-09T22:05:23.2929656Z  * [new branch]          issue-658-b474876a31a4  -> origin/issue-658-b474876a31a4
2026-10-09T22:05:23.2931015Z  * [new branch]          issue-659-f6ffbfad15c4  -> origin/issue-659-f6ffbfad15c4
2026-10-09T22:05:23.2932358Z  * [new branch]          issue-66-6832a673e048   -> origin/issue-66-6832a673e048
2026-10-09T22:05:23.2933698Z  * [new branch]          issue-660-c0695bd24b0d  -> origin/issue-660-c0695bd24b0d
2026-10-09T22:05:23.2935039Z  * [new branch]          issue-661-029d6e8fce05  -> origin/issue-661-029d6e8fce05
2026-10-09T22:05:23.2936376Z  * [new branch]          issue-662-d33e013f75e2  -> origin/issue-662-d33e013f75e2
2026-10-09T22:05:23.2937714Z  * [new branch]          issue-663-321cc5865928  -> origin/issue-663-321cc5865928
2026-10-09T22:05:23.2939162Z  * [new branch]          issue-664-a0a4184c732c  -> origin/issue-664-a0a4184c732c
2026-10-09T22:05:23.2940564Z  * [new branch]          issue-67-5020a69c37b6   -> origin/issue-67-5020a69c37b6
2026-10-09T22:05:23.2941878Z  * [new branch]          issue-671-64e853f20d82  -> origin/issue-671-64e853f20d82
2026-10-09T22:05:23.2943215Z  * [new branch]          issue-672-e9ff26c1ce11  -> origin/issue-672-e9ff26c1ce11
2026-10-09T22:05:23.2944595Z  * [new branch]          issue-673-f2f6b27cb24b  -> origin/issue-673-f2f6b27cb24b
2026-10-09T22:05:23.2945954Z  * [new branch]          issue-674-dfec7588a234  -> origin/issue-674-dfec7588a234
2026-10-09T22:05:23.2947307Z  * [new branch]          issue-676-ea3feeb860dc  -> origin/issue-676-ea3feeb860dc
2026-10-09T22:05:23.2948654Z  * [new branch]          issue-68-c3ada29b16ee   -> origin/issue-68-c3ada29b16ee
2026-10-09T22:05:23.2950108Z  * [new branch]          issue-680-795d4fb2b64f  -> origin/issue-680-795d4fb2b64f
2026-10-09T22:05:23.2951455Z  * [new branch]          issue-681-5dc4419f2eb7  -> origin/issue-681-5dc4419f2eb7
2026-10-09T22:05:23.2952800Z  * [new branch]          issue-682-6b8246dfc2bf  -> origin/issue-682-6b8246dfc2bf
2026-10-09T22:05:23.2954134Z  * [new branch]          issue-686-d704881f337a  -> origin/issue-686-d704881f337a
2026-10-09T22:05:23.2955480Z  * [new branch]          issue-687-b57bfef2a27f  -> origin/issue-687-b57bfef2a27f
2026-10-09T22:05:23.2956806Z  * [new branch]          issue-69-8073bcee0480   -> origin/issue-69-8073bcee0480
2026-10-09T22:05:23.2958139Z  * [new branch]          issue-698-5abc758210fb  -> origin/issue-698-5abc758210fb
2026-10-09T22:05:23.2959567Z  * [new branch]          issue-699-735ad8f8e8e8  -> origin/issue-699-735ad8f8e8e8
2026-10-09T22:05:23.2960896Z  * [new branch]          issue-70-44b958c4d15c   -> origin/issue-70-44b958c4d15c
2026-10-09T22:05:23.2962222Z  * [new branch]          issue-701-59dbae2d3205  -> origin/issue-701-59dbae2d3205
2026-10-09T22:05:23.2963673Z  * [new branch]          issue-702-81a36d29c0db  -> origin/issue-702-81a36d29c0db
2026-10-09T22:05:23.2965009Z  * [new branch]          issue-703-e2c72e8a7d67  -> origin/issue-703-e2c72e8a7d67
2026-10-09T22:05:23.2966569Z  * [new branch]          issue-704-4c31b2e3a04b  -> origin/issue-704-4c31b2e3a04b
2026-10-09T22:05:23.2968175Z  * [new branch]          issue-705-5bb14827217a  -> origin/issue-705-5bb14827217a
2026-10-09T22:05:23.2969603Z  * [new branch]          issue-706-e78ad8e1b4cf  -> origin/issue-706-e78ad8e1b4cf
2026-10-09T22:05:23.2970946Z  * [new branch]          issue-707-b408820084a2  -> origin/issue-707-b408820084a2
2026-10-09T22:05:23.2972270Z  * [new branch]          issue-708-0ea42ad20122  -> origin/issue-708-0ea42ad20122
2026-10-09T22:05:23.2997115Z  * [new branch]          issue-709-1f7bea821afa  -> origin/issue-709-1f7bea821afa
2026-10-09T22:05:23.2998725Z  * [new branch]          issue-71-81912fcbf3c6   -> origin/issue-71-81912fcbf3c6
2026-10-09T22:05:23.3000294Z  * [new branch]          issue-710-14da90b08a12  -> origin/issue-710-14da90b08a12
2026-10-09T22:05:23.3001689Z  * [new branch]          issue-711-a0180801b064  -> origin/issue-711-a0180801b064
2026-10-09T22:05:23.3003034Z  * [new branch]          issue-712-338fdd94476a  -> origin/issue-712-338fdd94476a
2026-10-09T22:05:23.3004397Z  * [new branch]          issue-713-7e77916527a4  -> origin/issue-713-7e77916527a4
2026-10-09T22:05:23.3005783Z  * [new branch]          issue-714-079bdbfda541  -> origin/issue-714-079bdbfda541
2026-10-09T22:05:23.3007140Z  * [new branch]          issue-715-4cb768529491  -> origin/issue-715-4cb768529491
2026-10-09T22:05:23.3008470Z  * [new branch]          issue-716-c3806a7105d9  -> origin/issue-716-c3806a7105d9
2026-10-09T22:05:23.3009884Z  * [new branch]          issue-717-bccddb8af16e  -> origin/issue-717-bccddb8af16e
2026-10-09T22:05:23.3011214Z  * [new branch]          issue-72-3c64c0a31037   -> origin/issue-72-3c64c0a31037
2026-10-09T22:05:23.3012554Z  * [new branch]          issue-73-1b287b1b431e   -> origin/issue-73-1b287b1b431e
2026-10-09T22:05:23.3014080Z  * [new branch]          issue-730-c75b04874099  -> origin/issue-730-c75b04874099
2026-10-09T22:05:23.3015409Z  * [new branch]          issue-736-51a088febe88  -> origin/issue-736-51a088febe88
2026-10-09T22:05:23.3016740Z  * [new branch]          issue-738-b945b30eef5c  -> origin/issue-738-b945b30eef5c
2026-10-09T22:05:23.3018081Z  * [new branch]          issue-739-f6298242b07d  -> origin/issue-739-f6298242b07d
2026-10-09T22:05:23.3019628Z  * [new branch]          issue-742-f09758c31c48  -> origin/issue-742-f09758c31c48
2026-10-09T22:05:23.3020974Z  * [new branch]          issue-744-7e6fe143dab4  -> origin/issue-744-7e6fe143dab4
2026-10-09T22:05:23.3022307Z  * [new branch]          issue-745-e947a356dfdd  -> origin/issue-745-e947a356dfdd
2026-10-09T22:05:23.3023633Z  * [new branch]          issue-746-407c360b5f88  -> origin/issue-746-407c360b5f88
2026-10-09T22:05:23.3024949Z  * [new branch]          issue-747-784e87e7fa42  -> origin/issue-747-784e87e7fa42
2026-10-09T22:05:23.3026290Z  * [new branch]          issue-748-47e2d1f48f9c  -> origin/issue-748-47e2d1f48f9c
2026-10-09T22:05:23.3027608Z  * [new branch]          issue-749-bc517e0801d1  -> origin/issue-749-bc517e0801d1
2026-10-09T22:05:23.3028925Z  * [new branch]          issue-750-c719eae47231  -> origin/issue-750-c719eae47231
2026-10-09T22:05:23.3030338Z  * [new branch]          issue-751-3a92e634b59a  -> origin/issue-751-3a92e634b59a
2026-10-09T22:05:23.3031660Z  * [new branch]          issue-752-30ae32d1ef72  -> origin/issue-752-30ae32d1ef72
2026-10-09T22:05:23.3032982Z  * [new branch]          issue-753-9ec904007ddc  -> origin/issue-753-9ec904007ddc
2026-10-09T22:05:23.3034294Z  * [new branch]          issue-754-11249551364f  -> origin/issue-754-11249551364f
2026-10-09T22:05:23.3035600Z  * [new branch]          issue-755-f86c117c0064  -> origin/issue-755-f86c117c0064
2026-10-09T22:05:23.3036908Z  * [new branch]          issue-756-b773a69f35d9  -> origin/issue-756-b773a69f35d9
2026-10-09T22:05:23.3038356Z  * [new branch]          issue-757-01f08e34e2ae  -> origin/issue-757-01f08e34e2ae
2026-10-09T22:05:23.3039837Z  * [new branch]          issue-758-621645725051  -> origin/issue-758-621645725051
2026-10-09T22:05:23.3041155Z  * [new branch]          issue-759-7f5554242270  -> origin/issue-759-7f5554242270
2026-10-09T22:05:23.3042471Z  * [new branch]          issue-760-f524be457227  -> origin/issue-760-f524be457227
2026-10-09T22:05:23.3043819Z  * [new branch]          issue-761-be999b15d403  -> origin/issue-761-be999b15d403
2026-10-09T22:05:23.3045149Z  * [new branch]          issue-762-409bd49dfb5b  -> origin/issue-762-409bd49dfb5b
2026-10-09T22:05:23.3046479Z  * [new branch]          issue-763-c9eb14111d28  -> origin/issue-763-c9eb14111d28
2026-10-09T22:05:23.3047818Z  * [new branch]          issue-771-d5681b14831b  -> origin/issue-771-d5681b14831b
2026-10-09T22:05:23.3049139Z  * [new branch]          issue-776-d6f207d7c577  -> origin/issue-776-d6f207d7c577
2026-10-09T22:05:23.3050564Z  * [new branch]          issue-78-0dcc7757ac84   -> origin/issue-78-0dcc7757ac84
2026-10-09T22:05:23.3051876Z  * [new branch]          issue-781-c52371d60a25  -> origin/issue-781-c52371d60a25
2026-10-09T22:05:23.3053216Z  * [new branch]          issue-781-cc22afbacef0  -> origin/issue-781-cc22afbacef0
2026-10-09T22:05:23.3054518Z  * [new branch]          issue-79-602c5f160cb3   -> origin/issue-79-602c5f160cb3
2026-10-09T22:05:23.3055815Z  * [new branch]          issue-796-9da6718935fa  -> origin/issue-796-9da6718935fa
2026-10-09T22:05:23.3057122Z  * [new branch]          issue-798-d87978049e9a  -> origin/issue-798-d87978049e9a
2026-10-09T22:05:23.3058417Z  * [new branch]          issue-8-2ef42ad47e3f    -> origin/issue-8-2ef42ad47e3f
2026-10-09T22:05:23.3059910Z  * [new branch]          issue-80-290e44192310   -> origin/issue-80-290e44192310
2026-10-09T22:05:23.3061246Z  * [new branch]          issue-804-e2deabc855e8  -> origin/issue-804-e2deabc855e8
2026-10-09T22:05:23.3062580Z  * [new branch]          issue-808-bf5af32dbcdd  -> origin/issue-808-bf5af32dbcdd
2026-10-09T22:05:23.3064038Z  * [new branch]          issue-81-38c12ca65065   -> origin/issue-81-38c12ca65065
2026-10-09T22:05:23.3065348Z  * [new branch]          issue-810-9b3071713a8e  -> origin/issue-810-9b3071713a8e
2026-10-09T22:05:23.3066730Z  * [new branch]          issue-812-7f9674a82402  -> origin/issue-812-7f9674a82402
2026-10-09T22:05:23.3068090Z  * [new branch]          issue-819-13e67ad740f2  -> origin/issue-819-13e67ad740f2
2026-10-09T22:05:23.3069539Z  * [new branch]          issue-819-1bde63552e68  -> origin/issue-819-1bde63552e68
2026-10-09T22:05:23.3070901Z  * [new branch]          issue-819-ebe5e6322d6c  -> origin/issue-819-ebe5e6322d6c
2026-10-09T22:05:23.3072235Z  * [new branch]          issue-82-1a6565cb42da   -> origin/issue-82-1a6565cb42da
2026-10-09T22:05:23.3073553Z  * [new branch]          issue-822-b85211754f9e  -> origin/issue-822-b85211754f9e
2026-10-09T22:05:23.3074892Z  * [new branch]          issue-828-4962df13517a  -> origin/issue-828-4962df13517a
2026-10-09T22:05:23.3076220Z  * [new branch]          issue-832-18101a8d15e8  -> origin/issue-832-18101a8d15e8
2026-10-09T22:05:23.3077554Z  * [new branch]          issue-834-14f41fd75c97  -> origin/issue-834-14f41fd75c97
2026-10-09T22:05:23.3078868Z  * [new branch]          issue-835-67812322c263  -> origin/issue-835-67812322c263
2026-10-09T22:05:23.3080372Z  * [new branch]          issue-839-bfd445947ca5  -> origin/issue-839-bfd445947ca5
2026-10-09T22:05:23.3081692Z  * [new branch]          issue-84-692b1f9623db   -> origin/issue-84-692b1f9623db
2026-10-09T22:05:23.3083006Z  * [new branch]          issue-84-a409f6cdf36b   -> origin/issue-84-a409f6cdf36b
2026-10-09T22:05:23.3084313Z  * [new branch]          issue-840-6654ade0a597  -> origin/issue-840-6654ade0a597
2026-10-09T22:05:23.3085625Z  * [new branch]          issue-841-722d23014d4b  -> origin/issue-841-722d23014d4b
2026-10-09T22:05:23.3086940Z  * [new branch]          issue-842-09f1f0f99558  -> origin/issue-842-09f1f0f99558
2026-10-09T22:05:23.3088388Z  * [new branch]          issue-843-3a81d665c7bc  -> origin/issue-843-3a81d665c7bc
2026-10-09T22:05:23.3089796Z  * [new branch]          issue-844-f69e12cbafc2  -> origin/issue-844-f69e12cbafc2
2026-10-09T22:05:23.3091125Z  * [new branch]          issue-845-f498587b580b  -> origin/issue-845-f498587b580b
2026-10-09T22:05:23.3092431Z  * [new branch]          issue-846-a407746d16fa  -> origin/issue-846-a407746d16fa
2026-10-09T22:05:23.3093746Z  * [new branch]          issue-847-66bba6f5d5a8  -> origin/issue-847-66bba6f5d5a8
2026-10-09T22:05:23.3095070Z  * [new branch]          issue-848-5099e2a2745b  -> origin/issue-848-5099e2a2745b
2026-10-09T22:05:23.3096378Z  * [new branch]          issue-858-1681d21e7d4c  -> origin/issue-858-1681d21e7d4c
2026-10-09T22:05:23.3097691Z  * [new branch]          issue-859-566eafb59c34  -> origin/issue-859-566eafb59c34
2026-10-09T22:05:23.3099084Z  * [new branch]          issue-864-c5dca48884f5  -> origin/issue-864-c5dca48884f5
2026-10-09T22:05:23.3100661Z  * [new branch]          issue-870-a708b4e7f73a  -> origin/issue-870-a708b4e7f73a
2026-10-09T22:05:23.3101990Z  * [new branch]          issue-873-9298f02b8ad9  -> origin/issue-873-9298f02b8ad9
2026-10-09T22:05:23.3103310Z  * [new branch]          issue-874-c824ce6740f9  -> origin/issue-874-c824ce6740f9
2026-10-09T22:05:23.3104619Z  * [new branch]          issue-879-693050b2608b  -> origin/issue-879-693050b2608b
2026-10-09T22:05:23.3105918Z  * [new branch]          issue-885-48544a438c48  -> origin/issue-885-48544a438c48
2026-10-09T22:05:23.3107217Z  * [new branch]          issue-889-51584e9fac18  -> origin/issue-889-51584e9fac18
2026-10-09T22:05:23.3108535Z  * [new branch]          issue-890-2f2950148be5  -> origin/issue-890-2f2950148be5
2026-10-09T22:05:23.3109940Z  * [new branch]          issue-891-6fd229cee75d  -> origin/issue-891-6fd229cee75d
2026-10-09T22:05:23.3111267Z  * [new branch]          issue-892-fc018f7547af  -> origin/issue-892-fc018f7547af
2026-10-09T22:05:23.3112582Z  * [new branch]          issue-893-92214a278582  -> origin/issue-893-92214a278582
2026-10-09T22:05:23.3114061Z  * [new branch]          issue-894-cbab9ee9c91c  -> origin/issue-894-cbab9ee9c91c
2026-10-09T22:05:23.3115395Z  * [new branch]          issue-895-0d77ddbd6750  -> origin/issue-895-0d77ddbd6750
2026-10-09T22:05:23.3116704Z  * [new branch]          issue-896-a068f8823d47  -> origin/issue-896-a068f8823d47
2026-10-09T22:05:23.3118012Z  * [new branch]          issue-902-a9a86f6c368f  -> origin/issue-902-a9a86f6c368f
2026-10-09T22:05:23.3119478Z  * [new branch]          issue-903-2e7d6957b091  -> origin/issue-903-2e7d6957b091
2026-10-09T22:05:23.3120800Z  * [new branch]          issue-904-fcd8cbf04207  -> origin/issue-904-fcd8cbf04207
2026-10-09T22:05:23.3122122Z  * [new branch]          issue-905-84e37855d352  -> origin/issue-905-84e37855d352
2026-10-09T22:05:23.3123436Z  * [new branch]          issue-906-0f25613b95c1  -> origin/issue-906-0f25613b95c1
2026-10-09T22:05:23.3124743Z  * [new branch]          issue-907-a7979a72a133  -> origin/issue-907-a7979a72a133
2026-10-09T22:05:23.3126083Z  * [new branch]          issue-908-cb412b45ed5e  -> origin/issue-908-cb412b45ed5e
2026-10-09T22:05:23.3127431Z  * [new branch]          issue-909-de2fb1cd1edc  -> origin/issue-909-de2fb1cd1edc
2026-10-09T22:05:23.3128768Z  * [new branch]          issue-914-aa7c70f48980  -> origin/issue-914-aa7c70f48980
2026-10-09T22:05:23.3130199Z  * [new branch]          issue-916-db908285e81b  -> origin/issue-916-db908285e81b
2026-10-09T22:05:23.3131505Z  * [new branch]          issue-917-99309190c185  -> origin/issue-917-99309190c185
2026-10-09T22:05:23.3132808Z  * [new branch]          issue-918-5b7aa6590432  -> origin/issue-918-5b7aa6590432
2026-10-09T22:05:23.3134113Z  * [new branch]          issue-919-8df2cb50c01e  -> origin/issue-919-8df2cb50c01e
2026-10-09T22:05:23.3135435Z  * [new branch]          issue-920-14757e13f2aa  -> origin/issue-920-14757e13f2aa
2026-10-09T22:05:23.3136737Z  * [new branch]          issue-922-d8d07e0db7e9  -> origin/issue-922-d8d07e0db7e9
2026-10-09T22:05:23.3138182Z  * [new branch]          issue-923-387997ece554  -> origin/issue-923-387997ece554
2026-10-09T22:05:23.3139701Z  * [new branch]          issue-924-b1ac23bf54c8  -> origin/issue-924-b1ac23bf54c8
2026-10-09T22:05:23.3141017Z  * [new branch]          issue-93-5c859a5dabc0   -> origin/issue-93-5c859a5dabc0
2026-10-09T22:05:23.3142362Z  * [new branch]          issue-931-93934954e1d0  -> origin/issue-931-93934954e1d0
2026-10-09T22:05:23.3143678Z  * [new branch]          issue-932-ca968c816c06  -> origin/issue-932-ca968c816c06
2026-10-09T22:05:23.3144988Z  * [new branch]          issue-933-16103d89a214  -> origin/issue-933-16103d89a214
2026-10-09T22:05:23.3146280Z  * [new branch]          issue-936-86302bc6d5d1  -> origin/issue-936-86302bc6d5d1
2026-10-09T22:05:23.3147596Z  * [new branch]          issue-938-fba70db6fbf5  -> origin/issue-938-fba70db6fbf5
2026-10-09T22:05:23.3148901Z  * [new branch]          issue-94-ff296a0bd279   -> origin/issue-94-ff296a0bd279
2026-10-09T22:05:23.3150308Z  * [new branch]          issue-96-93a44dd34f1d   -> origin/issue-96-93a44dd34f1d
2026-10-09T22:05:23.3151622Z  * [new branch]          issue-960-88c2a6da77cc  -> origin/issue-960-88c2a6da77cc
2026-10-09T22:05:23.3152945Z  * [new branch]          issue-961-dc9b3c144e21  -> origin/issue-961-dc9b3c144e21
2026-10-09T22:05:23.3154252Z  * [new branch]          issue-962-6c5699d2ffb4  -> origin/issue-962-6c5699d2ffb4
2026-10-09T22:05:23.3155563Z  * [new branch]          issue-973-bf28b8fc02a9  -> origin/issue-973-bf28b8fc02a9
2026-10-09T22:05:23.3156869Z  * [new branch]          issue-977-61e038f4f854  -> origin/issue-977-61e038f4f854
2026-10-09T22:05:23.3158162Z  * [new branch]          issue-980-7930e3c647c0  -> origin/issue-980-7930e3c647c0
2026-10-09T22:05:23.3159633Z  * [new branch]          issue-982-fe1f2ebf4dcf  -> origin/issue-982-fe1f2ebf4dcf
2026-10-09T22:05:23.3160945Z  * [new branch]          issue-988-55a897c371cf  -> origin/issue-988-55a897c371cf
2026-10-09T22:05:23.3162233Z  * [new branch]          issue-989-66076bee90a1  -> origin/issue-989-66076bee90a1
2026-10-09T22:05:23.3163680Z  * [new branch]          issue-990-79a912e7a3d0  -> origin/issue-990-79a912e7a3d0
2026-10-09T22:05:23.3164984Z  * [new branch]          issue-991-43e4ba3ff505  -> origin/issue-991-43e4ba3ff505
2026-10-09T22:05:23.3166290Z  * [new branch]          issue-996-177371167e71  -> origin/issue-996-177371167e71
2026-10-09T22:05:23.3167606Z  * [new branch]          issue-999-31976d2c6ce9  -> origin/issue-999-31976d2c6ce9
2026-10-09T22:05:23.3168965Z  * [new branch]          issue-dockerhub-defaults -> origin/issue-dockerhub-defaults
2026-10-09T22:05:23.3170476Z  * [new branch]          issue-hello-world-ladder -> origin/issue-hello-world-ladder
2026-10-09T22:05:23.3172021Z  * [new branch]          issue-ratchet-degenerate-cycle -> origin/issue-ratchet-degenerate-cycle
2026-10-09T22:05:23.3173378Z  * [new branch]          main                    -> origin/main
2026-10-09T22:05:23.3174716Z  * [new branch]          qa-reasoning-coding-bulk-fixes -> origin/qa-reasoning-coding-bulk-fixes
2026-10-09T22:05:23.3176252Z  * [new branch]          rebuild-ratio-sampling  -> origin/rebuild-ratio-sampling
2026-10-09T22:05:23.3177879Z  * [new branch]          recovered/issue-1028-original-history -> origin/recovered/issue-1028-original-history
2026-10-09T22:05:23.3179667Z  * [new branch]          release-docker-compile-path -> origin/release-docker-compile-path
2026-10-09T22:05:23.3181149Z  * [new branch]          release-layout-readers  -> origin/release-layout-readers
2026-10-09T22:05:23.3182601Z  * [new branch]          release-script-import-sweep -> origin/release-script-import-sweep
2026-10-09T22:05:23.3184060Z  * [new branch]          release-version-path    -> origin/release-version-path
2026-10-09T22:05:23.3185411Z  * [new branch]          remove-release-deferral -> origin/remove-release-deferral
2026-10-09T22:05:23.3186742Z  * [new branch]          worktree-issue-1138     -> origin/worktree-issue-1138
2026-10-09T22:05:23.3188031Z  * [new tag]             v0.100.0                -> v0.100.0
2026-10-09T22:05:23.3189007Z  * [new tag]             v0.101.0                -> v0.101.0
2026-10-09T22:05:23.3190058Z  * [new tag]             v0.102.0                -> v0.102.0
2026-10-09T22:05:23.3191040Z  * [new tag]             v0.103.0                -> v0.103.0
2026-10-09T22:05:23.3192012Z  * [new tag]             v0.104.0                -> v0.104.0
2026-10-09T22:05:23.3192976Z  * [new tag]             v0.105.0                -> v0.105.0
2026-10-09T22:05:23.3193937Z  * [new tag]             v0.106.0                -> v0.106.0
2026-10-09T22:05:23.3194899Z  * [new tag]             v0.107.0                -> v0.107.0
2026-10-09T22:05:23.3195871Z  * [new tag]             v0.108.0                -> v0.108.0
2026-10-09T22:05:23.3196841Z  * [new tag]             v0.109.0                -> v0.109.0
2026-10-09T22:05:23.3197809Z  * [new tag]             v0.110.0                -> v0.110.0
2026-10-09T22:05:23.3198798Z  * [new tag]             v0.111.0                -> v0.111.0
2026-10-09T22:05:23.3199850Z  * [new tag]             v0.112.0                -> v0.112.0
2026-10-09T22:05:23.3200836Z  * [new tag]             v0.113.0                -> v0.113.0
2026-10-09T22:05:23.3201788Z  * [new tag]             v0.114.0                -> v0.114.0
2026-10-09T22:05:23.3202752Z  * [new tag]             v0.115.0                -> v0.115.0
2026-10-09T22:05:23.3203723Z  * [new tag]             v0.116.0                -> v0.116.0
2026-10-09T22:05:23.3204685Z  * [new tag]             v0.117.0                -> v0.117.0
2026-10-09T22:05:23.3205642Z  * [new tag]             v0.118.0                -> v0.118.0
2026-10-09T22:05:23.3206611Z  * [new tag]             v0.119.0                -> v0.119.0
2026-10-09T22:05:23.3207588Z  * [new tag]             v0.12.0                 -> v0.12.0
2026-10-09T22:05:23.3208547Z  * [new tag]             v0.120.0                -> v0.120.0
2026-10-09T22:05:23.3209611Z  * [new tag]             v0.121.0                -> v0.121.0
2026-10-09T22:05:23.3210580Z  * [new tag]             v0.122.0                -> v0.122.0
2026-10-09T22:05:23.3211697Z  * [new tag]             v0.123.0                -> v0.123.0
2026-10-09T22:05:23.3212674Z  * [new tag]             v0.124.0                -> v0.124.0
2026-10-09T22:05:23.3213636Z  * [new tag]             v0.125.0                -> v0.125.0
2026-10-09T22:05:23.3214602Z  * [new tag]             v0.126.0                -> v0.126.0
2026-10-09T22:05:23.3215569Z  * [new tag]             v0.127.0                -> v0.127.0
2026-10-09T22:05:23.3216523Z  * [new tag]             v0.128.0                -> v0.128.0
2026-10-09T22:05:23.3217517Z  * [new tag]             v0.129.0                -> v0.129.0
2026-10-09T22:05:23.3218471Z  * [new tag]             v0.13.0                 -> v0.13.0
2026-10-09T22:05:23.3219504Z  * [new tag]             v0.130.0                -> v0.130.0
2026-10-09T22:05:23.3220474Z  * [new tag]             v0.131.0                -> v0.131.0
2026-10-09T22:05:23.3221431Z  * [new tag]             v0.132.0                -> v0.132.0
2026-10-09T22:05:23.3222410Z  * [new tag]             v0.133.0                -> v0.133.0
2026-10-09T22:05:23.3223381Z  * [new tag]             v0.134.0                -> v0.134.0
2026-10-09T22:05:23.3224346Z  * [new tag]             v0.135.0                -> v0.135.0
2026-10-09T22:05:23.3225313Z  * [new tag]             v0.136.0                -> v0.136.0
2026-10-09T22:05:23.3226278Z  * [new tag]             v0.137.0                -> v0.137.0
2026-10-09T22:05:23.3227496Z  * [new tag]             v0.138.0                -> v0.138.0
2026-10-09T22:05:23.3228471Z  * [new tag]             v0.139.0                -> v0.139.0
2026-10-09T22:05:23.3229517Z  * [new tag]             v0.14.0                 -> v0.14.0
2026-10-09T22:05:23.3230486Z  * [new tag]             v0.140.0                -> v0.140.0
2026-10-09T22:05:23.3231453Z  * [new tag]             v0.141.0                -> v0.141.0
2026-10-09T22:05:23.3232425Z  * [new tag]             v0.142.0                -> v0.142.0
2026-10-09T22:05:23.3233538Z  * [new tag]             v0.143.0                -> v0.143.0
2026-10-09T22:05:23.3234524Z  * [new tag]             v0.144.0                -> v0.144.0
2026-10-09T22:05:23.3235493Z  * [new tag]             v0.145.0                -> v0.145.0
2026-10-09T22:05:23.3236464Z  * [new tag]             v0.146.0                -> v0.146.0
2026-10-09T22:05:23.3237431Z  * [new tag]             v0.147.0                -> v0.147.0
2026-10-09T22:05:23.3238421Z  * [new tag]             v0.148.0                -> v0.148.0
2026-10-09T22:05:23.3239469Z  * [new tag]             v0.149.0                -> v0.149.0
2026-10-09T22:05:23.3240437Z  * [new tag]             v0.15.0                 -> v0.15.0
2026-10-09T22:05:23.3241428Z  * [new tag]             v0.150.0                -> v0.150.0
2026-10-09T22:05:23.3242392Z  * [new tag]             v0.151.0                -> v0.151.0
2026-10-09T22:05:23.3243380Z  * [new tag]             v0.152.0                -> v0.152.0
2026-10-09T22:05:23.3244358Z  * [new tag]             v0.153.0                -> v0.153.0
2026-10-09T22:05:23.3245333Z  * [new tag]             v0.154.0                -> v0.154.0
2026-10-09T22:05:23.3246297Z  * [new tag]             v0.155.0                -> v0.155.0
2026-10-09T22:05:23.3247263Z  * [new tag]             v0.156.0                -> v0.156.0
2026-10-09T22:05:23.3248226Z  * [new tag]             v0.157.0                -> v0.157.0
2026-10-09T22:05:23.3249259Z  * [new tag]             v0.158.0                -> v0.158.0
2026-10-09T22:05:23.3250232Z  * [new tag]             v0.159.0                -> v0.159.0
2026-10-09T22:05:23.3251206Z  * [new tag]             v0.16.0                 -> v0.16.0
2026-10-09T22:05:23.3252166Z  * [new tag]             v0.160.0                -> v0.160.0
2026-10-09T22:05:23.3253136Z  * [new tag]             v0.161.0                -> v0.161.0
2026-10-09T22:05:23.3254088Z  * [new tag]             v0.162.0                -> v0.162.0
2026-10-09T22:05:23.3255057Z  * [new tag]             v0.163.0                -> v0.163.0
2026-10-09T22:05:23.3256171Z  * [new tag]             v0.164.0                -> v0.164.0
2026-10-09T22:05:23.3257141Z  * [new tag]             v0.165.0                -> v0.165.0
2026-10-09T22:05:23.3258106Z  * [new tag]             v0.166.0                -> v0.166.0
2026-10-09T22:05:23.3259073Z  * [new tag]             v0.167.0                -> v0.167.0
2026-10-09T22:05:23.3260124Z  * [new tag]             v0.168.0                -> v0.168.0
2026-10-09T22:05:23.3261086Z  * [new tag]             v0.169.0                -> v0.169.0
2026-10-09T22:05:23.3262051Z  * [new tag]             v0.17.0                 -> v0.17.0
2026-10-09T22:05:23.3263002Z  * [new tag]             v0.170.0                -> v0.170.0
2026-10-09T22:05:23.3263968Z  * [new tag]             v0.171.0                -> v0.171.0
2026-10-09T22:05:23.3264928Z  * [new tag]             v0.172.0                -> v0.172.0
2026-10-09T22:05:23.3265894Z  * [new tag]             v0.173.0                -> v0.173.0
2026-10-09T22:05:23.3266870Z  * [new tag]             v0.174.0                -> v0.174.0
2026-10-09T22:05:23.3267847Z  * [new tag]             v0.175.0                -> v0.175.0
2026-10-09T22:05:23.3268811Z  * [new tag]             v0.176.0                -> v0.176.0
2026-10-09T22:05:23.3269853Z  * [new tag]             v0.177.0                -> v0.177.0
2026-10-09T22:05:23.3270822Z  * [new tag]             v0.178.0                -> v0.178.0
2026-10-09T22:05:23.3271789Z  * [new tag]             v0.179.0                -> v0.179.0
2026-10-09T22:05:23.3272751Z  * [new tag]             v0.18.0                 -> v0.18.0
2026-10-09T22:05:23.3273715Z  * [new tag]             v0.180.0                -> v0.180.0
2026-10-09T22:05:23.3274683Z  * [new tag]             v0.181.0                -> v0.181.0
2026-10-09T22:05:23.3275642Z  * [new tag]             v0.182.0                -> v0.182.0
2026-10-09T22:05:23.3276606Z  * [new tag]             v0.183.0                -> v0.183.0
2026-10-09T22:05:23.3277568Z  * [new tag]             v0.184.0                -> v0.184.0
2026-10-09T22:05:23.3278677Z  * [new tag]             v0.185.0                -> v0.185.0
2026-10-09T22:05:23.3279724Z  * [new tag]             v0.186.0                -> v0.186.0
2026-10-09T22:05:23.3280690Z  * [new tag]             v0.187.0                -> v0.187.0
2026-10-09T22:05:23.3281662Z  * [new tag]             v0.188.0                -> v0.188.0
2026-10-09T22:05:23.3282620Z  * [new tag]             v0.189.0                -> v0.189.0
2026-10-09T22:05:23.3283590Z  * [new tag]             v0.19.0                 -> v0.19.0
2026-10-09T22:05:23.3284548Z  * [new tag]             v0.190.0                -> v0.190.0
2026-10-09T22:05:23.3285518Z  * [new tag]             v0.191.0                -> v0.191.0
2026-10-09T22:05:23.3286483Z  * [new tag]             v0.192.0                -> v0.192.0
2026-10-09T22:05:23.3287453Z  * [new tag]             v0.193.0                -> v0.193.0
2026-10-09T22:05:23.3288425Z  * [new tag]             v0.194.0                -> v0.194.0
2026-10-09T22:05:23.3289720Z  * [new tag]             v0.195.0                -> v0.195.0
2026-10-09T22:05:23.3290755Z  * [new tag]             v0.196.0                -> v0.196.0
2026-10-09T22:05:23.3291719Z  * [new tag]             v0.197.0                -> v0.197.0
2026-10-09T22:05:23.3292691Z  * [new tag]             v0.198.0                -> v0.198.0
2026-10-09T22:05:23.3293660Z  * [new tag]             v0.199.0                -> v0.199.0
2026-10-09T22:05:23.3294615Z  * [new tag]             v0.20.0                 -> v0.20.0
2026-10-09T22:05:23.3295581Z  * [new tag]             v0.200.0                -> v0.200.0
2026-10-09T22:05:23.3296549Z  * [new tag]             v0.201.0                -> v0.201.0
2026-10-09T22:05:23.3297520Z  * [new tag]             v0.202.0                -> v0.202.0
2026-10-09T22:05:23.3298481Z  * [new tag]             v0.203.0                -> v0.203.0
2026-10-09T22:05:23.3299674Z  * [new tag]             v0.204.0                -> v0.204.0
2026-10-09T22:05:23.3300664Z  * [new tag]             v0.205.0                -> v0.205.0
2026-10-09T22:05:23.3301796Z  * [new tag]             v0.206.0                -> v0.206.0
2026-10-09T22:05:23.3302759Z  * [new tag]             v0.207.0                -> v0.207.0
2026-10-09T22:05:23.3303723Z  * [new tag]             v0.208.0                -> v0.208.0
2026-10-09T22:05:23.3304687Z  * [new tag]             v0.209.0                -> v0.209.0
2026-10-09T22:05:23.3305640Z  * [new tag]             v0.21.0                 -> v0.21.0
2026-10-09T22:05:23.3306604Z  * [new tag]             v0.210.0                -> v0.210.0
2026-10-09T22:05:23.3307582Z  * [new tag]             v0.211.0                -> v0.211.0
2026-10-09T22:05:23.3308547Z  * [new tag]             v0.212.0                -> v0.212.0
2026-10-09T22:05:23.3309607Z  * [new tag]             v0.213.0                -> v0.213.0
2026-10-09T22:05:23.3310579Z  * [new tag]             v0.214.0                -> v0.214.0
2026-10-09T22:05:23.3311547Z  * [new tag]             v0.215.0                -> v0.215.0
2026-10-09T22:05:23.3312529Z  * [new tag]             v0.216.0                -> v0.216.0
2026-10-09T22:05:23.3313495Z  * [new tag]             v0.217.0                -> v0.217.0
2026-10-09T22:05:23.3314467Z  * [new tag]             v0.218.0                -> v0.218.0
2026-10-09T22:05:23.3315428Z  * [new tag]             v0.219.0                -> v0.219.0
2026-10-09T22:05:23.3316380Z  * [new tag]             v0.22.0                 -> v0.22.0
2026-10-09T22:05:23.3317352Z  * [new tag]             v0.220.0                -> v0.220.0
2026-10-09T22:05:23.3318315Z  * [new tag]             v0.221.0                -> v0.221.0
2026-10-09T22:05:23.3319369Z  * [new tag]             v0.222.0                -> v0.222.0
2026-10-09T22:05:23.3320324Z  * [new tag]             v0.223.0                -> v0.223.0
2026-10-09T22:05:23.3321293Z  * [new tag]             v0.224.0                -> v0.224.0
2026-10-09T22:05:23.3322261Z  * [new tag]             v0.225.0                -> v0.225.0
2026-10-09T22:05:23.3323342Z  * [new tag]             v0.226.0                -> v0.226.0
2026-10-09T22:05:23.3324306Z  * [new tag]             v0.227.0                -> v0.227.0
2026-10-09T22:05:23.3325258Z  * [new tag]             v0.228.0                -> v0.228.0
2026-10-09T22:05:23.3326222Z  * [new tag]             v0.229.0                -> v0.229.0
2026-10-09T22:05:23.3327175Z  * [new tag]             v0.23.0                 -> v0.23.0
2026-10-09T22:05:23.3328303Z  * [new tag]             v0.230.0                -> v0.230.0
2026-10-09T22:05:23.3329346Z  * [new tag]             v0.231.0                -> v0.231.0
2026-10-09T22:05:23.3330313Z  * [new tag]             v0.232.0                -> v0.232.0
2026-10-09T22:05:23.3331280Z  * [new tag]             v0.233.0                -> v0.233.0
2026-10-09T22:05:23.3332261Z  * [new tag]             v0.234.0                -> v0.234.0
2026-10-09T22:05:23.3333220Z  * [new tag]             v0.235.0                -> v0.235.0
2026-10-09T22:05:23.3334189Z  * [new tag]             v0.236.0                -> v0.236.0
2026-10-09T22:05:23.3335174Z  * [new tag]             v0.237.0                -> v0.237.0
2026-10-09T22:05:23.3336136Z  * [new tag]             v0.238.0                -> v0.238.0
2026-10-09T22:05:23.3337089Z  * [new tag]             v0.239.0                -> v0.239.0
2026-10-09T22:05:23.3338031Z  * [new tag]             v0.24.0                 -> v0.24.0
2026-10-09T22:05:23.3339012Z  * [new tag]             v0.240.0                -> v0.240.0
2026-10-09T22:05:23.3340169Z  * [new tag]             v0.241.0                -> v0.241.0
2026-10-09T22:05:23.3341139Z  * [new tag]             v0.242.0                -> v0.242.0
2026-10-09T22:05:23.3342103Z  * [new tag]             v0.243.0                -> v0.243.0
2026-10-09T22:05:23.3343057Z  * [new tag]             v0.244.0                -> v0.244.0
2026-10-09T22:05:23.3344081Z  * [new tag]             v0.245.0                -> v0.245.0
2026-10-09T22:05:23.3345444Z  * [new tag]             v0.246.0                -> v0.246.0
2026-10-09T22:05:23.3346491Z  * [new tag]             v0.247.0                -> v0.247.0
2026-10-09T22:05:23.3347616Z  * [new tag]             v0.248.0                -> v0.248.0
2026-10-09T22:05:23.3348597Z  * [new tag]             v0.249.0                -> v0.249.0
2026-10-09T22:05:23.3349741Z  * [new tag]             v0.25.0                 -> v0.25.0
2026-10-09T22:05:23.3350706Z  * [new tag]             v0.250.0                -> v0.250.0
2026-10-09T22:05:23.3351669Z  * [new tag]             v0.251.0                -> v0.251.0
2026-10-09T22:05:23.3352625Z  * [new tag]             v0.252.0                -> v0.252.0
2026-10-09T22:05:23.3353596Z  * [new tag]             v0.253.0                -> v0.253.0
2026-10-09T22:05:23.3354564Z  * [new tag]             v0.254.0                -> v0.254.0
2026-10-09T22:05:23.3355529Z  * [new tag]             v0.255.0                -> v0.255.0
2026-10-09T22:05:23.3356494Z  * [new tag]             v0.256.0                -> v0.256.0
2026-10-09T22:05:23.3357467Z  * [new tag]             v0.257.0                -> v0.257.0
2026-10-09T22:05:23.3358442Z  * [new tag]             v0.258.0                -> v0.258.0
2026-10-09T22:05:23.3359490Z  * [new tag]             v0.259.0                -> v0.259.0
2026-10-09T22:05:23.3360447Z  * [new tag]             v0.26.0                 -> v0.26.0
2026-10-09T22:05:23.3361401Z  * [new tag]             v0.260.0                -> v0.260.0
2026-10-09T22:05:23.3362374Z  * [new tag]             v0.261.0                -> v0.261.0
2026-10-09T22:05:23.3363336Z  * [new tag]             v0.262.0                -> v0.262.0
2026-10-09T22:05:23.3364294Z  * [new tag]             v0.263.0                -> v0.263.0
2026-10-09T22:05:23.3365252Z  * [new tag]             v0.264.0                -> v0.264.0
2026-10-09T22:05:23.3366219Z  * [new tag]             v0.265.0                -> v0.265.0
2026-10-09T22:05:23.3367186Z  * [new tag]             v0.266.0                -> v0.266.0
2026-10-09T22:05:23.3368150Z  * [new tag]             v0.267.0                -> v0.267.0
2026-10-09T22:05:23.3369323Z  * [new tag]             v0.268.0                -> v0.268.0
2026-10-09T22:05:23.3370289Z  * [new tag]             v0.269.0                -> v0.269.0
2026-10-09T22:05:23.3371236Z  * [new tag]             v0.27.0                 -> v0.27.0
2026-10-09T22:05:23.3372202Z  * [new tag]             v0.270.0                -> v0.270.0
2026-10-09T22:05:23.3373174Z  * [new tag]             v0.271.0                -> v0.271.0
2026-10-09T22:05:23.3374133Z  * [new tag]             v0.272.0                -> v0.272.0
2026-10-09T22:05:23.3375103Z  * [new tag]             v0.273.0                -> v0.273.0
2026-10-09T22:05:23.3376067Z  * [new tag]             v0.274.0                -> v0.274.0
2026-10-09T22:05:23.3377028Z  * [new tag]             v0.275.0                -> v0.275.0
2026-10-09T22:05:23.3377990Z  * [new tag]             v0.276.0                -> v0.276.0
2026-10-09T22:05:23.3378959Z  * [new tag]             v0.277.0                -> v0.277.0
2026-10-09T22:05:23.3380189Z  * [new tag]             v0.278.0                -> v0.278.0
2026-10-09T22:05:23.3381159Z  * [new tag]             v0.279.0                -> v0.279.0
2026-10-09T22:05:23.3382106Z  * [new tag]             v0.28.0                 -> v0.28.0
2026-10-09T22:05:23.3383062Z  * [new tag]             v0.280.0                -> v0.280.0
2026-10-09T22:05:23.3384028Z  * [new tag]             v0.281.0                -> v0.281.0
2026-10-09T22:05:23.3384990Z  * [new tag]             v0.282.0                -> v0.282.0
2026-10-09T22:05:23.3385953Z  * [new tag]             v0.283.0                -> v0.283.0
2026-10-09T22:05:23.3386916Z  * [new tag]             v0.284.0                -> v0.284.0
2026-10-09T22:05:23.3387881Z  * [new tag]             v0.285.0                -> v0.285.0
2026-10-09T22:05:23.3388850Z  * [new tag]             v0.286.0                -> v0.286.0
2026-10-09T22:05:23.3390027Z  * [new tag]             v0.287.0                -> v0.287.0
2026-10-09T22:05:23.3391013Z  * [new tag]             v0.288.0                -> v0.288.0
2026-10-09T22:05:23.3392124Z  * [new tag]             v0.289.0                -> v0.289.0
2026-10-09T22:05:23.3393091Z  * [new tag]             v0.29.0                 -> v0.29.0
2026-10-09T22:05:23.3394064Z  * [new tag]             v0.290.0                -> v0.290.0
2026-10-09T22:05:23.3395042Z  * [new tag]             v0.291.0                -> v0.291.0
2026-10-09T22:05:23.3396003Z  * [new tag]             v0.292.0                -> v0.292.0
2026-10-09T22:05:23.3396961Z  * [new tag]             v0.293.0                -> v0.293.0
2026-10-09T22:05:23.3397918Z  * [new tag]             v0.294.0                -> v0.294.0
2026-10-09T22:05:23.3398887Z  * [new tag]             v0.295.0                -> v0.295.0
2026-10-09T22:05:23.3399986Z  * [new tag]             v0.295.1                -> v0.295.1
2026-10-09T22:05:23.3400953Z  * [new tag]             v0.295.2                -> v0.295.2
2026-10-09T22:05:23.3401914Z  * [new tag]             v0.296.0                -> v0.296.0
2026-10-09T22:05:23.3402895Z  * [new tag]             v0.296.1                -> v0.296.1
2026-10-09T22:05:23.3403863Z  * [new tag]             v0.296.2                -> v0.296.2
2026-10-09T22:05:23.3404819Z  * [new tag]             v0.296.3                -> v0.296.3
2026-10-09T22:05:23.3405781Z  * [new tag]             v0.296.4                -> v0.296.4
2026-10-09T22:05:23.3406753Z  * [new tag]             v0.297.0                -> v0.297.0
2026-10-09T22:05:23.3407713Z  * [new tag]             v0.297.1                -> v0.297.1
2026-10-09T22:05:23.3408674Z  * [new tag]             v0.297.2                -> v0.297.2
2026-10-09T22:05:23.3409717Z  * [new tag]             v0.297.3                -> v0.297.3
2026-10-09T22:05:23.3410686Z  * [new tag]             v0.297.4                -> v0.297.4
2026-10-09T22:05:23.3411653Z  * [new tag]             v0.297.5                -> v0.297.5
2026-10-09T22:05:23.3412616Z  * [new tag]             v0.298.0                -> v0.298.0
2026-10-09T22:05:23.3413720Z  * [new tag]             v0.298.1                -> v0.298.1
2026-10-09T22:05:23.3414696Z  * [new tag]             v0.299.0                -> v0.299.0
2026-10-09T22:05:23.3415647Z  * [new tag]             v0.30.0                 -> v0.30.0
2026-10-09T22:05:23.3416606Z  * [new tag]             v0.300.0                -> v0.300.0
2026-10-09T22:05:23.3417575Z  * [new tag]             v0.301.0                -> v0.301.0
2026-10-09T22:05:23.3418539Z  * [new tag]             v0.301.1                -> v0.301.1
2026-10-09T22:05:23.3419708Z  * [new tag]             v0.302.0                -> v0.302.0
2026-10-09T22:05:23.3420682Z  * [new tag]             v0.302.1                -> v0.302.1
2026-10-09T22:05:23.3421654Z  * [new tag]             v0.302.2                -> v0.302.2
2026-10-09T22:05:23.3422615Z  * [new tag]             v0.302.3                -> v0.302.3
2026-10-09T22:05:23.3423573Z  * [new tag]             v0.303.0                -> v0.303.0
2026-10-09T22:05:23.3424531Z  * [new tag]             v0.304.0                -> v0.304.0
2026-10-09T22:05:23.3425515Z  * [new tag]             v0.304.1                -> v0.304.1
2026-10-09T22:05:23.3426477Z  * [new tag]             v0.305.0                -> v0.305.0
2026-10-09T22:05:23.3427432Z  * [new tag]             v0.305.1                -> v0.305.1
2026-10-09T22:05:23.3428415Z  * [new tag]             v0.306.0                -> v0.306.0
2026-10-09T22:05:23.3429557Z  * [new tag]             v0.306.1                -> v0.306.1
2026-10-09T22:05:23.3430532Z  * [new tag]             v0.307.0                -> v0.307.0
2026-10-09T22:05:23.3431514Z  * [new tag]             v0.307.1                -> v0.307.1
2026-10-09T22:05:23.3432481Z  * [new tag]             v0.308.0                -> v0.308.0
2026-10-09T22:05:23.3433443Z  * [new tag]             v0.309.0                -> v0.309.0
2026-10-09T22:05:23.3434400Z  * [new tag]             v0.31.0                 -> v0.31.0
2026-10-09T22:05:23.3435357Z  * [new tag]             v0.310.0                -> v0.310.0
2026-10-09T22:05:23.3436321Z  * [new tag]             v0.311.0                -> v0.311.0
2026-10-09T22:05:23.3437427Z  * [new tag]             v0.311.1                -> v0.311.1
2026-10-09T22:05:23.3438418Z  * [new tag]             v0.312.0                -> v0.312.0
2026-10-09T22:05:23.3439482Z  * [new tag]             v0.312.1                -> v0.312.1
2026-10-09T22:05:23.3440442Z  * [new tag]             v0.313.0                -> v0.313.0
2026-10-09T22:05:23.3441398Z  * [new tag]             v0.314.0                -> v0.314.0
2026-10-09T22:05:23.3442359Z  * [new tag]             v0.315.0                -> v0.315.0
2026-10-09T22:05:23.3443313Z  * [new tag]             v0.316.0                -> v0.316.0
2026-10-09T22:05:23.3444270Z  * [new tag]             v0.316.1                -> v0.316.1
2026-10-09T22:05:23.3445243Z  * [new tag]             v0.317.0                -> v0.317.0
2026-10-09T22:05:23.3446199Z  * [new tag]             v0.318.0                -> v0.318.0
2026-10-09T22:05:23.3447174Z  * [new tag]             v0.319.0                -> v0.319.0
2026-10-09T22:05:23.3448145Z  * [new tag]             v0.319.1                -> v0.319.1
2026-10-09T22:05:23.3449102Z  * [new tag]             v0.319.2                -> v0.319.2
2026-10-09T22:05:23.3450131Z  * [new tag]             v0.32.0                 -> v0.32.0
2026-10-09T22:05:23.3451090Z  * [new tag]             v0.320.0                -> v0.320.0
2026-10-09T22:05:23.3452034Z  * [new tag]             v0.321.0                -> v0.321.0
2026-10-09T22:05:23.3452991Z  * [new tag]             v0.322.0                -> v0.322.0
2026-10-09T22:05:23.3453932Z  * [new tag]             v0.323.0                -> v0.323.0
2026-10-09T22:05:23.3454881Z  * [new tag]             v0.324.0                -> v0.324.0
2026-10-09T22:05:23.3455837Z  * [new tag]             v0.324.1                -> v0.324.1
2026-10-09T22:05:23.3456785Z  * [new tag]             v0.324.2                -> v0.324.2
2026-10-09T22:05:23.3457746Z  * [new tag]             v0.324.3                -> v0.324.3
2026-10-09T22:05:23.3458833Z  * [new tag]             v0.325.0                -> v0.325.0
2026-10-09T22:05:23.3460022Z  * [new tag]             v0.326.0                -> v0.326.0
2026-10-09T22:05:23.3460979Z  * [new tag]             v0.326.1                -> v0.326.1
2026-10-09T22:05:23.3461940Z  * [new tag]             v0.326.2                -> v0.326.2
2026-10-09T22:05:23.3462890Z  * [new tag]             v0.326.3                -> v0.326.3
2026-10-09T22:05:23.3463851Z  * [new tag]             v0.327.0                -> v0.327.0
2026-10-09T22:05:23.3464807Z  * [new tag]             v0.328.0                -> v0.328.0
2026-10-09T22:05:23.3465768Z  * [new tag]             v0.329.0                -> v0.329.0
2026-10-09T22:05:23.3466737Z  * [new tag]             v0.329.1                -> v0.329.1
2026-10-09T22:05:23.3467694Z  * [new tag]             v0.33.0                 -> v0.33.0
2026-10-09T22:05:23.3468640Z  * [new tag]             v0.330.0                -> v0.330.0
2026-10-09T22:05:23.3469764Z  * [new tag]             v0.331.0                -> v0.331.0
2026-10-09T22:05:23.3470725Z  * [new tag]             v0.332.0                -> v0.332.0
2026-10-09T22:05:23.3471682Z  * [new tag]             v0.332.1                -> v0.332.1
2026-10-09T22:05:23.3472642Z  * [new tag]             v0.333.0                -> v0.333.0
2026-10-09T22:05:23.3473592Z  * [new tag]             v0.333.1                -> v0.333.1
2026-10-09T22:05:23.3474550Z  * [new tag]             v0.333.2                -> v0.333.2
2026-10-09T22:05:23.3475504Z  * [new tag]             v0.334.0                -> v0.334.0
2026-10-09T22:05:23.3476460Z  * [new tag]             v0.335.0                -> v0.335.0
2026-10-09T22:05:23.3477421Z  * [new tag]             v0.336.0                -> v0.336.0
2026-10-09T22:05:23.3478375Z  * [new tag]             v0.337.0                -> v0.337.0
2026-10-09T22:05:23.3479397Z  * [new tag]             v0.338.0                -> v0.338.0
2026-10-09T22:05:23.3480355Z  * [new tag]             v0.339.0                -> v0.339.0
2026-10-09T22:05:23.3481449Z  * [new tag]             v0.339.1                -> v0.339.1
2026-10-09T22:05:23.3482403Z  * [new tag]             v0.339.2                -> v0.339.2
2026-10-09T22:05:23.3483370Z  * [new tag]             v0.339.3                -> v0.339.3
2026-10-09T22:05:23.3484315Z  * [new tag]             v0.34.0                 -> v0.34.0
2026-10-09T22:05:23.3485274Z  * [new tag]             v0.340.0                -> v0.340.0
2026-10-09T22:05:23.3486229Z  * [new tag]             v0.341.0                -> v0.341.0
2026-10-09T22:05:23.3487182Z  * [new tag]             v0.342.0                -> v0.342.0
2026-10-09T22:05:23.3488137Z  * [new tag]             v0.343.0                -> v0.343.0
2026-10-09T22:05:23.3489099Z  * [new tag]             v0.344.0                -> v0.344.0
2026-10-09T22:05:23.3490147Z  * [new tag]             v0.345.0                -> v0.345.0
2026-10-09T22:05:23.3491106Z  * [new tag]             v0.346.0                -> v0.346.0
2026-10-09T22:05:23.3492064Z  * [new tag]             v0.347.0                -> v0.347.0
2026-10-09T22:05:23.3493023Z  * [new tag]             v0.348.0                -> v0.348.0
2026-10-09T22:05:23.3493983Z  * [new tag]             v0.348.1                -> v0.348.1
2026-10-09T22:05:23.3494928Z  * [new tag]             v0.348.2                -> v0.348.2
2026-10-09T22:05:23.3495885Z  * [new tag]             v0.348.3                -> v0.348.3
2026-10-09T22:05:23.3496840Z  * [new tag]             v0.349.0                -> v0.349.0
2026-10-09T22:05:23.3497781Z  * [new tag]             v0.349.1                -> v0.349.1
2026-10-09T22:05:23.3498725Z  * [new tag]             v0.349.2                -> v0.349.2
2026-10-09T22:05:23.3499889Z  * [new tag]             v0.35.0                 -> v0.35.0
2026-10-09T22:05:23.3500834Z  * [new tag]             v0.350.0                -> v0.350.0
2026-10-09T22:05:23.3501775Z  * [new tag]             v0.351.0                -> v0.351.0
2026-10-09T22:05:23.3502849Z  * [new tag]             v0.352.0                -> v0.352.0
2026-10-09T22:05:23.3503830Z  * [new tag]             v0.352.1                -> v0.352.1
2026-10-09T22:05:23.3504776Z  * [new tag]             v0.36.0                 -> v0.36.0
2026-10-09T22:05:23.3505710Z  * [new tag]             v0.36.1                 -> v0.36.1
2026-10-09T22:05:23.3506646Z  * [new tag]             v0.37.0                 -> v0.37.0
2026-10-09T22:05:23.3507580Z  * [new tag]             v0.38.0                 -> v0.38.0
2026-10-09T22:05:23.3508520Z  * [new tag]             v0.39.0                 -> v0.39.0
2026-10-09T22:05:23.3509607Z  * [new tag]             v0.40.0                 -> v0.40.0
2026-10-09T22:05:23.3510549Z  * [new tag]             v0.41.0                 -> v0.41.0
2026-10-09T22:05:23.3511486Z  * [new tag]             v0.42.0                 -> v0.42.0
2026-10-09T22:05:23.3512410Z  * [new tag]             v0.43.0                 -> v0.43.0
2026-10-09T22:05:23.3513373Z  * [new tag]             v0.44.0                 -> v0.44.0
2026-10-09T22:05:23.3514321Z  * [new tag]             v0.45.0                 -> v0.45.0
2026-10-09T22:05:23.3515260Z  * [new tag]             v0.46.0                 -> v0.46.0
2026-10-09T22:05:23.3516200Z  * [new tag]             v0.47.0                 -> v0.47.0
2026-10-09T22:05:23.3517126Z  * [new tag]             v0.48.0                 -> v0.48.0
2026-10-09T22:05:23.3518078Z  * [new tag]             v0.49.0                 -> v0.49.0
2026-10-09T22:05:23.3519005Z  * [new tag]             v0.50.0                 -> v0.50.0
2026-10-09T22:05:23.3520022Z  * [new tag]             v0.51.0                 -> v0.51.0
2026-10-09T22:05:23.3520958Z  * [new tag]             v0.52.0                 -> v0.52.0
2026-10-09T22:05:23.3521891Z  * [new tag]             v0.53.0                 -> v0.53.0
2026-10-09T22:05:23.3522819Z  * [new tag]             v0.54.0                 -> v0.54.0
2026-10-09T22:05:23.3523758Z  * [new tag]             v0.55.0                 -> v0.55.0
2026-10-09T22:05:23.3524692Z  * [new tag]             v0.56.0                 -> v0.56.0
2026-10-09T22:05:23.3525730Z  * [new tag]             v0.57.0                 -> v0.57.0
2026-10-09T22:05:23.3526677Z  * [new tag]             v0.58.0                 -> v0.58.0
2026-10-09T22:05:23.3527611Z  * [new tag]             v0.59.0                 -> v0.59.0
2026-10-09T22:05:23.3528547Z  * [new tag]             v0.60.0                 -> v0.60.0
2026-10-09T22:05:23.3529558Z  * [new tag]             v0.61.0                 -> v0.61.0
2026-10-09T22:05:23.3530487Z  * [new tag]             v0.62.0                 -> v0.62.0
2026-10-09T22:05:23.3531424Z  * [new tag]             v0.63.0                 -> v0.63.0
2026-10-09T22:05:23.3532348Z  * [new tag]             v0.64.0                 -> v0.64.0
2026-10-09T22:05:23.3533292Z  * [new tag]             v0.65.0                 -> v0.65.0
2026-10-09T22:05:23.3534225Z  * [new tag]             v0.66.0                 -> v0.66.0
2026-10-09T22:05:23.3535152Z  * [new tag]             v0.67.0                 -> v0.67.0
2026-10-09T22:05:23.3536092Z  * [new tag]             v0.68.0                 -> v0.68.0
2026-10-09T22:05:23.3537049Z  * [new tag]             v0.69.0                 -> v0.69.0
2026-10-09T22:05:23.3537984Z  * [new tag]             v0.70.0                 -> v0.70.0
2026-10-09T22:05:23.3538909Z  * [new tag]             v0.71.0                 -> v0.71.0
2026-10-09T22:05:23.3540045Z  * [new tag]             v0.72.0                 -> v0.72.0
2026-10-09T22:05:23.3540988Z  * [new tag]             v0.73.0                 -> v0.73.0
2026-10-09T22:05:23.3541916Z  * [new tag]             v0.74.0                 -> v0.74.0
2026-10-09T22:05:23.3542849Z  * [new tag]             v0.75.0                 -> v0.75.0
2026-10-09T22:05:23.3543784Z  * [new tag]             v0.76.0                 -> v0.76.0
2026-10-09T22:05:23.3544718Z  * [new tag]             v0.77.0                 -> v0.77.0
2026-10-09T22:05:23.3545643Z  * [new tag]             v0.78.0                 -> v0.78.0
2026-10-09T22:05:23.3546699Z  * [new tag]             v0.79.0                 -> v0.79.0
2026-10-09T22:05:23.3547642Z  * [new tag]             v0.80.0                 -> v0.80.0
2026-10-09T22:05:23.3548572Z  * [new tag]             v0.81.0                 -> v0.81.0
2026-10-09T22:05:23.3549668Z  * [new tag]             v0.82.0                 -> v0.82.0
2026-10-09T22:05:23.3550605Z  * [new tag]             v0.83.0                 -> v0.83.0
2026-10-09T22:05:23.3551542Z  * [new tag]             v0.84.0                 -> v0.84.0
2026-10-09T22:05:23.3552476Z  * [new tag]             v0.85.0                 -> v0.85.0
2026-10-09T22:05:23.3553404Z  * [new tag]             v0.86.0                 -> v0.86.0
2026-10-09T22:05:23.3554338Z  * [new tag]             v0.87.0                 -> v0.87.0
2026-10-09T22:05:23.3555269Z  * [new tag]             v0.88.0                 -> v0.88.0
2026-10-09T22:05:23.3556194Z  * [new tag]             v0.89.0                 -> v0.89.0
2026-10-09T22:05:23.3557120Z  * [new tag]             v0.90.0                 -> v0.90.0
2026-10-09T22:05:23.3558069Z  * [new tag]             v0.91.0                 -> v0.91.0
2026-10-09T22:05:23.3558997Z  * [new tag]             v0.92.0                 -> v0.92.0
2026-10-09T22:05:23.3559999Z  * [new tag]             v0.93.0                 -> v0.93.0
2026-10-09T22:05:23.3560922Z  * [new tag]             v0.94.0                 -> v0.94.0
2026-10-09T22:05:23.3561843Z  * [new tag]             v0.95.0                 -> v0.95.0
2026-10-09T22:05:23.3562759Z  * [new tag]             v0.96.0                 -> v0.96.0
2026-10-09T22:05:23.3563690Z  * [new tag]             v0.97.0                 -> v0.97.0
2026-10-09T22:05:23.3564612Z  * [new tag]             v0.98.0                 -> v0.98.0
2026-10-09T22:05:23.3565540Z  * [new tag]             v0.99.0                 -> v0.99.0
2026-10-09T22:05:23.3566643Z  * [new ref]             b3953871e7aa9a10936447fd3a64b30903c9e852 -> pull/1188/merge
2026-10-09T22:05:23.3569400Z ##[endgroup]
2026-10-09T22:05:23.3570459Z ##[group]Determining the checkout info
2026-10-09T22:05:23.3571621Z ##[endgroup]
2026-10-09T22:05:23.3572469Z [command]/usr/bin/git sparse-checkout disable
2026-10-09T22:05:23.3574529Z [command]/usr/bin/git config --local --unset-all extensions.worktreeConfig
2026-10-09T22:05:23.3576823Z ##[group]Checking out the ref
2026-10-09T22:05:23.3577852Z [command]/usr/bin/git checkout --progress --force refs/remotes/pull/1188/merge
2026-10-09T22:05:24.4847931Z Updating files:  27% (9623/35115)
2026-10-09T22:05:24.7273805Z Updating files:  28% (9833/35115)
2026-10-09T22:05:25.0300751Z Updating files:  29% (10184/35115)
2026-10-09T22:05:25.0580909Z Updating files:  30% (10535/35115)
2026-10-09T22:05:25.1187940Z Updating files:  31% (10886/35115)
2026-10-09T22:05:25.2338102Z Updating files:  32% (11237/35115)
2026-10-09T22:05:25.2667147Z Updating files:  33% (11588/35115)
2026-10-09T22:05:25.3217216Z Updating files:  34% (11940/35115)
2026-10-09T22:05:25.3532461Z Updating files:  35% (12291/35115)
2026-10-09T22:05:25.3628357Z Updating files:  36% (12642/35115)
2026-10-09T22:05:25.3726345Z Updating files:  36% (12799/35115)
2026-10-09T22:05:25.3996112Z Updating files:  37% (12993/35115)
2026-10-09T22:05:25.4852715Z Updating files:  38% (13344/35115)
2026-10-09T22:05:25.5146632Z Updating files:  39% (13695/35115)
2026-10-09T22:05:25.5432662Z Updating files:  40% (14046/35115)
2026-10-09T22:05:25.6184841Z Updating files:  41% (14398/35115)
2026-10-09T22:05:25.7190551Z Updating files:  42% (14749/35115)
2026-10-09T22:05:25.7947272Z Updating files:  43% (15100/35115)
2026-10-09T22:05:25.8951626Z Updating files:  44% (15451/35115)
2026-10-09T22:05:25.9431385Z Updating files:  45% (15802/35115)
2026-10-09T22:05:25.9811416Z Updating files:  46% (16153/35115)
2026-10-09T22:05:26.0175420Z Updating files:  47% (16505/35115)
2026-10-09T22:05:26.0501313Z Updating files:  48% (16856/35115)
2026-10-09T22:05:26.0724185Z Updating files:  49% (17207/35115)
2026-10-09T22:05:26.1161098Z Updating files:  50% (17558/35115)
2026-10-09T22:05:26.1501567Z Updating files:  51% (17909/35115)
2026-10-09T22:05:26.1847404Z Updating files:  52% (18260/35115)
2026-10-09T22:05:26.2305295Z Updating files:  53% (18611/35115)
2026-10-09T22:05:26.2597565Z Updating files:  54% (18963/35115)
2026-10-09T22:05:26.3843500Z Updating files:  55% (19314/35115)
2026-10-09T22:05:26.3859472Z Updating files:  55% (19658/35115)
2026-10-09T22:05:26.4022397Z Updating files:  56% (19665/35115)
2026-10-09T22:05:26.4331240Z Updating files:  57% (20016/35115)
2026-10-09T22:05:26.4439746Z Updating files:  58% (20367/35115)
2026-10-09T22:05:26.4552968Z Updating files:  59% (20718/35115)
2026-10-09T22:05:26.4668320Z Updating files:  60% (21069/35115)
2026-10-09T22:05:26.5051086Z Updating files:  61% (21421/35115)
2026-10-09T22:05:26.5146803Z Updating files:  62% (21772/35115)
2026-10-09T22:05:26.5269349Z Updating files:  63% (22123/35115)
2026-10-09T22:05:26.5364082Z Updating files:  64% (22474/35115)
2026-10-09T22:05:26.5458085Z Updating files:  65% (22825/35115)
2026-10-09T22:05:26.5579644Z Updating files:  66% (23176/35115)
2026-10-09T22:05:26.5673720Z Updating files:  67% (23528/35115)
2026-10-09T22:05:26.6031930Z Updating files:  68% (23879/35115)
2026-10-09T22:05:26.6213625Z Updating files:  69% (24230/35115)
2026-10-09T22:05:26.6402158Z Updating files:  70% (24581/35115)
2026-10-09T22:05:26.6569796Z Updating files:  71% (24932/35115)
2026-10-09T22:05:26.6782090Z Updating files:  72% (25283/35115)
2026-10-09T22:05:26.7248466Z Updating files:  73% (25634/35115)
2026-10-09T22:05:26.7532855Z Updating files:  74% (25986/35115)
2026-10-09T22:05:26.7745214Z Updating files:  75% (26337/35115)
2026-10-09T22:05:26.7914824Z Updating files:  76% (26688/35115)
2026-10-09T22:05:26.8103753Z Updating files:  77% (27039/35115)
2026-10-09T22:05:26.8525100Z Updating files:  78% (27390/35115)
2026-10-09T22:05:26.9666112Z Updating files:  79% (27741/35115)
2026-10-09T22:05:26.9964283Z Updating files:  80% (28092/35115)
2026-10-09T22:05:27.0286709Z Updating files:  81% (28444/35115)
2026-10-09T22:05:27.0488436Z Updating files:  82% (28795/35115)
2026-10-09T22:05:27.0784253Z Updating files:  83% (29146/35115)
2026-10-09T22:05:27.0964684Z Updating files:  84% (29497/35115)
2026-10-09T22:05:27.1121115Z Updating files:  85% (29848/35115)
2026-10-09T22:05:27.1309942Z Updating files:  86% (30199/35115)
2026-10-09T22:05:27.1573159Z Updating files:  87% (30551/35115)
2026-10-09T22:05:27.1858303Z Updating files:  88% (30902/35115)
2026-10-09T22:05:27.2229732Z Updating files:  89% (31253/35115)
2026-10-09T22:05:27.2488447Z Updating files:  90% (31604/35115)
2026-10-09T22:05:27.2779827Z Updating files:  91% (31955/35115)
2026-10-09T22:05:27.3060279Z Updating files:  92% (32306/35115)
2026-10-09T22:05:27.3236189Z Updating files:  93% (32657/35115)
2026-10-09T22:05:27.3475294Z Updating files:  94% (33009/35115)
2026-10-09T22:05:27.3626343Z Updating files:  95% (33360/35115)
2026-10-09T22:05:27.3711438Z Updating files:  95% (33587/35115)
2026-10-09T22:05:27.3937883Z Updating files:  96% (33711/35115)
2026-10-09T22:05:27.4146437Z Updating files:  97% (34062/35115)
2026-10-09T22:05:27.4345001Z Updating files:  98% (34413/35115)
2026-10-09T22:05:27.4540272Z Updating files:  99% (34764/35115)
2026-10-09T22:05:27.4540758Z Updating files: 100% (35115/35115)
2026-10-09T22:05:27.4541146Z Updating files: 100% (35115/35115), done.
2026-10-09T22:05:27.4853539Z Note: switching to 'refs/remotes/pull/1188/merge'.
2026-10-09T22:05:27.4854212Z 
2026-10-09T22:05:27.4854460Z You are in 'detached HEAD' state. You can look around, make experimental
2026-10-09T22:05:27.4855023Z changes and commit them, and you can discard any commits you make in this
2026-10-09T22:05:27.4855596Z state without impacting any branches by switching back to a branch.
2026-10-09T22:05:27.4855915Z 
2026-10-09T22:05:27.4856129Z If you want to create a new branch to retain commits you create, you may
2026-10-09T22:05:27.4856652Z do so (now or later) by using -c with the switch command. Example:
2026-10-09T22:05:27.4856944Z 
2026-10-09T22:05:27.4857060Z   git switch -c <new-branch-name>
2026-10-09T22:05:27.4857599Z 
2026-10-09T22:05:27.4857727Z Or undo this operation with:
2026-10-09T22:05:27.4857940Z 
2026-10-09T22:05:27.4858053Z   git switch -
2026-10-09T22:05:27.4858200Z 
2026-10-09T22:05:27.4858445Z Turn off this advice by setting config variable advice.detachedHead to false
2026-10-09T22:05:27.4858828Z 
2026-10-09T22:05:27.4859447Z HEAD is now at b3953871e Merge 0f701bd8d4bc7a525fccc8d5c9a8fd0d4b340c84 into d209aac6461b355f1a527831202af3423135f7e6
2026-10-09T22:05:27.4939170Z ##[endgroup]
2026-10-09T22:05:27.4980028Z [command]/usr/bin/git log -1 --format=%H
2026-10-09T22:05:27.5005564Z b3953871e7aa9a10936447fd3a64b30903c9e852
2026-10-09T22:05:27.5013159Z ##[group]Removing auth
2026-10-09T22:05:27.5013485Z Removing SSH command configuration
2026-10-09T22:05:27.5016525Z [command]/usr/bin/git config --local --name-only --get-regexp core\.sshCommand
2026-10-09T22:05:27.5045890Z [command]/usr/bin/git submodule foreach --recursive sh -c "git config --local --name-only --get-regexp 'core\.sshCommand' && git config --local --unset-all 'core.sshCommand' || :"
2026-10-09T22:05:27.5263907Z Removing HTTP extra header
2026-10-09T22:05:27.5267165Z [command]/usr/bin/git config --local --name-only --get-regexp http\.https\:\/\/github\.com\/\.extraheader
2026-10-09T22:05:27.5301219Z [command]/usr/bin/git submodule foreach --recursive sh -c "git config --local --name-only --get-regexp 'http\.https\:\/\/github\.com\/\.extraheader' && git config --local --unset-all 'http.https://github.com/.extraheader' || :"
2026-10-09T22:05:27.5520411Z Removing includeIf entries pointing to credentials config files
2026-10-09T22:05:27.5522616Z [command]/usr/bin/git config --local --name-only --get-regexp ^includeIf\.gitdir:
2026-10-09T22:05:27.5550159Z includeif.gitdir:/home/runner/work/formal-ai/formal-ai/.git.path
2026-10-09T22:05:27.5550627Z includeif.gitdir:/home/runner/work/formal-ai/formal-ai/.git/worktrees/*.path
2026-10-09T22:05:27.5550986Z includeif.gitdir:/github/workspace/.git.path
2026-10-09T22:05:27.5551353Z includeif.gitdir:/github/workspace/.git/worktrees/*.path
2026-10-09T22:05:27.5565728Z [command]/usr/bin/git config --local --get-all includeif.gitdir:/home/runner/work/formal-ai/formal-ai/.git.path
2026-10-09T22:05:27.5625567Z /home/runner/work/_temp/git-credentials-b5bf4649-11c0-4eef-a154-25a0b16fbf82.config
2026-10-09T22:05:27.5632106Z [command]/usr/bin/git config --local --unset includeif.gitdir:/home/runner/work/formal-ai/formal-ai/.git.path \/home\/runner\/work\/_temp\/git\-credentials\-b5bf4649\-11c0\-4eef\-a154\-25a0b16fbf82\.config
2026-10-09T22:05:27.5664603Z [command]/usr/bin/git config --local --get-all includeif.gitdir:/home/runner/work/formal-ai/formal-ai/.git/worktrees/*.path
2026-10-09T22:05:27.5689149Z /home/runner/work/_temp/git-credentials-b5bf4649-11c0-4eef-a154-25a0b16fbf82.config
2026-10-09T22:05:27.5695256Z [command]/usr/bin/git config --local --unset includeif.gitdir:/home/runner/work/formal-ai/formal-ai/.git/worktrees/*.path \/home\/runner\/work\/_temp\/git\-credentials\-b5bf4649\-11c0\-4eef\-a154\-25a0b16fbf82\.config
2026-10-09T22:05:27.6538753Z [command]/usr/bin/git config --local --get-all includeif.gitdir:/github/workspace/.git.path
2026-10-09T22:05:27.6567294Z /github/runner_temp/git-credentials-b5bf4649-11c0-4eef-a154-25a0b16fbf82.config
2026-10-09T22:05:27.6573959Z [command]/usr/bin/git config --local --unset includeif.gitdir:/github/workspace/.git.path \/github\/runner_temp\/git\-credentials\-b5bf4649\-11c0\-4eef\-a154\-25a0b16fbf82\.config
2026-10-09T22:05:27.6806238Z [command]/usr/bin/git config --local --get-all includeif.gitdir:/github/workspace/.git/worktrees/*.path
2026-10-09T22:05:27.6833455Z /github/runner_temp/git-credentials-b5bf4649-11c0-4eef-a154-25a0b16fbf82.config
2026-10-09T22:05:27.6840053Z [command]/usr/bin/git config --local --unset includeif.gitdir:/github/workspace/.git/worktrees/*.path \/github\/runner_temp\/git\-credentials\-b5bf4649\-11c0\-4eef\-a154\-25a0b16fbf82\.config
2026-10-09T22:05:27.6875502Z [command]/usr/bin/git submodule foreach --recursive git config --local --show-origin --name-only --get-regexp remote.origin.url
2026-10-09T22:05:27.7106702Z Removing credentials config '/home/runner/work/_temp/git-credentials-b5bf4649-11c0-4eef-a154-25a0b16fbf82.config'
2026-10-09T22:05:27.7116894Z ##[endgroup]
2026-10-09T22:05:27.7303989Z ##[group]Run bash scripts/simulate-fresh-merge.sh
2026-10-09T22:05:27.7304384Z [36;1mbash scripts/simulate-fresh-merge.sh[0m
2026-10-09T22:05:27.7967346Z shell: /usr/bin/bash -e {0}
2026-10-09T22:05:27.7967596Z env:
2026-10-09T22:05:27.7967780Z   GIT_CONFIG_COUNT: 1
2026-10-09T22:05:27.7967988Z   GIT_CONFIG_KEY_0: init.defaultBranch
2026-10-09T22:05:27.7968214Z   GIT_CONFIG_VALUE_0: main
2026-10-09T22:05:27.7968425Z   CARGO_NET_RETRY: 10
2026-10-09T22:05:27.7968614Z   CARGO_HTTP_MULTIPLEXING: false
2026-10-09T22:05:27.7968828Z   CARGO_TERM_COLOR: always
2026-10-09T22:05:27.7969016Z   FORMAL_AI_CI_VERBOSE: false
2026-10-09T22:05:27.7969400Z   FORMAL_AI_NON_LINUX_CI: run
2026-10-09T22:05:27.7969594Z   RUSTFLAGS: -Dwarnings
2026-10-09T22:05:27.7970323Z   CARGO_REGISTRY_TOKEN: ***
2026-10-09T22:05:27.7970570Z   CARGO_TOKEN: ***
2026-10-09T22:05:27.7970770Z   GHCR_IMAGE: ghcr.io/link-assistant/formal-ai
2026-10-09T22:05:27.7971017Z   DOCKERHUB_IMAGE: konard/formal-ai
2026-10-09T22:05:27.7971292Z   BASE_REF: main
2026-10-09T22:05:27.7971501Z   BASE_COMMIT: d209aac6461b355f1a527831202af3423135f7e6
2026-10-09T22:05:27.7971739Z ##[endgroup]
2026-10-09T22:05:27.8082424Z === Synchronizing PR with latest main ===
2026-10-09T22:05:27.8082779Z This prevents stale merge preview issues (a green PR that breaks main)
2026-10-09T22:05:27.8083006Z 
2026-10-09T22:05:27.8113615Z Fetching latest main...
2026-10-09T22:05:27.9537306Z From https://github.com/link-assistant/formal-ai
2026-10-09T22:05:27.9537757Z  * branch                main       -> FETCH_HEAD
2026-10-09T22:05:28.0875451Z Pinned base commit requested: d209aac6461b355f1a527831202af3423135f7e6 -> d209aac6461b355f1a527831202af3423135f7e6
2026-10-09T22:05:28.0876272Z Current checkout (merge preview): b3953871e7aa9a10936447fd3a64b30903c9e852
2026-10-09T22:05:28.0876896Z Base branch (main) commit to merge: d209aac6461b355f1a527831202af3423135f7e6
2026-10-09T22:05:28.0877259Z 
2026-10-09T22:05:28.0892624Z Merge preview is up-to-date with main. No simulation needed.
2026-10-09T22:05:28.0892853Z 
2026-10-09T22:05:28.1009622Z Prepare all required actions
2026-10-09T22:05:28.1010108Z Getting action download info
2026-10-09T22:05:28.1806569Z Download action repository 'actions/cache@v6' (SHA:55cc8345863c7cc4c66a329aec7e433d2d1c52a9)
2026-10-09T22:05:28.4237118Z ##[group]Run ./.github/actions/green-ledger
2026-10-09T22:05:28.4237361Z with:
2026-10-09T22:05:28.4237597Z   check: unit-tests-ubuntu-latest-specification-shard-3
2026-10-09T22:05:28.4238152Z   paths: rust/src rust/tests data rust/examples rust/build.rs rust/Cargo.toml rust/Cargo.lock scripts .github/workflows/release.yml .github/actions
2026-10-09T22:05:28.4238616Z   enabled: true
2026-10-09T22:05:28.4238786Z   record: true
2026-10-09T22:05:28.4238965Z env:
2026-10-09T22:05:28.4239121Z   GIT_CONFIG_COUNT: 1
2026-10-09T22:05:28.4239777Z   GIT_CONFIG_KEY_0: init.defaultBranch
2026-10-09T22:05:28.4239996Z   GIT_CONFIG_VALUE_0: main
2026-10-09T22:05:28.4240184Z   CARGO_NET_RETRY: 10
2026-10-09T22:05:28.4240378Z   CARGO_HTTP_MULTIPLEXING: false
2026-10-09T22:05:28.4240632Z   CARGO_TERM_COLOR: always
2026-10-09T22:05:28.4240819Z   FORMAL_AI_CI_VERBOSE: false
2026-10-09T22:05:28.4241018Z   FORMAL_AI_NON_LINUX_CI: run
2026-10-09T22:05:28.4241210Z   RUSTFLAGS: -Dwarnings
2026-10-09T22:05:28.4241558Z   CARGO_REGISTRY_TOKEN: ***
2026-10-09T22:05:28.4241797Z   CARGO_TOKEN: ***
2026-10-09T22:05:28.4241993Z   GHCR_IMAGE: ghcr.io/link-assistant/formal-ai
2026-10-09T22:05:28.4242237Z   DOCKERHUB_IMAGE: konard/formal-ai
2026-10-09T22:05:28.4242470Z ##[endgroup]
2026-10-09T22:05:28.4294553Z ##[start-action display=Key the check by the inputs that decide it;id=ledger.key]
2026-10-09T22:05:28.4322295Z ##[group]Run set -euo pipefail
2026-10-09T22:05:28.4322554Z [36;1mset -euo pipefail[0m
2026-10-09T22:05:28.4322914Z [36;1m# shellcheck disable=SC2086[0m
2026-10-09T22:05:28.4323264Z [36;1mdigest=$(git ls-files -s -- $PATHS 2>/dev/null | git hash-object --stdin)[0m
2026-10-09T22:05:28.4323610Z [36;1mecho "digest=$digest" >> "$GITHUB_OUTPUT"[0m
2026-10-09T22:05:28.4323877Z [36;1mecho "$CHECK inputs digest: $digest"[0m
2026-10-09T22:05:28.4383438Z shell: /usr/bin/bash --noprofile --norc -e -o pipefail {0}
2026-10-09T22:05:28.4383733Z env:
2026-10-09T22:05:28.4383901Z   GIT_CONFIG_COUNT: 1
2026-10-09T22:05:28.4384099Z   GIT_CONFIG_KEY_0: init.defaultBranch
2026-10-09T22:05:28.4384324Z   GIT_CONFIG_VALUE_0: main
2026-10-09T22:05:28.4384515Z   CARGO_NET_RETRY: 10
2026-10-09T22:05:28.4384699Z   CARGO_HTTP_MULTIPLEXING: false
2026-10-09T22:05:28.4384916Z   CARGO_TERM_COLOR: always
2026-10-09T22:05:28.4385111Z   FORMAL_AI_CI_VERBOSE: false
2026-10-09T22:05:28.4385310Z   FORMAL_AI_NON_LINUX_CI: run
2026-10-09T22:05:28.4385501Z   RUSTFLAGS: -Dwarnings
2026-10-09T22:05:28.4385877Z   CARGO_REGISTRY_TOKEN: ***
2026-10-09T22:05:28.4386118Z   CARGO_TOKEN: ***
2026-10-09T22:05:28.4386316Z   GHCR_IMAGE: ghcr.io/link-assistant/formal-ai
2026-10-09T22:05:28.4386577Z   DOCKERHUB_IMAGE: konard/formal-ai
2026-10-09T22:05:28.4386844Z   CHECK: unit-tests-ubuntu-latest-specification-shard-3
2026-10-09T22:05:28.4387379Z   PATHS: rust/src rust/tests data rust/examples rust/build.rs rust/Cargo.toml rust/Cargo.lock scripts .github/workflows/release.yml .github/actions
2026-10-09T22:05:28.4387854Z ##[endgroup]
2026-10-09T22:05:28.4570961Z unit-tests-ubuntu-latest-specification-shard-3 inputs digest: 6008d986750b5966c35d012cc3382691fb418cfd
2026-10-09T22:05:28.4598138Z ##[end-action id=ledger.key;outcome=success;conclusion=success;duration_ms=30]
2026-10-09T22:05:28.4601005Z ##[start-action display=Look up a previous green result for these inputs;id=ledger.cache]
2026-10-09T22:05:28.4667806Z ##[group]Run actions/cache@v6
2026-10-09T22:05:28.4668018Z with:
2026-10-09T22:05:28.4668291Z   path: .green-ledger/unit-tests-ubuntu-latest-specification-shard-3.txt
2026-10-09T22:05:28.4668884Z   key: green-ledger-unit-tests-ubuntu-latest-specification-shard-3-Linux-6008d986750b5966c35d012cc3382691fb418cfd
2026-10-09T22:05:28.4669502Z   enableCrossOsArchive: false
2026-10-09T22:05:28.4669910Z   fail-on-cache-miss: false
2026-10-09T22:05:28.4670119Z   lookup-only: false
2026-10-09T22:05:28.4670300Z   save-always: false
2026-10-09T22:05:28.4670470Z env:
2026-10-09T22:05:28.4670629Z   GIT_CONFIG_COUNT: 1
2026-10-09T22:05:28.4670818Z   GIT_CONFIG_KEY_0: init.defaultBranch
2026-10-09T22:05:28.4671036Z   GIT_CONFIG_VALUE_0: main
2026-10-09T22:05:28.4671221Z   CARGO_NET_RETRY: 10
2026-10-09T22:05:28.4671410Z   CARGO_HTTP_MULTIPLEXING: false
2026-10-09T22:05:28.4671610Z   CARGO_TERM_COLOR: always
2026-10-09T22:05:28.4671797Z   FORMAL_AI_CI_VERBOSE: false
2026-10-09T22:05:28.4671988Z   FORMAL_AI_NON_LINUX_CI: run
2026-10-09T22:05:28.4672180Z   RUSTFLAGS: -Dwarnings
2026-10-09T22:05:28.4672544Z   CARGO_REGISTRY_TOKEN: ***
2026-10-09T22:05:28.4672789Z   CARGO_TOKEN: ***
2026-10-09T22:05:28.4672989Z   GHCR_IMAGE: ghcr.io/link-assistant/formal-ai
2026-10-09T22:05:28.4673234Z   DOCKERHUB_IMAGE: konard/formal-ai
2026-10-09T22:05:28.4673439Z ##[endgroup]
2026-10-09T22:05:28.6170974Z Cache not found for input keys: green-ledger-unit-tests-ubuntu-latest-specification-shard-3-Linux-6008d986750b5966c35d012cc3382691fb418cfd
2026-10-09T22:05:28.6248496Z ##[end-action id=ledger.cache;outcome=success;conclusion=success;duration_ms=164]
2026-10-09T22:05:28.6252332Z ##[start-action display=Look up a previous green result without recording one;id=ledger.lookup]
2026-10-09T22:05:28.6260941Z ##[end-action id=ledger.lookup;outcome=skipped;conclusion=skipped;duration_ms=0]
2026-10-09T22:05:28.6265876Z ##[start-action display=Decide, and say so;id=ledger.decide]
2026-10-09T22:05:28.6293782Z ##[group]Run set -euo pipefail
2026-10-09T22:05:28.6294051Z [36;1mset -euo pipefail[0m
2026-10-09T22:05:28.6294281Z [36;1mmarker=".green-ledger/$CHECK.txt"[0m
2026-10-09T22:05:28.6294702Z [36;1mif [[ "$HIT" == 'true' && "$ENABLED" == 'true' ]]; then[0m
2026-10-09T22:05:28.6295028Z [36;1m  previous=$(cat "$marker" 2>/dev/null || echo 'unknown run')[0m
2026-10-09T22:05:28.6295368Z [36;1m  echo "already-green=true" >> "$GITHUB_OUTPUT"[0m
2026-10-09T22:05:28.6295813Z [36;1m  echo "::notice title=$CHECK already green::identical inputs ($DIGEST) passed before: $previous"[0m
2026-10-09T22:05:28.6296212Z [36;1m  {[0m
2026-10-09T22:05:28.6296400Z [36;1m    echo "### $CHECK: already green"[0m
2026-10-09T22:05:28.6296620Z [36;1m    echo[0m
2026-10-09T22:05:28.6296858Z [36;1m    echo "Inputs digest \`$DIGEST\` passed before: $previous."[0m
2026-10-09T22:05:28.6297223Z [36;1m    echo "Nothing in this check's inputs changed, so it did not run again."[0m
2026-10-09T22:05:28.6297655Z [36;1m    echo "Edit the check's workflow file or run it by \`workflow_dispatch\` to force it."[0m
2026-10-09T22:05:28.6297992Z [36;1m  } >> "$GITHUB_STEP_SUMMARY"[0m
2026-10-09T22:05:28.6298205Z [36;1m  exit 0[0m
2026-10-09T22:05:28.6298415Z [36;1mfi[0m
2026-10-09T22:05:28.6298622Z [36;1mecho "already-green=false" >> "$GITHUB_OUTPUT"[0m
2026-10-09T22:05:28.6298881Z [36;1mif [[ "$HIT" == 'true' ]]; then[0m
2026-10-09T22:05:28.6299436Z [36;1m  echo "$CHECK: identical inputs passed before, but skipping is disabled on this ref; running"[0m
2026-10-09T22:05:28.6299805Z [36;1melse[0m
2026-10-09T22:05:28.6300050Z [36;1m  echo "$CHECK: no previous green result for these inputs; running"[0m
2026-10-09T22:05:28.6300327Z [36;1mfi[0m
2026-10-09T22:05:28.6300501Z [36;1mif [[ "$RECORD" == 'false' ]]; then[0m
2026-10-09T22:05:28.6300783Z [36;1m  echo "$CHECK: a later job records the verdict for these inputs"[0m
2026-10-09T22:05:28.6301061Z [36;1m  exit 0[0m
2026-10-09T22:05:28.6301219Z [36;1mfi[0m
2026-10-09T22:05:28.6301444Z [36;1m# Written now, saved by actions/cache's post step only if the job[0m
2026-10-09T22:05:28.6301791Z [36;1m# succeeds (post-if: success()). A failing job leaves no marker.[0m
2026-10-09T22:05:28.6302088Z [36;1mmkdir -p .green-ledger[0m
2026-10-09T22:05:28.6302506Z [36;1mprintf '%s %s/%s/actions/runs/%s\n' "$GITHUB_SHA" "$GITHUB_SERVER_URL" "$GITHUB_REPOSITORY" "$GITHUB_RUN_ID" > "$marker"[0m
2026-10-09T22:05:28.6361295Z shell: /usr/bin/bash --noprofile --norc -e -o pipefail {0}
2026-10-09T22:05:28.6361583Z env:
2026-10-09T22:05:28.6361753Z   GIT_CONFIG_COUNT: 1
2026-10-09T22:05:28.6361954Z   GIT_CONFIG_KEY_0: init.defaultBranch
2026-10-09T22:05:28.6362177Z   GIT_CONFIG_VALUE_0: main
2026-10-09T22:05:28.6362368Z   CARGO_NET_RETRY: 10
2026-10-09T22:05:28.6362563Z   CARGO_HTTP_MULTIPLEXING: false
2026-10-09T22:05:28.6362772Z   CARGO_TERM_COLOR: always
2026-10-09T22:05:28.6362961Z   FORMAL_AI_CI_VERBOSE: false
2026-10-09T22:05:28.6363158Z   FORMAL_AI_NON_LINUX_CI: run
2026-10-09T22:05:28.6363344Z   RUSTFLAGS: -Dwarnings
2026-10-09T22:05:28.6363705Z   CARGO_REGISTRY_TOKEN: ***
2026-10-09T22:05:28.6363951Z   CARGO_TOKEN: ***
2026-10-09T22:05:28.6364152Z   GHCR_IMAGE: ghcr.io/link-assistant/formal-ai
2026-10-09T22:05:28.6364398Z   DOCKERHUB_IMAGE: konard/formal-ai
2026-10-09T22:05:28.6364668Z   CHECK: unit-tests-ubuntu-latest-specification-shard-3
2026-10-09T22:05:28.6364940Z   ENABLED: true
2026-10-09T22:05:28.6365112Z   HIT: 
2026-10-09T22:05:28.6365265Z   RECORD: true
2026-10-09T22:05:28.6365448Z   DIGEST: 6008d986750b5966c35d012cc3382691fb418cfd
2026-10-09T22:05:28.6365681Z ##[endgroup]
2026-10-09T22:05:28.6441911Z unit-tests-ubuntu-latest-specification-shard-3: no previous green result for these inputs; running
2026-10-09T22:05:28.6460444Z ##[end-action id=ledger.decide;outcome=success;conclusion=success;duration_ms=19]
2026-10-09T22:05:28.6516946Z ##[group]Run bash scripts/free-runner-disk.sh
2026-10-09T22:05:28.6517234Z [36;1mbash scripts/free-runner-disk.sh[0m
2026-10-09T22:05:28.6574778Z shell: /usr/bin/bash -e {0}
2026-10-09T22:05:28.6574982Z env:
2026-10-09T22:05:28.6575152Z   GIT_CONFIG_COUNT: 1
2026-10-09T22:05:28.6575355Z   GIT_CONFIG_KEY_0: init.defaultBranch
2026-10-09T22:05:28.6575741Z   GIT_CONFIG_VALUE_0: main
2026-10-09T22:05:28.6575929Z   CARGO_NET_RETRY: 10
2026-10-09T22:05:28.6576119Z   CARGO_HTTP_MULTIPLEXING: false
2026-10-09T22:05:28.6576323Z   CARGO_TERM_COLOR: always
2026-10-09T22:05:28.6576514Z   FORMAL_AI_CI_VERBOSE: false
2026-10-09T22:05:28.6576720Z   FORMAL_AI_NON_LINUX_CI: run
2026-10-09T22:05:28.6576914Z   RUSTFLAGS: -Dwarnings
2026-10-09T22:05:28.6577270Z   CARGO_REGISTRY_TOKEN: ***
2026-10-09T22:05:28.6577509Z   CARGO_TOKEN: ***
2026-10-09T22:05:28.6577708Z   GHCR_IMAGE: ghcr.io/link-assistant/formal-ai
2026-10-09T22:05:28.6577969Z   DOCKERHUB_IMAGE: konard/formal-ai
2026-10-09T22:05:28.6578217Z ##[endgroup]
2026-10-09T22:05:28.6804052Z Disk usage before cleanup:
2026-10-09T22:05:28.6812584Z Filesystem      Size  Used Avail Use% Mounted on
2026-10-09T22:05:28.6812859Z /dev/root       145G   61G   85G  42% /
2026-10-09T22:05:28.6814520Z   remove /usr/share/dotnet
2026-10-09T22:05:52.7698876Z   remove /usr/local/lib/android
2026-10-09T22:08:00.7014813Z   skip   /opt/ghc (not present)
2026-10-09T22:08:00.7016049Z   remove /opt/hostedtoolcache/CodeQL
2026-10-09T22:08:09.3092837Z   prune  dangling and unused docker images
2026-10-09T22:08:34.4433848Z Disk usage after cleanup:
2026-10-09T22:08:34.4441546Z Filesystem      Size  Used Avail Use% Mounted on
2026-10-09T22:08:34.4441951Z /dev/root       145G   41G  105G  28% /
2026-10-09T22:08:34.4443148Z Reclaimed 20455 MiB; 106567 MiB now available on /
2026-10-09T22:08:34.4617240Z ##[group]Run dtolnay/rust-toolchain@stable
2026-10-09T22:08:34.4617492Z with:
2026-10-09T22:08:34.4617670Z   targets: wasm32-unknown-unknown
2026-10-09T22:08:34.4617874Z   toolchain: stable
2026-10-09T22:08:34.4618039Z env:
2026-10-09T22:08:34.4618192Z   GIT_CONFIG_COUNT: 1
2026-10-09T22:08:34.4618379Z   GIT_CONFIG_KEY_0: init.defaultBranch
2026-10-09T22:08:34.4618592Z   GIT_CONFIG_VALUE_0: main
2026-10-09T22:08:34.4618772Z   CARGO_NET_RETRY: 10
2026-10-09T22:08:34.4618949Z   CARGO_HTTP_MULTIPLEXING: false
2026-10-09T22:08:34.4619163Z   CARGO_TERM_COLOR: always
2026-10-09T22:08:34.4619470Z   FORMAL_AI_CI_VERBOSE: false
2026-10-09T22:08:34.4619662Z   FORMAL_AI_NON_LINUX_CI: run
2026-10-09T22:08:34.4619847Z   RUSTFLAGS: -Dwarnings
2026-10-09T22:08:34.4620215Z   CARGO_REGISTRY_TOKEN: ***
2026-10-09T22:08:34.4620457Z   CARGO_TOKEN: ***
2026-10-09T22:08:34.4620662Z   GHCR_IMAGE: ghcr.io/link-assistant/formal-ai
2026-10-09T22:08:34.4620907Z   DOCKERHUB_IMAGE: konard/formal-ai
2026-10-09T22:08:34.4621151Z ##[endgroup]
2026-10-09T22:08:34.4630067Z ##[start-action display=Parse toolchain version;id=__dtolnay_rust-toolchain.parse]
2026-10-09T22:08:34.4653516Z ##[group]Run if [[ -z $toolchain ]]; then
2026-10-09T22:08:34.4653945Z [36;1mif [[ -z $toolchain ]]; then[0m
2026-10-09T22:08:34.4654633Z [36;1m  # GitHub does not enforce `required: true` inputs itself. https://github.com/actions/runner/issues/1070[0m
2026-10-09T22:08:34.4655413Z [36;1m  echo "'toolchain' is a required input" >&2[0m
2026-10-09T22:08:34.4655833Z [36;1m  exit 1[0m
2026-10-09T22:08:34.4656584Z [36;1melif [[ $toolchain =~ ^stable' '[0-9]+' '(year|month|week|day)s?' 'ago$ ]]; then[0m
2026-10-09T22:08:34.4675131Z [36;1m  if [[ Linux == macOS ]]; then[0m
2026-10-09T22:08:34.4675830Z [36;1m    echo "toolchain=1.$((($(date -v-$(sed 's/stable \([0-9]*\) \(.\).*/\1\2/' <<< $toolchain) +%s)/60/60/24-16569)/7/6))" >> $GITHUB_OUTPUT[0m
2026-10-09T22:08:34.4676366Z [36;1m  else[0m
2026-10-09T22:08:34.4676726Z [36;1m    echo "toolchain=1.$((($(date --date "${toolchain#stable }" +%s)/60/60/24-16569)/7/6))" >> $GITHUB_OUTPUT[0m
2026-10-09T22:08:34.4677095Z [36;1m  fi[0m
2026-10-09T22:08:34.4677349Z [36;1melif [[ $toolchain =~ ^stable' 'minus' '[0-9]+' 'releases?$ ]]; then[0m
2026-10-09T22:08:34.4677778Z [36;1m  echo "toolchain=1.$((($(date +%s)/60/60/24-16569)/7/6-${toolchain//[^0-9]/}))" >> $GITHUB_OUTPUT[0m
2026-10-09T22:08:34.4678133Z [36;1melif [[ $toolchain =~ ^1\.[0-9]+$ ]]; then[0m
2026-10-09T22:08:34.4678538Z [36;1m  echo "toolchain=1.$((i=${toolchain#1.}, c=($(date +%s)/60/60/24-16569)/7/6, i+9*i*(10*i<=c)+90*i*(100*i<=c)))" >> $GITHUB_OUTPUT[0m
2026-10-09T22:08:34.4679124Z [36;1melse[0m
2026-10-09T22:08:34.4681908Z [36;1m  delimiter=EOF[0m
2026-10-09T22:08:34.4682178Z [36;1m  while [[ $toolchain == *$delimiter* ]]; do delimiter+=_; done[0m
2026-10-09T22:08:34.4682579Z [36;1m  printf 'toolchain<<%s\n%s\n%s\n' "$delimiter" "$toolchain" "$delimiter" >> $GITHUB_OUTPUT[0m
2026-10-09T22:08:34.4682918Z [36;1mfi[0m
2026-10-09T22:08:34.4738896Z shell: /usr/bin/bash --noprofile --norc -e -o pipefail {0}
2026-10-09T22:08:34.4739176Z env:
2026-10-09T22:08:34.4739445Z   GIT_CONFIG_COUNT: 1
2026-10-09T22:08:34.4739638Z   GIT_CONFIG_KEY_0: init.defaultBranch
2026-10-09T22:08:34.4739858Z   GIT_CONFIG_VALUE_0: main
2026-10-09T22:08:34.4740065Z   CARGO_NET_RETRY: 10
2026-10-09T22:08:34.4740257Z   CARGO_HTTP_MULTIPLEXING: false
2026-10-09T22:08:34.4740461Z   CARGO_TERM_COLOR: always
2026-10-09T22:08:34.4740644Z   FORMAL_AI_CI_VERBOSE: false
2026-10-09T22:08:34.4740865Z   FORMAL_AI_NON_LINUX_CI: run
2026-10-09T22:08:34.4741065Z   RUSTFLAGS: -Dwarnings
2026-10-09T22:08:34.4741469Z   CARGO_REGISTRY_TOKEN: ***
2026-10-09T22:08:34.4741710Z   CARGO_TOKEN: ***
2026-10-09T22:08:34.4741902Z   GHCR_IMAGE: ghcr.io/link-assistant/formal-ai
2026-10-09T22:08:34.4742147Z   DOCKERHUB_IMAGE: konard/formal-ai
2026-10-09T22:08:34.4742350Z   toolchain: stable
2026-10-09T22:08:34.4742522Z ##[endgroup]
2026-10-09T22:08:34.4827669Z ##[end-action id=__dtolnay_rust-toolchain.parse;outcome=success;conclusion=success;duration_ms=19]
2026-10-09T22:08:34.4830080Z ##[start-action display=Set $CARGO_HOME;id=__dtolnay_rust-toolchain.__run]
2026-10-09T22:08:34.4850016Z ##[group]Run echo CARGO_HOME=${CARGO_HOME:-"$HOME/.cargo"} >> $GITHUB_ENV
2026-10-09T22:08:34.4850410Z [36;1mecho CARGO_HOME=${CARGO_HOME:-"$HOME/.cargo"} >> $GITHUB_ENV[0m
2026-10-09T22:08:34.4906190Z shell: /usr/bin/bash --noprofile --norc -e -o pipefail {0}
2026-10-09T22:08:34.4906477Z env:
2026-10-09T22:08:34.4906661Z   GIT_CONFIG_COUNT: 1
2026-10-09T22:08:34.4906859Z   GIT_CONFIG_KEY_0: init.defaultBranch
2026-10-09T22:08:34.4907079Z   GIT_CONFIG_VALUE_0: main
2026-10-09T22:08:34.4907268Z   CARGO_NET_RETRY: 10
2026-10-09T22:08:34.4907458Z   CARGO_HTTP_MULTIPLEXING: false
2026-10-09T22:08:34.4907656Z   CARGO_TERM_COLOR: always
2026-10-09T22:08:34.4907838Z   FORMAL_AI_CI_VERBOSE: false
2026-10-09T22:08:34.4908026Z   FORMAL_AI_NON_LINUX_CI: run
2026-10-09T22:08:34.4908223Z   RUSTFLAGS: -Dwarnings
2026-10-09T22:08:34.4908596Z   CARGO_REGISTRY_TOKEN: ***
2026-10-09T22:08:34.4908830Z   CARGO_TOKEN: ***
2026-10-09T22:08:34.4909025Z   GHCR_IMAGE: ghcr.io/link-assistant/formal-ai
2026-10-09T22:08:34.4909482Z   DOCKERHUB_IMAGE: konard/formal-ai
2026-10-09T22:08:34.4909692Z ##[endgroup]
2026-10-09T22:08:34.4992443Z ##[end-action id=__dtolnay_rust-toolchain.__run;outcome=success;conclusion=success;duration_ms=16]
2026-10-09T22:08:34.4994514Z ##[start-action display=Install rustup if needed;id=__dtolnay_rust-toolchain.__run_2]
2026-10-09T22:08:34.5014647Z ##[group]Run if ! command -v rustup &>/dev/null; then
2026-10-09T22:08:34.5014941Z [36;1mif ! command -v rustup &>/dev/null; then[0m
2026-10-09T22:08:34.5015516Z [36;1m  curl --proto '=https' --tlsv1.2 --retry 10 --retry-connrefused --location --silent --show-error --fail https://sh.rustup.rs | sh -s -- --default-toolchain none -y[0m
2026-10-09T22:08:34.5016053Z [36;1m  echo "$CARGO_HOME/bin" >> $GITHUB_PATH[0m
2026-10-09T22:08:34.5016286Z [36;1mfi[0m
2026-10-09T22:08:34.5069736Z shell: /usr/bin/bash --noprofile --norc -e -o pipefail {0}
2026-10-09T22:08:34.5069998Z env:
2026-10-09T22:08:34.5070157Z   GIT_CONFIG_COUNT: 1
2026-10-09T22:08:34.5070351Z   GIT_CONFIG_KEY_0: init.defaultBranch
2026-10-09T22:08:34.5070566Z   GIT_CONFIG_VALUE_0: main
2026-10-09T22:08:34.5070742Z   CARGO_NET_RETRY: 10
2026-10-09T22:08:34.5070918Z   CARGO_HTTP_MULTIPLEXING: false
2026-10-09T22:08:34.5071112Z   CARGO_TERM_COLOR: always
2026-10-09T22:08:34.5071292Z   FORMAL_AI_CI_VERBOSE: false
2026-10-09T22:08:34.5071657Z   FORMAL_AI_NON_LINUX_CI: run
2026-10-09T22:08:34.5071848Z   RUSTFLAGS: -Dwarnings
2026-10-09T22:08:34.5072187Z   CARGO_REGISTRY_TOKEN: ***
2026-10-09T22:08:34.5072417Z   CARGO_TOKEN: ***
2026-10-09T22:08:34.5072610Z   GHCR_IMAGE: ghcr.io/link-assistant/formal-ai
2026-10-09T22:08:34.5072849Z   DOCKERHUB_IMAGE: konard/formal-ai
2026-10-09T22:08:34.5073069Z   CARGO_HOME: /home/runner/.cargo
2026-10-09T22:08:34.5073271Z ##[endgroup]
2026-10-09T22:08:34.5149598Z ##[end-action id=__dtolnay_rust-toolchain.__run_2;outcome=success;conclusion=success;duration_ms=15]
2026-10-09T22:08:34.5151702Z ##[start-action display=Install rustup if needed on windows;id=__dtolnay_rust-toolchain.__run_3]
2026-10-09T22:08:34.5155092Z ##[end-action id=__dtolnay_rust-toolchain.__run_3;outcome=skipped;conclusion=skipped;duration_ms=0]
2026-10-09T22:08:34.5166323Z ##[start-action display=rustup toolchain install stable;id=__dtolnay_rust-toolchain.__run_4]
2026-10-09T22:08:34.5184644Z ##[group]Run set -f  # split targets and components on commas and whitespace, without glob expansion
2026-10-09T22:08:34.5185193Z [36;1mset -f  # split targets and components on commas and whitespace, without glob expansion[0m
2026-10-09T22:08:34.5185532Z [36;1mflags=()[0m
2026-10-09T22:08:34.5185757Z [36;1mfor t in ${targets//,/ }; do flags+=(--target "$t"); done[0m
2026-10-09T22:08:34.5186074Z [36;1mfor c in ${components//,/ }; do flags+=(--component "$c"); done[0m
2026-10-09T22:08:34.5186613Z [36;1mif [[ $toolchain == nightly && -n $components ]]; then flags+=(--allow-downgrade); fi[0m
2026-10-09T22:08:34.5186946Z [36;1mlog=$(mktemp)[0m
2026-10-09T22:08:34.5187140Z [36;1mtrap 'rm -f "$log"' EXIT[0m
2026-10-09T22:08:34.5187348Z [36;1mfor attempt in 1 2 3 4 5; do[0m
2026-10-09T22:08:34.5187783Z [36;1m  if rustup toolchain install "$toolchain" "${flags[@]}" --profile minimal --no-self-update --force-non-host 2>&1 | tee "$log"; then[0m
2026-10-09T22:08:34.5188200Z [36;1m    break[0m
2026-10-09T22:08:34.5188361Z [36;1m  else[0m
2026-10-09T22:08:34.5188531Z [36;1m    status=$?[0m
2026-10-09T22:08:34.5188701Z [36;1m  fi[0m
2026-10-09T22:08:34.5188930Z [36;1m  if [[ $attempt == 5 ]] || ! grep -Fq 'checksum failed for ' "$log" \[0m
2026-10-09T22:08:34.5189561Z [36;1m      || ! grep -Fq 'this is likely due to an ongoing update of the official release server' "$log"; then[0m
2026-10-09T22:08:34.5189917Z [36;1m    exit "$status"[0m
2026-10-09T22:08:34.5190098Z [36;1m  fi[0m
2026-10-09T22:08:34.5190386Z [36;1m  echo "Retrying rustup toolchain install in 30 seconds (retry $attempt of 4)" >&2[0m
2026-10-09T22:08:34.5190704Z [36;1m  sleep 30[0m
2026-10-09T22:08:34.5190871Z [36;1mdone[0m
2026-10-09T22:08:34.5244444Z shell: /usr/bin/bash --noprofile --norc -e -o pipefail {0}
2026-10-09T22:08:34.5244710Z env:
2026-10-09T22:08:34.5244872Z   GIT_CONFIG_COUNT: 1
2026-10-09T22:08:34.5245065Z   GIT_CONFIG_KEY_0: init.defaultBranch
2026-10-09T22:08:34.5245290Z   GIT_CONFIG_VALUE_0: main
2026-10-09T22:08:34.5245470Z   CARGO_NET_RETRY: 10
2026-10-09T22:08:34.5245680Z   CARGO_HTTP_MULTIPLEXING: false
2026-10-09T22:08:34.5245883Z   CARGO_TERM_COLOR: always
2026-10-09T22:08:34.5246072Z   FORMAL_AI_CI_VERBOSE: false
2026-10-09T22:08:34.5246269Z   FORMAL_AI_NON_LINUX_CI: run
2026-10-09T22:08:34.5246462Z   RUSTFLAGS: -Dwarnings
2026-10-09T22:08:34.5246820Z   CARGO_REGISTRY_TOKEN: ***
2026-10-09T22:08:34.5247048Z   CARGO_TOKEN: ***
2026-10-09T22:08:34.5247244Z   GHCR_IMAGE: ghcr.io/link-assistant/formal-ai
2026-10-09T22:08:34.5247496Z   DOCKERHUB_IMAGE: konard/formal-ai
2026-10-09T22:08:34.5247718Z   CARGO_HOME: /home/runner/.cargo
2026-10-09T22:08:34.5247914Z   toolchain: stable
2026-10-09T22:08:34.5248090Z   targets: wasm32-unknown-unknown
2026-10-09T22:08:34.5248279Z   components: 
2026-10-09T22:08:34.5248449Z   RUSTUP_PERMIT_COPY_RENAME: 1
2026-10-09T22:08:34.5248643Z ##[endgroup]
2026-10-09T22:08:35.6270993Z info: syncing channel updates for stable-x86_64-unknown-linux-gnu
2026-10-09T22:08:35.8702395Z info: latest update on 2026-10-01 for version 1.99.0 (b940084d7 2026-09-28)
2026-10-09T22:08:35.8895976Z info: downloading component rust-std
2026-10-09T22:08:37.4087885Z 
2026-10-09T22:08:37.4158518Z   stable-x86_64-unknown-linux-gnu updated - rustc 1.99.0 (b940084d7 2026-09-28) (from rustc 1.99.0 (b940084d7 2026-09-28))
2026-10-09T22:08:37.4158920Z 
2026-10-09T22:08:37.4201671Z ##[end-action id=__dtolnay_rust-toolchain.__run_4;outcome=success;conclusion=success;duration_ms=2903]
2026-10-09T22:08:37.4206734Z ##[start-action display=rustup default stable;id=__dtolnay_rust-toolchain.__run_5]
2026-10-09T22:08:37.4224734Z ##[group]Run rustup default "$toolchain" --force-non-host
2026-10-09T22:08:37.4225063Z [36;1mrustup default "$toolchain" --force-non-host[0m
2026-10-09T22:08:37.4278608Z shell: /usr/bin/bash --noprofile --norc -e -o pipefail {0}
2026-10-09T22:08:37.4278880Z env:
2026-10-09T22:08:37.4279039Z   GIT_CONFIG_COUNT: 1
2026-10-09T22:08:37.4279412Z   GIT_CONFIG_KEY_0: init.defaultBranch
2026-10-09T22:08:37.4279665Z   GIT_CONFIG_VALUE_0: main
2026-10-09T22:08:37.4279862Z   CARGO_NET_RETRY: 10
2026-10-09T22:08:37.4280045Z   CARGO_HTTP_MULTIPLEXING: false
2026-10-09T22:08:37.4280249Z   CARGO_TERM_COLOR: always
2026-10-09T22:08:37.4280431Z   FORMAL_AI_CI_VERBOSE: false
2026-10-09T22:08:37.4280622Z   FORMAL_AI_NON_LINUX_CI: run
2026-10-09T22:08:37.4280807Z   RUSTFLAGS: -Dwarnings
2026-10-09T22:08:37.4281291Z   CARGO_REGISTRY_TOKEN: ***
2026-10-09T22:08:37.4281535Z   CARGO_TOKEN: ***
2026-10-09T22:08:37.4281897Z   GHCR_IMAGE: ghcr.io/link-assistant/formal-ai
2026-10-09T22:08:37.4282148Z   DOCKERHUB_IMAGE: konard/formal-ai
2026-10-09T22:08:37.4282386Z   CARGO_HOME: /home/runner/.cargo
2026-10-09T22:08:37.4282583Z   toolchain: stable
2026-10-09T22:08:37.4282756Z ##[endgroup]
2026-10-09T22:08:37.4386606Z info: using existing install for stable-x86_64-unknown-linux-gnu
2026-10-09T22:08:37.4392050Z info: default toolchain set to stable-x86_64-unknown-linux-gnu
2026-10-09T22:08:37.4392272Z 
2026-10-09T22:08:37.4462730Z   stable-x86_64-unknown-linux-gnu unchanged - rustc 1.99.0 (b940084d7 2026-09-28)
2026-10-09T22:08:37.4463041Z 
2026-10-09T22:08:37.4478327Z ##[end-action id=__dtolnay_rust-toolchain.__run_5;outcome=success;conclusion=success;duration_ms=27]
2026-10-09T22:08:37.4481428Z ##[start-action display=Create cachekey;id=__dtolnay_rust-toolchain.rustc-version]
2026-10-09T22:08:37.4499081Z ##[group]Run DATE=$(rustc +"$toolchain" --version --verbose | sed -ne 's/^commit-date: \(20[0-9][0-9]\)-\([01][0-9]\)-\([0-3][0-9]\)$/\1\2\3/p')
2026-10-09T22:08:37.4499898Z [36;1mDATE=$(rustc +"$toolchain" --version --verbose | sed -ne 's/^commit-date: \(20[0-9][0-9]\)-\([01][0-9]\)-\([0-3][0-9]\)$/\1\2\3/p')[0m
2026-10-09T22:08:37.4500434Z [36;1mHASH=$(rustc +"$toolchain" --version --verbose | sed -ne 's/^commit-hash: //p')[0m
2026-10-09T22:08:37.4500829Z [36;1mecho "cachekey=$(echo $DATE$HASH | head -c12)" >> $GITHUB_OUTPUT[0m
2026-10-09T22:08:37.4555102Z shell: /usr/bin/bash --noprofile --norc -e -o pipefail {0}
2026-10-09T22:08:37.4555382Z env:
2026-10-09T22:08:37.4555563Z   GIT_CONFIG_COUNT: 1
2026-10-09T22:08:37.4555757Z   GIT_CONFIG_KEY_0: init.defaultBranch
2026-10-09T22:08:37.4555979Z   GIT_CONFIG_VALUE_0: main
2026-10-09T22:08:37.4556158Z   CARGO_NET_RETRY: 10
2026-10-09T22:08:37.4556334Z   CARGO_HTTP_MULTIPLEXING: false
2026-10-09T22:08:37.4556533Z   CARGO_TERM_COLOR: always
2026-10-09T22:08:37.4556717Z   FORMAL_AI_CI_VERBOSE: false
2026-10-09T22:08:37.4556905Z   FORMAL_AI_NON_LINUX_CI: run
2026-10-09T22:08:37.4557095Z   RUSTFLAGS: -Dwarnings
2026-10-09T22:08:37.4557465Z   CARGO_REGISTRY_TOKEN: ***
2026-10-09T22:08:37.4557700Z   CARGO_TOKEN: ***
2026-10-09T22:08:37.4557899Z   GHCR_IMAGE: ghcr.io/link-assistant/formal-ai
2026-10-09T22:08:37.4558142Z   DOCKERHUB_IMAGE: konard/formal-ai
2026-10-09T22:08:37.4558359Z   CARGO_HOME: /home/runner/.cargo
2026-10-09T22:08:37.4558558Z   toolchain: stable
2026-10-09T22:08:37.4558728Z ##[endgroup]
2026-10-09T22:08:37.5074477Z ##[end-action id=__dtolnay_rust-toolchain.rustc-version;outcome=success;conclusion=success;duration_ms=59]
2026-10-09T22:08:37.5076898Z ##[start-action display=Disable incremental compilation;id=__dtolnay_rust-toolchain.__run_6]
2026-10-09T22:08:37.5094975Z ##[group]Run if [ -z "${CARGO_INCREMENTAL+set}" ]; then
2026-10-09T22:08:37.5095273Z [36;1mif [ -z "${CARGO_INCREMENTAL+set}" ]; then[0m
2026-10-09T22:08:37.5095528Z [36;1m  echo CARGO_INCREMENTAL=0 >> $GITHUB_ENV[0m
2026-10-09T22:08:37.5095762Z [36;1mfi[0m
2026-10-09T22:08:37.5149776Z shell: /usr/bin/bash --noprofile --norc -e -o pipefail {0}
2026-10-09T22:08:37.5150041Z env:
2026-10-09T22:08:37.5150200Z   GIT_CONFIG_COUNT: 1
2026-10-09T22:08:37.5150396Z   GIT_CONFIG_KEY_0: init.defaultBranch
2026-10-09T22:08:37.5150624Z   GIT_CONFIG_VALUE_0: main
2026-10-09T22:08:37.5150807Z   CARGO_NET_RETRY: 10
2026-10-09T22:08:37.5150989Z   CARGO_HTTP_MULTIPLEXING: false
2026-10-09T22:08:37.5151188Z   CARGO_TERM_COLOR: always
2026-10-09T22:08:37.5151378Z   FORMAL_AI_CI_VERBOSE: false
2026-10-09T22:08:37.5151577Z   FORMAL_AI_NON_LINUX_CI: run
2026-10-09T22:08:37.5151780Z   RUSTFLAGS: -Dwarnings
2026-10-09T22:08:37.5152125Z   CARGO_REGISTRY_TOKEN: ***
2026-10-09T22:08:37.5152359Z   CARGO_TOKEN: ***
2026-10-09T22:08:37.5152562Z   GHCR_IMAGE: ghcr.io/link-assistant/formal-ai
2026-10-09T22:08:37.5152805Z   DOCKERHUB_IMAGE: konard/formal-ai
2026-10-09T22:08:37.5153029Z   CARGO_HOME: /home/runner/.cargo
2026-10-09T22:08:37.5153233Z ##[endgroup]
2026-10-09T22:08:37.5243845Z ##[end-action id=__dtolnay_rust-toolchain.__run_6;outcome=success;conclusion=success;duration_ms=16]
2026-10-09T22:08:37.5245813Z ##[start-action display=Enable colors in Cargo output;id=__dtolnay_rust-toolchain.__run_7]
2026-10-09T22:08:37.5263482Z ##[group]Run if [ -z "${CARGO_TERM_COLOR+set}" ]; then
2026-10-09T22:08:37.5263782Z [36;1mif [ -z "${CARGO_TERM_COLOR+set}" ]; then[0m
2026-10-09T22:08:37.5264044Z [36;1m  echo CARGO_TERM_COLOR=always >> $GITHUB_ENV[0m
2026-10-09T22:08:37.5264276Z [36;1mfi[0m
2026-10-09T22:08:37.5316345Z shell: /usr/bin/bash --noprofile --norc -e -o pipefail {0}
2026-10-09T22:08:37.5316630Z env:
2026-10-09T22:08:37.5316794Z   GIT_CONFIG_COUNT: 1
2026-10-09T22:08:37.5316995Z   GIT_CONFIG_KEY_0: init.defaultBranch
2026-10-09T22:08:37.5317218Z   GIT_CONFIG_VALUE_0: main
2026-10-09T22:08:37.5317401Z   CARGO_NET_RETRY: 10
2026-10-09T22:08:37.5317582Z   CARGO_HTTP_MULTIPLEXING: false
2026-10-09T22:08:37.5317781Z   CARGO_TERM_COLOR: always
2026-10-09T22:08:37.5317965Z   FORMAL_AI_CI_VERBOSE: false
2026-10-09T22:08:37.5318180Z   FORMAL_AI_NON_LINUX_CI: run
2026-10-09T22:08:37.5318378Z   RUSTFLAGS: -Dwarnings
2026-10-09T22:08:37.5318751Z   CARGO_REGISTRY_TOKEN: ***
2026-10-09T22:08:37.5319015Z   CARGO_TOKEN: ***
2026-10-09T22:08:37.5319392Z   GHCR_IMAGE: ghcr.io/link-assistant/formal-ai
2026-10-09T22:08:37.5319650Z   DOCKERHUB_IMAGE: konard/formal-ai
2026-10-09T22:08:37.5319869Z   CARGO_HOME: /home/runner/.cargo
2026-10-09T22:08:37.5320091Z   CARGO_INCREMENTAL: 0
2026-10-09T22:08:37.5320302Z ##[endgroup]
2026-10-09T22:08:37.5397369Z ##[end-action id=__dtolnay_rust-toolchain.__run_7;outcome=success;conclusion=success;duration_ms=15]
2026-10-09T22:08:37.5400485Z ##[start-action display=Enable Cargo sparse registry;id=__dtolnay_rust-toolchain.__run_8]
2026-10-09T22:08:37.5417850Z ##[group]Run # implemented in 1.66, stabilized in 1.68, made default in 1.70
2026-10-09T22:08:37.5418244Z [36;1m# implemented in 1.66, stabilized in 1.68, made default in 1.70[0m
2026-10-09T22:08:37.5418795Z [36;1mif [ -z "${CARGO_REGISTRIES_CRATES_IO_PROTOCOL+set}" -o -f "/home/runner/work/_temp"/.implicit_cargo_registries_crates_io_protocol ]; then[0m
2026-10-09T22:08:37.5419580Z [36;1m  if rustc +"$toolchain" --version --verbose | grep -q '^release: 1\.6[89]\.'; then[0m
2026-10-09T22:08:37.5420046Z [36;1m    touch "/home/runner/work/_temp"/.implicit_cargo_registries_crates_io_protocol || true[0m
2026-10-09T22:08:37.5420479Z [36;1m    echo CARGO_REGISTRIES_CRATES_IO_PROTOCOL=sparse >> $GITHUB_ENV[0m
2026-10-09T22:08:37.5420882Z [36;1m  elif rustc +"$toolchain" --version --verbose | grep -q '^release: 1\.6[67]\.'; then[0m
2026-10-09T22:08:37.5421484Z [36;1m    touch "/home/runner/work/_temp"/.implicit_cargo_registries_crates_io_protocol || true[0m
2026-10-09T22:08:37.5421901Z [36;1m    echo CARGO_REGISTRIES_CRATES_IO_PROTOCOL=git >> $GITHUB_ENV[0m
2026-10-09T22:08:37.5422170Z [36;1m  fi[0m
2026-10-09T22:08:37.5422326Z [36;1mfi[0m
2026-10-09T22:08:37.5473265Z shell: /usr/bin/bash --noprofile --norc -e -o pipefail {0}
2026-10-09T22:08:37.5473542Z env:
2026-10-09T22:08:37.5473705Z   GIT_CONFIG_COUNT: 1
2026-10-09T22:08:37.5473906Z   GIT_CONFIG_KEY_0: init.defaultBranch
2026-10-09T22:08:37.5474121Z   GIT_CONFIG_VALUE_0: main
2026-10-09T22:08:37.5474307Z   CARGO_NET_RETRY: 10
2026-10-09T22:08:37.5474488Z   CARGO_HTTP_MULTIPLEXING: false
2026-10-09T22:08:37.5474686Z   CARGO_TERM_COLOR: always
2026-10-09T22:08:37.5474869Z   FORMAL_AI_CI_VERBOSE: false
2026-10-09T22:08:37.5475064Z   FORMAL_AI_NON_LINUX_CI: run
2026-10-09T22:08:37.5475250Z   RUSTFLAGS: -Dwarnings
2026-10-09T22:08:37.5475589Z   CARGO_REGISTRY_TOKEN: ***
2026-10-09T22:08:37.5475824Z   CARGO_TOKEN: ***
2026-10-09T22:08:37.5476018Z   GHCR_IMAGE: ghcr.io/link-assistant/formal-ai
2026-10-09T22:08:37.5476263Z   DOCKERHUB_IMAGE: konard/formal-ai
2026-10-09T22:08:37.5476475Z   CARGO_HOME: /home/runner/.cargo
2026-10-09T22:08:37.5476672Z   CARGO_INCREMENTAL: 0
2026-10-09T22:08:37.5476845Z   toolchain: stable
2026-10-09T22:08:37.5477011Z ##[endgroup]
2026-10-09T22:08:37.5781148Z ##[end-action id=__dtolnay_rust-toolchain.__run_8;outcome=success;conclusion=success;duration_ms=37]
2026-10-09T22:08:37.5785417Z ##[start-action display=Work around spurious network errors in curl 8.0;id=__dtolnay_rust-toolchain.__run_9]
2026-10-09T22:08:37.5814847Z ##[group]Run # https://rust-lang.zulipchat.com/#narrow/stream/246057-t-cargo/topic/timeout.20investigation
2026-10-09T22:08:37.5816007Z [36;1m# https://rust-lang.zulipchat.com/#narrow/stream/246057-t-cargo/topic/timeout.20investigation[0m
2026-10-09T22:08:37.5825097Z [36;1mif rustc +"$toolchain" --version --verbose | grep -q '^release: 1\.7[01]\.'; then[0m
2026-10-09T22:08:37.5825636Z [36;1m  echo CARGO_HTTP_MULTIPLEXING=false >> $GITHUB_ENV[0m
2026-10-09T22:08:37.5825925Z [36;1mfi[0m
2026-10-09T22:08:37.5879903Z shell: /usr/bin/bash --noprofile --norc -e -o pipefail {0}
2026-10-09T22:08:37.5880190Z env:
2026-10-09T22:08:37.5880351Z   GIT_CONFIG_COUNT: 1
2026-10-09T22:08:37.5880544Z   GIT_CONFIG_KEY_0: init.defaultBranch
2026-10-09T22:08:37.5880782Z   GIT_CONFIG_VALUE_0: main
2026-10-09T22:08:37.5880978Z   CARGO_NET_RETRY: 10
2026-10-09T22:08:37.5881179Z   CARGO_HTTP_MULTIPLEXING: false
2026-10-09T22:08:37.5881377Z   CARGO_TERM_COLOR: always
2026-10-09T22:08:37.5881556Z   FORMAL_AI_CI_VERBOSE: false
2026-10-09T22:08:37.5881741Z   FORMAL_AI_NON_LINUX_CI: run
2026-10-09T22:08:37.5881916Z   RUSTFLAGS: -Dwarnings
2026-10-09T22:08:37.5882224Z   CARGO_REGISTRY_TOKEN: ***
2026-10-09T22:08:37.5882446Z   CARGO_TOKEN: ***
2026-10-09T22:08:37.5882635Z   GHCR_IMAGE: ghcr.io/link-assistant/formal-ai
2026-10-09T22:08:37.5882882Z   DOCKERHUB_IMAGE: konard/formal-ai
2026-10-09T22:08:37.5883094Z   CARGO_HOME: /home/runner/.cargo
2026-10-09T22:08:37.5883289Z   CARGO_INCREMENTAL: 0
2026-10-09T22:08:37.5883458Z   toolchain: stable
2026-10-09T22:08:37.5883621Z ##[endgroup]
2026-10-09T22:08:37.6069903Z ##[end-action id=__dtolnay_rust-toolchain.__run_9;outcome=success;conclusion=success;duration_ms=28]
2026-10-09T22:08:37.6073679Z ##[start-action display=rustc +stable --version --verbose;id=__dtolnay_rust-toolchain.__run_10]
2026-10-09T22:08:37.6090866Z ##[group]Run rustc +"$toolchain" --version --verbose
2026-10-09T22:08:37.6091177Z [36;1mrustc +"$toolchain" --version --verbose[0m
2026-10-09T22:08:37.6144862Z shell: /usr/bin/bash --noprofile --norc -e -o pipefail {0}
2026-10-09T22:08:37.6145133Z env:
2026-10-09T22:08:37.6145299Z   GIT_CONFIG_COUNT: 1
2026-10-09T22:08:37.6145493Z   GIT_CONFIG_KEY_0: init.defaultBranch
2026-10-09T22:08:37.6145710Z   GIT_CONFIG_VALUE_0: main
2026-10-09T22:08:37.6145892Z   CARGO_NET_RETRY: 10
2026-10-09T22:08:37.6146250Z   CARGO_HTTP_MULTIPLEXING: false
2026-10-09T22:08:37.6146455Z   CARGO_TERM_COLOR: always
2026-10-09T22:08:37.6146641Z   FORMAL_AI_CI_VERBOSE: false
2026-10-09T22:08:37.6146836Z   FORMAL_AI_NON_LINUX_CI: run
2026-10-09T22:08:37.6147022Z   RUSTFLAGS: -Dwarnings
2026-10-09T22:08:37.6147330Z   CARGO_REGISTRY_TOKEN: ***
2026-10-09T22:08:37.6147574Z   CARGO_TOKEN: ***
2026-10-09T22:08:37.6147778Z   GHCR_IMAGE: ghcr.io/link-assistant/formal-ai
2026-10-09T22:08:37.6148042Z   DOCKERHUB_IMAGE: konard/formal-ai
2026-10-09T22:08:37.6148261Z   CARGO_HOME: /home/runner/.cargo
2026-10-09T22:08:37.6148464Z   CARGO_INCREMENTAL: 0
2026-10-09T22:08:37.6148643Z   toolchain: stable
2026-10-09T22:08:37.6148816Z ##[endgroup]
2026-10-09T22:08:37.6314783Z rustc 1.99.0 (b940084d7 2026-09-28)
2026-10-09T22:08:37.6315183Z binary: rustc
2026-10-09T22:08:37.6315428Z commit-hash: b940084d7eb6a299eb4bfeb8e34901bc051e7ac4
2026-10-09T22:08:37.6315743Z commit-date: 2026-09-28
2026-10-09T22:08:37.6315946Z host: x86_64-unknown-linux-gnu
2026-10-09T22:08:37.6316246Z release: 1.99.0
2026-10-09T22:08:37.6316428Z LLVM version: 23.1.1
2026-10-09T22:08:37.6334296Z ##[end-action id=__dtolnay_rust-toolchain.__run_10;outcome=success;conclusion=success;duration_ms=25]
2026-10-09T22:08:37.6375408Z Prepare all required actions
2026-10-09T22:08:37.6375814Z Getting action download info
2026-10-09T22:08:37.7628490Z Download action repository 'mozilla-actions/sccache-action@v0.0.11' (SHA:fc920bf0ec8de6ee65d409111f7ec508035751ba)
2026-10-09T22:08:37.8695978Z ##[group]Run ./.github/actions/setup-sccache
2026-10-09T22:08:37.8696219Z env:
2026-10-09T22:08:37.8696377Z   GIT_CONFIG_COUNT: 1
2026-10-09T22:08:37.8696564Z   GIT_CONFIG_KEY_0: init.defaultBranch
2026-10-09T22:08:37.8696777Z   GIT_CONFIG_VALUE_0: main
2026-10-09T22:08:37.8696957Z   CARGO_NET_RETRY: 10
2026-10-09T22:08:37.8697134Z   CARGO_HTTP_MULTIPLEXING: false
2026-10-09T22:08:37.8697337Z   CARGO_TERM_COLOR: always
2026-10-09T22:08:37.8697520Z   FORMAL_AI_CI_VERBOSE: false
2026-10-09T22:08:37.8697729Z   FORMAL_AI_NON_LINUX_CI: run
2026-10-09T22:08:37.8697919Z   RUSTFLAGS: -Dwarnings
2026-10-09T22:08:37.8698241Z   CARGO_REGISTRY_TOKEN: ***
2026-10-09T22:08:37.8698481Z   CARGO_TOKEN: ***
2026-10-09T22:08:37.8698716Z   GHCR_IMAGE: ghcr.io/link-assistant/formal-ai
2026-10-09T22:08:37.8698965Z   DOCKERHUB_IMAGE: konard/formal-ai
2026-10-09T22:08:37.8699178Z   CARGO_HOME: /home/runner/.cargo
2026-10-09T22:08:37.8699590Z   CARGO_INCREMENTAL: 0
2026-10-09T22:08:37.8699764Z ##[endgroup]
2026-10-09T22:08:37.8703366Z ##[start-action display=Install sccache;id=__self.__mozilla-actions_sccache-action]
2026-10-09T22:08:37.8746294Z ##[group]Run mozilla-actions/sccache-action@v0.0.11
2026-10-09T22:08:37.8746558Z with:
2026-10-09T22:08:37.8746807Z   version: v0.16.0
2026-10-09T22:08:37.8748682Z   token: ***
2026-10-09T22:08:37.8748861Z   disable_annotations: false
2026-10-09T22:08:37.8749055Z env:
2026-10-09T22:08:37.8749372Z   GIT_CONFIG_COUNT: 1
2026-10-09T22:08:37.8749565Z   GIT_CONFIG_KEY_0: init.defaultBranch
2026-10-09T22:08:37.8749793Z   GIT_CONFIG_VALUE_0: main
2026-10-09T22:08:37.8749981Z   CARGO_NET_RETRY: 10
2026-10-09T22:08:37.8750165Z   CARGO_HTTP_MULTIPLEXING: false
2026-10-09T22:08:37.8750363Z   CARGO_TERM_COLOR: always
2026-10-09T22:08:37.8750547Z   FORMAL_AI_CI_VERBOSE: false
2026-10-09T22:08:37.8750733Z   FORMAL_AI_NON_LINUX_CI: run
2026-10-09T22:08:37.8750916Z   RUSTFLAGS: -Dwarnings
2026-10-09T22:08:37.8751174Z   CARGO_REGISTRY_TOKEN: ***
2026-10-09T22:08:37.8751421Z   CARGO_TOKEN: ***
2026-10-09T22:08:37.8751611Z   GHCR_IMAGE: ghcr.io/link-assistant/formal-ai
2026-10-09T22:08:37.8751851Z   DOCKERHUB_IMAGE: konard/formal-ai
2026-10-09T22:08:37.8752062Z   CARGO_HOME: /home/runner/.cargo
2026-10-09T22:08:37.8752259Z   CARGO_INCREMENTAL: 0
2026-10-09T22:08:37.8752429Z ##[endgroup]
2026-10-09T22:08:37.9418864Z try to setup sccache version: v0.16.0
2026-10-09T22:08:37.9427892Z sccache download from url: https://github.com/mozilla/sccache/releases/download/v0.16.0/sccache-v0.16.0-x86_64-unknown-linux-musl.tar.gz
2026-10-09T22:08:38.1954021Z Correct checksum: aec995a83ad3dff3d14b6314e08858b7b73d35ca85a5bcf3d3a9ec07dee35588
2026-10-09T22:08:38.2061614Z [command]/usr/bin/tar xz --warning=no-unknown-keyword --overwrite -C /home/runner/work/_temp/a2fcd916-b979-41ec-b05e-bec4b0081e00 -f /home/runner/work/_temp/3b0e61d9-c2f6-4051-89b6-be0fa800274c
2026-10-09T22:08:38.3476317Z sccache extracted to: /home/runner/work/_temp/a2fcd916-b979-41ec-b05e-bec4b0081e00
2026-10-09T22:08:38.4099011Z sccache cached to: /opt/hostedtoolcache/sccache/0.16.0/x64
2026-10-09T22:08:38.4182308Z ##[end-action id=__self.__mozilla-actions_sccache-action;outcome=success;conclusion=success;duration_ms=547]
2026-10-09T22:08:38.4184486Z ##[start-action display=Enable sccache for Rust;id=__self.__run]
2026-10-09T22:08:38.4201947Z ##[group]Run echo "SCCACHE_GHA_ENABLED=$SCCACHE_GHA_ENABLED" >> "$GITHUB_ENV"
2026-10-09T22:08:38.4202346Z [36;1mecho "SCCACHE_GHA_ENABLED=$SCCACHE_GHA_ENABLED" >> "$GITHUB_ENV"[0m
2026-10-09T22:08:38.4202700Z [36;1mecho "RUSTC_WRAPPER=$RUSTC_WRAPPER" >> "$GITHUB_ENV"[0m
2026-10-09T22:08:38.4259994Z shell: /usr/bin/bash --noprofile --norc -e -o pipefail {0}
2026-10-09T22:08:38.4260274Z env:
2026-10-09T22:08:38.4260433Z   GIT_CONFIG_COUNT: 1
2026-10-09T22:08:38.4260807Z   GIT_CONFIG_KEY_0: init.defaultBranch
2026-10-09T22:08:38.4261034Z   GIT_CONFIG_VALUE_0: main
2026-10-09T22:08:38.4261220Z   CARGO_NET_RETRY: 10
2026-10-09T22:08:38.4261413Z   CARGO_HTTP_MULTIPLEXING: false
2026-10-09T22:08:38.4261627Z   CARGO_TERM_COLOR: always
2026-10-09T22:08:38.4261817Z   FORMAL_AI_CI_VERBOSE: false
2026-10-09T22:08:38.4262014Z   FORMAL_AI_NON_LINUX_CI: run
2026-10-09T22:08:38.4262200Z   RUSTFLAGS: -Dwarnings
2026-10-09T22:08:38.4262513Z   CARGO_REGISTRY_TOKEN: ***
2026-10-09T22:08:38.4262748Z   CARGO_TOKEN: ***
2026-10-09T22:08:38.4262939Z   GHCR_IMAGE: ghcr.io/link-assistant/formal-ai
2026-10-09T22:08:38.4263180Z   DOCKERHUB_IMAGE: konard/formal-ai
2026-10-09T22:08:38.4263391Z   CARGO_HOME: /home/runner/.cargo
2026-10-09T22:08:38.4263599Z   CARGO_INCREMENTAL: 0
2026-10-09T22:08:38.4263840Z   SCCACHE_PATH: /opt/hostedtoolcache/sccache/0.16.0/x64/sccache
2026-10-09T22:08:38.4264107Z   ACTIONS_CACHE_SERVICE_V2: on
2026-10-09T22:08:38.4264429Z   ACTIONS_RESULTS_URL: https://results-receiver.actions.githubusercontent.com/
2026-10-09T22:08:38.4310786Z   ACTIONS_RUNTIME_TOKEN: ***
2026-10-09T22:08:38.4311003Z   SCCACHE_GHA_ENABLED: true
2026-10-09T22:08:38.4311196Z   RUSTC_WRAPPER: sccache
2026-10-09T22:08:38.4311376Z ##[endgroup]
2026-10-09T22:08:38.4394078Z ##[end-action id=__self.__run;outcome=success;conclusion=success;duration_ms=20]
2026-10-09T22:08:38.4395912Z ##[start-action display=Enable opt-in sccache diagnostics;id=__self.__run_2]
2026-10-09T22:08:38.4401798Z ##[end-action id=__self.__run_2;outcome=skipped;conclusion=skipped;duration_ms=0]
2026-10-09T22:08:38.4403248Z ##[start-action display=Start the sccache server;id=__self.__run_3]
2026-10-09T22:08:38.4418688Z ##[group]Run sccache --start-server || true
2026-10-09T22:08:38.4418977Z [36;1msccache --start-server || true[0m
2026-10-09T22:08:38.4419493Z [36;1m# No `| head`: an early-closing reader makes sccache exit on[0m
2026-10-09T22:08:38.4419863Z [36;1m# `Broken pipe (os error 32)`, which fails the step. The same trap is[0m
2026-10-09T22:08:38.4420209Z [36;1m# documented in experiments/agentic_cli_matrix/lib.sh.[0m
2026-10-09T22:08:38.4420486Z [36;1msccache --show-stats[0m
2026-10-09T22:08:38.4474631Z shell: /usr/bin/bash --noprofile --norc -e -o pipefail {0}
2026-10-09T22:08:38.4474900Z env:
2026-10-09T22:08:38.4475060Z   GIT_CONFIG_COUNT: 1
2026-10-09T22:08:38.4475255Z   GIT_CONFIG_KEY_0: init.defaultBranch
2026-10-09T22:08:38.4475472Z   GIT_CONFIG_VALUE_0: main
2026-10-09T22:08:38.4475655Z   CARGO_NET_RETRY: 10
2026-10-09T22:08:38.4475842Z   CARGO_HTTP_MULTIPLEXING: false
2026-10-09T22:08:38.4476039Z   CARGO_TERM_COLOR: always
2026-10-09T22:08:38.4476220Z   FORMAL_AI_CI_VERBOSE: false
2026-10-09T22:08:38.4476408Z   FORMAL_AI_NON_LINUX_CI: run
2026-10-09T22:08:38.4476744Z   RUSTFLAGS: -Dwarnings
2026-10-09T22:08:38.4477054Z   CARGO_REGISTRY_TOKEN: ***
2026-10-09T22:08:38.4477279Z   CARGO_TOKEN: ***
2026-10-09T22:08:38.4477472Z   GHCR_IMAGE: ghcr.io/link-assistant/formal-ai
2026-10-09T22:08:38.4477718Z   DOCKERHUB_IMAGE: konard/formal-ai
2026-10-09T22:08:38.4477939Z   CARGO_HOME: /home/runner/.cargo
2026-10-09T22:08:38.4478143Z   CARGO_INCREMENTAL: 0
2026-10-09T22:08:38.4478382Z   SCCACHE_PATH: /opt/hostedtoolcache/sccache/0.16.0/x64/sccache
2026-10-09T22:08:38.4478652Z   ACTIONS_CACHE_SERVICE_V2: on
2026-10-09T22:08:38.4478973Z   ACTIONS_RESULTS_URL: https://results-receiver.actions.githubusercontent.com/
2026-10-09T22:08:38.4525193Z   ACTIONS_RUNTIME_TOKEN: ***
2026-10-09T22:08:38.4525407Z   SCCACHE_GHA_ENABLED: true
2026-10-09T22:08:38.4525597Z   RUSTC_WRAPPER: sccache
2026-10-09T22:08:38.4525781Z ##[endgroup]
2026-10-09T22:08:38.4611293Z sccache: Starting the server...
2026-10-09T22:08:38.5937593Z sccache: Listening on address 127.0.0.1:4226
2026-10-09T22:08:38.5954067Z Compile requests                      0
2026-10-09T22:08:38.5954456Z Compile requests executed             0
2026-10-09T22:08:38.5954807Z Cache hits                            0
2026-10-09T22:08:38.5955425Z Cache misses                          0
2026-10-09T22:08:38.5955647Z Cache hits rate                       -
2026-10-09T22:08:38.5955866Z Cache timeouts                        0
2026-10-09T22:08:38.5956079Z Cache read errors                     0
2026-10-09T22:08:38.5956290Z Forced recaches                       0
2026-10-09T22:08:38.5956502Z Cache write errors                    0
2026-10-09T22:08:38.5956701Z Cache errors                          0
2026-10-09T22:08:38.5956898Z Compilations                          0
2026-10-09T22:08:38.5957422Z Compilation failures                  0
2026-10-09T22:08:38.5957787Z Non-cacheable compilations            0
2026-10-09T22:08:38.5958135Z Non-cacheable calls                   0
2026-10-09T22:08:38.5958451Z Non-compilation calls                 0
2026-10-09T22:08:38.5958781Z Unsupported compiler calls            0
2026-10-09T22:08:38.5959107Z Average cache write               0.000 s
2026-10-09T22:08:38.5959494Z Average compiler                  0.000 s
2026-10-09T22:08:38.5959712Z Average cache read hit            0.000 s
2026-10-09T22:08:38.5959928Z Failed distributed compilations       0
2026-10-09T22:08:38.5960406Z Cache location                  ghac, name: 90541733aa72480a9e77ce99e66fc1cfabfa835d74c751408eb0351b7adcec6b, prefix: /sccache/
2026-10-09T22:08:38.5960829Z Base directories                (none)
2026-10-09T22:08:38.5961045Z Version (client)                0.16.0
2026-10-09T22:08:38.5965156Z ##[end-action id=__self.__run_3;outcome=success;conclusion=success;duration_ms=156]
2026-10-09T22:08:38.6018932Z Prepare all required actions
2026-10-09T22:08:38.6019497Z Getting action download info
2026-10-09T22:08:38.7044120Z ##[group]Run ./.github/actions/cache-cargo-registry
2026-10-09T22:08:38.7044371Z with:
2026-10-09T22:08:38.7044534Z   restore-only: true
2026-10-09T22:08:38.7044716Z env:
2026-10-09T22:08:38.7044867Z   GIT_CONFIG_COUNT: 1
2026-10-09T22:08:38.7045057Z   GIT_CONFIG_KEY_0: init.defaultBranch
2026-10-09T22:08:38.7045277Z   GIT_CONFIG_VALUE_0: main
2026-10-09T22:08:38.7045462Z   CARGO_NET_RETRY: 10
2026-10-09T22:08:38.7045646Z   CARGO_HTTP_MULTIPLEXING: false
2026-10-09T22:08:38.7045846Z   CARGO_TERM_COLOR: always
2026-10-09T22:08:38.7046028Z   FORMAL_AI_CI_VERBOSE: false
2026-10-09T22:08:38.7046217Z   FORMAL_AI_NON_LINUX_CI: run
2026-10-09T22:08:38.7046410Z   RUSTFLAGS: -Dwarnings
2026-10-09T22:08:38.7046708Z   CARGO_REGISTRY_TOKEN: ***
2026-10-09T22:08:38.7046948Z   CARGO_TOKEN: ***
2026-10-09T22:08:38.7047141Z   GHCR_IMAGE: ghcr.io/link-assistant/formal-ai
2026-10-09T22:08:38.7047421Z   DOCKERHUB_IMAGE: konard/formal-ai
2026-10-09T22:08:38.7047638Z   CARGO_HOME: /home/runner/.cargo
2026-10-09T22:08:38.7047837Z   CARGO_INCREMENTAL: 0
2026-10-09T22:08:38.7048071Z   SCCACHE_PATH: /opt/hostedtoolcache/sccache/0.16.0/x64/sccache
2026-10-09T22:08:38.7048499Z   ACTIONS_CACHE_SERVICE_V2: on
2026-10-09T22:08:38.7048818Z   ACTIONS_RESULTS_URL: https://results-receiver.actions.githubusercontent.com/
2026-10-09T22:08:38.7094702Z   ACTIONS_RUNTIME_TOKEN: ***
2026-10-09T22:08:38.7094920Z   SCCACHE_GHA_ENABLED: true
2026-10-09T22:08:38.7095116Z   RUSTC_WRAPPER: sccache
2026-10-09T22:08:38.7095297Z ##[endgroup]
2026-10-09T22:08:38.7098579Z ##[start-action display=Run actions/cache@v6;id=__self_2.read-write]
2026-10-09T22:08:38.7101724Z ##[end-action id=__self_2.read-write;outcome=skipped;conclusion=skipped;duration_ms=0]
2026-10-09T22:08:38.7103076Z ##[start-action display=Run actions/cache/restore@v6;id=__self_2.restore-only]
2026-10-09T22:08:40.3589614Z ##[group]Run actions/cache/restore@v6
2026-10-09T22:08:40.3589843Z with:
2026-10-09T22:08:40.3590019Z   path: ~/.cargo/registry
~/.cargo/git

2026-10-09T22:08:40.3590364Z   key: Linux-cargo-9a3829a57195f34e9e8e39ad6459821c431e4c2c6b95dd25cde6c650736a24eb
2026-10-09T22:08:40.3590723Z   restore-keys: Linux-cargo-
Linux-cargo-

2026-10-09T22:08:40.3590973Z   enableCrossOsArchive: false
2026-10-09T22:08:40.3591179Z   fail-on-cache-miss: false
2026-10-09T22:08:40.3591370Z   lookup-only: false
2026-10-09T22:08:40.3591537Z env:
2026-10-09T22:08:40.3591689Z   GIT_CONFIG_COUNT: 1
2026-10-09T22:08:40.3591874Z   GIT_CONFIG_KEY_0: init.defaultBranch
2026-10-09T22:08:40.3592083Z   GIT_CONFIG_VALUE_0: main
2026-10-09T22:08:40.3592273Z   CARGO_NET_RETRY: 10
2026-10-09T22:08:40.3592455Z   CARGO_HTTP_MULTIPLEXING: false
2026-10-09T22:08:40.3592665Z   CARGO_TERM_COLOR: always
2026-10-09T22:08:40.3592848Z   FORMAL_AI_CI_VERBOSE: false
2026-10-09T22:08:40.3593035Z   FORMAL_AI_NON_LINUX_CI: run
2026-10-09T22:08:40.3593221Z   RUSTFLAGS: -Dwarnings
2026-10-09T22:08:40.3593558Z   CARGO_REGISTRY_TOKEN: ***
2026-10-09T22:08:40.3593798Z   CARGO_TOKEN: ***
2026-10-09T22:08:40.3593990Z   GHCR_IMAGE: ghcr.io/link-assistant/formal-ai
2026-10-09T22:08:40.3594233Z   DOCKERHUB_IMAGE: konard/formal-ai
2026-10-09T22:08:40.3594450Z   CARGO_HOME: /home/runner/.cargo
2026-10-09T22:08:40.3594663Z   CARGO_INCREMENTAL: 0
2026-10-09T22:08:40.3594896Z   SCCACHE_PATH: /opt/hostedtoolcache/sccache/0.16.0/x64/sccache
2026-10-09T22:08:40.3595167Z   ACTIONS_CACHE_SERVICE_V2: on
2026-10-09T22:08:40.3595491Z   ACTIONS_RESULTS_URL: https://results-receiver.actions.githubusercontent.com/
2026-10-09T22:08:40.3641766Z   ACTIONS_RUNTIME_TOKEN: ***
2026-10-09T22:08:40.3641987Z   SCCACHE_GHA_ENABLED: true
2026-10-09T22:08:40.3642184Z   RUSTC_WRAPPER: sccache
2026-10-09T22:08:40.3642374Z ##[endgroup]
2026-10-09T22:08:40.5241260Z Cache hit for: Linux-cargo-9a3829a57195f34e9e8e39ad6459821c431e4c2c6b95dd25cde6c650736a24eb
2026-10-09T22:08:41.5667202Z Received 268435456 of 335954446 (79.9%), 256.0 MBs/sec
2026-10-09T22:08:41.7081139Z Received 335954446 of 335954446 (100.0%), 281.3 MBs/sec
2026-10-09T22:08:41.7091337Z Cache Size: ~320 MB (335954446 B)
2026-10-09T22:08:41.7141071Z [command]/usr/bin/tar -xf /home/runner/work/_temp/3ab1d823-ab3e-48e7-b762-acea9db9f2f2/cache.tzst -P -C /home/runner/work/formal-ai/formal-ai --use-compress-program unzstd
2026-10-09T22:08:44.7995408Z Cache restored successfully
2026-10-09T22:08:44.8198520Z Cache restored from key: Linux-cargo-9a3829a57195f34e9e8e39ad6459821c431e4c2c6b95dd25cde6c650736a24eb
2026-10-09T22:08:44.8298291Z ##[end-action id=__self_2.restore-only;outcome=success;conclusion=success;duration_ms=6119]
2026-10-09T22:08:46.6290389Z ##[start-action display=Report the cargo registry cache outcome;id=__self_2.__run]
2026-10-09T22:08:46.6314181Z ##[group]Run set -euo pipefail
2026-10-09T22:08:46.6314617Z [36;1mset -euo pipefail[0m
2026-10-09T22:08:46.6314964Z [36;1mif [ "${CACHE_HIT}" = "true" ]; then[0m
2026-10-09T22:08:46.6315300Z [36;1m  outcome='hit (exact)'[0m
2026-10-09T22:08:46.6315708Z [36;1melif [ -n "${MATCHED_KEY}" ]; then[0m
2026-10-09T22:08:46.6316073Z [36;1m  outcome="restored from prefix \`${MATCHED_KEY}\`"[0m
2026-10-09T22:08:46.6316484Z [36;1melse[0m
2026-10-09T22:08:46.6316888Z [36;1m  outcome='**miss** -- every dependency will be recompiled'[0m
2026-10-09T22:08:46.6317461Z [36;1mfi[0m
2026-10-09T22:08:46.6317844Z [36;1mif [ "${RESTORE_ONLY}" = 'true' ]; then mode='restore-only'; else mode='read-write'; fi[0m
2026-10-09T22:08:46.6318375Z [36;1m# A bullet rather than a table row: the action can run once or several[0m
2026-10-09T22:08:46.6318932Z [36;1m# times in a job, and a stray row with no header renders as raw text.[0m
2026-10-09T22:08:46.6319606Z [36;1mprintf -- '- cargo registry cache `%s` (%s): %s\n' \[0m
2026-10-09T22:08:46.6320070Z [36;1m  "${WANTED_KEY}" "${mode}" "${outcome}" >> "${GITHUB_STEP_SUMMARY}"[0m
2026-10-09T22:08:46.6320536Z [36;1m# Read straight from the process environment rather than mapping the[0m
2026-10-09T22:08:46.6321089Z [36;1m# `env` context into a step `env:`. A calling job exports its own[0m
2026-10-09T22:08:46.6321556Z [36;1m# `env:` block into every step it runs, this one included, and that[0m
2026-10-09T22:08:46.6322011Z [36;1m# path does not depend on which contexts a composite action can[0m
2026-10-09T22:08:46.6322553Z [36;1m# evaluate. (Written without expression syntax on purpose: Actions[0m
2026-10-09T22:08:46.6323023Z [36;1m# expands an expression anywhere in a `run:` block, shell comments[0m
2026-10-09T22:08:46.6323544Z [36;1m# included, which is what zizmor's template-injection audit reports.)[0m
2026-10-09T22:08:46.6324080Z [36;1mif [ -z "${MATCHED_KEY}" ] && [ "${FORMAL_AI_CI_VERBOSE:-false}" = 'true' ]; then[0m
2026-10-09T22:08:46.6324871Z [36;1m  echo "::warning title=cargo registry cache miss::No entry matched ${WANTED_KEY} or any of its restore keys. If the step log above shows a 429, this was a refused request rather than an absent entry (issue #1076)."[0m
2026-10-09T22:08:46.6325665Z [36;1mfi[0m
2026-10-09T22:08:46.6382804Z shell: /usr/bin/bash --noprofile --norc -e -o pipefail {0}
2026-10-09T22:08:46.6383185Z env:
2026-10-09T22:08:46.6383530Z   GIT_CONFIG_COUNT: 1
2026-10-09T22:08:46.6383829Z   GIT_CONFIG_KEY_0: init.defaultBranch
2026-10-09T22:08:46.6384206Z   GIT_CONFIG_VALUE_0: main
2026-10-09T22:08:46.6384579Z   CARGO_NET_RETRY: 10
2026-10-09T22:08:46.6384860Z   CARGO_HTTP_MULTIPLEXING: false
2026-10-09T22:08:46.6385202Z   CARGO_TERM_COLOR: always
2026-10-09T22:08:46.6385546Z   FORMAL_AI_CI_VERBOSE: false
2026-10-09T22:08:46.6385866Z   FORMAL_AI_NON_LINUX_CI: run
2026-10-09T22:08:46.6386166Z   RUSTFLAGS: -Dwarnings
2026-10-09T22:08:46.6386625Z   CARGO_REGISTRY_TOKEN: ***
2026-10-09T22:08:46.6387007Z   CARGO_TOKEN: ***
2026-10-09T22:08:46.6387331Z   GHCR_IMAGE: ghcr.io/link-assistant/formal-ai
2026-10-09T22:08:46.6387748Z   DOCKERHUB_IMAGE: konard/formal-ai
2026-10-09T22:08:46.6388082Z   CARGO_HOME: /home/runner/.cargo
2026-10-09T22:08:46.6388567Z   CARGO_INCREMENTAL: 0
2026-10-09T22:08:46.6389037Z   SCCACHE_PATH: /opt/hostedtoolcache/sccache/0.16.0/x64/sccache
2026-10-09T22:08:46.6389651Z   ACTIONS_CACHE_SERVICE_V2: on
2026-10-09T22:08:46.6390129Z   ACTIONS_RESULTS_URL: https://results-receiver.actions.githubusercontent.com/
2026-10-09T22:08:46.6437727Z   ACTIONS_RUNTIME_TOKEN: ***
2026-10-09T22:08:46.6438139Z   SCCACHE_GHA_ENABLED: true
2026-10-09T22:08:46.6438482Z   RUSTC_WRAPPER: sccache
2026-10-09T22:08:46.6438750Z   CACHE_HIT: true
2026-10-09T22:08:46.6439324Z   MATCHED_KEY: Linux-cargo-9a3829a57195f34e9e8e39ad6459821c431e4c2c6b95dd25cde6c650736a24eb
2026-10-09T22:08:46.6439922Z   WANTED_KEY: Linux-cargo-9a3829a57195f34e9e8e39ad6459821c431e4c2c6b95dd25cde6c650736a24eb
2026-10-09T22:08:46.6440410Z   RESTORE_ONLY: true
2026-10-09T22:08:46.6440758Z ##[endgroup]
2026-10-09T22:08:46.6540870Z ##[end-action id=__self_2.__run;outcome=success;conclusion=success;duration_ms=24]
2026-10-09T22:08:46.6587714Z ##[group]Run sccache --show-stats
2026-10-09T22:08:46.6588134Z [36;1msccache --show-stats[0m
2026-10-09T22:08:46.6646075Z shell: /usr/bin/bash -e {0}
2026-10-09T22:08:46.6646309Z env:
2026-10-09T22:08:46.6646484Z   GIT_CONFIG_COUNT: 1
2026-10-09T22:08:46.6646691Z   GIT_CONFIG_KEY_0: init.defaultBranch
2026-10-09T22:08:46.6647114Z   GIT_CONFIG_VALUE_0: main
2026-10-09T22:08:46.6647307Z   CARGO_NET_RETRY: 10
2026-10-09T22:08:46.6647503Z   CARGO_HTTP_MULTIPLEXING: false
2026-10-09T22:08:46.6647709Z   CARGO_TERM_COLOR: always
2026-10-09T22:08:46.6647900Z   FORMAL_AI_CI_VERBOSE: false
2026-10-09T22:08:46.6648095Z   FORMAL_AI_NON_LINUX_CI: run
2026-10-09T22:08:46.6648283Z   RUSTFLAGS: -Dwarnings
2026-10-09T22:08:46.6648654Z   CARGO_REGISTRY_TOKEN: ***
2026-10-09T22:08:46.6648909Z   CARGO_TOKEN: ***
2026-10-09T22:08:46.6649106Z   GHCR_IMAGE: ghcr.io/link-assistant/formal-ai
2026-10-09T22:08:46.6649580Z   DOCKERHUB_IMAGE: konard/formal-ai
2026-10-09T22:08:46.6649859Z   CARGO_HOME: /home/runner/.cargo
2026-10-09T22:08:46.6650069Z   CARGO_INCREMENTAL: 0
2026-10-09T22:08:46.6650309Z   SCCACHE_PATH: /opt/hostedtoolcache/sccache/0.16.0/x64/sccache
2026-10-09T22:08:46.6650591Z   ACTIONS_CACHE_SERVICE_V2: on
2026-10-09T22:08:46.6650922Z   ACTIONS_RESULTS_URL: https://results-receiver.actions.githubusercontent.com/
2026-10-09T22:08:46.6698934Z   ACTIONS_RUNTIME_TOKEN: ***
2026-10-09T22:08:46.6699171Z   SCCACHE_GHA_ENABLED: true
2026-10-09T22:08:46.6699508Z   RUSTC_WRAPPER: sccache
2026-10-09T22:08:46.6699699Z ##[endgroup]
2026-10-09T22:08:46.6792808Z Compile requests                      0
2026-10-09T22:08:46.6793488Z Compile requests executed             0
2026-10-09T22:08:46.6793860Z Cache hits                            0
2026-10-09T22:08:46.6794155Z Cache misses                          0
2026-10-09T22:08:46.6794384Z Cache hits rate                       -
2026-10-09T22:08:46.6794598Z Cache timeouts                        0
2026-10-09T22:08:46.6794810Z Cache read errors                     0
2026-10-09T22:08:46.6795048Z Forced recaches                       0
2026-10-09T22:08:46.6795265Z Cache write errors                    0
2026-10-09T22:08:46.6795472Z Cache errors                          0
2026-10-09T22:08:46.6795683Z Compilations                          0
2026-10-09T22:08:46.6795894Z Compilation failures                  0
2026-10-09T22:08:46.6796133Z Non-cacheable compilations            0
2026-10-09T22:08:46.6796361Z Non-cacheable calls                   0
2026-10-09T22:08:46.6796574Z Non-compilation calls                 0
2026-10-09T22:08:46.6796800Z Unsupported compiler calls            0
2026-10-09T22:08:46.6797024Z Average cache write               0.000 s
2026-10-09T22:08:46.6800535Z Average compiler                  0.000 s
2026-10-09T22:08:46.6800895Z Average cache read hit            0.000 s
2026-10-09T22:08:46.6801251Z Failed distributed compilations       0
2026-10-09T22:08:46.6801706Z Cache location                  ghac, name: 90541733aa72480a9e77ce99e66fc1cfabfa835d74c751408eb0351b7adcec6b, prefix: /sccache/
2026-10-09T22:08:46.6802154Z Base directories                (none)
2026-10-09T22:08:46.6802376Z Version (client)                0.16.0
2026-10-09T22:08:46.6857851Z ##[group]Run actions/download-artifact@v8
2026-10-09T22:08:46.6858097Z with:
2026-10-09T22:08:46.6858283Z   name: formal-ai-test-executables
2026-10-09T22:08:46.6858514Z   path: dist/tests
2026-10-09T22:08:46.6858692Z   merge-multiple: false
2026-10-09T22:08:46.6858907Z   repository: link-assistant/formal-ai
2026-10-09T22:08:46.6859129Z   run-id: 37989421519
2026-10-09T22:08:46.6859519Z   skip-decompress: false
2026-10-09T22:08:46.6859715Z   digest-mismatch: error
2026-10-09T22:08:46.6859891Z env:
2026-10-09T22:08:46.6860045Z   GIT_CONFIG_COUNT: 1
2026-10-09T22:08:46.6860233Z   GIT_CONFIG_KEY_0: init.defaultBranch
2026-10-09T22:08:46.6860454Z   GIT_CONFIG_VALUE_0: main
2026-10-09T22:08:46.6860639Z   CARGO_NET_RETRY: 10
2026-10-09T22:08:46.6860821Z   CARGO_HTTP_MULTIPLEXING: false
2026-10-09T22:08:46.6861025Z   CARGO_TERM_COLOR: always
2026-10-09T22:08:46.6861212Z   FORMAL_AI_CI_VERBOSE: false
2026-10-09T22:08:46.6861410Z   FORMAL_AI_NON_LINUX_CI: run
2026-10-09T22:08:46.6861642Z   RUSTFLAGS: -Dwarnings
2026-10-09T22:08:46.6861948Z   CARGO_REGISTRY_TOKEN: ***
2026-10-09T22:08:46.6862187Z   CARGO_TOKEN: ***
2026-10-09T22:08:46.6862389Z   GHCR_IMAGE: ghcr.io/link-assistant/formal-ai
2026-10-09T22:08:46.6862794Z   DOCKERHUB_IMAGE: konard/formal-ai
2026-10-09T22:08:46.6863019Z   CARGO_HOME: /home/runner/.cargo
2026-10-09T22:08:46.6863222Z   CARGO_INCREMENTAL: 0
2026-10-09T22:08:46.6863462Z   SCCACHE_PATH: /opt/hostedtoolcache/sccache/0.16.0/x64/sccache
2026-10-09T22:08:46.6863739Z   ACTIONS_CACHE_SERVICE_V2: on
2026-10-09T22:08:46.6864101Z   ACTIONS_RESULTS_URL: https://results-receiver.actions.githubusercontent.com/
2026-10-09T22:08:46.6910975Z   ACTIONS_RUNTIME_TOKEN: ***
2026-10-09T22:08:46.6911210Z   SCCACHE_GHA_ENABLED: true
2026-10-09T22:08:46.6911414Z   RUSTC_WRAPPER: sccache
2026-10-09T22:08:46.6911626Z   NODE_OPTIONS: --disable-warning=DEP0005
2026-10-09T22:08:46.6911853Z ##[endgroup]
2026-10-09T22:08:46.8136661Z Downloading single artifact
2026-10-09T22:08:46.9109983Z Preparing to download the following artifacts:
2026-10-09T22:08:46.9110975Z - formal-ai-test-executables (ID: 11646813804, Size: 224478034, Expected Digest: sha256:14998cb3943039c4fdc3df2a0f0b1222d62fa008ffb5d4408b6dc7a60e46bd38)
2026-10-09T22:08:47.0548215Z Redirecting to blob download url: https://productionresultssa4.blob.core.windows.net/actions-results/72642358-4446-87e4-828b-94f8875e98c2/workflow-job-run-2c14329d-5471-5acc-b6d8-31fa3b3f59bd/artifacts/b5d02b9a45c195540d278a92a3f58c78f1eb47e0ae435d0272c4dc904c1b126f.zip
2026-10-09T22:08:47.0550235Z Starting download of artifact to: /home/runner/work/formal-ai/formal-ai/dist/tests
2026-10-09T22:08:51.2601097Z SHA256 digest of downloaded artifact is 14998cb3943039c4fdc3df2a0f0b1222d62fa008ffb5d4408b6dc7a60e46bd38
2026-10-09T22:08:51.2601994Z Artifact download completed successfully.
2026-10-09T22:08:51.2602466Z Total of 1 artifact(s) downloaded
2026-10-09T22:08:51.2608041Z Download artifact has finished successfully
2026-10-09T22:08:51.2786686Z Prepare all required actions
2026-10-09T22:08:51.2787117Z Getting action download info
2026-10-09T22:08:51.4314588Z ##[group]Run ./.github/actions/download-formal-ai-binary
2026-10-09T22:08:51.4314871Z env:
2026-10-09T22:08:51.4315059Z   GIT_CONFIG_COUNT: 1
2026-10-09T22:08:51.4315268Z   GIT_CONFIG_KEY_0: init.defaultBranch
2026-10-09T22:08:51.4315495Z   GIT_CONFIG_VALUE_0: main
2026-10-09T22:08:51.4315689Z   CARGO_NET_RETRY: 10
2026-10-09T22:08:51.4315883Z   CARGO_HTTP_MULTIPLEXING: false
2026-10-09T22:08:51.4316096Z   CARGO_TERM_COLOR: always
2026-10-09T22:08:51.4316304Z   FORMAL_AI_CI_VERBOSE: false
2026-10-09T22:08:51.4316513Z   FORMAL_AI_NON_LINUX_CI: run
2026-10-09T22:08:51.4316723Z   RUSTFLAGS: -Dwarnings
2026-10-09T22:08:51.4317038Z   CARGO_REGISTRY_TOKEN: ***
2026-10-09T22:08:51.4317279Z   CARGO_TOKEN: ***
2026-10-09T22:08:51.4317483Z   GHCR_IMAGE: ghcr.io/link-assistant/formal-ai
2026-10-09T22:08:51.4317742Z   DOCKERHUB_IMAGE: konard/formal-ai
2026-10-09T22:08:51.4318007Z   CARGO_HOME: /home/runner/.cargo
2026-10-09T22:08:51.4318219Z   CARGO_INCREMENTAL: 0
2026-10-09T22:08:51.4318473Z   SCCACHE_PATH: /opt/hostedtoolcache/sccache/0.16.0/x64/sccache
2026-10-09T22:08:51.4318759Z   ACTIONS_CACHE_SERVICE_V2: on
2026-10-09T22:08:51.4319106Z   ACTIONS_RESULTS_URL: https://results-receiver.actions.githubusercontent.com/
2026-10-09T22:08:51.4365413Z   ACTIONS_RUNTIME_TOKEN: ***
2026-10-09T22:08:51.4365647Z   SCCACHE_GHA_ENABLED: true
2026-10-09T22:08:51.4365858Z   RUSTC_WRAPPER: sccache
2026-10-09T22:08:51.4366051Z ##[endgroup]
2026-10-09T22:08:51.4370587Z ##[start-action display=Run actions/download-artifact@v8;id=__self_3.__actions_download-artifact]
2026-10-09T22:08:51.4404063Z ##[group]Run actions/download-artifact@v8
2026-10-09T22:08:51.4404295Z with:
2026-10-09T22:08:51.4404479Z   name: formal-ai-release-binary
2026-10-09T22:08:51.4404696Z   path: rust/target/release
2026-10-09T22:08:51.4404908Z   merge-multiple: false
2026-10-09T22:08:51.4405125Z   repository: link-assistant/formal-ai
2026-10-09T22:08:51.4405348Z   run-id: 37989421519
2026-10-09T22:08:51.4405539Z   skip-decompress: false
2026-10-09T22:08:51.4405734Z   digest-mismatch: error
2026-10-09T22:08:51.4405919Z env:
2026-10-09T22:08:51.4406080Z   GIT_CONFIG_COUNT: 1
2026-10-09T22:08:51.4406446Z   GIT_CONFIG_KEY_0: init.defaultBranch
2026-10-09T22:08:51.4406670Z   GIT_CONFIG_VALUE_0: main
2026-10-09T22:08:51.4406861Z   CARGO_NET_RETRY: 10
2026-10-09T22:08:51.4407060Z   CARGO_HTTP_MULTIPLEXING: false
2026-10-09T22:08:51.4407276Z   CARGO_TERM_COLOR: always
2026-10-09T22:08:51.4407473Z   FORMAL_AI_CI_VERBOSE: false
2026-10-09T22:08:51.4407676Z   FORMAL_AI_NON_LINUX_CI: run
2026-10-09T22:08:51.4407892Z   RUSTFLAGS: -Dwarnings
2026-10-09T22:08:51.4408167Z   CARGO_REGISTRY_TOKEN: ***
2026-10-09T22:08:51.4408412Z   CARGO_TOKEN: ***
2026-10-09T22:08:51.4408614Z   GHCR_IMAGE: ghcr.io/link-assistant/formal-ai
2026-10-09T22:08:51.4408875Z   DOCKERHUB_IMAGE: konard/formal-ai
2026-10-09T22:08:51.4409123Z   CARGO_HOME: /home/runner/.cargo
2026-10-09T22:08:51.4409463Z   CARGO_INCREMENTAL: 0
2026-10-09T22:08:51.4409716Z   SCCACHE_PATH: /opt/hostedtoolcache/sccache/0.16.0/x64/sccache
2026-10-09T22:08:51.4409997Z   ACTIONS_CACHE_SERVICE_V2: on
2026-10-09T22:08:51.4410330Z   ACTIONS_RESULTS_URL: https://results-receiver.actions.githubusercontent.com/
2026-10-09T22:08:51.4456425Z   ACTIONS_RUNTIME_TOKEN: ***
2026-10-09T22:08:51.4456654Z   SCCACHE_GHA_ENABLED: true
2026-10-09T22:08:51.4456859Z   RUSTC_WRAPPER: sccache
2026-10-09T22:08:51.4457077Z   NODE_OPTIONS: --disable-warning=DEP0005
2026-10-09T22:08:51.4457311Z ##[endgroup]
2026-10-09T22:08:51.5588055Z Downloading single artifact
2026-10-09T22:08:51.6475514Z Preparing to download the following artifacts:
2026-10-09T22:08:51.6476746Z - formal-ai-release-binary (ID: 11646828224, Size: 303633301, Expected Digest: sha256:4948425ad97e3eafe2ee25ae028abb3f07565e4e4f17ba3066033e10c716a352)
2026-10-09T22:08:51.7895425Z Redirecting to blob download url: https://productionresultssa4.blob.core.windows.net/actions-results/72642358-4446-87e4-828b-94f8875e98c2/workflow-job-run-2c14329d-5471-5acc-b6d8-31fa3b3f59bd/artifacts/a30dda75a00643023a05d3fd62e5081ba30b8a455169993f875fd7a681754803.zip
2026-10-09T22:08:51.7896511Z Starting download of artifact to: /home/runner/work/formal-ai/formal-ai/rust/target/release
2026-10-09T22:08:57.1004002Z SHA256 digest of downloaded artifact is 4948425ad97e3eafe2ee25ae028abb3f07565e4e4f17ba3066033e10c716a352
2026-10-09T22:08:57.1004798Z Artifact download completed successfully.
2026-10-09T22:08:57.1005189Z Total of 1 artifact(s) downloaded
2026-10-09T22:08:57.1009673Z Download artifact has finished successfully
2026-10-09T22:08:57.1103852Z ##[end-action id=__self_3.__actions_download-artifact;outcome=success;conclusion=success;duration_ms=5673]
2026-10-09T22:08:57.1107322Z ##[start-action display=Run find rust/target/release -maxdepth 1 -type f ! -name "*.d" \;id=__self_3.__run]
2026-10-09T22:08:57.2277806Z ##[group]Run find rust/target/release -maxdepth 1 -type f ! -name "*.d" \
2026-10-09T22:08:57.2278379Z [36;1mfind rust/target/release -maxdepth 1 -type f ! -name "*.d" \[0m
2026-10-09T22:08:57.2278825Z [36;1m  -exec chmod +x {} ";"[0m
2026-10-09T22:08:57.2338176Z shell: /usr/bin/bash --noprofile --norc -e -o pipefail {0}
2026-10-09T22:08:57.2338493Z env:
2026-10-09T22:08:57.2338680Z   GIT_CONFIG_COUNT: 1
2026-10-09T22:08:57.2338887Z   GIT_CONFIG_KEY_0: init.defaultBranch
2026-10-09T22:08:57.2339130Z   GIT_CONFIG_VALUE_0: main
2026-10-09T22:08:57.2339483Z   CARGO_NET_RETRY: 10
2026-10-09T22:08:57.2339688Z   CARGO_HTTP_MULTIPLEXING: false
2026-10-09T22:08:57.2339914Z   CARGO_TERM_COLOR: always
2026-10-09T22:08:57.2340118Z   FORMAL_AI_CI_VERBOSE: false
2026-10-09T22:08:57.2340330Z   FORMAL_AI_NON_LINUX_CI: run
2026-10-09T22:08:57.2340533Z   RUSTFLAGS: -Dwarnings
2026-10-09T22:08:57.2340872Z   CARGO_REGISTRY_TOKEN: ***
2026-10-09T22:08:57.2341119Z   CARGO_TOKEN: ***
2026-10-09T22:08:57.2341329Z   GHCR_IMAGE: ghcr.io/link-assistant/formal-ai
2026-10-09T22:08:57.2341606Z   DOCKERHUB_IMAGE: konard/formal-ai
2026-10-09T22:08:57.2341841Z   CARGO_HOME: /home/runner/.cargo
2026-10-09T22:08:57.2342059Z   CARGO_INCREMENTAL: 0
2026-10-09T22:08:57.2342318Z   SCCACHE_PATH: /opt/hostedtoolcache/sccache/0.16.0/x64/sccache
2026-10-09T22:08:57.2342852Z   ACTIONS_CACHE_SERVICE_V2: on
2026-10-09T22:08:57.2343205Z   ACTIONS_RESULTS_URL: https://results-receiver.actions.githubusercontent.com/
2026-10-09T22:08:57.2389404Z   ACTIONS_RUNTIME_TOKEN: ***
2026-10-09T22:08:57.2389654Z   SCCACHE_GHA_ENABLED: true
2026-10-09T22:08:57.2389865Z   RUSTC_WRAPPER: sccache
2026-10-09T22:08:57.2390068Z ##[endgroup]
2026-10-09T22:08:57.3497533Z ##[end-action id=__self_3.__run;outcome=success;conclusion=success;duration_ms=238]
2026-10-09T22:08:57.4639747Z ##[group]Run chmod +x dist/tests/*
2026-10-09T22:08:57.4640085Z [36;1mchmod +x dist/tests/*[0m
2026-10-09T22:08:57.4640343Z [36;1mscripts/run-with-budget-warning.sh \[0m
2026-10-09T22:08:57.4640658Z [36;1m  "$TEST_BUDGET_SECONDS" "Specification test shard" \[0m
2026-10-09T22:08:57.4640977Z [36;1m  bash scripts/run-prebuilt-tests.sh[0m
2026-10-09T22:08:57.4695306Z shell: /usr/bin/bash -e {0}
2026-10-09T22:08:57.4695539Z env:
2026-10-09T22:08:57.4695723Z   GIT_CONFIG_COUNT: 1
2026-10-09T22:08:57.4695950Z   GIT_CONFIG_KEY_0: init.defaultBranch
2026-10-09T22:08:57.4696189Z   GIT_CONFIG_VALUE_0: main
2026-10-09T22:08:57.4696401Z   CARGO_NET_RETRY: 10
2026-10-09T22:08:57.4696601Z   CARGO_HTTP_MULTIPLEXING: false
2026-10-09T22:08:57.4696829Z   CARGO_TERM_COLOR: always
2026-10-09T22:08:57.4697030Z   FORMAL_AI_CI_VERBOSE: false
2026-10-09T22:08:57.4697251Z   FORMAL_AI_NON_LINUX_CI: run
2026-10-09T22:08:57.4697456Z   RUSTFLAGS: -Dwarnings
2026-10-09T22:08:57.4697843Z   CARGO_REGISTRY_TOKEN: ***
2026-10-09T22:08:57.4698093Z   CARGO_TOKEN: ***
2026-10-09T22:08:57.4698313Z   GHCR_IMAGE: ghcr.io/link-assistant/formal-ai
2026-10-09T22:08:57.4698577Z   DOCKERHUB_IMAGE: konard/formal-ai
2026-10-09T22:08:57.4698878Z   CARGO_HOME: /home/runner/.cargo
2026-10-09T22:08:57.4699105Z   CARGO_INCREMENTAL: 0
2026-10-09T22:08:57.4699489Z   SCCACHE_PATH: /opt/hostedtoolcache/sccache/0.16.0/x64/sccache
2026-10-09T22:08:57.4716821Z   ACTIONS_CACHE_SERVICE_V2: on
2026-10-09T22:08:57.4717375Z   ACTIONS_RESULTS_URL: https://results-receiver.actions.githubusercontent.com/
2026-10-09T22:08:57.4766591Z   ACTIONS_RUNTIME_TOKEN: ***
2026-10-09T22:08:57.4766851Z   SCCACHE_GHA_ENABLED: true
2026-10-09T22:08:57.4767062Z   RUSTC_WRAPPER: sccache
2026-10-09T22:08:57.4767275Z   TEST_BUDGET_SECONDS: 1080
2026-10-09T22:08:57.4767487Z   TEST_SUITE: specification
2026-10-09T22:08:57.4767688Z   SHARD_INDEX: 3
2026-10-09T22:08:57.4767865Z   SHARD_TOTAL: 4
2026-10-09T22:08:57.4768039Z   RECORD_TEST_TIMES: false
2026-10-09T22:08:57.4768258Z   TEST_WARN_RATIO_PERCENT: 70
2026-10-09T22:08:57.4768467Z ##[endgroup]
2026-10-09T22:08:57.6922995Z Installing rust-script (attempt 1/3)
2026-10-09T22:09:05.1811764Z [1m[92m    Updating[0m crates.io index
2026-10-09T22:09:05.4455353Z [1m[92m  Installing[0m rust-script v0.36.0
2026-10-09T22:09:05.4477649Z [1m[92m    Updating[0m crates.io index
2026-10-09T22:09:05.7122466Z [1m[92m    Updating[0m crates.io index
2026-10-09T22:09:05.8998736Z [1m[92m   Compiling[0m version_check v0.9.5
2026-10-09T22:09:05.8999590Z [1m[92m   Compiling[0m typenum v1.18.0
2026-10-09T22:09:05.9000057Z [1m[92m   Compiling[0m libc v0.2.175
2026-10-09T22:09:05.9013839Z [1m[92m   Compiling[0m memchr v2.7.5
2026-10-09T22:09:06.4827326Z [1m[92m   Compiling[0m generic-array v0.14.7
2026-10-09T22:09:06.5764523Z [1m[92m   Compiling[0m serde v1.0.219
2026-10-09T22:09:08.8093087Z [1m[92m   Compiling[0m utf8parse v0.2.2
2026-10-09T22:09:08.8290298Z [1m[92m   Compiling[0m aho-corasick v1.1.3
2026-10-09T22:09:08.9190913Z [1m[92m   Compiling[0m anstyle-parse v0.2.7
2026-10-09T22:09:09.0199509Z [1m[92m   Compiling[0m colorchoice v1.0.4
2026-10-09T22:09:09.1111686Z [1m[92m   Compiling[0m anstyle-query v1.1.4
2026-10-09T22:09:09.1219463Z [1m[92m   Compiling[0m regex-syntax v0.8.5
2026-10-09T22:09:09.1357910Z [1m[92m   Compiling[0m anstyle v1.0.11
2026-10-09T22:09:09.1871929Z [1m[92m   Compiling[0m is_terminal_polyfill v1.70.1
2026-10-09T22:09:09.2666719Z [1m[92m   Compiling[0m getrandom v0.3.3
2026-10-09T22:09:09.2741207Z [1m[92m   Compiling[0m anstream v0.6.20
2026-10-09T22:09:09.3721048Z [1m[92m   Compiling[0m rustix v1.0.8
2026-10-09T22:09:09.4393791Z [1m[92m   Compiling[0m cfg-if v1.0.1
2026-10-09T22:09:09.5009427Z [1m[92m   Compiling[0m regex-automata v0.4.9
2026-10-09T22:09:09.5334259Z [1m[92m   Compiling[0m bitflags v2.9.1
2026-10-09T22:09:09.5973746Z [1m[92m   Compiling[0m crypto-common v0.1.6
2026-10-09T22:09:09.6332542Z [1m[92m   Compiling[0m block-buffer v0.10.4
2026-10-09T22:09:09.6658808Z [1m[92m   Compiling[0m winnow v0.7.12
2026-10-09T22:09:09.6717425Z [1m[92m   Compiling[0m strsim v0.11.1
2026-10-09T22:09:09.7008740Z [1m[92m   Compiling[0m option-ext v0.2.0
2026-10-09T22:09:09.7719837Z [1m[92m   Compiling[0m clap_lex v0.7.5
2026-10-09T22:09:09.7898103Z [1m[92m   Compiling[0m linux-raw-sys v0.9.4
2026-10-09T22:09:09.8592769Z [1m[92m   Compiling[0m pulldown-cmark v0.13.0
2026-10-09T22:09:09.8620217Z [1m[92m   Compiling[0m unicode-width v0.2.1
2026-10-09T22:09:09.8719137Z [1m[92m   Compiling[0m regex v1.11.1
2026-10-09T22:09:09.9232115Z [1m[92m   Compiling[0m log v0.4.27
2026-10-09T22:09:10.0081262Z [1m[92m   Compiling[0m clap_builder v4.5.44
2026-10-09T22:09:10.0226854Z [1m[92m   Compiling[0m getopts v0.2.23
2026-10-09T22:09:10.0237031Z [1m[92m   Compiling[0m env_filter v0.1.3
2026-10-09T22:09:10.1060299Z [1m[92m   Compiling[0m toml_parser v1.0.2
2026-10-09T22:09:10.1411750Z [1m[92m   Compiling[0m dirs-sys v0.5.0
2026-10-09T22:09:10.2110846Z [1m[92m   Compiling[0m digest v0.10.7
2026-10-09T22:09:10.2826695Z [1m[92m   Compiling[0m serde_spanned v1.0.0
2026-10-09T22:09:10.3031287Z [1m[92m   Compiling[0m toml_datetime v0.7.0
2026-10-09T22:09:10.3033016Z [1m[92m   Compiling[0m fastrand v2.3.0
2026-10-09T22:09:10.3241845Z [1m[92m   Compiling[0m cpufeatures v0.2.17
2026-10-09T22:09:10.3653685Z [1m[92m   Compiling[0m toml_writer v1.0.2
2026-10-09T22:09:10.3846793Z [1m[92m   Compiling[0m once_cell v1.21.3
2026-10-09T22:09:10.3893805Z [1m[92m   Compiling[0m jiff v0.2.15
2026-10-09T22:09:10.3939048Z [1m[92m   Compiling[0m unicase v2.8.1
2026-10-09T22:09:10.5094647Z [1m[92m   Compiling[0m pulldown-cmark-escape v0.11.0
2026-10-09T22:09:10.5098666Z [1m[92m   Compiling[0m tempfile v3.20.0
2026-10-09T22:09:10.5133863Z [1m[92m   Compiling[0m toml v0.9.5
2026-10-09T22:09:10.6215202Z [1m[92m   Compiling[0m sha1 v0.10.6
2026-10-09T22:09:10.6694235Z [1m[92m   Compiling[0m clap v4.5.45
2026-10-09T22:09:10.7355561Z [1m[92m   Compiling[0m dirs v6.0.0
2026-10-09T22:09:10.7462199Z [1m[92m   Compiling[0m shell-words v1.1.0
2026-10-09T22:09:10.7982105Z [1m[92m   Compiling[0m env_logger v0.11.8
2026-10-09T22:09:10.9088695Z [1m[92m   Compiling[0m rust-script v0.36.0
2026-10-09T22:09:28.9702615Z [1m[92m    Finished[0m `release` profile [optimized] target(s) in 30.91s
2026-10-09T22:09:28.9863061Z [1m[92m  Installing[0m /home/runner/.cargo/bin/rust-script
2026-10-09T22:09:29.0083206Z [1m[92m   Installed[0m package `rust-script v0.36.0` (executable `rust-script`)
2026-10-09T22:09:29.0416398Z rust-script 0.36.0
2026-10-09T22:09:29.8361097Z 1185 test(s) in 4 shard(s), each exactly once, longest first
2026-10-09T22:09:29.9303974Z shard 1/4: 369s predicted, 291 test(s)
2026-10-09T22:09:29.9305711Z shard 2/4: 369s predicted, 294 test(s)
2026-10-09T22:09:29.9306113Z shard 3/4: 368s predicted, 305 test(s)
2026-10-09T22:09:29.9306485Z shard 4/4: 369s predicted, 295 test(s)
2026-10-09T22:09:30.0358971Z shard 3/4: 305 unit test(s)
2026-10-09T22:09:30.0403989Z 
2026-10-09T22:09:30.0404387Z running 305 tests
2026-10-09T22:09:30.3818463Z test specification::agent_isolation::agent_failures_are_visible ... ok
2026-10-09T22:09:30.4260625Z test specification::agent_isolation::agent_mode_does_not_leak_host_env_vars ... ok
2026-10-09T22:09:30.5300641Z test specification::agent_isolation::agent_mode_enforces_time_budget ... ok
2026-10-09T22:09:30.5427593Z test specification::agent_isolation::agent_mode_is_off_by_default ... ok
2026-10-09T22:09:30.6299087Z test specification::agent_isolation::agent_actions_are_appended_to_visible_log ... ok
2026-10-09T22:09:30.7650655Z test specification::agent_isolation::chat_mode_never_runs_user_supplied_shell_commands ... ok
2026-10-09T22:09:30.8700517Z test specification::agent_isolation::destructive_agent_actions_require_confirmation ... ok
2026-10-09T22:09:30.9981260Z test specification::agent_isolation::agent_mode_opt_in_is_explicit_and_logged ... ok
2026-10-09T22:09:31.0000627Z test specification::agentic_meta_algorithm::meta_constants_are_declared_in_named_source ... ok
2026-10-09T22:09:31.0025569Z test specification::agent_isolation::agent_execution_runs_in_isolated_environment ... ok
2026-10-09T22:09:31.0026685Z test specification::agentic_meta_algorithm::meta_recipe_steps_are_complete_and_ordered ... ok
2026-10-09T22:09:31.0028180Z test specification::arbitrary_skill_compilation::arbitrary_four_step_procedure_compiles_executes_and_restates_its_steps ... ok
2026-10-09T22:09:31.0673400Z test specification::arbitrary_skill_compilation::agentic_planner_localizes_an_honest_unpersisted_artifact ... ok
2026-10-09T22:09:31.0900960Z test specification::agent_isolation::switching_to_chat_revokes_agent_privileges ... ok
2026-10-09T22:09:31.1149703Z test specification::agent_isolation::agent_mode_opt_in_is_logged_across_supported_languages ... ok
2026-10-09T22:09:31.1170180Z test specification::associative_packages::imported_compiled_skill_package_replays_without_rust_edits ... ok
2026-10-09T22:09:31.1199868Z test specification::behavior_delta::a_delta_is_deterministic_across_runs ... ok
2026-10-09T22:09:31.1229968Z test specification::behavior_delta::one_regression_anywhere_blocks_adoption ... ok
2026-10-09T22:09:31.1231175Z test specification::arbitrary_skill_compilation::uncompilable_step_reports_a_named_gap_and_compiles_nothing_partially ... ok
2026-10-09T22:09:31.1530587Z test specification::arbitrary_skill_compilation::public_cli_executes_the_persisted_artifact_with_the_same_interpreter ... ok
2026-10-09T22:09:31.3420806Z test specification::behavior_rules::the_knowledge_export_reads_its_example_prompts_from_the_seed ... ok
2026-10-09T22:09:32.0901065Z test specification::arbitrary_skill_compilation::compiled_artifact_round_trips_executes_and_explains_without_recompiling_user_prose ... ok
2026-10-09T22:09:32.4331125Z test specification::behavior_rules::behavior_rules_count_followup_answers_reported_russian_prompt ... ok
2026-10-09T22:09:34.5849941Z test specification::behavior_rules::behavior_rules_short_list_phrase_covers_supported_languages ... ok
2026-10-09T22:10:31.3415891Z test specification::benchmarks::issue_304_benchmark_suite_reports_pass_fail_counts has been running for over 60 seconds
2026-10-09T22:10:32.0901577Z test specification::benchmarks::issue_314_numeric_benchmark_cases_compute_with_trace has been running for over 60 seconds
2026-10-09T22:10:32.4332464Z test specification::benchmarks::issue_315_unseen_python_function_synthesizes_without_seed_hit has been running for over 60 seconds
2026-10-09T22:10:34.5851095Z test specification::benchmarks::issue_704_portfolio_rescues_the_industry_search_case has been running for over 60 seconds
2026-10-09T22:12:42.9631719Z test specification::benchmarks::issue_304_benchmark_suite_reports_pass_fail_counts ... ok
2026-10-09T22:12:42.9635164Z test specification::budget_search_meta_algorithm::meta_algorithm_doc_explains_and_links_the_recipe ... ok
2026-10-09T22:12:42.9636206Z test specification::budget_search_meta_algorithm::meta_recipe_roles_match_live_constants_and_seed ... ok
2026-10-09T22:12:43.1087342Z test specification::calculator_delegation::calculator_currency_conversion_is_exempt_from_prose_rejection ... ok
2026-10-09T22:12:43.3920790Z test specification::calculator_delegation::calculator_explains_usd_rate_basis_prompts ... ok
2026-10-09T22:12:43.6124725Z test specification::calculator_delegation::calculator_handles_chinese_variations ... ok
2026-10-09T22:12:43.8260416Z test specification::calculator_delegation::calculator_handles_hindi_variations ... ok
2026-10-09T22:12:43.8601371Z test specification::calculator_delegation::calculator_handles_word_operators_after_upstream_fix ... ok
2026-10-09T22:12:44.0940584Z test specification::benchmarks::issue_314_numeric_benchmark_cases_compute_with_trace ... ok
2026-10-09T22:12:44.4972365Z test specification::calculator_delegation::placeholder_unknown_equations_are_solved_instead_of_reported_unknown ... ok
2026-10-09T22:12:44.4982704Z test specification::capability_routing_table::no_two_rows_claim_the_same_triple ... ok
2026-10-09T22:12:44.6759049Z test specification::chat_surface::behavior_rule_can_be_taught_with_russian_phrasing ... ok
2026-10-09T22:12:45.0373913Z test specification::chat_surface::behavior_rule_grammar::behavior_rule_detail_includes_topic_and_when_then_in_links ... ok
2026-10-09T22:12:45.0650781Z test specification::capabilities::web_search_capability_questions_are_supported_across_languages ... ok
2026-10-09T22:12:45.1725249Z test specification::chat_surface::behavior_rule_grammar::behavior_rule_teach_supports_chinese_dang_shi_grammar ... ok
2026-10-09T22:12:45.2796472Z test specification::chat_surface::behavior_rule_grammar::behavior_rule_teach_supports_hindi_jab_tab_grammar ... ok
2026-10-09T22:12:45.3887927Z test specification::chat_surface::behavior_rule_teach_supports_russian_esli_grammar ... ok
2026-10-09T22:12:46.2315839Z test specification::chat_surface::behavior_rule_grammar::behavior_rule_listing_renders_when_then_statements_grouped_by_topic ... ok
2026-10-09T22:12:46.3203814Z test specification::chat_surface::capabilities_answer_in_hindi_advertises_behavior_rule_commands ... ok
2026-10-09T22:12:46.4210766Z test specification::chat_surface::diagnostics_are_excluded_from_default_user_facing_answers ... ok
2026-10-09T22:12:46.4791357Z test specification::chat_surface::behavior_rules_can_be_listed_and_read_through_chat ... ok
2026-10-09T22:12:46.5200281Z test specification::chat_surface::every_answer_exposes_a_trace_link_for_inspection ... ok
2026-10-09T22:12:46.5420309Z test specification::chat_surface::greeting_matching_is_case_insensitive ... ok
2026-10-09T22:12:46.6133707Z test specification::chat_surface::links_notation_trace_is_present_for_every_answer ... ok
2026-10-09T22:12:46.6188976Z test specification::chat_surface::physical_action_question_reply_is_factual_no ... ok
2026-10-09T22:12:46.6190177Z test specification::chat_surface::unknown_answer_is_strict_superset_of_seed_opener ... ok
2026-10-09T22:12:46.6193053Z test specification::chat_surface::unknown_answer_uses_different_opener_for_different_prompts ... ok
2026-10-09T22:12:46.6584479Z test specification::chat_surface::self_facts_query_works_for_chinese_speakers ... ok
2026-10-09T22:12:46.6840424Z test specification::chat_surface::user_messages_are_recorded_as_impulse_events ... ok
2026-10-09T22:12:46.7087414Z test specification::code_generation::follow_up::english_code_answer_explains_and_instructs ... ok
2026-10-09T22:12:46.7586122Z test specification::code_generation::follow_up::unavailable_language_explains_and_instructs ... ok
2026-10-09T22:12:46.7777069Z test specification::code_generation::single_turn::code_answers_include_execution_links_in_notation ... ok
2026-10-09T22:12:46.8007677Z test specification::code_generation::single_turn::go_hello_world_seed_runs ... ok
2026-10-09T22:12:46.8196514Z test specification::code_generation::single_turn::javascript_hello_world_seed_runs ... ok
2026-10-09T22:12:46.8654033Z test specification::code_generation::single_turn::python_hello_world_seed_runs ... ok
2026-10-09T22:12:47.7513755Z test specification::code_generation::follow_up::follow_up_code_edit_omits_setup_steps ... ok
2026-10-09T22:12:47.7816445Z test specification::code_generation::single_turn::russian_transliteration_хелло_ворлд_на_расте_returns_rust ... ok
2026-10-09T22:12:47.7985010Z test specification::code_generation::single_turn::rust_hello_world_seed_compiles_and_runs ... ok
2026-10-09T22:12:47.8288223Z test specification::code_generation::single_turn::typescript_hello_world_seed_reports_unavailable_execution ... ok
2026-10-09T22:12:47.8407086Z test specification::code_generation::task_catalog::english_recursive_fibonacci_in_python_returns_program ... ok
2026-10-09T22:12:47.8699140Z test specification::code_generation::task_catalog::russian_factorial_of_five_in_python_returns_program ... ok
2026-10-09T22:12:50.1009568Z test specification::benchmarks::issue_315_unseen_python_function_synthesizes_without_seed_hit ... ok
2026-10-09T22:12:50.9420301Z test specification::benchmarks::issue_704_portfolio_rescues_the_industry_search_case ... ok
2026-10-09T22:12:56.3258808Z test specification::code_generation_blueprint::python_http_json_statistics_request_returns_blueprint_program ... ok
2026-10-09T22:12:56.8005874Z test specification::code_generation_blueprint::travel_planner_request_returns_python_blueprint_program ... ok
2026-10-09T22:12:56.8007660Z test specification::coding_modification_benchmarks::issue_362_external_edit_datasets_download_on_test_only ... ignored, network benchmark: set FORMAL_AI_BULK_BENCHMARK=1 to fetch external code-edit datasets
2026-10-09T22:12:56.8009395Z test specification::computer_use_meta_algorithm::every_data_and_evidence_file_the_recipe_names_exists ... ok
2026-10-09T22:12:56.8010565Z test specification::computer_use_meta_algorithm::meta_recipe_steps_are_contiguously_ordered_and_carry_an_invariant ... ok
2026-10-09T22:12:56.8013424Z test specification::conversation_history::natural_language_query_searches_persisted_memory_events ... ok
2026-10-09T22:12:56.8765220Z test specification::conversation_history::russian_previous_user_question_skips_assistant_and_meta_recall_turns ... ok
2026-10-09T22:12:56.9601926Z test specification::conversation_history::solve_with_history_searches_dialog_history_in_hindi ... ok
2026-10-09T22:12:57.3889539Z test specification::conversational_reverification::assistant_name_can_be_set_and_recalled_in_every_language ... ok
2026-10-09T22:12:57.5944664Z test specification::code_generation::single_turn::russian_program_request_with_unknown_task_is_not_unknown ... ok
2026-10-09T22:12:57.5945554Z test specification::cue_lexicon::every_consulted_cue_set_is_present_with_the_expected_mode ... ok
2026-10-09T22:12:57.5946277Z test specification::cue_lexicon::token_mode_respects_word_boundaries ... ok
2026-10-09T22:12:58.6594666Z test specification::debug_session::a_served_chat_turn_answers_only_after_its_last_stage ... FAILED
2026-10-09T22:12:58.6697966Z test specification::debug_session::each_advance_reveals_exactly_one_stage_and_a_repeat_records_nothing ... ok
2026-10-09T22:12:58.6699111Z test specification::debug_session::the_banner_prints_only_a_generated_token ... ok
2026-10-09T22:12:58.7680923Z test specification::definition_fusion::definition_merge_unknown_term_falls_back_to_unknown_intent ... ok
2026-10-09T22:12:58.7731804Z test specification::desktop_surface::desktop_memory_import_export_round_trips_full_bundle ... ok
2026-10-09T22:12:58.7732758Z test specification::desktop_surface::desktop_service_control_starts_and_stops_prepared_containers ... ok
2026-10-09T22:12:58.7734299Z test specification::desktop_surface::desktop_web_surface_exposes_status_permissions_and_http_chat_path ... ok
2026-10-09T22:12:58.7737494Z test specification::document_verification_meta_algorithm::meta_recipe_functions_exist_in_named_source ... ok
2026-10-09T22:12:58.7739909Z test specification::document_verification_meta_algorithm::meta_recipe_steps_are_complete_and_ordered ... ok
2026-10-09T22:12:58.7744415Z test specification::dreaming_meta_algorithm::meta_recipe_functions_exist_in_named_source ... ok
2026-10-09T22:12:58.7747609Z test specification::equation_corpus::issue_891_equation_corpus_is_well_formed ... ok
2026-10-09T22:12:58.7748429Z test specification::execution_evidence::an_absent_exit_code_is_recorded_as_none_not_as_zero ... ok
2026-10-09T22:12:58.7753618Z test specification::external_benchmarks::an_unrunnable_suite_is_recorded_as_benchmark_unavailable ... ok
2026-10-09T22:12:58.7755291Z test specification::external_benchmarks::offline_and_online_reruns_of_one_day_are_recorded_as_two_rows ... ok
2026-10-09T22:12:58.7996851Z test specification::external_benchmarks::recorded_upstream_pass_count_may_never_regress ... ok
2026-10-09T22:12:58.8254620Z test specification::external_benchmarks::upstream_records_are_parsed_into_gradable_cases ... ok
2026-10-09T22:12:58.9762791Z test specification::film_release_order::spider_man_release_order_variants_route_to_same_fact ... ok
2026-10-09T22:12:58.9764240Z test specification::formalization::arbitrary_statement_maps_predicate_and_nouns_to_wikidata_ids ... ok
2026-10-09T22:12:59.0249602Z test specification::formalization::solver_evidence_exposes_formalization_ids_for_downstream_selection ... ok
2026-10-09T22:12:59.0266556Z test specification::formalization::unanchored_unknown_terms_are_flagged_for_later_translation_gaps ... ok
2026-10-09T22:12:59.2339110Z test specification::github_repository_traffic::github_repository_traffic_questions_are_multilingual ... ok
2026-10-09T22:12:59.2340564Z test specification::grounded_action_meta_algorithm::grounded_action_recipe_has_eight_ordered_topic_neutral_steps ... ok
2026-10-09T22:12:59.2398127Z test specification::intent_formalization::fronted_interrogative_opener_classifies_prompt_as_question ... ok
2026-10-09T22:12:59.3030004Z test specification::intent_formalization::repeated_prompt_hits_intent_formalization_cache ... ok
2026-10-09T22:12:59.3067540Z test specification::issue_893_summarization_validation::issue_893_iterations_validate_two_files_each_until_stable_or_bounded ... ok
2026-10-09T22:12:59.3069392Z test specification::issue_893_summarization_validation::issue_893_protocol_prose_is_seeded_in_every_registered_language ... ok
2026-10-09T22:12:59.4023095Z test specification::links_network::answer_record_retains_actual_prior_turns_before_the_current_impulse ... ok
2026-10-09T22:12:59.4643226Z test specification::links_network::every_answer_has_a_trace_link_pointer ... ok
2026-10-09T22:12:59.5307117Z test specification::links_network::history_is_append_only ... ok
2026-10-09T22:12:59.5349987Z test specification::links_network::knowledge_export_is_reducible_to_doublet_links ... ok
2026-10-09T22:12:59.5381509Z test specification::links_network::source_qualified_definition_slots::seeded_slots_keep_provider_distinct_from_subject ... ok
2026-10-09T22:12:59.5384719Z test specification::links_network_terminology_meta_algorithm::meta_recipe_functions_exist_in_named_source ... ok
2026-10-09T22:12:59.5386350Z test specification::links_network_terminology_meta_algorithm::meta_recipe_tests_pin_the_behaviour ... ok
2026-10-09T22:12:59.5388491Z test specification::market_price_verification_meta_algorithm::meta_recipe_groundings_resolve_to_cached_external_entities ... ok
2026-10-09T22:12:59.5412521Z test specification::memory_query::append_is_recognised_across_languages ... ok
2026-10-09T22:12:59.5414369Z test specification::meta_algorithm::meta_recipe_benchmark_is_pinned_by_a_ratchet_test ... ok
2026-10-09T22:12:59.5449521Z test specification::meta_algorithm::meta_recipe_parity_targets_exist_in_worker ... ok
2026-10-09T22:12:59.5450354Z test specification::meta_construction::both_directions_are_the_default_depth_floor ... ok
2026-10-09T22:12:59.5523023Z test specification::meta_construction::construction_visits_every_unit_once_in_post_order ... ok
2026-10-09T22:12:59.5768551Z test specification::conversational_reverification::free_time_answers_are_prompt_stable_but_not_one_canned_reply ... ok
2026-10-09T22:12:59.5874650Z test specification::meta_frame::conjunction_prompt_decomposes_into_atomic_leaves ... ok
2026-10-09T22:12:59.5990062Z test specification::meta_frame::every_need_is_accounted_for_with_a_non_pending_status ... ok
2026-10-09T22:12:59.6028552Z test specification::meta_frame::frame_serializes_to_grounded_links_notation ... ok
2026-10-09T22:12:59.6181865Z test specification::meta_frame::need_ids_are_stable_and_unique ... ok
2026-10-09T22:12:59.6201232Z test specification::meta_frame::single_intent_prompt_yields_exactly_one_need ... ok
2026-10-09T22:12:59.6228881Z test specification::meta_construction::the_knob_changes_only_the_trace_not_the_answer ... ok
2026-10-09T22:12:59.6293880Z test specification::meta_reasoning::decision_slugs_are_drawn_from_the_known_set ... ok
2026-10-09T22:12:59.6294897Z test specification::meta_self_improvement::non_record_functions_are_ignored_so_helpers_are_not_flagged ... ok
2026-10-09T22:12:59.6295876Z test specification::meta_self_improvement::the_loop_sees_every_record_stage_the_pipeline_runs ... ok
2026-10-09T22:12:59.6298768Z test specification::method_registry::a_learned_method_with_an_unbound_operation_is_not_dispatched_and_is_named ... ok
2026-10-09T22:12:59.6299964Z test specification::method_registry::every_contextual_method_is_a_real_override_arm ... ok
2026-10-09T22:12:59.6300945Z test specification::method_registry::registry_order_starts_with_prelude_and_promotes_relevant_methods ... ok
2026-10-09T22:12:59.6304752Z test specification::method_registry::the_registry_event_lists_every_heuristic_with_its_role_and_order ... ok
2026-10-09T22:12:59.6324289Z test specification::meta_reasoning::reasoning_tree_mirrors_the_work_unit_tree ... ok
2026-10-09T22:12:59.6881121Z test specification::multilingual::chinese_concept_question_returns_concept_lookup_intent ... ok
2026-10-09T22:12:59.7150167Z test specification::multilingual::chinese_iir_in_ml_returns_context_aware_concept_lookup ... ok
2026-10-09T22:12:59.7550740Z test specification::multilingual::english_iir_in_ml_body_uses_english_native_term ... ok
2026-10-09T22:12:59.8284394Z test specification::multilingual::hindi_identity_question_returns_identity_intent ... ok
2026-10-09T22:12:59.8942392Z test specification::multilingual::graph_questions_promote_links_notation_context_across_supported_languages ... ok
2026-10-09T22:12:59.9102580Z test specification::multilingual::reported_prompts::english_dont_understand_variant_returns_clarification_intent ... ok
2026-10-09T22:12:59.9776575Z test specification::multilingual::reported_prompts::kupi_slona_answer_includes_traditional_reply ... ok
2026-10-09T22:12:59.9859646Z test specification::multilingual::reported_prompts::russian_did_not_understand_returns_clarification_intent ... ok
2026-10-09T22:13:00.0174093Z test specification::multilingual::russian_antiregime_question_returns_seeded_concept_lookup ... ok
2026-10-09T22:13:00.0666344Z test specification::multilingual::reported_prompts::russian_nonsensical_question_returns_unknown_intent ... ok
2026-10-09T22:13:00.0749403Z test specification::multilingual::russian_capabilities_question_returns_capabilities_intent ... ok
2026-10-09T22:13:00.0969551Z test specification::multilingual::russian_concept_question_returns_concept_lookup_intent ... ok
2026-10-09T22:13:00.1530732Z test specification::multilingual::russian_iir_in_ml_returns_context_aware_concept_lookup ... ok
2026-10-09T22:13:00.1561653Z test specification::multilingual::russian_greeting_returns_greeting_intent ... ok
2026-10-09T22:13:00.2112875Z test specification::natural_language_access::natural_language_code_execution_requires_agent_mode ... ok
2026-10-09T22:13:00.2604737Z test specification::natural_language_access::natural_language_web_search_api_call_records_parameters_and_result ... ok
2026-10-09T22:13:00.2606050Z test specification::natural_language_skill_compilation::permissioned_skill_requires_explicit_package_permission ... ok
2026-10-09T22:13:00.2607019Z test specification::needs::a_satisfied_need_names_the_evidence_that_satisfied_it ... ok
2026-10-09T22:13:00.2616077Z test specification::nemotron_training_samples::issue_482_nemotron_training_sample_fixture_is_well_formed ... ok
2026-10-09T22:13:00.2703162Z test specification::multilingual::unknown_language_prompts_fall_back_to_english_with_unknown_language_link ... ok
2026-10-09T22:13:00.2722553Z test specification::network_visualization::graph_endpoint_returns_404_for_unknown_trace ... ok
2026-10-09T22:13:00.2786202Z test specification::network_visualization::network_endpoint_is_the_canonical_route_and_not_deprecated ... ok
2026-10-09T22:13:00.2904347Z test specification::network_visualization::graph_alias_payload_matches_network_for_dot_and_trace_variants ... ok
2026-10-09T22:13:00.3374530Z test specification::obligation_ledger::an_underivable_node_is_split_before_it_is_called_unsatisfiable ... ok
2026-10-09T22:13:00.3378635Z test specification::obligation_ledger::outer_enumerations_preserve_complete_literals_and_byte_spans ... ok
2026-10-09T22:13:00.3855827Z test specification::obligation_ledger::the_split_is_bounded_by_the_existing_split_depth_bound ... ok
2026-10-09T22:13:00.5745420Z test specification::openai_compatibility::chat_completion_accepts_multipart_content ... ok
2026-10-09T22:13:00.6385414Z test specification::openai_compatibility::chat_completion_includes_standard_reasoning_content ... ok
2026-10-09T22:13:00.6915697Z test specification::openai_compatibility::chat_completion_supports_multi_turn_conversation ... ok
2026-10-09T22:13:01.2757331Z test specification::null_content_tool_calls::chat_completion_endpoint_accepts_explicit_null_content ... ok
2026-10-09T22:13:01.4928619Z test specification::openai_compatibility::http_chat_completions_route_returns_completion_object ... ok
2026-10-09T22:13:01.4936380Z test specification::openai_compatibility::http_openai_surfaces_reject_unsupported_explicit_model_ids ... ok
2026-10-09T22:13:01.4939099Z test specification::openai_compatibility::http_unknown_route_returns_404 ... ok
2026-10-09T22:13:01.4945179Z test specification::openai_compatibility::rate_limit_metadata_is_exposed ... ok
2026-10-09T22:13:01.7865257Z test specification::openai_compatibility::responses_endpoint_returns_completed_response ... ok
2026-10-09T22:13:02.0101368Z test specification::openai_compatibility::streaming_chat_completion_emits_server_sent_events ... ok
2026-10-09T22:13:02.0102705Z test specification::probabilistic_reasoning::counted_utility::counted_utility_prefers_frequently_confirmed_transition ... ok
2026-10-09T22:13:02.0103776Z test specification::probabilistic_reasoning::counted_utility::transition_count_threshold_withholds_under_evidenced_evidence ... ok
2026-10-09T22:13:02.0106022Z test specification::probabilistic_reasoning::decision_policy::default_decision_policy_is_a_no_op_overlay ... ok
2026-10-09T22:13:02.0107531Z test specification::probabilistic_reasoning::decision_policy::reinforce_transition_path_replays_into_event_log_and_link_store ... ok
2026-10-09T22:13:02.0126853Z test specification::probabilistic_reasoning::evidence_core::empty_probability_store_preserves_selection_for_supported_languages ... ok
2026-10-09T22:13:02.1049497Z test specification::probabilistic_reasoning::evidence_core::probability_margin_feeds_clarify_vs_guess_policy ... ok
2026-10-09T22:13:02.1051421Z test specification::probabilistic_reasoning::ranking_mechanics::counted_utility_scales_linearly_with_evidence_count ... ok
2026-10-09T22:13:02.1052574Z test specification::probabilistic_reasoning::ranking_mechanics::from_records_exposes_preserved_records ... ok
2026-10-09T22:13:02.1066471Z test specification::probabilistic_reasoning::ranking_mechanics::offline_filter_reduces_both_weight_and_evidence_count ... ok
2026-10-09T22:13:02.1067637Z test specification::probabilistic_reasoning::ranking_mechanics::single_candidate_has_full_probability_and_unit_margin ... ok
2026-10-09T22:13:02.1068786Z test specification::probabilistic_reasoning::ranking_mechanics::temperature_zero_is_deterministic_argmax_over_posterior ... ok
2026-10-09T22:13:02.1070139Z test specification::probabilistic_reasoning::similarity_fallback::nearest_similar_evidence_skips_self_and_zero_count_and_low_similarity ... ok
2026-10-09T22:13:02.1071330Z test specification::probabilistic_reasoning::similarity_fallback::symbolic_cosine_similarity_is_case_and_order_insensitive ... ok
2026-10-09T22:13:02.1072454Z test specification::probabilistic_reasoning::similarity_fallback::symbolic_cosine_similarity_rewards_shared_tokens ... ok
2026-10-09T22:13:02.9638026Z test specification::procedural_howto_benchmarks::issue_444_procedural_howto_suite_routes_each_case ... ok
2026-10-09T22:13:03.0123763Z test specification::project_lookups::curated_project_concept_prompt_routes_to_project_lookup ... ok
2026-10-09T22:13:03.0384581Z test specification::project_lookups::github_repository_url_routes_to_generic_project_lookup ... ok
2026-10-09T22:13:03.1755931Z test specification::project_lookups::issue_556_repository_lookup_language_followup_reanswers_in_russian ... ok
2026-10-09T22:13:03.2241239Z test specification::project_lookups::russian_hive_mind_prompt_prefers_link_assistant_project ... ok
2026-10-09T22:13:04.0254652Z test specification::prompt_variations::concept_lookup_matrix_is_classified_as_concept_lookup_across_languages ... ok
2026-10-09T22:13:04.6547095Z test specification::openai_compatibility::http_openai_surfaces_accept_model_aliases_and_return_canonical_model ... ok
2026-10-09T22:13:05.3551465Z test specification::prompt_variations::factual_qna_matrix_records_wikidata_anchor ... ok
2026-10-09T22:13:05.7089151Z test specification::prompt_variations::hello_world_matrix_emits_a_code_block_per_language ... ok
2026-10-09T22:13:05.8007293Z test specification::prompt_variations::refusal_matrix_routes_to_policy_inappropriate_content ... ok
2026-10-09T22:13:05.8410823Z test specification::prompt_variations_facts::capital_matrix_records_structured_fact_query_trace ... ok
2026-10-09T22:13:06.2010799Z test specification::prompt_variations::greeting_matrix_is_classified_as_greeting_across_languages ... ok
2026-10-09T22:13:06.3950481Z test specification::pronoun_topic_follow_up::rust_creator_fact_is_available_across_supported_languages ... ok
2026-10-09T22:13:06.6337631Z test specification::prompt_variations_facts::capital_matrix_resolves_every_seeded_country ... ok
2026-10-09T22:13:06.6340705Z test specification::question_generation_lexicon::seed_tier_curve_reproduces_halving_behavior ... ok
2026-10-09T22:13:06.7559827Z test specification::reasoning_loop::handler_families_publish_loop_events_as_recursion_leaves ... ok
2026-10-09T22:13:06.8278332Z test specification::reasoning_loop::step_1_prompt_is_recorded_as_impulse ... ok
2026-10-09T22:13:07.0728070Z test specification::reasoning_loop::step_6_candidates_are_validated_against_constraints ... ok
2026-10-09T22:13:07.1499576Z test specification::pronoun_topic_follow_up::seeded_coreference_contexts_reject_embedded_word_surfaces ... ok
2026-10-09T22:13:07.1630030Z test specification::reasoning_loop::unknown_prompts_acknowledge_inability_to_answer ... ok
2026-10-09T22:13:07.1847497Z test specification::reasoning_paths::arithmetic_handles_large_integer_multiplication_without_overflow ... ok
2026-10-09T22:13:07.2011047Z test specification::reasoning_paths::arithmetic_records_calculation_event_in_evidence_log ... ok
2026-10-09T22:13:07.2352094Z test specification::reasoning_paths::concept_lookup_answers_what_is_wikipedia ... ok
2026-10-09T22:13:07.2794979Z test specification::reasoning_paths::concept_lookup_includes_source_citation ... ok
2026-10-09T22:13:07.3391490Z test specification::reasoning_paths::extended::calendar_create_event_hindi ... ok
2026-10-09T22:13:07.4671649Z test specification::reasoning_paths::calendar_reasoning_answers_current_day_questions_across_supported_languages ... ok
2026-10-09T22:13:07.5160607Z test specification::reasoning_paths::how_does_it_work_is_not_unknown ... ok
2026-10-09T22:13:07.5308494Z test specification::reasoning_paths::extended::every_specialized_handler_emits_a_trace_link ... ok
2026-10-09T22:13:07.5797587Z test specification::reasoning_paths::how_it_works_followup_records_followup_event_in_evidence ... ok
2026-10-09T22:13:07.5858565Z test specification::reasoning_paths::javascript_request_returns_explicit_unavailability ... ok
2026-10-09T22:13:07.6186221Z test specification::reasoning_paths::selected_registry_method_is_recorded_as_a_meta_method ... ok
2026-10-09T22:13:07.6408519Z test specification::reasoning_paths::solve_with_history_summarizes_conversation ... ok
2026-10-09T22:13:07.6776347Z test specification::reasoning_paths::solve_with_history_summarizes_conversation_single_word_summarize ... ok
2026-10-09T22:13:07.7067951Z test specification::reasoning_paths_procedures::how_to_make_tea_uses_source_backed_procedure_plan ... ok
2026-10-09T22:13:07.7590506Z test specification::reasoning_paths_procedures::pandas_join_method_question_uses_official_docs_summary ... ok
2026-10-09T22:13:07.7592834Z test specification::reasoning_standard_meta_algorithm::reasoning_standard_recipe_functions_exist_in_named_source ... ok
2026-10-09T22:13:07.7593971Z test specification::reasoning_standard_meta_algorithm::the_meta_core_runs_the_audit_with_no_mode_in_front_of_it ... ok
2026-10-09T22:13:07.9024684Z test specification::reasoning_paths_procedures::procedural_request_surfaces_stay_multilingual_after_elided_gate ... ok
2026-10-09T22:13:07.9222949Z test specification::recipe_interpreter::executing_the_recipe_reproduces_the_pipeline_trace_in_the_quiet_modes ... ok
2026-10-09T22:13:07.9224015Z test specification::recipe_interpreter::the_program_parses_fourteen_contiguously_ordered_steps ... ok
2026-10-09T22:13:07.9225948Z test specification::recursive_core_recipe::recursive_core_recipe_steps_are_complete_and_ordered ... ok
2026-10-09T22:13:07.9226868Z test specification::refutation_search::observing_a_result_kills_every_contradicted_hypothesis_and_names_the_experiment ... ok
2026-10-09T22:13:08.0096314Z test specification::relative_date_scheduling::issue_435_relative_tomorrow_call_is_scheduled ... ok
2026-10-09T22:13:08.0097280Z test specification::release_order_snapshot::an_undated_work_is_never_reported_as_released ... ok
2026-10-09T22:13:08.0098546Z test specification::release_order_snapshot::stale_snapshot_still_answers_but_flags_the_gap ... ok
2026-10-09T22:13:08.0102938Z test specification::repository_workspace_protocol::protocol_document_matches_the_live_source ... ok
2026-10-09T22:13:08.1316703Z test specification::response_language_followup::identity_follow_up_retargets_between_non_english_languages ... ok
2026-10-09T22:13:08.1363182Z test specification::response_language_meta_algorithm::meta_recipe_parity_targets_exist_in_both_runtimes ... ok
2026-10-09T22:13:08.1364689Z test specification::response_language_meta_algorithm::meta_recipe_tests_pin_the_behaviour ... ok
2026-10-09T22:13:08.1365773Z test specification::route_method_alias::method_for_route_resolves_directly_and_via_alias ... ok
2026-10-09T22:13:08.1366600Z test specification::routing_precedence::precedence_orders_by_rank_links_not_document_position ... ok
2026-10-09T22:13:08.1384823Z test specification::routing_precedence::rust_and_browser_worker_share_specialized_precedence ... ok
2026-10-09T22:13:08.1386071Z test specification::routing_precedence::the_parity_fixture_no_longer_claims_order_parity_is_impossible ... ok
2026-10-09T22:13:08.1445473Z test specification::selection::an_unroutable_leaf_is_unresolved ... ok
2026-10-09T22:13:08.1459962Z test specification::selection::record_is_the_default_and_off_emits_no_artifact ... ok
2026-10-09T22:13:08.1503764Z test specification::selection::serialization_shows_the_resolved_method ... ok
2026-10-09T22:13:08.1505337Z test specification::selection_heuristics::no_ranking_key_depends_on_wall_clock ... ok
2026-10-09T22:13:08.5533105Z test specification::self_awareness_prompts::nearby_prompt_variations_have_documented_exact_answers ... ok
2026-10-09T22:13:08.6040394Z test specification::self_hosting_metric::a_committed_evidence_directory_resolves_its_nested_transcripts ... ok
2026-10-09T22:13:08.6921982Z test specification::self_hosting_metric::an_ineligible_cycle_is_blocked_from_the_first_push ... ok
2026-10-09T22:13:08.6923476Z test specification::self_hosting_metric::evidence_floor::a_reviewed_override_is_honoured_from_a_cycle_below_the_floor ... ok
2026-10-09T22:13:08.8235710Z test specification::self_hosting_metric::release_cycle_requires_a_session_backed_merged_pull_request ... ok
2026-10-09T22:13:08.9071506Z test specification::self_hosting_metric::retraction::a_retraction_also_withdraws_the_commit_from_the_release_floor ... ok
2026-10-09T22:13:09.0206145Z test specification::self_hosting_metric::retraction::a_stale_retraction_does_not_restore_the_claims_the_others_withdraw ... ok
2026-10-09T22:13:09.0474082Z 4827dfc fixture: authoring loop landing
2026-10-09T22:13:09.0474799Z Formal-AI-Session: ses_authoringfixture
2026-10-09T22:13:09.0475063Z Formal-AI-Model: formal-ai/0.352.1
2026-10-09T22:13:09.0475393Z Formal-AI-Evidence: evidence
2026-10-09T22:13:09.0475923Z Formal-AI-Pull-Request: https://github.com/link-assistant/formal-ai/pull/1138
2026-10-09T22:13:09.0476196Z 
2026-10-09T22:13:09.0574799Z test specification::self_hosting_metric::solve_attribution::the_live_authoring_loop_lands_a_commit_the_canonical_parser_accepts ... ok
2026-10-09T22:13:09.0576314Z test specification::self_improvement::benchmark_gate_blocks_adoption_when_ratchet_would_regress ... ok
2026-10-09T22:13:09.1250654Z test specification::shared_dialog_replay::chatgpt_shared_shell_loop_prompt_returns_readable_single_line ... ok
2026-10-09T22:13:09.1309740Z test specification::skill_ledger::a_blocked_need_becomes_a_curriculum_item_without_proposing_a_skill ... ok
2026-10-09T22:13:09.1416416Z test specification::skill_ledger::every_trail_is_accounted_for_as_a_skill_or_a_curriculum_item ... ok
2026-10-09T22:13:09.1522803Z test specification::skill_ledger::the_ledger_serializes_as_links_notation ... ok
2026-10-09T22:13:09.1580586Z test specification::solution_evidence::routed_prompt_is_accounted_for_but_not_satisfied_before_execution ... ok
2026-10-09T22:13:09.2574470Z test specification::source_cache::conflicting_sources_are_surfaced ... ok
2026-10-09T22:13:09.4388282Z test specification::source_cache::repeated_lookups_hit_the_cache ... ok
2026-10-09T22:13:09.5244803Z test specification::source_cache::unfetched_sources_do_not_carry_fabricated_timestamps ... ok
2026-10-09T22:13:09.5245869Z test specification::source_reconstruction::offline_reconstruction_reports_unavailable_and_never_synthesizes ... ok
2026-10-09T22:13:09.7192935Z test specification::stroller_baggage_fact::air_india_stroller_baggage_variants_route_to_same_fact ... ok
2026-10-09T22:13:09.7871264Z test specification::substitution_rules::rust_handler_behavior_can_be_expressed_as_substitution_rule_data ... ok
2026-10-09T22:13:09.7876911Z test specification::summarization_pipeline::default_max_statements_is_thirty ... ok
2026-10-09T22:13:09.7877766Z test specification::summarization_pipeline::directory_short_summary_bounds_listed_children ... ok
2026-10-09T22:13:09.7878657Z test specification::summarization_pipeline::formalize_dialog_biases_user_turns_above_assistant_turns ... ok
2026-10-09T22:13:09.7879728Z test specification::summarization_pipeline::generate_chat_title_returns_five_or_fewer_words ... ok
2026-10-09T22:13:09.7880643Z test specification::summarization_pipeline::summarization_mode_target_percent_matches_vision ... ok
2026-10-09T22:13:09.7892235Z test specification::summarization_pipeline::the_sampled_repository_files_are_formalized_by_format_not_by_name ... ok
2026-10-09T22:13:10.7815401Z test specification::recipe_interpreter::native_and_data_driven_execution_produce_the_same_events ... ok
2026-10-09T22:13:10.7902779Z test specification::synthesis::mixed_script_definition_prompt_survives_meta_frame_formalization ... ok
2026-10-09T22:13:10.7903897Z test specification::task_decomposition::a_binary_split_preserves_every_segment_and_its_byte_spans ... ok
2026-10-09T22:13:10.8531053Z test specification::task_decomposition::a_single_clause_issue_is_not_misreported_as_an_atomic_operation ... ok
2026-10-09T22:13:10.8532016Z test specification::task_decomposition::an_unsplittable_task_returns_none_with_a_reason ... ok
2026-10-09T22:13:10.8651898Z test specification::task_decomposition::every_non_leaf_unit_has_exactly_two_children ... ok
2026-10-09T22:13:10.8918911Z test specification::synthesis::composition_trace_is_deterministic ... ok
2026-10-09T22:13:10.9341741Z test specification::telegram_surface::private_chat_code_replies_use_html_pre_code ... ok
2026-10-09T22:13:10.9623862Z test specification::telegram_surface::public_supergroup_code_answer_remains_in_html_format ... ok
2026-10-09T22:13:11.0054281Z test specification::telegram_surface::telegram_code_replies_escape_html_entities ... ok
2026-10-09T22:13:11.0057636Z test specification::telegram_surface::telegram_webhook_ignores_updates_without_text ... ok
2026-10-09T22:13:11.4223918Z test specification::text_manipulation::chained_operations_run_in_the_order_the_request_states_them ... ok
2026-10-09T22:13:11.4760848Z test specification::task_decomposition::the_configured_depth_bound_is_reported_in_the_answer ... ok
2026-10-09T22:13:11.8901394Z test specification::text_manipulation::replacement_request_matrix_covers_prompt_order_quotes_punctuation_and_unicode ... ok
2026-10-09T22:13:11.9063601Z test specification::text_manipulation::counting_questions_ask_the_seeded_count_of_the_framed_unit ... ok
2026-10-09T22:13:11.9064970Z test specification::translation_round_trip::english_hindi_vocabulary_survives_round_trip ... ok
2026-10-09T22:13:11.9066790Z test specification::translation_round_trip::one_meaning_backs_every_language_surface ... ok
2026-10-09T22:13:11.9354959Z test specification::text_manipulation::russian_follow_up_replace_edits_previous_assistant_code_artifact ... ok
2026-10-09T22:13:12.1312695Z test specification::translation_via_links::extended::issue_386_define_in_links_notation_resolves_to_the_links_notation_concept ... ok
2026-10-09T22:13:12.2486589Z test specification::translation_via_links::issue_216_translate_apple_to_russian_without_quotes ... ok
2026-10-09T22:13:12.4453211Z test specification::translation_via_links::issue_221_common_english_nouns_translate_to_russian ... ok
2026-10-09T22:13:12.5050501Z test specification::translation_via_links::native_hindi_and_chinese_unquoted_translation_prompts_are_supported ... ok
2026-10-09T22:13:12.5898611Z test specification::translation_via_links::synonyms_across_languages_share_meaning ... ok
2026-10-09T22:13:12.7506377Z test specification::translation_via_links::translation_preserves_meaning_id_across_languages ... ok
2026-10-09T22:13:12.8339737Z test specification::transparent_state::diagnostic_mode_can_be_enabled_per_message ... ok
2026-10-09T22:13:12.8361424Z test specification::transparent_state::knowledge_export_is_inspectable_at_runtime ... ok
2026-10-09T22:13:12.9101387Z test specification::transparent_state::querying_the_network_returns_snapshot ... ok
2026-10-09T22:13:12.9102527Z test specification::triz_contradictions::a_tie_on_the_least_action_key_with_two_winning_dimensions_is_a_contradiction ... ok
2026-10-09T22:13:12.9103700Z test specification::triz_contradictions::the_forty_principles_are_seed_data_and_survive_forget_and_rediscover ... ok
2026-10-09T22:13:12.9105009Z test specification::triz_contradictions::triz_ranker_and_least_action_ranker_disagree_on_the_contradicted_pair ... ok
2026-10-09T22:13:12.9773038Z test specification::unknown_reasoning::seed_backed_bare_terms_still_use_public_knowledge_cache ... ok
2026-10-09T22:13:13.1095404Z test specification::unknown_reasoning::unknown_reasoning_researches_facts_and_only_asks_for_report_consent ... ok
2026-10-09T22:13:13.1096418Z test specification::vscode_surface::vscode_bridge_implements_the_desktop_contract_default_deny ... ok
2026-10-09T22:13:13.1097290Z test specification::vscode_surface::vscode_manifest_declares_dual_host_commands_and_settings ... ok
2026-10-09T22:13:13.1098138Z test specification::vscode_surface::vscode_server_process_launches_formal_ai_serve ... ok
2026-10-09T22:13:13.1098895Z test specification::vscode_surface::vscode_webview_html_reconciles_the_sandbox ... ok
2026-10-09T22:13:13.8812625Z test specification::translation_via_links::extended::code_translation_routes_through_the_code_meta_language_not_direct_pairs ... ok
2026-10-09T22:13:16.8668245Z test specification::code_generation_blueprint::budget_calculator_blueprint_covers_supported_prompt_languages ... ok
2026-10-09T22:13:50.1010301Z test specification::code_generation_blueprint::budget_calculator_request_returns_python_blueprint_program has been running for over 60 seconds
2026-10-09T22:13:56.2547094Z test specification::code_generation_blueprint::budget_calculator_request_returns_python_blueprint_program ... ok
2026-10-09T22:13:56.2547674Z 
2026-10-09T22:13:56.2547783Z failures:
2026-10-09T22:13:56.2548218Z 
2026-10-09T22:13:56.2548586Z ---- specification::debug_session::a_served_chat_turn_answers_only_after_its_last_stage stdout ----
2026-10-09T22:13:56.2549376Z [trace] POST /v1/debug/pause (36 byte body)
2026-10-09T22:13:56.2549726Z {"token":"debug-session-test-token"}
2026-10-09T22:13:56.2550424Z [dialog-log] appended exchange to /tmp/formal-ai-debug-session-3705/dialogs/dialog_530d1dd945a1cf50.jsonl
2026-10-09T22:13:56.2551333Z [trace] POST /v1/chat/completions (77 byte body)
2026-10-09T22:13:56.2551860Z {"messages":[{"content":"What is 2 + 2?","role":"user"}],"model":"formal-ai"}
2026-10-09T22:13:56.2552388Z [trace] POST /v1/debug/advance (62 byte body)
2026-10-09T22:13:56.2552847Z {"stage":0,"token":"debug-session-test-token","turn":"turn_1"}
2026-10-09T22:13:56.2553562Z [dialog-log] appended exchange to /tmp/formal-ai-debug-session-3705/dialogs/dialog_9ecd85849092f02a.jsonl
2026-10-09T22:13:56.2554211Z [trace] POST /v1/debug/advance (62 byte body)
2026-10-09T22:13:56.2554649Z {"stage":0,"token":"debug-session-test-token","turn":"turn_1"}
2026-10-09T22:13:56.2555317Z [dialog-log] appended exchange to /tmp/formal-ai-debug-session-3705/dialogs/dialog_9ecd85849092f02a.jsonl
2026-10-09T22:13:56.2555713Z [trace] POST /v1/debug/advance (62 byte body)
2026-10-09T22:13:56.2556007Z {"stage":1,"token":"debug-session-test-token","turn":"turn_1"}
2026-10-09T22:13:56.2556445Z [dialog-log] appended exchange to /tmp/formal-ai-debug-session-3705/dialogs/dialog_9ecd85849092f02a.jsonl
2026-10-09T22:13:56.2556844Z [trace] POST /v1/debug/advance (62 byte body)
2026-10-09T22:13:56.2557150Z {"stage":1,"token":"debug-session-test-token","turn":"turn_1"}
2026-10-09T22:13:56.2557593Z [dialog-log] appended exchange to /tmp/formal-ai-debug-session-3705/dialogs/dialog_9ecd85849092f02a.jsonl
2026-10-09T22:13:56.2557996Z [trace] POST /v1/debug/advance (62 byte body)
2026-10-09T22:13:56.2558327Z {"stage":2,"token":"debug-session-test-token","turn":"turn_1"}
2026-10-09T22:13:56.2558748Z [dialog-log] appended exchange to /tmp/formal-ai-debug-session-3705/dialogs/dialog_9ecd85849092f02a.jsonl
2026-10-09T22:13:56.2559147Z [trace] POST /v1/debug/advance (62 byte body)
2026-10-09T22:13:56.2559610Z {"stage":2,"token":"debug-session-test-token","turn":"turn_1"}
2026-10-09T22:13:56.2560029Z [dialog-log] appended exchange to /tmp/formal-ai-debug-session-3705/dialogs/dialog_9ecd85849092f02a.jsonl
2026-10-09T22:13:56.2560421Z [trace] POST /v1/debug/advance (62 byte body)
2026-10-09T22:13:56.2560696Z {"stage":3,"token":"debug-session-test-token","turn":"turn_1"}
2026-10-09T22:13:56.2561108Z [dialog-log] appended exchange to /tmp/formal-ai-debug-session-3705/dialogs/dialog_9ecd85849092f02a.jsonl
2026-10-09T22:13:56.2561511Z [trace] POST /v1/debug/advance (62 byte body)
2026-10-09T22:13:56.2561795Z {"stage":3,"token":"debug-session-test-token","turn":"turn_1"}
2026-10-09T22:13:56.2562224Z [dialog-log] appended exchange to /tmp/formal-ai-debug-session-3705/dialogs/dialog_9ecd85849092f02a.jsonl
2026-10-09T22:13:56.2562618Z [trace] POST /v1/debug/advance (62 byte body)
2026-10-09T22:13:56.2562897Z {"stage":4,"token":"debug-session-test-token","turn":"turn_1"}
2026-10-09T22:13:56.2563336Z [dialog-log] appended exchange to /tmp/formal-ai-debug-session-3705/dialogs/dialog_9ecd85849092f02a.jsonl
2026-10-09T22:13:56.2563720Z [trace] POST /v1/debug/advance (62 byte body)
2026-10-09T22:13:56.2563995Z {"stage":4,"token":"debug-session-test-token","turn":"turn_1"}
2026-10-09T22:13:56.2564396Z [dialog-log] appended exchange to /tmp/formal-ai-debug-session-3705/dialogs/dialog_9ecd85849092f02a.jsonl
2026-10-09T22:13:56.2564776Z [trace] POST /v1/debug/advance (62 byte body)
2026-10-09T22:13:56.2565038Z {"stage":5,"token":"debug-session-test-token","turn":"turn_1"}
2026-10-09T22:13:56.2565443Z [dialog-log] appended exchange to /tmp/formal-ai-debug-session-3705/dialogs/dialog_9ecd85849092f02a.jsonl
2026-10-09T22:13:56.2565822Z [trace] POST /v1/debug/advance (62 byte body)
2026-10-09T22:13:56.2566087Z {"stage":5,"token":"debug-session-test-token","turn":"turn_1"}
2026-10-09T22:13:56.2566649Z [dialog-log] appended exchange to /tmp/formal-ai-debug-session-3705/dialogs/dialog_9ecd85849092f02a.jsonl
2026-10-09T22:13:56.2567041Z [trace] POST /v1/debug/advance (62 byte body)
2026-10-09T22:13:56.2567336Z {"stage":6,"token":"debug-session-test-token","turn":"turn_1"}
2026-10-09T22:13:56.2567782Z [dialog-log] appended exchange to /tmp/formal-ai-debug-session-3705/dialogs/dialog_9ecd85849092f02a.jsonl
2026-10-09T22:13:56.2568310Z [trace] POST /v1/debug/advance (62 byte body)
2026-10-09T22:13:56.2568597Z {"stage":6,"token":"debug-session-test-token","turn":"turn_1"}
2026-10-09T22:13:56.2569006Z [dialog-log] appended exchange to /tmp/formal-ai-debug-session-3705/dialogs/dialog_9ecd85849092f02a.jsonl
2026-10-09T22:13:56.2569522Z [trace] POST /v1/debug/advance (62 byte body)
2026-10-09T22:13:56.2569792Z {"stage":7,"token":"debug-session-test-token","turn":"turn_1"}
2026-10-09T22:13:56.2570190Z [dialog-log] appended exchange to /tmp/formal-ai-debug-session-3705/dialogs/dialog_9ecd85849092f02a.jsonl
2026-10-09T22:13:56.2570579Z [trace] POST /v1/debug/advance (62 byte body)
2026-10-09T22:13:56.2570844Z {"stage":7,"token":"debug-session-test-token","turn":"turn_1"}
2026-10-09T22:13:56.2571238Z [dialog-log] appended exchange to /tmp/formal-ai-debug-session-3705/dialogs/dialog_9ecd85849092f02a.jsonl
2026-10-09T22:13:56.2571616Z [trace] POST /v1/debug/advance (62 byte body)
2026-10-09T22:13:56.2571877Z {"stage":8,"token":"debug-session-test-token","turn":"turn_1"}
2026-10-09T22:13:56.2572284Z [dialog-log] appended exchange to /tmp/formal-ai-debug-session-3705/dialogs/dialog_9ecd85849092f02a.jsonl
2026-10-09T22:13:56.2572668Z [trace] POST /v1/debug/advance (62 byte body)
2026-10-09T22:13:56.2572930Z {"stage":8,"token":"debug-session-test-token","turn":"turn_1"}
2026-10-09T22:13:56.2573331Z [dialog-log] appended exchange to /tmp/formal-ai-debug-session-3705/dialogs/dialog_9ecd85849092f02a.jsonl
2026-10-09T22:13:56.2573706Z [trace] POST /v1/debug/advance (62 byte body)
2026-10-09T22:13:56.2573972Z {"stage":9,"token":"debug-session-test-token","turn":"turn_1"}
2026-10-09T22:13:56.2574382Z [dialog-log] appended exchange to /tmp/formal-ai-debug-session-3705/dialogs/dialog_9ecd85849092f02a.jsonl
2026-10-09T22:13:56.2574762Z [trace] POST /v1/debug/advance (62 byte body)
2026-10-09T22:13:56.2575030Z {"stage":9,"token":"debug-session-test-token","turn":"turn_1"}
2026-10-09T22:13:56.2575432Z [dialog-log] appended exchange to /tmp/formal-ai-debug-session-3705/dialogs/dialog_5dd1c408737a7602.jsonl
2026-10-09T22:13:56.2575944Z [dialog-log] appended exchange to /tmp/formal-ai-debug-session-3705/dialogs/dialog_9ecd85849092f02a.jsonl
2026-10-09T22:13:56.2576323Z [trace] POST /v1/debug/release (36 byte body)
2026-10-09T22:13:56.2576571Z {"token":"debug-session-test-token"}
2026-10-09T22:13:56.2576946Z [dialog-log] appended exchange to /tmp/formal-ai-debug-session-3705/dialogs/dialog_e83c33e964aac320.jsonl
2026-10-09T22:13:56.2577325Z [trace] POST /v1/debug/session (36 byte body)
2026-10-09T22:13:56.2577567Z {"token":"debug-session-test-token"}
2026-10-09T22:13:56.2577937Z [dialog-log] appended exchange to /tmp/formal-ai-debug-session-3705/dialogs/dialog_c8790e5f47c94c61.jsonl
2026-10-09T22:13:56.2578225Z 
2026-10-09T22:13:56.2578621Z thread 'specification::debug_session::a_served_chat_turn_answers_only_after_its_last_stage' (7878) panicked at tests/unit/specification/debug_session.rs:147:5:
2026-10-09T22:13:56.2579144Z assertion `left == right` failed
2026-10-09T22:13:56.2583198Z   left: [("impulse", "rust/src/solver.rs:solve_with_history_probability_store_and_intent_cache", "js/worker/formal_ai_worker_solver_events.js:solverEventLog"), ("detect_language", "rust/src/solver.rs:solve_with_history_probability_store_and_intent_cache", "js/worker/formal_ai_worker_solver_events.js:solverEventLog"), ("formalize", "rust/src/intent_formalization.rs:record_intent_formalization", "js/agentic/crate/intent_formalization.mjs:recordIntentFormalization"), ("compute", "rust/src/solver_handlers/mod.rs:try_arithmetic", "js/worker/formal_ai_worker_solver_events.js:solverCalculationEvents"), ("compute_engine", "rust/src/solver_handlers/mod.rs:try_arithmetic", "js/worker/formal_ai_worker_solver_events.js:solverCalculationEvents"), ("compute_expression", "rust/src/solver_handlers/mod.rs:try_arithmetic", "js/worker/formal_ai_worker_solver_events.js:solverCalculationEvents"), ("compute_steps", "rust/src/solver_handlers/mod.rs:try_arithmetic", "js/worker/formal_ai_worker_solver_events.js:solverCalculationEvents"), ("dispatch_handler", "rust/src/solver_handlers/mod.rs:finalize_simple", "js/worker/formal_ai_worker_solver_events.js:solverEventLog"), ("rule_verification", "rust/src/solver_handlers/mod.rs:finalize_simple", "js/worker/formal_ai_worker_solver_events.js:solverEventLog"), ("deformalize", "rust/src/solver_handlers/mod.rs:finalize_simple", "js/worker/formal_ai_worker_solver_events.js:solverEventLog")]
2026-10-09T22:13:56.2596088Z  right: [("impulse", "rust/src/solver.rs:solve_with_history_probability_store_and_intent_cache", "js/worker/formal_ai_worker_solver_events.js:solverEventLog"), ("detect_language", "rust/src/solver.rs:solve_with_history_probability_store_and_intent_cache", "js/worker/formal_ai_worker_solver_events.js:solverEventLog"), ("formalize", "rust/src/intent_formalization.rs:record_intent_formalization", "js/agentic/crate/intent_formalization.mjs:recordIntentFormalization"), ("compute", "rust/src/solver_handlers/mod.rs:try_arithmetic", "js/worker/formal_ai_worker_solver_events.js:solverCalculationEvents"), ("compute_engine", "rust/src/solver_handlers/mod.rs:try_arithmetic", "js/worker/formal_ai_worker_solver_events.js:solverCalculationEvents"), ("compute_expression", "rust/src/solver_handlers/mod.rs:try_arithmetic", "js/worker/formal_ai_worker_solver_events.js:solverCalculationEvents"), ("compute_steps", "rust/src/solver_handlers/mod.rs:try_arithmetic", "js/worker/formal_ai_worker_solver_events.js:solverCalculationEvents"), ("dispatch_handler", "rust/src/solver_handlers/mod.rs:finalize_simple", "js/worker/formal_ai_worker_solver_events.js:solverEventLog"), ("rule_verification", "rust/src/solver_handlers/mod.rs:finalize_simple", ""), ("deformalize", "rust/src/solver_handlers/mod.rs:finalize_simple", "js/worker/formal_ai_worker_solver_events.js:solverEventLog")]
2026-10-09T22:13:56.2602156Z note: run with `RUST_BACKTRACE=1` environment variable to display a backtrace
2026-10-09T22:13:56.2602425Z 
2026-10-09T22:13:56.2602428Z 
2026-10-09T22:13:56.2602521Z failures:
2026-10-09T22:13:56.2602862Z     specification::debug_session::a_served_chat_turn_answers_only_after_its_last_stage
2026-10-09T22:13:56.2603136Z 
2026-10-09T22:13:56.2603362Z test result: FAILED. 303 passed; 1 failed; 1 ignored; 0 measured; 4939 filtered out; finished in 266.21s
2026-10-09T22:13:56.2603657Z 
2026-10-09T22:13:57.1447234Z Specification test shard took 300s of its 1080s execution budget.
2026-10-09T22:13:57.1461665Z ##[error]Process completed with exit code 1.
2026-10-09T22:13:57.1560056Z Post job cleanup.
2026-10-09T22:13:57.1605195Z Post job cleanup.
2026-10-09T22:13:57.1607875Z ##[start-action display=Install sccache;id=__b9e85462-4dcb-4cbf-a9ba-63eb21373a25.__mozilla-actions_sccache-action]
2026-10-09T22:13:57.1649661Z Post job cleanup.
2026-10-09T22:13:57.2348138Z ##[group]Get human-readable stats
2026-10-09T22:13:57.2361407Z [command]/opt/hostedtoolcache/sccache/0.16.0/x64/sccache --show-stats
2026-10-09T22:13:57.2421437Z Compile requests                      68
2026-10-09T22:13:57.2423749Z Compile requests executed             53
2026-10-09T22:13:57.2424188Z Cache hits                            53
2026-10-09T22:13:57.2424502Z Cache hits (Rust)                     53
2026-10-09T22:13:57.2424805Z Cache misses                           0
2026-10-09T22:13:57.2425104Z Cache hits rate                   100.00 %
2026-10-09T22:13:57.2425402Z Cache hits rate (Rust)            100.00 %
2026-10-09T22:13:57.2425699Z Cache timeouts                         0
2026-10-09T22:13:57.2426056Z Cache read errors                      0
2026-10-09T22:13:57.2426351Z Forced recaches                        0
2026-10-09T22:13:57.2426963Z Cache write errors                     0
2026-10-09T22:13:57.2427256Z Cache errors                           0
2026-10-09T22:13:57.2427543Z Compilations                           0
2026-10-09T22:13:57.2427836Z Compilation failures                   0
2026-10-09T22:13:57.2428135Z Non-cacheable compilations             0
2026-10-09T22:13:57.2428432Z Non-cacheable calls                   14
2026-10-09T22:13:57.2428729Z Non-compilation calls                  1
2026-10-09T22:13:57.2429025Z Unsupported compiler calls             0
2026-10-09T22:13:57.2429717Z Average cache write                0.000 s
2026-10-09T22:13:57.2430063Z Average compiler                   0.000 s
2026-10-09T22:13:57.2430292Z Average cache read hit             0.071 s
2026-10-09T22:13:57.2430531Z Failed distributed compilations        0
2026-10-09T22:13:57.2430681Z 
2026-10-09T22:13:57.2430762Z Non-cacheable reasons:
2026-10-09T22:13:57.2430976Z crate-type                             8
2026-10-09T22:13:57.2431202Z missing input                          4
2026-10-09T22:13:57.2431416Z -                                      1
2026-10-09T22:13:57.2431649Z -o                                     1
2026-10-09T22:13:57.2431795Z 
2026-10-09T22:13:57.2432095Z Cache location                  ghac, name: 90541733aa72480a9e77ce99e66fc1cfabfa835d74c751408eb0351b7adcec6b, prefix: /sccache/
2026-10-09T22:13:57.2432537Z Base directories                (none)
2026-10-09T22:13:57.2432773Z Version (client)                0.16.0
2026-10-09T22:13:57.2433528Z ##[endgroup]
2026-10-09T22:13:57.2433843Z ##[group]Get JSON stats
2026-10-09T22:13:57.2450056Z [command]/opt/hostedtoolcache/sccache/0.16.0/x64/sccache --show-stats --stats-format=json
2026-10-09T22:13:57.2485542Z {"stats":{"compile_requests":68,"requests_unsupported_compiler":0,"requests_not_compile":1,"requests_not_cacheable":14,"requests_executed":53,"cache_errors":{"counts":{},"adv_counts":{}},"cache_hits":{"counts":{"Rust":53},"adv_counts":{"rust":53}},"cache_misses":{"counts":{},"adv_counts":{}},"cache_timeouts":0,"cache_read_errors":0,"non_cacheable_compilations":0,"forced_recaches":0,"cache_write_errors":0,"cache_writes":0,"cache_write_duration":{"secs":0,"nanos":0},"cache_read_hit_duration":{"secs":3,"nanos":810584491},"compilations":0,"compiler_write_duration":{"secs":0,"nanos":0},"compile_fails":0,"not_cached":{"crate-type":8,"-":1,"-o":1,"missing input":4},"dist_compiles":{},"dist_errors":0,"multi_level":null},"cache_location":"ghac, name: 90541733aa72480a9e77ce99e66fc1cfabfa835d74c751408eb0351b7adcec6b, prefix: /sccache/","cache_size":null,"max_cache_size":null,"use_preprocessor_cache_mode":false,"version":"0.16.0","basedirs":[]}
2026-10-09T22:13:57.2490111Z ##[endgroup]
2026-10-09T22:13:57.2500166Z ##[notice]100% - 53 hits, 0 misses, 0 errors
2026-10-09T22:13:57.2500524Z 
2026-10-09T22:13:57.2502614Z Full human-readable stats:
2026-10-09T22:13:57.2503482Z Compile requests                      68
2026-10-09T22:13:57.2503751Z Compile requests executed             53
2026-10-09T22:13:57.2503996Z Cache hits                            53
2026-10-09T22:13:57.2504226Z Cache hits (Rust)                     53
2026-10-09T22:13:57.2504456Z Cache misses                           0
2026-10-09T22:13:57.2504685Z Cache hits rate                   100.00 %
2026-10-09T22:13:57.2504919Z Cache hits rate (Rust)            100.00 %
2026-10-09T22:13:57.2505145Z Cache timeouts                         0
2026-10-09T22:13:57.2505372Z Cache read errors                      0
2026-10-09T22:13:57.2505591Z Forced recaches                        0
2026-10-09T22:13:57.2505817Z Cache write errors                     0
2026-10-09T22:13:57.2506046Z Cache errors                           0
2026-10-09T22:13:57.2506266Z Compilations                           0
2026-10-09T22:13:57.2506490Z Compilation failures                   0
2026-10-09T22:13:57.2506717Z Non-cacheable compilations             0
2026-10-09T22:13:57.2506955Z Non-cacheable calls                   14
2026-10-09T22:13:57.2507180Z Non-compilation calls                  1
2026-10-09T22:13:57.2507531Z Unsupported compiler calls             0
2026-10-09T22:13:57.2507766Z Average cache write                0.000 s
2026-10-09T22:13:57.2508007Z Average compiler                   0.000 s
2026-10-09T22:13:57.2508238Z Average cache read hit             0.071 s
2026-10-09T22:13:57.2508468Z Failed distributed compilations        0
2026-10-09T22:13:57.2508616Z 
2026-10-09T22:13:57.2508712Z Non-cacheable reasons:
2026-10-09T22:13:57.2508911Z crate-type                             8
2026-10-09T22:13:57.2509133Z missing input                          4
2026-10-09T22:13:57.2509570Z -                                      1
2026-10-09T22:13:57.2509911Z -o                                     1
2026-10-09T22:13:57.2510136Z 
2026-10-09T22:13:57.2510601Z Cache location                  ghac, name: 90541733aa72480a9e77ce99e66fc1cfabfa835d74c751408eb0351b7adcec6b, prefix: /sccache/
2026-10-09T22:13:57.2511332Z Base directories                (none)
2026-10-09T22:13:57.2511712Z Version (client)                0.16.0
2026-10-09T22:13:57.2511951Z 
2026-10-09T22:13:57.2637413Z ##[end-action id=__b9e85462-4dcb-4cbf-a9ba-63eb21373a25.__mozilla-actions_sccache-action;outcome=success;conclusion=success;duration_ms=102]
2026-10-09T22:13:57.3207300Z Post job cleanup.
2026-10-09T22:13:57.3211772Z ##[start-action display=Look up a previous green result for these inputs;id=__62522297-ccbd-4a2b-aedf-4b159a92b014.cache]
2026-10-09T22:13:57.3214487Z ##[end-action id=__62522297-ccbd-4a2b-aedf-4b159a92b014.cache;outcome=skipped;conclusion=skipped;duration_ms=0]
2026-10-09T22:13:57.3791739Z Post job cleanup.
2026-10-09T22:13:57.4522750Z [command]/usr/bin/git version
2026-10-09T22:13:57.4559957Z git version 2.55.0
2026-10-09T22:13:57.4590570Z Temporarily overriding HOME='/home/runner/work/_temp/8780c7dd-88e9-4350-bbb3-c7f45b689063' before making global git config changes
2026-10-09T22:13:57.4591713Z Adding repository directory to the temporary git global config as a safe directory
2026-10-09T22:13:57.4596360Z [command]/usr/bin/git config --global --add safe.directory /home/runner/work/formal-ai/formal-ai
2026-10-09T22:13:57.4629559Z Removing SSH command configuration
2026-10-09T22:13:57.4636050Z [command]/usr/bin/git config --local --name-only --get-regexp core\.sshCommand
2026-10-09T22:13:57.4671146Z [command]/usr/bin/git submodule foreach --recursive sh -c "git config --local --name-only --get-regexp 'core\.sshCommand' && git config --local --unset-all 'core.sshCommand' || :"
2026-10-09T22:13:57.4911990Z Removing HTTP extra header
2026-10-09T22:13:57.4918825Z [command]/usr/bin/git config --local --name-only --get-regexp http\.https\:\/\/github\.com\/\.extraheader
2026-10-09T22:13:57.4953860Z [command]/usr/bin/git submodule foreach --recursive sh -c "git config --local --name-only --get-regexp 'http\.https\:\/\/github\.com\/\.extraheader' && git config --local --unset-all 'http.https://github.com/.extraheader' || :"
2026-10-09T22:13:57.5200595Z Removing includeIf entries pointing to credentials config files
2026-10-09T22:13:57.5208599Z [command]/usr/bin/git config --local --name-only --get-regexp ^includeIf\.gitdir:
2026-10-09T22:13:57.5242415Z [command]/usr/bin/git submodule foreach --recursive git config --local --show-origin --name-only --get-regexp remote.origin.url
2026-10-09T22:13:57.5669842Z Cleaning up orphan processes
2026-10-09T22:13:57.5965942Z Terminate orphan process: pid (2416) (sccache)
