2026-10-09T23:14:50.2948293Z Current runner version: '2.337.0'
2026-10-09T23:14:50.2982540Z ##[group]Runner Image Provisioner
2026-10-09T23:14:50.2983920Z Hosted Compute Agent
2026-10-09T23:14:50.2984934Z Version: 20261002.596
2026-10-09T23:14:50.2986215Z Commit: c3d12f3313a95f25162a1503be624f3b0617f8c0
2026-10-09T23:14:50.2987865Z Build Date: 2026-10-02T22:28:27Z
2026-10-09T23:14:50.2989009Z Worker ID: {29063eff-46a0-420d-b4b6-b0153a4dac3c}
2026-10-09T23:14:50.2990340Z Region: eastus
2026-10-09T23:14:50.2991237Z Cloud: Azure
2026-10-09T23:14:50.2992158Z ##[endgroup]
2026-10-09T23:14:50.2994812Z ##[group]Operating System
2026-10-09T23:14:50.2995858Z Ubuntu
2026-10-09T23:14:50.2996878Z 24.04.5
2026-10-09T23:14:50.2997992Z LTS
2026-10-09T23:14:50.2998906Z ##[endgroup]
2026-10-09T23:14:50.2999996Z ##[group]Runner Image
2026-10-09T23:14:50.3001017Z Image: ubuntu-24.04
2026-10-09T23:14:50.3002042Z Version: 20261004.327.1
2026-10-09T23:14:50.3004190Z Included Software: https://github.com/actions/runner-images/blob/ubuntu24/20261004.327/images/ubuntu/Ubuntu2404-Readme.md
2026-10-09T23:14:50.3007038Z Image Release: https://github.com/actions/runner-images/releases/tag/ubuntu24%2F20261004.327
2026-10-09T23:14:50.3009060Z ##[endgroup]
2026-10-09T23:14:50.3010939Z ##[group]GITHUB_TOKEN Permissions
2026-10-09T23:14:50.3013657Z Contents: read
2026-10-09T23:14:50.3014679Z Metadata: read
2026-10-09T23:14:50.3015556Z ##[endgroup]
2026-10-09T23:14:50.3019325Z Secret source: Actions
2026-10-09T23:14:50.3020949Z Cache mode: write
2026-10-09T23:14:50.3022536Z Prepare workflow directory
2026-10-09T23:14:50.3591053Z Prepare all required actions
2026-10-09T23:14:50.3662270Z Getting action download info
2026-10-09T23:14:50.5510982Z Download action repository 'actions/checkout@v7' (SHA:3d3c42e5aac5ba805825da76410c181273ba90b1)
2026-10-09T23:14:50.6619369Z Download action repository 'dtolnay/rust-toolchain@stable' (SHA:686976e191b89faba57d3206551f0f330d8cb249)
2026-10-09T23:14:50.8779268Z Complete job name: Question necessity ratchet (issue #920)
2026-10-09T23:14:50.9566773Z ##[group]Run actions/checkout@v7
2026-10-09T23:14:50.9567909Z with:
2026-10-09T23:14:50.9568369Z   persist-credentials: false
2026-10-09T23:14:50.9568899Z   fetch-depth: 0
2026-10-09T23:14:50.9569376Z   repository: link-assistant/formal-ai
2026-10-09T23:14:50.9573102Z   token: ***
2026-10-09T23:14:50.9573535Z   ssh-strict: true
2026-10-09T23:14:50.9573967Z   ssh-user: git
2026-10-09T23:14:50.9574387Z   clean: true
2026-10-09T23:14:50.9574837Z   sparse-checkout-cone-mode: true
2026-10-09T23:14:50.9575378Z   fetch-tags: false
2026-10-09T23:14:50.9575828Z   show-progress: true
2026-10-09T23:14:50.9576266Z   lfs: false
2026-10-09T23:14:50.9576676Z   submodules: false
2026-10-09T23:14:50.9577126Z   set-safe-directory: true
2026-10-09T23:14:50.9578021Z   allow-unsafe-pr-checkout: false
2026-10-09T23:14:50.9578847Z env:
2026-10-09T23:14:50.9579267Z   CARGO_NET_RETRY: 10
2026-10-09T23:14:50.9579749Z   CARGO_HTTP_MULTIPLEXING: false
2026-10-09T23:14:50.9580270Z   CARGO_TERM_COLOR: always
2026-10-09T23:14:50.9580814Z   RUSTFLAGS: -Dwarnings
2026-10-09T23:14:50.9581282Z   CARGO_INCREMENTAL: 0
2026-10-09T23:14:50.9581730Z ##[endgroup]
2026-10-09T23:14:51.0643439Z Syncing repository: link-assistant/formal-ai
2026-10-09T23:14:51.0646295Z ##[group]Getting Git version info
2026-10-09T23:14:51.0647788Z Working directory is '/home/runner/work/formal-ai/formal-ai'
2026-10-09T23:14:51.0649570Z [command]/usr/bin/git version
2026-10-09T23:14:51.0726072Z git version 2.55.0
2026-10-09T23:14:51.0748068Z ##[endgroup]
2026-10-09T23:14:51.0762695Z Temporarily overriding HOME='/home/runner/work/_temp/38e28fa7-2826-421f-8301-d5a979ea7636' before making global git config changes
2026-10-09T23:14:51.0765286Z Adding repository directory to the temporary git global config as a safe directory
2026-10-09T23:14:51.0769101Z [command]/usr/bin/git config --global --add safe.directory /home/runner/work/formal-ai/formal-ai
2026-10-09T23:14:51.0820378Z Deleting the contents of '/home/runner/work/formal-ai/formal-ai'
2026-10-09T23:14:51.0824667Z ##[group]Determining repository object format
2026-10-09T23:14:51.0826910Z ##[endgroup]
2026-10-09T23:14:51.0828937Z ##[group]Initializing the repository
2026-10-09T23:14:51.0832572Z [command]/usr/bin/git init /home/runner/work/formal-ai/formal-ai
2026-10-09T23:14:51.0945793Z hint: Using 'master' as the name for the initial branch. This default branch name
2026-10-09T23:14:51.0947008Z hint: will change to "main" in Git 3.0. To configure the initial branch name
2026-10-09T23:14:51.0948282Z hint: to use in all of your new repositories, which will suppress this warning,
2026-10-09T23:14:51.0949020Z hint: call:
2026-10-09T23:14:51.0949411Z hint:
2026-10-09T23:14:51.0949922Z hint: 	git config --global init.defaultBranch <name>
2026-10-09T23:14:51.0950541Z hint:
2026-10-09T23:14:51.0951116Z hint: Names commonly chosen instead of 'master' are 'main', 'trunk' and
2026-10-09T23:14:51.0952022Z hint: 'development'. The just-created branch can be renamed via this command:
2026-10-09T23:14:51.0952772Z hint:
2026-10-09T23:14:51.0953193Z hint: 	git branch -m <name>
2026-10-09T23:14:51.0953672Z hint:
2026-10-09T23:14:51.0954291Z hint: Disable this message with "git config set advice.defaultBranchName false"
2026-10-09T23:14:51.0960366Z Initialized empty Git repository in /home/runner/work/formal-ai/formal-ai/.git/
2026-10-09T23:14:51.0973511Z [command]/usr/bin/git remote add origin https://github.com/link-assistant/formal-ai
2026-10-09T23:14:51.1029906Z ##[endgroup]
2026-10-09T23:14:51.1031286Z ##[group]Disabling automatic garbage collection
2026-10-09T23:14:51.1035876Z [command]/usr/bin/git config --local gc.auto 0
2026-10-09T23:14:51.1071704Z ##[endgroup]
2026-10-09T23:14:51.1073392Z ##[group]Setting up auth
2026-10-09T23:14:51.1074434Z Removing SSH command configuration
2026-10-09T23:14:51.1086483Z [command]/usr/bin/git config --local --name-only --get-regexp core\.sshCommand
2026-10-09T23:14:51.1116221Z [command]/usr/bin/git submodule foreach --recursive sh -c "git config --local --name-only --get-regexp 'core\.sshCommand' && git config --local --unset-all 'core.sshCommand' || :"
2026-10-09T23:14:51.1482941Z Removing HTTP extra header
2026-10-09T23:14:51.1488800Z [command]/usr/bin/git config --local --name-only --get-regexp http\.https\:\/\/github\.com\/\.extraheader
2026-10-09T23:14:51.1527126Z [command]/usr/bin/git submodule foreach --recursive sh -c "git config --local --name-only --get-regexp 'http\.https\:\/\/github\.com\/\.extraheader' && git config --local --unset-all 'http.https://github.com/.extraheader' || :"
2026-10-09T23:14:51.1746456Z Removing includeIf entries pointing to credentials config files
2026-10-09T23:14:51.1752906Z [command]/usr/bin/git config --local --name-only --get-regexp ^includeIf\.gitdir:
2026-10-09T23:14:51.1789951Z [command]/usr/bin/git submodule foreach --recursive git config --local --show-origin --name-only --get-regexp remote.origin.url
2026-10-09T23:14:51.2012323Z [command]/usr/bin/git config --file /home/runner/work/_temp/git-credentials-ed821ec2-3ca1-4c53-a784-cd70bb9bccc6.config http.https://github.com/.extraheader AUTHORIZATION: basic ***
2026-10-09T23:14:51.2052311Z [command]/usr/bin/git config --local includeIf.gitdir:/home/runner/work/formal-ai/formal-ai/.git.path /home/runner/work/_temp/git-credentials-ed821ec2-3ca1-4c53-a784-cd70bb9bccc6.config
2026-10-09T23:14:51.2086377Z [command]/usr/bin/git config --local includeIf.gitdir:/home/runner/work/formal-ai/formal-ai/.git/worktrees/*.path /home/runner/work/_temp/git-credentials-ed821ec2-3ca1-4c53-a784-cd70bb9bccc6.config
2026-10-09T23:14:51.2128092Z [command]/usr/bin/git config --local includeIf.gitdir:/github/workspace/.git.path /github/runner_temp/git-credentials-ed821ec2-3ca1-4c53-a784-cd70bb9bccc6.config
2026-10-09T23:14:51.2164425Z [command]/usr/bin/git config --local includeIf.gitdir:/github/workspace/.git/worktrees/*.path /github/runner_temp/git-credentials-ed821ec2-3ca1-4c53-a784-cd70bb9bccc6.config
2026-10-09T23:14:51.2195661Z ##[endgroup]
2026-10-09T23:14:51.2196405Z ##[group]Fetching the repository
2026-10-09T23:14:51.2202452Z [command]/usr/bin/git -c protocol.version=2 fetch --no-tags --prune --no-recurse-submodules origin +refs/heads/*:refs/remotes/origin/* +refs/tags/*:refs/tags/* +b7415c2faabe331eeba93619e0ec418434d9ed29:refs/remotes/pull/1188/merge
2026-10-09T23:15:13.0901511Z From https://github.com/link-assistant/formal-ai
2026-10-09T23:15:13.0902687Z  * [new branch]          ci-docker-layer-cache   -> origin/ci-docker-layer-cache
2026-10-09T23:15:13.0903822Z  * [new branch]          codex-issue-1138-final  -> origin/codex-issue-1138-final
2026-10-09T23:15:13.0904963Z  * [new branch]          coverage-budget-5400    -> origin/coverage-budget-5400
2026-10-09T23:15:13.0906110Z  * [new branch]          fix-781-mcp-research-precedence -> origin/fix-781-mcp-research-precedence
2026-10-09T23:15:13.0907116Z  * [new branch]          formal-ai/issue-1091-34197555355 -> origin/formal-ai/issue-1091-34197555355
2026-10-09T23:15:13.0910356Z  * [new branch]          formal-ai/issue-1091-34197711738 -> origin/formal-ai/issue-1091-34197711738
2026-10-09T23:15:13.0911309Z  * [new branch]          formal-ai/issue-1091-34206087424 -> origin/formal-ai/issue-1091-34206087424
2026-10-09T23:15:13.0912462Z  * [new branch]          formal-ai/issue-1091-34223865082 -> origin/formal-ai/issue-1091-34223865082
2026-10-09T23:15:13.0913754Z  * [new branch]          formal-ai/issue-1091-34231781135 -> origin/formal-ai/issue-1091-34231781135
2026-10-09T23:15:13.0914576Z  * [new branch]          formal-ai/issue-1091-34234113904 -> origin/formal-ai/issue-1091-34234113904
2026-10-09T23:15:13.0915411Z  * [new branch]          formal-ai/issue-1091-34241163195 -> origin/formal-ai/issue-1091-34241163195
2026-10-09T23:15:13.0916193Z  * [new branch]          formal-ai/issue-1091-34247939598 -> origin/formal-ai/issue-1091-34247939598
2026-10-09T23:15:13.0916978Z  * [new branch]          formal-ai/issue-1091-34294396281 -> origin/formal-ai/issue-1091-34294396281
2026-10-09T23:15:13.0918395Z  * [new branch]          formal-ai/issue-1113-34520854975 -> origin/formal-ai/issue-1113-34520854975
2026-10-09T23:15:13.0919154Z  * [new branch]          formal-ai/issue-1120-34530199973 -> origin/formal-ai/issue-1120-34530199973
2026-10-09T23:15:13.0919813Z  * [new branch]          formal-ai/issue-1120-34530973176 -> origin/formal-ai/issue-1120-34530973176
2026-10-09T23:15:13.0920459Z  * [new branch]          formal-ai/issue-1123-34542617225 -> origin/formal-ai/issue-1123-34542617225
2026-10-09T23:15:13.0921039Z  * [new branch]          gh-pages                -> origin/gh-pages
2026-10-09T23:15:13.0921543Z  * [new branch]          issue-1-040a21d753ca    -> origin/issue-1-040a21d753ca
2026-10-09T23:15:13.0922127Z  * [new branch]          issue-1-70671eb0ba20    -> origin/issue-1-70671eb0ba20
2026-10-09T23:15:13.0922650Z  * [new branch]          issue-10-528ad8299bfa   -> origin/issue-10-528ad8299bfa
2026-10-09T23:15:13.0923218Z  * [new branch]          issue-1001-e53f7675d6f4 -> origin/issue-1001-e53f7675d6f4
2026-10-09T23:15:13.0923806Z  * [new branch]          issue-1012-f43e3a18da30 -> origin/issue-1012-f43e3a18da30
2026-10-09T23:15:13.0924380Z  * [new branch]          issue-1014-fa915643117e -> origin/issue-1014-fa915643117e
2026-10-09T23:15:13.0924906Z  * [new branch]          issue-1017-fcfc7331ff54 -> origin/issue-1017-fcfc7331ff54
2026-10-09T23:15:13.0925423Z  * [new branch]          issue-1021-bdff51c09742 -> origin/issue-1021-bdff51c09742
2026-10-09T23:15:13.0926484Z  * [new branch]          issue-1028-agent-ladder-isolated-runner -> origin/issue-1028-agent-ladder-isolated-runner
2026-10-09T23:15:13.0928035Z  * [new branch]          issue-1028-apt-escalating-deadlines -> origin/issue-1028-apt-escalating-deadlines
2026-10-09T23:15:13.0929374Z  * [new branch]          issue-103-89b7776b0010  -> origin/issue-103-89b7776b0010
2026-10-09T23:15:13.1000331Z  * [new branch]          issue-105-43de79808581  -> origin/issue-105-43de79808581
2026-10-09T23:15:13.1001928Z  * [new branch]          issue-1064-release-deferral-visibility -> origin/issue-1064-release-deferral-visibility
2026-10-09T23:15:13.1003585Z  * [new branch]          issue-1069-05d4ea1feb9b -> origin/issue-1069-05d4ea1feb9b
2026-10-09T23:15:13.1004583Z  * [new branch]          issue-107-c995aabb2aac  -> origin/issue-107-c995aabb2aac
2026-10-09T23:15:13.1005547Z  * [new branch]          issue-1073-98ed56b4431c -> origin/issue-1073-98ed56b4431c
2026-10-09T23:15:13.1006473Z  * [new branch]          issue-1075-9e9c96124ed3 -> origin/issue-1075-9e9c96124ed3
2026-10-09T23:15:13.1023360Z  * [new branch]          issue-1076-e89a27662479 -> origin/issue-1076-e89a27662479
2026-10-09T23:15:13.1024059Z  * [new branch]          issue-1079-92eb3dd8a0fa -> origin/issue-1079-92eb3dd8a0fa
2026-10-09T23:15:13.1024630Z  * [new branch]          issue-108-e4fa776bf7e7  -> origin/issue-108-e4fa776bf7e7
2026-10-09T23:15:13.1025187Z  * [new branch]          issue-1081-374fa6ac9934 -> origin/issue-1081-374fa6ac9934
2026-10-09T23:15:13.1025726Z  * [new branch]          issue-1085-9c2f4e7a1b3d -> origin/issue-1085-9c2f4e7a1b3d
2026-10-09T23:15:13.1026383Z  * [new branch]          issue-110-2af174f3ddb8  -> origin/issue-110-2af174f3ddb8
2026-10-09T23:15:13.1026955Z  * [new branch]          issue-1111-linux-only-ci -> origin/issue-1111-linux-only-ci
2026-10-09T23:15:13.1027924Z  * [new branch]          issue-1113-pr-visibility -> origin/issue-1113-pr-visibility
2026-10-09T23:15:13.1028475Z  * [new branch]          issue-112-248769046c3f  -> origin/issue-112-248769046c3f
2026-10-09T23:15:13.1029099Z  * [new branch]          issue-1126-drop-kernel-terminology -> origin/issue-1126-drop-kernel-terminology
2026-10-09T23:15:13.1029812Z  * [new branch]          issue-1133-hive-mind-2026-09-13 -> origin/issue-1133-hive-mind-2026-09-13
2026-10-09T23:15:13.1030450Z  * [new branch]          issue-1138-session-evidence -> origin/issue-1138-session-evidence
2026-10-09T23:15:13.1031066Z  * [new branch]          issue-115-f9977aca33fe  -> origin/issue-115-f9977aca33fe
2026-10-09T23:15:13.1031810Z  * [new branch]          issue-117-65eb42b6b7fe  -> origin/issue-117-65eb42b6b7fe
2026-10-09T23:15:13.1032364Z  * [new branch]          issue-12-8475693e3ce5   -> origin/issue-12-8475693e3ce5
2026-10-09T23:15:13.1032893Z  * [new branch]          issue-121-2ec52977d59a  -> origin/issue-121-2ec52977d59a
2026-10-09T23:15:13.1033414Z  * [new branch]          issue-123-448321a27278  -> origin/issue-123-448321a27278
2026-10-09T23:15:13.1033931Z  * [new branch]          issue-125-1ca670a84080  -> origin/issue-125-1ca670a84080
2026-10-09T23:15:13.1034450Z  * [new branch]          issue-125-ee624abc83ec  -> origin/issue-125-ee624abc83ec
2026-10-09T23:15:13.1034959Z  * [new branch]          issue-127-02b97a60aa65  -> origin/issue-127-02b97a60aa65
2026-10-09T23:15:13.1035471Z  * [new branch]          issue-127-1af8cef2ecfb  -> origin/issue-127-1af8cef2ecfb
2026-10-09T23:15:13.1036001Z  * [new branch]          issue-129-9c664282dfea  -> origin/issue-129-9c664282dfea
2026-10-09T23:15:13.1036505Z  * [new branch]          issue-133-3a851f322caa  -> origin/issue-133-3a851f322caa
2026-10-09T23:15:13.1037500Z  * [new branch]          issue-135-e32feaf9ccfd  -> origin/issue-135-e32feaf9ccfd
2026-10-09T23:15:13.1038224Z  * [new branch]          issue-136-977a3d386e2a  -> origin/issue-136-977a3d386e2a
2026-10-09T23:15:13.1038759Z  * [new branch]          issue-14-cea6df691135   -> origin/issue-14-cea6df691135
2026-10-09T23:15:13.1039278Z  * [new branch]          issue-140-f298777c7c24  -> origin/issue-140-f298777c7c24
2026-10-09T23:15:13.1039823Z  * [new branch]          issue-144-c99ce65d1915  -> origin/issue-144-c99ce65d1915
2026-10-09T23:15:13.1040402Z  * [new branch]          issue-145-45527c76ca24  -> origin/issue-145-45527c76ca24
2026-10-09T23:15:13.1040947Z  * [new branch]          issue-146-3f926558fe76  -> origin/issue-146-3f926558fe76
2026-10-09T23:15:13.1041472Z  * [new branch]          issue-149-47706e450c61  -> origin/issue-149-47706e450c61
2026-10-09T23:15:13.1041980Z  * [new branch]          issue-152-3916072d4278  -> origin/issue-152-3916072d4278
2026-10-09T23:15:13.1042500Z  * [new branch]          issue-153-9ae03e768324  -> origin/issue-153-9ae03e768324
2026-10-09T23:15:13.1043500Z  * [new branch]          issue-156-70f6dbdff452  -> origin/issue-156-70f6dbdff452
2026-10-09T23:15:13.1044481Z  * [new branch]          issue-157-172082bc75f4  -> origin/issue-157-172082bc75f4
2026-10-09T23:15:13.1045289Z  * [new branch]          issue-159-b2a5bc9f5a56  -> origin/issue-159-b2a5bc9f5a56
2026-10-09T23:15:13.1045827Z  * [new branch]          issue-16-f76f85f72657   -> origin/issue-16-f76f85f72657
2026-10-09T23:15:13.1046340Z  * [new branch]          issue-160-53f4d46ed2df  -> origin/issue-160-53f4d46ed2df
2026-10-09T23:15:13.1046856Z  * [new branch]          issue-161-b6fba3b370ea  -> origin/issue-161-b6fba3b370ea
2026-10-09T23:15:13.1047635Z  * [new branch]          issue-162-3046a51f4c24  -> origin/issue-162-3046a51f4c24
2026-10-09T23:15:13.1048566Z  * [new branch]          issue-163-d536717f895a  -> origin/issue-163-d536717f895a
2026-10-09T23:15:13.1049528Z  * [new branch]          issue-164-9a34163b931c  -> origin/issue-164-9a34163b931c
2026-10-09T23:15:13.1050263Z  * [new branch]          issue-165-ae9e3865656f  -> origin/issue-165-ae9e3865656f
2026-10-09T23:15:13.1050787Z  * [new branch]          issue-168-74facaae132a  -> origin/issue-168-74facaae132a
2026-10-09T23:15:13.1051298Z  * [new branch]          issue-169-40f964916dd2  -> origin/issue-169-40f964916dd2
2026-10-09T23:15:13.1051808Z  * [new branch]          issue-172-6f05b8d7064b  -> origin/issue-172-6f05b8d7064b
2026-10-09T23:15:13.1052318Z  * [new branch]          issue-18-65b2eb796b44   -> origin/issue-18-65b2eb796b44
2026-10-09T23:15:13.1052834Z  * [new branch]          issue-180-d9c09fe7795a  -> origin/issue-180-d9c09fe7795a
2026-10-09T23:15:13.1053350Z  * [new branch]          issue-182-7747bbca426b  -> origin/issue-182-7747bbca426b
2026-10-09T23:15:13.1053861Z  * [new branch]          issue-183-3f4b24d7b276  -> origin/issue-183-3f4b24d7b276
2026-10-09T23:15:13.1054540Z  * [new branch]          issue-184-8c29f506aef9  -> origin/issue-184-8c29f506aef9
2026-10-09T23:15:13.1055067Z  * [new branch]          issue-185-5e92ccc6162c  -> origin/issue-185-5e92ccc6162c
2026-10-09T23:15:13.1055571Z  * [new branch]          issue-187-79bc77f3d485  -> origin/issue-187-79bc77f3d485
2026-10-09T23:15:13.1056113Z  * [new branch]          issue-190-8c706a31ad6a  -> origin/issue-190-8c706a31ad6a
2026-10-09T23:15:13.1056754Z  * [new branch]          issue-192-12a50e1d9874  -> origin/issue-192-12a50e1d9874
2026-10-09T23:15:13.1057606Z  * [new branch]          issue-193-64742fb93b00  -> origin/issue-193-64742fb93b00
2026-10-09T23:15:13.1058136Z  * [new branch]          issue-195-bed514694604  -> origin/issue-195-bed514694604
2026-10-09T23:15:13.1058648Z  * [new branch]          issue-196-baa4327fc44a  -> origin/issue-196-baa4327fc44a
2026-10-09T23:15:13.1059161Z  * [new branch]          issue-20-4275e3280a5a   -> origin/issue-20-4275e3280a5a
2026-10-09T23:15:13.1059667Z  * [new branch]          issue-205-904afe68fe09  -> origin/issue-205-904afe68fe09
2026-10-09T23:15:13.1060188Z  * [new branch]          issue-207-40aa862c0b6e  -> origin/issue-207-40aa862c0b6e
2026-10-09T23:15:13.1060696Z  * [new branch]          issue-209-490a73a6457c  -> origin/issue-209-490a73a6457c
2026-10-09T23:15:13.1061200Z  * [new branch]          issue-21-0c5ffd5a0979   -> origin/issue-21-0c5ffd5a0979
2026-10-09T23:15:13.1061716Z  * [new branch]          issue-210-4d285057dbda  -> origin/issue-210-4d285057dbda
2026-10-09T23:15:13.1062221Z  * [new branch]          issue-212-982e59cd9627  -> origin/issue-212-982e59cd9627
2026-10-09T23:15:13.1062731Z  * [new branch]          issue-213-ccac1dba5ff0  -> origin/issue-213-ccac1dba5ff0
2026-10-09T23:15:13.1063246Z  * [new branch]          issue-218-71bece6bcc84  -> origin/issue-218-71bece6bcc84
2026-10-09T23:15:13.1063752Z  * [new branch]          issue-221-77aad836fb28  -> origin/issue-221-77aad836fb28
2026-10-09T23:15:13.1064254Z  * [new branch]          issue-223-2a1e41a20542  -> origin/issue-223-2a1e41a20542
2026-10-09T23:15:13.1064762Z  * [new branch]          issue-224-cf105bcf1a6e  -> origin/issue-224-cf105bcf1a6e
2026-10-09T23:15:13.1065415Z  * [new branch]          issue-226-d5af2957ea35  -> origin/issue-226-d5af2957ea35
2026-10-09T23:15:13.1065931Z  * [new branch]          issue-228-f1e6cdaa38f0  -> origin/issue-228-f1e6cdaa38f0
2026-10-09T23:15:13.1066444Z  * [new branch]          issue-230-a9436b51254d  -> origin/issue-230-a9436b51254d
2026-10-09T23:15:13.1066946Z  * [new branch]          issue-232-b9341e555308  -> origin/issue-232-b9341e555308
2026-10-09T23:15:13.1067766Z  * [new branch]          issue-24-7fe6ff27055d   -> origin/issue-24-7fe6ff27055d
2026-10-09T23:15:13.1068412Z  * [new branch]          issue-24-9083bf15af21   -> origin/issue-24-9083bf15af21
2026-10-09T23:15:13.1069351Z  * [new branch]          issue-242-589b8e1d2946  -> origin/issue-242-589b8e1d2946
2026-10-09T23:15:13.1070318Z  * [new branch]          issue-244-75334b422fcf  -> origin/issue-244-75334b422fcf
2026-10-09T23:15:13.1071107Z  * [new branch]          issue-246-61ab4f8b4f3e  -> origin/issue-246-61ab4f8b4f3e
2026-10-09T23:15:13.1071643Z  * [new branch]          issue-247-810952870ab9  -> origin/issue-247-810952870ab9
2026-10-09T23:15:13.1072166Z  * [new branch]          issue-248-ea3e948d0229  -> origin/issue-248-ea3e948d0229
2026-10-09T23:15:13.1072674Z  * [new branch]          issue-249-6136f9213c76  -> origin/issue-249-6136f9213c76
2026-10-09T23:15:13.1073183Z  * [new branch]          issue-250-be761bc3dbee  -> origin/issue-250-be761bc3dbee
2026-10-09T23:15:13.1073692Z  * [new branch]          issue-251-7d593ac4bba8  -> origin/issue-251-7d593ac4bba8
2026-10-09T23:15:13.1074205Z  * [new branch]          issue-252-b1f65d416f4a  -> origin/issue-252-b1f65d416f4a
2026-10-09T23:15:13.1074712Z  * [new branch]          issue-253-59df91a538ab  -> origin/issue-253-59df91a538ab
2026-10-09T23:15:13.1075230Z  * [new branch]          issue-254-7e0bf261bbbe  -> origin/issue-254-7e0bf261bbbe
2026-10-09T23:15:13.1075917Z  * [new branch]          issue-255-4873634aa505  -> origin/issue-255-4873634aa505
2026-10-09T23:15:13.1076440Z  * [new branch]          issue-256-585dd1cf5c16  -> origin/issue-256-585dd1cf5c16
2026-10-09T23:15:13.1076952Z  * [new branch]          issue-257-a276337dd027  -> origin/issue-257-a276337dd027
2026-10-09T23:15:13.1077648Z  * [new branch]          issue-258-d31b6cd36328  -> origin/issue-258-d31b6cd36328
2026-10-09T23:15:13.1078172Z  * [new branch]          issue-259-8addd79af1e5  -> origin/issue-259-8addd79af1e5
2026-10-09T23:15:13.1078687Z  * [new branch]          issue-262-ffbf4f8b62fc  -> origin/issue-262-ffbf4f8b62fc
2026-10-09T23:15:13.1079202Z  * [new branch]          issue-27-2a30a20dbe1d   -> origin/issue-27-2a30a20dbe1d
2026-10-09T23:15:13.1079725Z  * [new branch]          issue-272-faddf6c692f2  -> origin/issue-272-faddf6c692f2
2026-10-09T23:15:13.1080237Z  * [new branch]          issue-278-f318cd644af7  -> origin/issue-278-f318cd644af7
2026-10-09T23:15:13.1080742Z  * [new branch]          issue-279-5ba4c6826050  -> origin/issue-279-5ba4c6826050
2026-10-09T23:15:13.1081259Z  * [new branch]          issue-280-a5568cffb278  -> origin/issue-280-a5568cffb278
2026-10-09T23:15:13.1081767Z  * [new branch]          issue-281-adb3f644d22f  -> origin/issue-281-adb3f644d22f
2026-10-09T23:15:13.1082278Z  * [new branch]          issue-282-87c4ef549aa1  -> origin/issue-282-87c4ef549aa1
2026-10-09T23:15:13.1082964Z  * [new branch]          issue-283-61f53327e75b  -> origin/issue-283-61f53327e75b
2026-10-09T23:15:13.1083486Z  * [new branch]          issue-284-ca54d46aaebc  -> origin/issue-284-ca54d46aaebc
2026-10-09T23:15:13.1083998Z  * [new branch]          issue-286-61cbbdcba27e  -> origin/issue-286-61cbbdcba27e
2026-10-09T23:15:13.1084510Z  * [new branch]          issue-288-6acac66b9387  -> origin/issue-288-6acac66b9387
2026-10-09T23:15:13.1085022Z  * [new branch]          issue-29-13a9db91b72a   -> origin/issue-29-13a9db91b72a
2026-10-09T23:15:13.1085676Z  * [new branch]          issue-292-da9aaf96e0f3  -> origin/issue-292-da9aaf96e0f3
2026-10-09T23:15:13.1086588Z  * [new branch]          issue-298-2417e4679aef  -> origin/issue-298-2417e4679aef
2026-10-09T23:15:13.1088037Z  * [new branch]          issue-299-30d5d978e553  -> origin/issue-299-30d5d978e553
2026-10-09T23:15:13.1088570Z  * [new branch]          issue-30-267957d5e55e   -> origin/issue-30-267957d5e55e
2026-10-09T23:15:13.1089088Z  * [new branch]          issue-300-873cc5bb18f5  -> origin/issue-300-873cc5bb18f5
2026-10-09T23:15:13.1089598Z  * [new branch]          issue-301-ef74e93466aa  -> origin/issue-301-ef74e93466aa
2026-10-09T23:15:13.1090107Z  * [new branch]          issue-302-e7083056c95e  -> origin/issue-302-e7083056c95e
2026-10-09T23:15:13.1090617Z  * [new branch]          issue-303-2e2d9313f8e1  -> origin/issue-303-2e2d9313f8e1
2026-10-09T23:15:13.1091124Z  * [new branch]          issue-304-23e843eb0d56  -> origin/issue-304-23e843eb0d56
2026-10-09T23:15:13.1091628Z  * [new branch]          issue-31-5ef83b6717f8   -> origin/issue-31-5ef83b6717f8
2026-10-09T23:15:13.1092144Z  * [new branch]          issue-312-d1d44d5118bd  -> origin/issue-312-d1d44d5118bd
2026-10-09T23:15:13.1092666Z  * [new branch]          issue-313-ece61791ba00  -> origin/issue-313-ece61791ba00
2026-10-09T23:15:13.1093182Z  * [new branch]          issue-314-ed19d11ac015  -> origin/issue-314-ed19d11ac015
2026-10-09T23:15:13.1093691Z  * [new branch]          issue-315-2ed7e2a5be22  -> origin/issue-315-2ed7e2a5be22
2026-10-09T23:15:13.1094204Z  * [new branch]          issue-316-df2ecc9c1366  -> origin/issue-316-df2ecc9c1366
2026-10-09T23:15:13.1094712Z  * [new branch]          issue-317-a2983c165b4d  -> origin/issue-317-a2983c165b4d
2026-10-09T23:15:13.1095213Z  * [new branch]          issue-324-cf8043055ef7  -> origin/issue-324-cf8043055ef7
2026-10-09T23:15:13.1095718Z  * [new branch]          issue-326-502fcf4d3a9f  -> origin/issue-326-502fcf4d3a9f
2026-10-09T23:15:13.1096222Z  * [new branch]          issue-327-ca9bee51ff14  -> origin/issue-327-ca9bee51ff14
2026-10-09T23:15:13.1096906Z  * [new branch]          issue-330-64d71bce5b77  -> origin/issue-330-64d71bce5b77
2026-10-09T23:15:13.1097702Z  * [new branch]          issue-332-f94cd78ff46b  -> origin/issue-332-f94cd78ff46b
2026-10-09T23:15:13.1098219Z  * [new branch]          issue-333-d89656a09a4c  -> origin/issue-333-d89656a09a4c
2026-10-09T23:15:13.1098731Z  * [new branch]          issue-334-229eab37b96b  -> origin/issue-334-229eab37b96b
2026-10-09T23:15:13.1099239Z  * [new branch]          issue-335-3a1d301bdab8  -> origin/issue-335-3a1d301bdab8
2026-10-09T23:15:13.1099739Z  * [new branch]          issue-336-d38364ae9aa3  -> origin/issue-336-d38364ae9aa3
2026-10-09T23:15:13.1100242Z  * [new branch]          issue-337-af94e05dd18c  -> origin/issue-337-af94e05dd18c
2026-10-09T23:15:13.1100758Z  * [new branch]          issue-338-f2a015abaa68  -> origin/issue-338-f2a015abaa68
2026-10-09T23:15:13.1101261Z  * [new branch]          issue-339-5582ebca4a27  -> origin/issue-339-5582ebca4a27
2026-10-09T23:15:13.1101771Z  * [new branch]          issue-340-dbe3f3891f1b  -> origin/issue-340-dbe3f3891f1b
2026-10-09T23:15:13.1102280Z  * [new branch]          issue-341-7e64bf1210ad  -> origin/issue-341-7e64bf1210ad
2026-10-09T23:15:13.1102790Z  * [new branch]          issue-342-95cece15bf3e  -> origin/issue-342-95cece15bf3e
2026-10-09T23:15:13.1103294Z  * [new branch]          issue-343-5a84780aaa50  -> origin/issue-343-5a84780aaa50
2026-10-09T23:15:13.1103798Z  * [new branch]          issue-347-4cd6329090e8  -> origin/issue-347-4cd6329090e8
2026-10-09T23:15:13.1104300Z  * [new branch]          issue-349-4243100887a0  -> origin/issue-349-4243100887a0
2026-10-09T23:15:13.1104808Z  * [new branch]          issue-35-9545df8b8566   -> origin/issue-35-9545df8b8566
2026-10-09T23:15:13.1105316Z  * [new branch]          issue-353-dfccdb39bce4  -> origin/issue-353-dfccdb39bce4
2026-10-09T23:15:13.1105826Z  * [new branch]          issue-355-344578359227  -> origin/issue-355-344578359227
2026-10-09T23:15:13.1106326Z  * [new branch]          issue-356-5b81630408a3  -> origin/issue-356-5b81630408a3
2026-10-09T23:15:13.1106834Z  * [new branch]          issue-357-d87d54ecc72c  -> origin/issue-357-d87d54ecc72c
2026-10-09T23:15:13.1107754Z  * [new branch]          issue-358-4e868b49d9a1  -> origin/issue-358-4e868b49d9a1
2026-10-09T23:15:13.1108276Z  * [new branch]          issue-359-5b5fb0777ee6  -> origin/issue-359-5b5fb0777ee6
2026-10-09T23:15:13.1108787Z  * [new branch]          issue-360-38fd6ba803ec  -> origin/issue-360-38fd6ba803ec
2026-10-09T23:15:13.1109295Z  * [new branch]          issue-361-434488134615  -> origin/issue-361-434488134615
2026-10-09T23:15:13.1109793Z  * [new branch]          issue-362-7993455d57fb  -> origin/issue-362-7993455d57fb
2026-10-09T23:15:13.1110297Z  * [new branch]          issue-363-9f47b54135b1  -> origin/issue-363-9f47b54135b1
2026-10-09T23:15:13.1110794Z  * [new branch]          issue-364-55959348860a  -> origin/issue-364-55959348860a
2026-10-09T23:15:13.1111289Z  * [new branch]          issue-365-e5527612acd6  -> origin/issue-365-e5527612acd6
2026-10-09T23:15:13.1111790Z  * [new branch]          issue-368-485e22098964  -> origin/issue-368-485e22098964
2026-10-09T23:15:13.1112297Z  * [new branch]          issue-37-43a07241273c   -> origin/issue-37-43a07241273c
2026-10-09T23:15:13.1112797Z  * [new branch]          issue-386-0f7c7e8a730c  -> origin/issue-386-0f7c7e8a730c
2026-10-09T23:15:13.1113301Z  * [new branch]          issue-388-874e3e436c91  -> origin/issue-388-874e3e436c91
2026-10-09T23:15:13.1113802Z  * [new branch]          issue-39-4fae946b6130   -> origin/issue-39-4fae946b6130
2026-10-09T23:15:13.1114315Z  * [new branch]          issue-39-953cf7f12db2   -> origin/issue-39-953cf7f12db2
2026-10-09T23:15:13.1114817Z  * [new branch]          issue-390-77cb1ef33735  -> origin/issue-390-77cb1ef33735
2026-10-09T23:15:13.1115320Z  * [new branch]          issue-392-773e82f8f031  -> origin/issue-392-773e82f8f031
2026-10-09T23:15:13.1115829Z  * [new branch]          issue-394-ffc1c872e3ab  -> origin/issue-394-ffc1c872e3ab
2026-10-09T23:15:13.1116467Z  * [new branch]          issue-395-3c3ab62d4f7c  -> origin/issue-395-3c3ab62d4f7c
2026-10-09T23:15:13.1117008Z  * [new branch]          issue-398-b349f91c312f  -> origin/issue-398-b349f91c312f
2026-10-09T23:15:13.1117682Z  * [new branch]          issue-4-1e8c9b0d59e2    -> origin/issue-4-1e8c9b0d59e2
2026-10-09T23:15:13.1118197Z  * [new branch]          issue-40-6687579f7e2e   -> origin/issue-40-6687579f7e2e
2026-10-09T23:15:13.1118705Z  * [new branch]          issue-400-a85a0ce9c93a  -> origin/issue-400-a85a0ce9c93a
2026-10-09T23:15:13.1119223Z  * [new branch]          issue-402-3f2cf0c98030  -> origin/issue-402-3f2cf0c98030
2026-10-09T23:15:13.1119733Z  * [new branch]          issue-403-f628f7845685  -> origin/issue-403-f628f7845685
2026-10-09T23:15:13.1120232Z  * [new branch]          issue-404-070ec3986707  -> origin/issue-404-070ec3986707
2026-10-09T23:15:13.1120731Z  * [new branch]          issue-406-6b5da8d41f69  -> origin/issue-406-6b5da8d41f69
2026-10-09T23:15:13.1121246Z  * [new branch]          issue-407-b35aacab285c  -> origin/issue-407-b35aacab285c
2026-10-09T23:15:13.1121758Z  * [new branch]          issue-408-336291b4b4ef  -> origin/issue-408-336291b4b4ef
2026-10-09T23:15:13.1122257Z  * [new branch]          issue-409-e4c182d83efd  -> origin/issue-409-e4c182d83efd
2026-10-09T23:15:13.1122763Z  * [new branch]          issue-41-a76143723c45   -> origin/issue-41-a76143723c45
2026-10-09T23:15:13.1123274Z  * [new branch]          issue-410-e318f1ae5275  -> origin/issue-410-e318f1ae5275
2026-10-09T23:15:13.1123780Z  * [new branch]          issue-411-1e4094a180fd  -> origin/issue-411-1e4094a180fd
2026-10-09T23:15:13.1124282Z  * [new branch]          issue-412-1f5f93827186  -> origin/issue-412-1f5f93827186
2026-10-09T23:15:13.1124787Z  * [new branch]          issue-42-591c9157cbbf   -> origin/issue-42-591c9157cbbf
2026-10-09T23:15:13.1125290Z  * [new branch]          issue-423-85026fdc955a  -> origin/issue-423-85026fdc955a
2026-10-09T23:15:13.1125795Z  * [new branch]          issue-425-ff7d3c7e0567  -> origin/issue-425-ff7d3c7e0567
2026-10-09T23:15:13.1126441Z  * [new branch]          issue-426-b91222c50d0a  -> origin/issue-426-b91222c50d0a
2026-10-09T23:15:13.1126954Z  * [new branch]          issue-427-f23ead64bdf7  -> origin/issue-427-f23ead64bdf7
2026-10-09T23:15:13.1127585Z  * [new branch]          issue-428-7778bb0172a9  -> origin/issue-428-7778bb0172a9
2026-10-09T23:15:13.1128105Z  * [new branch]          issue-43-8dcfd820555c   -> origin/issue-43-8dcfd820555c
2026-10-09T23:15:13.1128838Z  * [new branch]          issue-433-6671aae1da9e  -> origin/issue-433-6671aae1da9e
2026-10-09T23:15:13.1129366Z  * [new branch]          issue-436-e9e553c5e92f  -> origin/issue-436-e9e553c5e92f
2026-10-09T23:15:13.1129881Z  * [new branch]          issue-438-9da4a07cbf9a  -> origin/issue-438-9da4a07cbf9a
2026-10-09T23:15:13.1130394Z  * [new branch]          issue-439-416e69e14603  -> origin/issue-439-416e69e14603
2026-10-09T23:15:13.1130934Z  * [new branch]          issue-44-932b1a8ae8ee   -> origin/issue-44-932b1a8ae8ee
2026-10-09T23:15:13.1131460Z  * [new branch]          issue-440-23eab54bc87e  -> origin/issue-440-23eab54bc87e
2026-10-09T23:15:13.1131975Z  * [new branch]          issue-441-c2ce86f18d5d  -> origin/issue-441-c2ce86f18d5d
2026-10-09T23:15:13.1132478Z  * [new branch]          issue-442-8434c56ac949  -> origin/issue-442-8434c56ac949
2026-10-09T23:15:13.1132980Z  * [new branch]          issue-444-647f06dbb5f1  -> origin/issue-444-647f06dbb5f1
2026-10-09T23:15:13.1133475Z  * [new branch]          issue-445-a0710028427b  -> origin/issue-445-a0710028427b
2026-10-09T23:15:13.1133972Z  * [new branch]          issue-446-710c1b9886ed  -> origin/issue-446-710c1b9886ed
2026-10-09T23:15:13.1134473Z  * [new branch]          issue-447-2d79997f934e  -> origin/issue-447-2d79997f934e
2026-10-09T23:15:13.1134982Z  * [new branch]          issue-449-2895c0132690  -> origin/issue-449-2895c0132690
2026-10-09T23:15:13.1135491Z  * [new branch]          issue-451-b816faff56ec  -> origin/issue-451-b816faff56ec
2026-10-09T23:15:13.1136165Z  * [new branch]          issue-454-6c17bf95f9df  -> origin/issue-454-6c17bf95f9df
2026-10-09T23:15:13.1136747Z  * [new branch]          issue-456-c244f4ec8908  -> origin/issue-456-c244f4ec8908
2026-10-09T23:15:13.1137430Z  * [new branch]          issue-457-84121c7f4721  -> origin/issue-457-84121c7f4721
2026-10-09T23:15:13.1137947Z  * [new branch]          issue-458-1fb70f7869d0  -> origin/issue-458-1fb70f7869d0
2026-10-09T23:15:13.1138456Z  * [new branch]          issue-459-bf5fa6e29c78  -> origin/issue-459-bf5fa6e29c78
2026-10-09T23:15:13.1138961Z  * [new branch]          issue-460-150e2353fa44  -> origin/issue-460-150e2353fa44
2026-10-09T23:15:13.1139468Z  * [new branch]          issue-461-f8a1ead1bd9b  -> origin/issue-461-f8a1ead1bd9b
2026-10-09T23:15:13.1139972Z  * [new branch]          issue-462-81111843e5e4  -> origin/issue-462-81111843e5e4
2026-10-09T23:15:13.1140468Z  * [new branch]          issue-464-006f0aa809a9  -> origin/issue-464-006f0aa809a9
2026-10-09T23:15:13.1140977Z  * [new branch]          issue-465-7f26da0327bb  -> origin/issue-465-7f26da0327bb
2026-10-09T23:15:13.1141490Z  * [new branch]          issue-466-1d0e1e61a36c  -> origin/issue-466-1d0e1e61a36c
2026-10-09T23:15:13.1141996Z  * [new branch]          issue-467-6f9c4b38431a  -> origin/issue-467-6f9c4b38431a
2026-10-09T23:15:13.1142503Z  * [new branch]          issue-468-87c52b65bec9  -> origin/issue-468-87c52b65bec9
2026-10-09T23:15:13.1143012Z  * [new branch]          issue-476-d3746a602770  -> origin/issue-476-d3746a602770
2026-10-09T23:15:13.1143530Z  * [new branch]          issue-477-9f87005e360d  -> origin/issue-477-9f87005e360d
2026-10-09T23:15:13.1144037Z  * [new branch]          issue-478-44b0ac622612  -> origin/issue-478-44b0ac622612
2026-10-09T23:15:13.1144543Z  * [new branch]          issue-479-33639d61f4f0  -> origin/issue-479-33639d61f4f0
2026-10-09T23:15:13.1145053Z  * [new branch]          issue-479-51f54bbe54b1  -> origin/issue-479-51f54bbe54b1
2026-10-09T23:15:13.1145562Z  * [new branch]          issue-479-845c9fad1bb5  -> origin/issue-479-845c9fad1bb5
2026-10-09T23:15:13.1146203Z  * [new branch]          issue-479-8f9cd81c8ee9  -> origin/issue-479-8f9cd81c8ee9
2026-10-09T23:15:13.1146714Z  * [new branch]          issue-479-ff9c709d56dc  -> origin/issue-479-ff9c709d56dc
2026-10-09T23:15:13.1147500Z  * [new branch]          issue-481-0f9ca0b86ab0  -> origin/issue-481-0f9ca0b86ab0
2026-10-09T23:15:13.1148079Z  * [new branch]          issue-482-aaf2da83253d  -> origin/issue-482-aaf2da83253d
2026-10-09T23:15:13.1148593Z  * [new branch]          issue-483-69f2ba125406  -> origin/issue-483-69f2ba125406
2026-10-09T23:15:13.1149101Z  * [new branch]          issue-484-0a1576cb2a86  -> origin/issue-484-0a1576cb2a86
2026-10-09T23:15:13.1149609Z  * [new branch]          issue-485-c011da8f97d7  -> origin/issue-485-c011da8f97d7
2026-10-09T23:15:13.1150120Z  * [new branch]          issue-488-54ea7213044c  -> origin/issue-488-54ea7213044c
2026-10-09T23:15:13.1150633Z  * [new branch]          issue-49-15e56694c4fd   -> origin/issue-49-15e56694c4fd
2026-10-09T23:15:13.1151162Z  * [new branch]          issue-492-c714d50efef8  -> origin/issue-492-c714d50efef8
2026-10-09T23:15:13.1151686Z  * [new branch]          issue-493-481b78023692  -> origin/issue-493-481b78023692
2026-10-09T23:15:13.1152194Z  * [new branch]          issue-495-825beb6d3550  -> origin/issue-495-825beb6d3550
2026-10-09T23:15:13.1152699Z  * [new branch]          issue-496-d6b85662687d  -> origin/issue-496-d6b85662687d
2026-10-09T23:15:13.1153212Z  * [new branch]          issue-497-bd6afe9528a4  -> origin/issue-497-bd6afe9528a4
2026-10-09T23:15:13.1153719Z  * [new branch]          issue-498-9381dddf8c21  -> origin/issue-498-9381dddf8c21
2026-10-09T23:15:13.1154220Z  * [new branch]          issue-499-110e4e5b9539  -> origin/issue-499-110e4e5b9539
2026-10-09T23:15:13.1154729Z  * [new branch]          issue-50-a94d4d7b427c   -> origin/issue-50-a94d4d7b427c
2026-10-09T23:15:13.1155242Z  * [new branch]          issue-500-1fd944a3e208  -> origin/issue-500-1fd944a3e208
2026-10-09T23:15:13.1155880Z  * [new branch]          issue-501-72e3bf7e95f3  -> origin/issue-501-72e3bf7e95f3
2026-10-09T23:15:13.1156411Z  * [new branch]          issue-505-f2954093e4d6  -> origin/issue-505-f2954093e4d6
2026-10-09T23:15:13.1156914Z  * [new branch]          issue-506-466d5888efb3  -> origin/issue-506-466d5888efb3
2026-10-09T23:15:13.1157818Z  * [new branch]          issue-507-0006123832de  -> origin/issue-507-0006123832de
2026-10-09T23:15:13.1158593Z  * [new branch]          issue-508-6b6c258f1332  -> origin/issue-508-6b6c258f1332
2026-10-09T23:15:13.1159115Z  * [new branch]          issue-509-f7cd5519acb3  -> origin/issue-509-f7cd5519acb3
2026-10-09T23:15:13.1159624Z  * [new branch]          issue-51-8693c8c9e174   -> origin/issue-51-8693c8c9e174
2026-10-09T23:15:13.1160132Z  * [new branch]          issue-511-26d6b8408464  -> origin/issue-511-26d6b8408464
2026-10-09T23:15:13.1160642Z  * [new branch]          issue-513-f50eb0ca85ce  -> origin/issue-513-f50eb0ca85ce
2026-10-09T23:15:13.1161163Z  * [new branch]          issue-514-693376bc3c68  -> origin/issue-514-693376bc3c68
2026-10-09T23:15:13.1161677Z  * [new branch]          issue-515-cfebef79ba2a  -> origin/issue-515-cfebef79ba2a
2026-10-09T23:15:13.1162191Z  * [new branch]          issue-516-059bd7ea181f  -> origin/issue-516-059bd7ea181f
2026-10-09T23:15:13.1162697Z  * [new branch]          issue-517-310d75ed5ddb  -> origin/issue-517-310d75ed5ddb
2026-10-09T23:15:13.1163205Z  * [new branch]          issue-518-cbe8ae975e3b  -> origin/issue-518-cbe8ae975e3b
2026-10-09T23:15:13.1163720Z  * [new branch]          issue-519-2d4beea1f158  -> origin/issue-519-2d4beea1f158
2026-10-09T23:15:13.1164227Z  * [new branch]          issue-52-3fef487eb097   -> origin/issue-52-3fef487eb097
2026-10-09T23:15:13.1164728Z  * [new branch]          issue-520-e98d0ad41eb8  -> origin/issue-520-e98d0ad41eb8
2026-10-09T23:15:13.1165236Z  * [new branch]          issue-521-86a4d9eefeef  -> origin/issue-521-86a4d9eefeef
2026-10-09T23:15:13.1165748Z  * [new branch]          issue-523-d811f560cba2  -> origin/issue-523-d811f560cba2
2026-10-09T23:15:13.1166433Z  * [new branch]          issue-526-215ae32f521b  -> origin/issue-526-215ae32f521b
2026-10-09T23:15:13.1166943Z  * [new branch]          issue-527-6a3eb41de78a  -> origin/issue-527-6a3eb41de78a
2026-10-09T23:15:13.1167638Z  * [new branch]          issue-529-c279ceb4e86e  -> origin/issue-529-c279ceb4e86e
2026-10-09T23:15:13.1168153Z  * [new branch]          issue-53-78dd4669e4c6   -> origin/issue-53-78dd4669e4c6
2026-10-09T23:15:13.1168661Z  * [new branch]          issue-531-ebee6863aca0  -> origin/issue-531-ebee6863aca0
2026-10-09T23:15:13.1169175Z  * [new branch]          issue-534-55dea2b09922  -> origin/issue-534-55dea2b09922
2026-10-09T23:15:13.1169684Z  * [new branch]          issue-535-a15a7ecef5a1  -> origin/issue-535-a15a7ecef5a1
2026-10-09T23:15:13.1170194Z  * [new branch]          issue-538-eca4a11c39c6  -> origin/issue-538-eca4a11c39c6
2026-10-09T23:15:13.1170707Z  * [new branch]          issue-540-daaf4da2188a  -> origin/issue-540-daaf4da2188a
2026-10-09T23:15:13.1171222Z  * [new branch]          issue-541-bf330e9c749a  -> origin/issue-541-bf330e9c749a
2026-10-09T23:15:13.1171739Z  * [new branch]          issue-546-00172aaf4098  -> origin/issue-546-00172aaf4098
2026-10-09T23:15:13.1172240Z  * [new branch]          issue-548-60f357ad6440  -> origin/issue-548-60f357ad6440
2026-10-09T23:15:13.1172739Z  * [new branch]          issue-55-b16700e01313   -> origin/issue-55-b16700e01313
2026-10-09T23:15:13.1173235Z  * [new branch]          issue-550-c636b0e4075d  -> origin/issue-550-c636b0e4075d
2026-10-09T23:15:13.1173751Z  * [new branch]          issue-552-5268f4c1c9c2  -> origin/issue-552-5268f4c1c9c2
2026-10-09T23:15:13.1174253Z  * [new branch]          issue-554-4e0842bbccb4  -> origin/issue-554-4e0842bbccb4
2026-10-09T23:15:13.1174757Z  * [new branch]          issue-556-4846496df8be  -> origin/issue-556-4846496df8be
2026-10-09T23:15:13.1175256Z  * [new branch]          issue-557-798448f62fb9  -> origin/issue-557-798448f62fb9
2026-10-09T23:15:13.1175875Z  * [new branch]          issue-558-39b8470b93dc  -> origin/issue-558-39b8470b93dc
2026-10-09T23:15:13.1176387Z  * [new branch]          issue-559-0655630e8231  -> origin/issue-559-0655630e8231
2026-10-09T23:15:13.1176892Z  * [new branch]          issue-561-4a4fbf7162b8  -> origin/issue-561-4a4fbf7162b8
2026-10-09T23:15:13.1177530Z  * [new branch]          issue-563-80759f540d10  -> origin/issue-563-80759f540d10
2026-10-09T23:15:13.1178038Z  * [new branch]          issue-571-5e98873b3165  -> origin/issue-571-5e98873b3165
2026-10-09T23:15:13.1178541Z  * [new branch]          issue-595-01565ac9ae02  -> origin/issue-595-01565ac9ae02
2026-10-09T23:15:13.1179049Z  * [new branch]          issue-6-d8cf53772b56    -> origin/issue-6-d8cf53772b56
2026-10-09T23:15:13.1179566Z  * [new branch]          issue-600-742e96b0e805  -> origin/issue-600-742e96b0e805
2026-10-09T23:15:13.1180077Z  * [new branch]          issue-602-dd2ad19de0f3  -> origin/issue-602-dd2ad19de0f3
2026-10-09T23:15:13.1180592Z  * [new branch]          issue-603-0e0bca520555  -> origin/issue-603-0e0bca520555
2026-10-09T23:15:13.1181100Z  * [new branch]          issue-604-a47624b9477a  -> origin/issue-604-a47624b9477a
2026-10-09T23:15:13.1181607Z  * [new branch]          issue-605-8bc8ebb665cd  -> origin/issue-605-8bc8ebb665cd
2026-10-09T23:15:13.1182122Z  * [new branch]          issue-606-3b82a4ca654b  -> origin/issue-606-3b82a4ca654b
2026-10-09T23:15:13.1182627Z  * [new branch]          issue-607-5c67ebb8d9bf  -> origin/issue-607-5c67ebb8d9bf
2026-10-09T23:15:13.1183135Z  * [new branch]          issue-608-0df7a5925506  -> origin/issue-608-0df7a5925506
2026-10-09T23:15:13.1183659Z  * [new branch]          issue-620-eafd151b1f76  -> origin/issue-620-eafd151b1f76
2026-10-09T23:15:13.1184165Z  * [new branch]          issue-621-2a32af255191  -> origin/issue-621-2a32af255191
2026-10-09T23:15:13.1184670Z  * [new branch]          issue-622-049b4f5eff46  -> origin/issue-622-049b4f5eff46
2026-10-09T23:15:13.1185185Z  * [new branch]          issue-624-6b843e3acdbf  -> origin/issue-624-6b843e3acdbf
2026-10-09T23:15:13.1185813Z  * [new branch]          issue-625-199d35c218b5  -> origin/issue-625-199d35c218b5
2026-10-09T23:15:13.1186317Z  * [new branch]          issue-626-364a4b2f02e5  -> origin/issue-626-364a4b2f02e5
2026-10-09T23:15:13.1186823Z  * [new branch]          issue-627-661b580408c8  -> origin/issue-627-661b580408c8
2026-10-09T23:15:13.1187618Z  * [new branch]          issue-628-4d8a43226d55  -> origin/issue-628-4d8a43226d55
2026-10-09T23:15:13.1188165Z  * [new branch]          issue-63-7561bb160d49   -> origin/issue-63-7561bb160d49
2026-10-09T23:15:13.1188680Z  * [new branch]          issue-64-0f1b4b7009f5   -> origin/issue-64-0f1b4b7009f5
2026-10-09T23:15:13.1189202Z  * [new branch]          issue-647-ee229e289e45  -> origin/issue-647-ee229e289e45
2026-10-09T23:15:13.1189721Z  * [new branch]          issue-649-cb862fc80246  -> origin/issue-649-cb862fc80246
2026-10-09T23:15:13.1190229Z  * [new branch]          issue-65-91402602272c   -> origin/issue-65-91402602272c
2026-10-09T23:15:13.1190737Z  * [new branch]          issue-650-412272077860  -> origin/issue-650-412272077860
2026-10-09T23:15:13.1191254Z  * [new branch]          issue-651-0f33c6af0d5a  -> origin/issue-651-0f33c6af0d5a
2026-10-09T23:15:13.1191772Z  * [new branch]          issue-654-6d834f50dc21  -> origin/issue-654-6d834f50dc21
2026-10-09T23:15:13.1192281Z  * [new branch]          issue-655-352ae09c0c14  -> origin/issue-655-352ae09c0c14
2026-10-09T23:15:13.1192791Z  * [new branch]          issue-656-f2a77c2178d8  -> origin/issue-656-f2a77c2178d8
2026-10-09T23:15:13.1193299Z  * [new branch]          issue-657-22efa39a883b  -> origin/issue-657-22efa39a883b
2026-10-09T23:15:13.1193804Z  * [new branch]          issue-658-b474876a31a4  -> origin/issue-658-b474876a31a4
2026-10-09T23:15:13.1194320Z  * [new branch]          issue-659-f6ffbfad15c4  -> origin/issue-659-f6ffbfad15c4
2026-10-09T23:15:13.1194831Z  * [new branch]          issue-66-6832a673e048   -> origin/issue-66-6832a673e048
2026-10-09T23:15:13.1195479Z  * [new branch]          issue-660-c0695bd24b0d  -> origin/issue-660-c0695bd24b0d
2026-10-09T23:15:13.1196029Z  * [new branch]          issue-661-029d6e8fce05  -> origin/issue-661-029d6e8fce05
2026-10-09T23:15:13.1196542Z  * [new branch]          issue-662-d33e013f75e2  -> origin/issue-662-d33e013f75e2
2026-10-09T23:15:13.1197058Z  * [new branch]          issue-663-321cc5865928  -> origin/issue-663-321cc5865928
2026-10-09T23:15:13.1197731Z  * [new branch]          issue-664-a0a4184c732c  -> origin/issue-664-a0a4184c732c
2026-10-09T23:15:13.1198262Z  * [new branch]          issue-67-5020a69c37b6   -> origin/issue-67-5020a69c37b6
2026-10-09T23:15:13.1198780Z  * [new branch]          issue-671-64e853f20d82  -> origin/issue-671-64e853f20d82
2026-10-09T23:15:13.1199294Z  * [new branch]          issue-672-e9ff26c1ce11  -> origin/issue-672-e9ff26c1ce11
2026-10-09T23:15:13.1199821Z  * [new branch]          issue-673-f2f6b27cb24b  -> origin/issue-673-f2f6b27cb24b
2026-10-09T23:15:13.1200341Z  * [new branch]          issue-674-dfec7588a234  -> origin/issue-674-dfec7588a234
2026-10-09T23:15:13.1200866Z  * [new branch]          issue-676-ea3feeb860dc  -> origin/issue-676-ea3feeb860dc
2026-10-09T23:15:13.1201384Z  * [new branch]          issue-68-c3ada29b16ee   -> origin/issue-68-c3ada29b16ee
2026-10-09T23:15:13.1201900Z  * [new branch]          issue-680-795d4fb2b64f  -> origin/issue-680-795d4fb2b64f
2026-10-09T23:15:13.1202410Z  * [new branch]          issue-681-5dc4419f2eb7  -> origin/issue-681-5dc4419f2eb7
2026-10-09T23:15:13.1202925Z  * [new branch]          issue-682-6b8246dfc2bf  -> origin/issue-682-6b8246dfc2bf
2026-10-09T23:15:13.1203430Z  * [new branch]          issue-686-d704881f337a  -> origin/issue-686-d704881f337a
2026-10-09T23:15:13.1203947Z  * [new branch]          issue-687-b57bfef2a27f  -> origin/issue-687-b57bfef2a27f
2026-10-09T23:15:13.1204458Z  * [new branch]          issue-69-8073bcee0480   -> origin/issue-69-8073bcee0480
2026-10-09T23:15:13.1204973Z  * [new branch]          issue-698-5abc758210fb  -> origin/issue-698-5abc758210fb
2026-10-09T23:15:13.1205603Z  * [new branch]          issue-699-735ad8f8e8e8  -> origin/issue-699-735ad8f8e8e8
2026-10-09T23:15:13.1206111Z  * [new branch]          issue-70-44b958c4d15c   -> origin/issue-70-44b958c4d15c
2026-10-09T23:15:13.1206618Z  * [new branch]          issue-701-59dbae2d3205  -> origin/issue-701-59dbae2d3205
2026-10-09T23:15:13.1207130Z  * [new branch]          issue-702-81a36d29c0db  -> origin/issue-702-81a36d29c0db
2026-10-09T23:15:13.1207803Z  * [new branch]          issue-703-e2c72e8a7d67  -> origin/issue-703-e2c72e8a7d67
2026-10-09T23:15:13.1208318Z  * [new branch]          issue-704-4c31b2e3a04b  -> origin/issue-704-4c31b2e3a04b
2026-10-09T23:15:13.1208827Z  * [new branch]          issue-705-5bb14827217a  -> origin/issue-705-5bb14827217a
2026-10-09T23:15:13.1209335Z  * [new branch]          issue-706-e78ad8e1b4cf  -> origin/issue-706-e78ad8e1b4cf
2026-10-09T23:15:13.1209844Z  * [new branch]          issue-707-b408820084a2  -> origin/issue-707-b408820084a2
2026-10-09T23:15:13.1210358Z  * [new branch]          issue-708-0ea42ad20122  -> origin/issue-708-0ea42ad20122
2026-10-09T23:15:13.1210876Z  * [new branch]          issue-709-1f7bea821afa  -> origin/issue-709-1f7bea821afa
2026-10-09T23:15:13.1211386Z  * [new branch]          issue-71-81912fcbf3c6   -> origin/issue-71-81912fcbf3c6
2026-10-09T23:15:13.1211888Z  * [new branch]          issue-710-14da90b08a12  -> origin/issue-710-14da90b08a12
2026-10-09T23:15:13.1212397Z  * [new branch]          issue-711-a0180801b064  -> origin/issue-711-a0180801b064
2026-10-09T23:15:13.1212900Z  * [new branch]          issue-712-338fdd94476a  -> origin/issue-712-338fdd94476a
2026-10-09T23:15:13.1213407Z  * [new branch]          issue-713-7e77916527a4  -> origin/issue-713-7e77916527a4
2026-10-09T23:15:13.1213913Z  * [new branch]          issue-714-079bdbfda541  -> origin/issue-714-079bdbfda541
2026-10-09T23:15:13.1214419Z  * [new branch]          issue-715-4cb768529491  -> origin/issue-715-4cb768529491
2026-10-09T23:15:13.1215052Z  * [new branch]          issue-716-c3806a7105d9  -> origin/issue-716-c3806a7105d9
2026-10-09T23:15:13.1215576Z  * [new branch]          issue-717-bccddb8af16e  -> origin/issue-717-bccddb8af16e
2026-10-09T23:15:13.1216086Z  * [new branch]          issue-72-3c64c0a31037   -> origin/issue-72-3c64c0a31037
2026-10-09T23:15:13.1216588Z  * [new branch]          issue-73-1b287b1b431e   -> origin/issue-73-1b287b1b431e
2026-10-09T23:15:13.1217093Z  * [new branch]          issue-730-c75b04874099  -> origin/issue-730-c75b04874099
2026-10-09T23:15:13.1217741Z  * [new branch]          issue-736-51a088febe88  -> origin/issue-736-51a088febe88
2026-10-09T23:15:13.1218262Z  * [new branch]          issue-738-b945b30eef5c  -> origin/issue-738-b945b30eef5c
2026-10-09T23:15:13.1218776Z  * [new branch]          issue-739-f6298242b07d  -> origin/issue-739-f6298242b07d
2026-10-09T23:15:13.1219287Z  * [new branch]          issue-742-f09758c31c48  -> origin/issue-742-f09758c31c48
2026-10-09T23:15:13.1219801Z  * [new branch]          issue-744-7e6fe143dab4  -> origin/issue-744-7e6fe143dab4
2026-10-09T23:15:13.1220326Z  * [new branch]          issue-745-e947a356dfdd  -> origin/issue-745-e947a356dfdd
2026-10-09T23:15:13.1220832Z  * [new branch]          issue-746-407c360b5f88  -> origin/issue-746-407c360b5f88
2026-10-09T23:15:13.1221344Z  * [new branch]          issue-747-784e87e7fa42  -> origin/issue-747-784e87e7fa42
2026-10-09T23:15:13.1221846Z  * [new branch]          issue-748-47e2d1f48f9c  -> origin/issue-748-47e2d1f48f9c
2026-10-09T23:15:13.1222356Z  * [new branch]          issue-749-bc517e0801d1  -> origin/issue-749-bc517e0801d1
2026-10-09T23:15:13.1222871Z  * [new branch]          issue-750-c719eae47231  -> origin/issue-750-c719eae47231
2026-10-09T23:15:13.1223376Z  * [new branch]          issue-751-3a92e634b59a  -> origin/issue-751-3a92e634b59a
2026-10-09T23:15:13.1223886Z  * [new branch]          issue-752-30ae32d1ef72  -> origin/issue-752-30ae32d1ef72
2026-10-09T23:15:13.1224400Z  * [new branch]          issue-753-9ec904007ddc  -> origin/issue-753-9ec904007ddc
2026-10-09T23:15:13.1225031Z  * [new branch]          issue-754-11249551364f  -> origin/issue-754-11249551364f
2026-10-09T23:15:13.1225538Z  * [new branch]          issue-755-f86c117c0064  -> origin/issue-755-f86c117c0064
2026-10-09T23:15:13.1226045Z  * [new branch]          issue-756-b773a69f35d9  -> origin/issue-756-b773a69f35d9
2026-10-09T23:15:13.1226558Z  * [new branch]          issue-757-01f08e34e2ae  -> origin/issue-757-01f08e34e2ae
2026-10-09T23:15:13.1227062Z  * [new branch]          issue-758-621645725051  -> origin/issue-758-621645725051
2026-10-09T23:15:13.1227807Z  * [new branch]          issue-759-7f5554242270  -> origin/issue-759-7f5554242270
2026-10-09T23:15:13.1228318Z  * [new branch]          issue-760-f524be457227  -> origin/issue-760-f524be457227
2026-10-09T23:15:13.1228827Z  * [new branch]          issue-761-be999b15d403  -> origin/issue-761-be999b15d403
2026-10-09T23:15:13.1229342Z  * [new branch]          issue-762-409bd49dfb5b  -> origin/issue-762-409bd49dfb5b
2026-10-09T23:15:13.1229855Z  * [new branch]          issue-763-c9eb14111d28  -> origin/issue-763-c9eb14111d28
2026-10-09T23:15:13.1230363Z  * [new branch]          issue-771-d5681b14831b  -> origin/issue-771-d5681b14831b
2026-10-09T23:15:13.1230910Z  * [new branch]          issue-776-d6f207d7c577  -> origin/issue-776-d6f207d7c577
2026-10-09T23:15:13.1231422Z  * [new branch]          issue-78-0dcc7757ac84   -> origin/issue-78-0dcc7757ac84
2026-10-09T23:15:13.1231926Z  * [new branch]          issue-781-c52371d60a25  -> origin/issue-781-c52371d60a25
2026-10-09T23:15:13.1232436Z  * [new branch]          issue-781-cc22afbacef0  -> origin/issue-781-cc22afbacef0
2026-10-09T23:15:13.1232943Z  * [new branch]          issue-79-602c5f160cb3   -> origin/issue-79-602c5f160cb3
2026-10-09T23:15:13.1233450Z  * [new branch]          issue-796-9da6718935fa  -> origin/issue-796-9da6718935fa
2026-10-09T23:15:13.1233953Z  * [new branch]          issue-798-d87978049e9a  -> origin/issue-798-d87978049e9a
2026-10-09T23:15:13.1234601Z  * [new branch]          issue-8-2ef42ad47e3f    -> origin/issue-8-2ef42ad47e3f
2026-10-09T23:15:13.1235131Z  * [new branch]          issue-80-290e44192310   -> origin/issue-80-290e44192310
2026-10-09T23:15:13.1235639Z  * [new branch]          issue-804-e2deabc855e8  -> origin/issue-804-e2deabc855e8
2026-10-09T23:15:13.1236157Z  * [new branch]          issue-808-bf5af32dbcdd  -> origin/issue-808-bf5af32dbcdd
2026-10-09T23:15:13.1236670Z  * [new branch]          issue-81-38c12ca65065   -> origin/issue-81-38c12ca65065
2026-10-09T23:15:13.1237178Z  * [new branch]          issue-810-9b3071713a8e  -> origin/issue-810-9b3071713a8e
2026-10-09T23:15:13.1237844Z  * [new branch]          issue-812-7f9674a82402  -> origin/issue-812-7f9674a82402
2026-10-09T23:15:13.1238354Z  * [new branch]          issue-819-13e67ad740f2  -> origin/issue-819-13e67ad740f2
2026-10-09T23:15:13.1238876Z  * [new branch]          issue-819-1bde63552e68  -> origin/issue-819-1bde63552e68
2026-10-09T23:15:13.1239393Z  * [new branch]          issue-819-ebe5e6322d6c  -> origin/issue-819-ebe5e6322d6c
2026-10-09T23:15:13.1239912Z  * [new branch]          issue-82-1a6565cb42da   -> origin/issue-82-1a6565cb42da
2026-10-09T23:15:13.1240417Z  * [new branch]          issue-822-b85211754f9e  -> origin/issue-822-b85211754f9e
2026-10-09T23:15:13.1240924Z  * [new branch]          issue-828-4962df13517a  -> origin/issue-828-4962df13517a
2026-10-09T23:15:13.1241433Z  * [new branch]          issue-832-18101a8d15e8  -> origin/issue-832-18101a8d15e8
2026-10-09T23:15:13.1241938Z  * [new branch]          issue-834-14f41fd75c97  -> origin/issue-834-14f41fd75c97
2026-10-09T23:15:13.1242446Z  * [new branch]          issue-835-67812322c263  -> origin/issue-835-67812322c263
2026-10-09T23:15:13.1242960Z  * [new branch]          issue-839-bfd445947ca5  -> origin/issue-839-bfd445947ca5
2026-10-09T23:15:13.1243469Z  * [new branch]          issue-84-692b1f9623db   -> origin/issue-84-692b1f9623db
2026-10-09T23:15:13.1243978Z  * [new branch]          issue-84-a409f6cdf36b   -> origin/issue-84-a409f6cdf36b
2026-10-09T23:15:13.1244653Z  * [new branch]          issue-840-6654ade0a597  -> origin/issue-840-6654ade0a597
2026-10-09T23:15:13.1245161Z  * [new branch]          issue-841-722d23014d4b  -> origin/issue-841-722d23014d4b
2026-10-09T23:15:13.1245666Z  * [new branch]          issue-842-09f1f0f99558  -> origin/issue-842-09f1f0f99558
2026-10-09T23:15:13.1246175Z  * [new branch]          issue-843-3a81d665c7bc  -> origin/issue-843-3a81d665c7bc
2026-10-09T23:15:13.1246688Z  * [new branch]          issue-844-f69e12cbafc2  -> origin/issue-844-f69e12cbafc2
2026-10-09T23:15:13.1247333Z  * [new branch]          issue-845-f498587b580b  -> origin/issue-845-f498587b580b
2026-10-09T23:15:13.1247856Z  * [new branch]          issue-846-a407746d16fa  -> origin/issue-846-a407746d16fa
2026-10-09T23:15:13.1248365Z  * [new branch]          issue-847-66bba6f5d5a8  -> origin/issue-847-66bba6f5d5a8
2026-10-09T23:15:13.1248881Z  * [new branch]          issue-848-5099e2a2745b  -> origin/issue-848-5099e2a2745b
2026-10-09T23:15:13.1249394Z  * [new branch]          issue-858-1681d21e7d4c  -> origin/issue-858-1681d21e7d4c
2026-10-09T23:15:13.1249898Z  * [new branch]          issue-859-566eafb59c34  -> origin/issue-859-566eafb59c34
2026-10-09T23:15:13.1250438Z  * [new branch]          issue-864-c5dca48884f5  -> origin/issue-864-c5dca48884f5
2026-10-09T23:15:13.1250947Z  * [new branch]          issue-870-a708b4e7f73a  -> origin/issue-870-a708b4e7f73a
2026-10-09T23:15:13.1251456Z  * [new branch]          issue-873-9298f02b8ad9  -> origin/issue-873-9298f02b8ad9
2026-10-09T23:15:13.1251963Z  * [new branch]          issue-874-c824ce6740f9  -> origin/issue-874-c824ce6740f9
2026-10-09T23:15:13.1252469Z  * [new branch]          issue-879-693050b2608b  -> origin/issue-879-693050b2608b
2026-10-09T23:15:13.1252971Z  * [new branch]          issue-885-48544a438c48  -> origin/issue-885-48544a438c48
2026-10-09T23:15:13.1253469Z  * [new branch]          issue-889-51584e9fac18  -> origin/issue-889-51584e9fac18
2026-10-09T23:15:13.1254088Z  * [new branch]          issue-890-2f2950148be5  -> origin/issue-890-2f2950148be5
2026-10-09T23:15:13.1254616Z  * [new branch]          issue-891-6fd229cee75d  -> origin/issue-891-6fd229cee75d
2026-10-09T23:15:13.1255127Z  * [new branch]          issue-892-fc018f7547af  -> origin/issue-892-fc018f7547af
2026-10-09T23:15:13.1255634Z  * [new branch]          issue-893-92214a278582  -> origin/issue-893-92214a278582
2026-10-09T23:15:13.1256145Z  * [new branch]          issue-894-cbab9ee9c91c  -> origin/issue-894-cbab9ee9c91c
2026-10-09T23:15:13.1256658Z  * [new branch]          issue-895-0d77ddbd6750  -> origin/issue-895-0d77ddbd6750
2026-10-09T23:15:13.1257165Z  * [new branch]          issue-896-a068f8823d47  -> origin/issue-896-a068f8823d47
2026-10-09T23:15:13.1257814Z  * [new branch]          issue-902-a9a86f6c368f  -> origin/issue-902-a9a86f6c368f
2026-10-09T23:15:13.1258331Z  * [new branch]          issue-903-2e7d6957b091  -> origin/issue-903-2e7d6957b091
2026-10-09T23:15:13.1258851Z  * [new branch]          issue-904-fcd8cbf04207  -> origin/issue-904-fcd8cbf04207
2026-10-09T23:15:13.1259365Z  * [new branch]          issue-905-84e37855d352  -> origin/issue-905-84e37855d352
2026-10-09T23:15:13.1259869Z  * [new branch]          issue-906-0f25613b95c1  -> origin/issue-906-0f25613b95c1
2026-10-09T23:15:13.1260377Z  * [new branch]          issue-907-a7979a72a133  -> origin/issue-907-a7979a72a133
2026-10-09T23:15:13.1260887Z  * [new branch]          issue-908-cb412b45ed5e  -> origin/issue-908-cb412b45ed5e
2026-10-09T23:15:13.1261396Z  * [new branch]          issue-909-de2fb1cd1edc  -> origin/issue-909-de2fb1cd1edc
2026-10-09T23:15:13.1261914Z  * [new branch]          issue-914-aa7c70f48980  -> origin/issue-914-aa7c70f48980
2026-10-09T23:15:13.1262432Z  * [new branch]          issue-916-db908285e81b  -> origin/issue-916-db908285e81b
2026-10-09T23:15:13.1262943Z  * [new branch]          issue-917-99309190c185  -> origin/issue-917-99309190c185
2026-10-09T23:15:13.1263456Z  * [new branch]          issue-918-5b7aa6590432  -> origin/issue-918-5b7aa6590432
2026-10-09T23:15:13.1264097Z  * [new branch]          issue-919-8df2cb50c01e  -> origin/issue-919-8df2cb50c01e
2026-10-09T23:15:13.1264609Z  * [new branch]          issue-920-14757e13f2aa  -> origin/issue-920-14757e13f2aa
2026-10-09T23:15:13.1265120Z  * [new branch]          issue-922-d8d07e0db7e9  -> origin/issue-922-d8d07e0db7e9
2026-10-09T23:15:13.1265633Z  * [new branch]          issue-923-387997ece554  -> origin/issue-923-387997ece554
2026-10-09T23:15:13.1266146Z  * [new branch]          issue-924-b1ac23bf54c8  -> origin/issue-924-b1ac23bf54c8
2026-10-09T23:15:13.1266660Z  * [new branch]          issue-93-5c859a5dabc0   -> origin/issue-93-5c859a5dabc0
2026-10-09T23:15:13.1267166Z  * [new branch]          issue-931-93934954e1d0  -> origin/issue-931-93934954e1d0
2026-10-09T23:15:13.1267947Z  * [new branch]          issue-932-ca968c816c06  -> origin/issue-932-ca968c816c06
2026-10-09T23:15:13.1268472Z  * [new branch]          issue-933-16103d89a214  -> origin/issue-933-16103d89a214
2026-10-09T23:15:13.1268982Z  * [new branch]          issue-936-86302bc6d5d1  -> origin/issue-936-86302bc6d5d1
2026-10-09T23:15:13.1269500Z  * [new branch]          issue-938-fba70db6fbf5  -> origin/issue-938-fba70db6fbf5
2026-10-09T23:15:13.1270009Z  * [new branch]          issue-94-ff296a0bd279   -> origin/issue-94-ff296a0bd279
2026-10-09T23:15:13.1270520Z  * [new branch]          issue-96-93a44dd34f1d   -> origin/issue-96-93a44dd34f1d
2026-10-09T23:15:13.1271030Z  * [new branch]          issue-960-88c2a6da77cc  -> origin/issue-960-88c2a6da77cc
2026-10-09T23:15:13.1271540Z  * [new branch]          issue-961-dc9b3c144e21  -> origin/issue-961-dc9b3c144e21
2026-10-09T23:15:13.1272050Z  * [new branch]          issue-962-6c5699d2ffb4  -> origin/issue-962-6c5699d2ffb4
2026-10-09T23:15:13.1272559Z  * [new branch]          issue-973-bf28b8fc02a9  -> origin/issue-973-bf28b8fc02a9
2026-10-09T23:15:13.1273066Z  * [new branch]          issue-977-61e038f4f854  -> origin/issue-977-61e038f4f854
2026-10-09T23:15:13.1273730Z  * [new branch]          issue-980-7930e3c647c0  -> origin/issue-980-7930e3c647c0
2026-10-09T23:15:13.1274263Z  * [new branch]          issue-982-fe1f2ebf4dcf  -> origin/issue-982-fe1f2ebf4dcf
2026-10-09T23:15:13.1274785Z  * [new branch]          issue-988-55a897c371cf  -> origin/issue-988-55a897c371cf
2026-10-09T23:15:13.1275293Z  * [new branch]          issue-989-66076bee90a1  -> origin/issue-989-66076bee90a1
2026-10-09T23:15:13.1275799Z  * [new branch]          issue-990-79a912e7a3d0  -> origin/issue-990-79a912e7a3d0
2026-10-09T23:15:13.1276306Z  * [new branch]          issue-991-43e4ba3ff505  -> origin/issue-991-43e4ba3ff505
2026-10-09T23:15:13.1276827Z  * [new branch]          issue-996-177371167e71  -> origin/issue-996-177371167e71
2026-10-09T23:15:13.1277482Z  * [new branch]          issue-999-31976d2c6ce9  -> origin/issue-999-31976d2c6ce9
2026-10-09T23:15:13.1278042Z  * [new branch]          issue-dockerhub-defaults -> origin/issue-dockerhub-defaults
2026-10-09T23:15:13.1278633Z  * [new branch]          issue-hello-world-ladder -> origin/issue-hello-world-ladder
2026-10-09T23:15:13.1279271Z  * [new branch]          issue-ratchet-degenerate-cycle -> origin/issue-ratchet-degenerate-cycle
2026-10-09T23:15:13.1279833Z  * [new branch]          main                    -> origin/main
2026-10-09T23:15:13.1280371Z  * [new branch]          qa-reasoning-coding-bulk-fixes -> origin/qa-reasoning-coding-bulk-fixes
2026-10-09T23:15:13.1280981Z  * [new branch]          rebuild-ratio-sampling  -> origin/rebuild-ratio-sampling
2026-10-09T23:15:13.1281646Z  * [new branch]          recovered/issue-1028-original-history -> origin/recovered/issue-1028-original-history
2026-10-09T23:15:13.1282366Z  * [new branch]          release-docker-compile-path -> origin/release-docker-compile-path
2026-10-09T23:15:13.1282962Z  * [new branch]          release-layout-readers  -> origin/release-layout-readers
2026-10-09T23:15:13.1283552Z  * [new branch]          release-script-import-sweep -> origin/release-script-import-sweep
2026-10-09T23:15:13.1284262Z  * [new branch]          release-version-path    -> origin/release-version-path
2026-10-09T23:15:13.1284810Z  * [new branch]          remove-release-deferral -> origin/remove-release-deferral
2026-10-09T23:15:13.1285345Z  * [new branch]          worktree-issue-1138     -> origin/worktree-issue-1138
2026-10-09T23:15:13.1285805Z  * [new tag]             v0.100.0                -> v0.100.0
2026-10-09T23:15:13.1286192Z  * [new tag]             v0.101.0                -> v0.101.0
2026-10-09T23:15:13.1286568Z  * [new tag]             v0.102.0                -> v0.102.0
2026-10-09T23:15:13.1286952Z  * [new tag]             v0.103.0                -> v0.103.0
2026-10-09T23:15:13.1287467Z  * [new tag]             v0.104.0                -> v0.104.0
2026-10-09T23:15:13.1287851Z  * [new tag]             v0.105.0                -> v0.105.0
2026-10-09T23:15:13.1288221Z  * [new tag]             v0.106.0                -> v0.106.0
2026-10-09T23:15:13.1288600Z  * [new tag]             v0.107.0                -> v0.107.0
2026-10-09T23:15:13.1288976Z  * [new tag]             v0.108.0                -> v0.108.0
2026-10-09T23:15:13.1289344Z  * [new tag]             v0.109.0                -> v0.109.0
2026-10-09T23:15:13.1289720Z  * [new tag]             v0.110.0                -> v0.110.0
2026-10-09T23:15:13.1290091Z  * [new tag]             v0.111.0                -> v0.111.0
2026-10-09T23:15:13.1290466Z  * [new tag]             v0.112.0                -> v0.112.0
2026-10-09T23:15:13.1290836Z  * [new tag]             v0.113.0                -> v0.113.0
2026-10-09T23:15:13.1291204Z  * [new tag]             v0.114.0                -> v0.114.0
2026-10-09T23:15:13.1291573Z  * [new tag]             v0.115.0                -> v0.115.0
2026-10-09T23:15:13.1291940Z  * [new tag]             v0.116.0                -> v0.116.0
2026-10-09T23:15:13.1292313Z  * [new tag]             v0.117.0                -> v0.117.0
2026-10-09T23:15:13.1292685Z  * [new tag]             v0.118.0                -> v0.118.0
2026-10-09T23:15:13.1293172Z  * [new tag]             v0.119.0                -> v0.119.0
2026-10-09T23:15:13.1293558Z  * [new tag]             v0.12.0                 -> v0.12.0
2026-10-09T23:15:13.1293939Z  * [new tag]             v0.120.0                -> v0.120.0
2026-10-09T23:15:13.1294312Z  * [new tag]             v0.121.0                -> v0.121.0
2026-10-09T23:15:13.1294681Z  * [new tag]             v0.122.0                -> v0.122.0
2026-10-09T23:15:13.1295052Z  * [new tag]             v0.123.0                -> v0.123.0
2026-10-09T23:15:13.1295421Z  * [new tag]             v0.124.0                -> v0.124.0
2026-10-09T23:15:13.1295793Z  * [new tag]             v0.125.0                -> v0.125.0
2026-10-09T23:15:13.1296164Z  * [new tag]             v0.126.0                -> v0.126.0
2026-10-09T23:15:13.1296534Z  * [new tag]             v0.127.0                -> v0.127.0
2026-10-09T23:15:13.1296911Z  * [new tag]             v0.128.0                -> v0.128.0
2026-10-09T23:15:13.1297425Z  * [new tag]             v0.129.0                -> v0.129.0
2026-10-09T23:15:13.1297810Z  * [new tag]             v0.13.0                 -> v0.13.0
2026-10-09T23:15:13.1298197Z  * [new tag]             v0.130.0                -> v0.130.0
2026-10-09T23:15:13.1298565Z  * [new tag]             v0.131.0                -> v0.131.0
2026-10-09T23:15:13.1298940Z  * [new tag]             v0.132.0                -> v0.132.0
2026-10-09T23:15:13.1299310Z  * [new tag]             v0.133.0                -> v0.133.0
2026-10-09T23:15:13.1299678Z  * [new tag]             v0.134.0                -> v0.134.0
2026-10-09T23:15:13.1300051Z  * [new tag]             v0.135.0                -> v0.135.0
2026-10-09T23:15:13.1300430Z  * [new tag]             v0.136.0                -> v0.136.0
2026-10-09T23:15:13.1300799Z  * [new tag]             v0.137.0                -> v0.137.0
2026-10-09T23:15:13.1301173Z  * [new tag]             v0.138.0                -> v0.138.0
2026-10-09T23:15:13.1301552Z  * [new tag]             v0.139.0                -> v0.139.0
2026-10-09T23:15:13.1302053Z  * [new tag]             v0.14.0                 -> v0.14.0
2026-10-09T23:15:13.1302428Z  * [new tag]             v0.140.0                -> v0.140.0
2026-10-09T23:15:13.1302800Z  * [new tag]             v0.141.0                -> v0.141.0
2026-10-09T23:15:13.1303185Z  * [new tag]             v0.142.0                -> v0.142.0
2026-10-09T23:15:13.1303563Z  * [new tag]             v0.143.0                -> v0.143.0
2026-10-09T23:15:13.1303935Z  * [new tag]             v0.144.0                -> v0.144.0
2026-10-09T23:15:13.1304305Z  * [new tag]             v0.145.0                -> v0.145.0
2026-10-09T23:15:13.1304673Z  * [new tag]             v0.146.0                -> v0.146.0
2026-10-09T23:15:13.1305043Z  * [new tag]             v0.147.0                -> v0.147.0
2026-10-09T23:15:13.1305407Z  * [new tag]             v0.148.0                -> v0.148.0
2026-10-09T23:15:13.1305772Z  * [new tag]             v0.149.0                -> v0.149.0
2026-10-09T23:15:13.1306143Z  * [new tag]             v0.15.0                 -> v0.15.0
2026-10-09T23:15:13.1306520Z  * [new tag]             v0.150.0                -> v0.150.0
2026-10-09T23:15:13.1306895Z  * [new tag]             v0.151.0                -> v0.151.0
2026-10-09T23:15:13.1307453Z  * [new tag]             v0.152.0                -> v0.152.0
2026-10-09T23:15:13.1307930Z  * [new tag]             v0.153.0                -> v0.153.0
2026-10-09T23:15:13.1308305Z  * [new tag]             v0.154.0                -> v0.154.0
2026-10-09T23:15:13.1308681Z  * [new tag]             v0.155.0                -> v0.155.0
2026-10-09T23:15:13.1309046Z  * [new tag]             v0.156.0                -> v0.156.0
2026-10-09T23:15:13.1309412Z  * [new tag]             v0.157.0                -> v0.157.0
2026-10-09T23:15:13.1309786Z  * [new tag]             v0.158.0                -> v0.158.0
2026-10-09T23:15:13.1310161Z  * [new tag]             v0.159.0                -> v0.159.0
2026-10-09T23:15:13.1310664Z  * [new tag]             v0.16.0                 -> v0.16.0
2026-10-09T23:15:13.1311059Z  * [new tag]             v0.160.0                -> v0.160.0
2026-10-09T23:15:13.1311433Z  * [new tag]             v0.161.0                -> v0.161.0
2026-10-09T23:15:13.1311806Z  * [new tag]             v0.162.0                -> v0.162.0
2026-10-09T23:15:13.1312174Z  * [new tag]             v0.163.0                -> v0.163.0
2026-10-09T23:15:13.1312543Z  * [new tag]             v0.164.0                -> v0.164.0
2026-10-09T23:15:13.1312910Z  * [new tag]             v0.165.0                -> v0.165.0
2026-10-09T23:15:13.1313279Z  * [new tag]             v0.166.0                -> v0.166.0
2026-10-09T23:15:13.1313654Z  * [new tag]             v0.167.0                -> v0.167.0
2026-10-09T23:15:13.1314024Z  * [new tag]             v0.168.0                -> v0.168.0
2026-10-09T23:15:13.1314396Z  * [new tag]             v0.169.0                -> v0.169.0
2026-10-09T23:15:13.1314764Z  * [new tag]             v0.17.0                 -> v0.17.0
2026-10-09T23:15:13.1315142Z  * [new tag]             v0.170.0                -> v0.170.0
2026-10-09T23:15:13.1315515Z  * [new tag]             v0.171.0                -> v0.171.0
2026-10-09T23:15:13.1315887Z  * [new tag]             v0.172.0                -> v0.172.0
2026-10-09T23:15:13.1316255Z  * [new tag]             v0.173.0                -> v0.173.0
2026-10-09T23:15:13.1316624Z  * [new tag]             v0.174.0                -> v0.174.0
2026-10-09T23:15:13.1317009Z  * [new tag]             v0.175.0                -> v0.175.0
2026-10-09T23:15:13.1317785Z  * [new tag]             v0.176.0                -> v0.176.0
2026-10-09T23:15:13.1318226Z  * [new tag]             v0.177.0                -> v0.177.0
2026-10-09T23:15:13.1318605Z  * [new tag]             v0.178.0                -> v0.178.0
2026-10-09T23:15:13.1318974Z  * [new tag]             v0.179.0                -> v0.179.0
2026-10-09T23:15:13.1319351Z  * [new tag]             v0.18.0                 -> v0.18.0
2026-10-09T23:15:13.1319733Z  * [new tag]             v0.180.0                -> v0.180.0
2026-10-09T23:15:13.1320259Z  * [new tag]             v0.181.0                -> v0.181.0
2026-10-09T23:15:13.1320634Z  * [new tag]             v0.182.0                -> v0.182.0
2026-10-09T23:15:13.1321004Z  * [new tag]             v0.183.0                -> v0.183.0
2026-10-09T23:15:13.1321371Z  * [new tag]             v0.184.0                -> v0.184.0
2026-10-09T23:15:13.1321743Z  * [new tag]             v0.185.0                -> v0.185.0
2026-10-09T23:15:13.1322110Z  * [new tag]             v0.186.0                -> v0.186.0
2026-10-09T23:15:13.1322478Z  * [new tag]             v0.187.0                -> v0.187.0
2026-10-09T23:15:13.1322888Z  * [new tag]             v0.188.0                -> v0.188.0
2026-10-09T23:15:13.1323259Z  * [new tag]             v0.189.0                -> v0.189.0
2026-10-09T23:15:13.1323626Z  * [new tag]             v0.19.0                 -> v0.19.0
2026-10-09T23:15:13.1324003Z  * [new tag]             v0.190.0                -> v0.190.0
2026-10-09T23:15:13.1324379Z  * [new tag]             v0.191.0                -> v0.191.0
2026-10-09T23:15:13.1324751Z  * [new tag]             v0.192.0                -> v0.192.0
2026-10-09T23:15:13.1325119Z  * [new tag]             v0.193.0                -> v0.193.0
2026-10-09T23:15:13.1325490Z  * [new tag]             v0.194.0                -> v0.194.0
2026-10-09T23:15:13.1325861Z  * [new tag]             v0.195.0                -> v0.195.0
2026-10-09T23:15:13.1326233Z  * [new tag]             v0.196.0                -> v0.196.0
2026-10-09T23:15:13.1326613Z  * [new tag]             v0.197.0                -> v0.197.0
2026-10-09T23:15:13.1326982Z  * [new tag]             v0.198.0                -> v0.198.0
2026-10-09T23:15:13.1327519Z  * [new tag]             v0.199.0                -> v0.199.0
2026-10-09T23:15:13.1327895Z  * [new tag]             v0.20.0                 -> v0.20.0
2026-10-09T23:15:13.1328276Z  * [new tag]             v0.200.0                -> v0.200.0
2026-10-09T23:15:13.1328761Z  * [new tag]             v0.201.0                -> v0.201.0
2026-10-09T23:15:13.1329148Z  * [new tag]             v0.202.0                -> v0.202.0
2026-10-09T23:15:13.1329519Z  * [new tag]             v0.203.0                -> v0.203.0
2026-10-09T23:15:13.1329886Z  * [new tag]             v0.204.0                -> v0.204.0
2026-10-09T23:15:13.1330255Z  * [new tag]             v0.205.0                -> v0.205.0
2026-10-09T23:15:13.1330630Z  * [new tag]             v0.206.0                -> v0.206.0
2026-10-09T23:15:13.1331048Z  * [new tag]             v0.207.0                -> v0.207.0
2026-10-09T23:15:13.1331420Z  * [new tag]             v0.208.0                -> v0.208.0
2026-10-09T23:15:13.1331790Z  * [new tag]             v0.209.0                -> v0.209.0
2026-10-09T23:15:13.1332163Z  * [new tag]             v0.21.0                 -> v0.21.0
2026-10-09T23:15:13.1332539Z  * [new tag]             v0.210.0                -> v0.210.0
2026-10-09T23:15:13.1332915Z  * [new tag]             v0.211.0                -> v0.211.0
2026-10-09T23:15:13.1333287Z  * [new tag]             v0.212.0                -> v0.212.0
2026-10-09T23:15:13.1333661Z  * [new tag]             v0.213.0                -> v0.213.0
2026-10-09T23:15:13.1334039Z  * [new tag]             v0.214.0                -> v0.214.0
2026-10-09T23:15:13.1334411Z  * [new tag]             v0.215.0                -> v0.215.0
2026-10-09T23:15:13.1334782Z  * [new tag]             v0.216.0                -> v0.216.0
2026-10-09T23:15:13.1335151Z  * [new tag]             v0.217.0                -> v0.217.0
2026-10-09T23:15:13.1335518Z  * [new tag]             v0.218.0                -> v0.218.0
2026-10-09T23:15:13.1335886Z  * [new tag]             v0.219.0                -> v0.219.0
2026-10-09T23:15:13.1336255Z  * [new tag]             v0.22.0                 -> v0.22.0
2026-10-09T23:15:13.1336623Z  * [new tag]             v0.220.0                -> v0.220.0
2026-10-09T23:15:13.1336997Z  * [new tag]             v0.221.0                -> v0.221.0
2026-10-09T23:15:13.1337642Z  * [new tag]             v0.222.0                -> v0.222.0
2026-10-09T23:15:13.1338017Z  * [new tag]             v0.223.0                -> v0.223.0
2026-10-09T23:15:13.1338393Z  * [new tag]             v0.224.0                -> v0.224.0
2026-10-09T23:15:13.1338760Z  * [new tag]             v0.225.0                -> v0.225.0
2026-10-09T23:15:13.1339128Z  * [new tag]             v0.226.0                -> v0.226.0
2026-10-09T23:15:13.1339500Z  * [new tag]             v0.227.0                -> v0.227.0
2026-10-09T23:15:13.1339870Z  * [new tag]             v0.228.0                -> v0.228.0
2026-10-09T23:15:13.1340239Z  * [new tag]             v0.229.0                -> v0.229.0
2026-10-09T23:15:13.1340613Z  * [new tag]             v0.23.0                 -> v0.23.0
2026-10-09T23:15:13.1340982Z  * [new tag]             v0.230.0                -> v0.230.0
2026-10-09T23:15:13.1341353Z  * [new tag]             v0.231.0                -> v0.231.0
2026-10-09T23:15:13.1341726Z  * [new tag]             v0.232.0                -> v0.232.0
2026-10-09T23:15:13.1342102Z  * [new tag]             v0.233.0                -> v0.233.0
2026-10-09T23:15:13.1342471Z  * [new tag]             v0.234.0                -> v0.234.0
2026-10-09T23:15:13.1342843Z  * [new tag]             v0.235.0                -> v0.235.0
2026-10-09T23:15:13.1343211Z  * [new tag]             v0.236.0                -> v0.236.0
2026-10-09T23:15:13.1343580Z  * [new tag]             v0.237.0                -> v0.237.0
2026-10-09T23:15:13.1343956Z  * [new tag]             v0.238.0                -> v0.238.0
2026-10-09T23:15:13.1344327Z  * [new tag]             v0.239.0                -> v0.239.0
2026-10-09T23:15:13.1344696Z  * [new tag]             v0.24.0                 -> v0.24.0
2026-10-09T23:15:13.1345068Z  * [new tag]             v0.240.0                -> v0.240.0
2026-10-09T23:15:13.1345443Z  * [new tag]             v0.241.0                -> v0.241.0
2026-10-09T23:15:13.1345929Z  * [new tag]             v0.242.0                -> v0.242.0
2026-10-09T23:15:13.1346313Z  * [new tag]             v0.243.0                -> v0.243.0
2026-10-09T23:15:13.1346684Z  * [new tag]             v0.244.0                -> v0.244.0
2026-10-09T23:15:13.1366144Z  * [new tag]             v0.245.0                -> v0.245.0
2026-10-09T23:15:13.1366872Z  * [new tag]             v0.246.0                -> v0.246.0
2026-10-09T23:15:13.1367460Z  * [new tag]             v0.247.0                -> v0.247.0
2026-10-09T23:15:13.1367860Z  * [new tag]             v0.248.0                -> v0.248.0
2026-10-09T23:15:13.1368234Z  * [new tag]             v0.249.0                -> v0.249.0
2026-10-09T23:15:13.1368613Z  * [new tag]             v0.25.0                 -> v0.25.0
2026-10-09T23:15:13.1368992Z  * [new tag]             v0.250.0                -> v0.250.0
2026-10-09T23:15:13.1369371Z  * [new tag]             v0.251.0                -> v0.251.0
2026-10-09T23:15:13.1369748Z  * [new tag]             v0.252.0                -> v0.252.0
2026-10-09T23:15:13.1370139Z  * [new tag]             v0.253.0                -> v0.253.0
2026-10-09T23:15:13.1370514Z  * [new tag]             v0.254.0                -> v0.254.0
2026-10-09T23:15:13.1370884Z  * [new tag]             v0.255.0                -> v0.255.0
2026-10-09T23:15:13.1371259Z  * [new tag]             v0.256.0                -> v0.256.0
2026-10-09T23:15:13.1371643Z  * [new tag]             v0.257.0                -> v0.257.0
2026-10-09T23:15:13.1372020Z  * [new tag]             v0.258.0                -> v0.258.0
2026-10-09T23:15:13.1372392Z  * [new tag]             v0.259.0                -> v0.259.0
2026-10-09T23:15:13.1372771Z  * [new tag]             v0.26.0                 -> v0.26.0
2026-10-09T23:15:13.1373145Z  * [new tag]             v0.260.0                -> v0.260.0
2026-10-09T23:15:13.1373523Z  * [new tag]             v0.261.0                -> v0.261.0
2026-10-09T23:15:13.1373894Z  * [new tag]             v0.262.0                -> v0.262.0
2026-10-09T23:15:13.1374278Z  * [new tag]             v0.263.0                -> v0.263.0
2026-10-09T23:15:13.1374887Z  * [new tag]             v0.264.0                -> v0.264.0
2026-10-09T23:15:13.1375282Z  * [new tag]             v0.265.0                -> v0.265.0
2026-10-09T23:15:13.1375659Z  * [new tag]             v0.266.0                -> v0.266.0
2026-10-09T23:15:13.1376039Z  * [new tag]             v0.267.0                -> v0.267.0
2026-10-09T23:15:13.1376428Z  * [new tag]             v0.268.0                -> v0.268.0
2026-10-09T23:15:13.1376817Z  * [new tag]             v0.269.0                -> v0.269.0
2026-10-09T23:15:13.1377395Z  * [new tag]             v0.27.0                 -> v0.27.0
2026-10-09T23:15:13.1377826Z  * [new tag]             v0.270.0                -> v0.270.0
2026-10-09T23:15:13.1378202Z  * [new tag]             v0.271.0                -> v0.271.0
2026-10-09T23:15:13.1378581Z  * [new tag]             v0.272.0                -> v0.272.0
2026-10-09T23:15:13.1378958Z  * [new tag]             v0.273.0                -> v0.273.0
2026-10-09T23:15:13.1379334Z  * [new tag]             v0.274.0                -> v0.274.0
2026-10-09T23:15:13.1379706Z  * [new tag]             v0.275.0                -> v0.275.0
2026-10-09T23:15:13.1380078Z  * [new tag]             v0.276.0                -> v0.276.0
2026-10-09T23:15:13.1380454Z  * [new tag]             v0.277.0                -> v0.277.0
2026-10-09T23:15:13.1380835Z  * [new tag]             v0.278.0                -> v0.278.0
2026-10-09T23:15:13.1381205Z  * [new tag]             v0.279.0                -> v0.279.0
2026-10-09T23:15:13.1381578Z  * [new tag]             v0.28.0                 -> v0.28.0
2026-10-09T23:15:13.1381951Z  * [new tag]             v0.280.0                -> v0.280.0
2026-10-09T23:15:13.1382325Z  * [new tag]             v0.281.0                -> v0.281.0
2026-10-09T23:15:13.1382695Z  * [new tag]             v0.282.0                -> v0.282.0
2026-10-09T23:15:13.1383063Z  * [new tag]             v0.283.0                -> v0.283.0
2026-10-09T23:15:13.1383563Z  * [new tag]             v0.284.0                -> v0.284.0
2026-10-09T23:15:13.1383969Z  * [new tag]             v0.285.0                -> v0.285.0
2026-10-09T23:15:13.1384344Z  * [new tag]             v0.286.0                -> v0.286.0
2026-10-09T23:15:13.1384716Z  * [new tag]             v0.287.0                -> v0.287.0
2026-10-09T23:15:13.1385083Z  * [new tag]             v0.288.0                -> v0.288.0
2026-10-09T23:15:13.1385453Z  * [new tag]             v0.289.0                -> v0.289.0
2026-10-09T23:15:13.1385826Z  * [new tag]             v0.29.0                 -> v0.29.0
2026-10-09T23:15:13.1386201Z  * [new tag]             v0.290.0                -> v0.290.0
2026-10-09T23:15:13.1386573Z  * [new tag]             v0.291.0                -> v0.291.0
2026-10-09T23:15:13.1386951Z  * [new tag]             v0.292.0                -> v0.292.0
2026-10-09T23:15:13.1387595Z  * [new tag]             v0.293.0                -> v0.293.0
2026-10-09T23:15:13.1388003Z  * [new tag]             v0.294.0                -> v0.294.0
2026-10-09T23:15:13.1388385Z  * [new tag]             v0.295.0                -> v0.295.0
2026-10-09T23:15:13.1388756Z  * [new tag]             v0.295.1                -> v0.295.1
2026-10-09T23:15:13.1389129Z  * [new tag]             v0.295.2                -> v0.295.2
2026-10-09T23:15:13.1389628Z  * [new tag]             v0.296.0                -> v0.296.0
2026-10-09T23:15:13.1390209Z  * [new tag]             v0.296.1                -> v0.296.1
2026-10-09T23:15:13.1390873Z  * [new tag]             v0.296.2                -> v0.296.2
2026-10-09T23:15:13.1391402Z  * [new tag]             v0.296.3                -> v0.296.3
2026-10-09T23:15:13.1391785Z  * [new tag]             v0.296.4                -> v0.296.4
2026-10-09T23:15:13.1392158Z  * [new tag]             v0.297.0                -> v0.297.0
2026-10-09T23:15:13.1392526Z  * [new tag]             v0.297.1                -> v0.297.1
2026-10-09T23:15:13.1392899Z  * [new tag]             v0.297.2                -> v0.297.2
2026-10-09T23:15:13.1393494Z  * [new tag]             v0.297.3                -> v0.297.3
2026-10-09T23:15:13.1393878Z  * [new tag]             v0.297.4                -> v0.297.4
2026-10-09T23:15:13.1394249Z  * [new tag]             v0.297.5                -> v0.297.5
2026-10-09T23:15:13.1394625Z  * [new tag]             v0.298.0                -> v0.298.0
2026-10-09T23:15:13.1395003Z  * [new tag]             v0.298.1                -> v0.298.1
2026-10-09T23:15:13.1395373Z  * [new tag]             v0.299.0                -> v0.299.0
2026-10-09T23:15:13.1395741Z  * [new tag]             v0.30.0                 -> v0.30.0
2026-10-09T23:15:13.1396114Z  * [new tag]             v0.300.0                -> v0.300.0
2026-10-09T23:15:13.1396485Z  * [new tag]             v0.301.0                -> v0.301.0
2026-10-09T23:15:13.1396855Z  * [new tag]             v0.301.1                -> v0.301.1
2026-10-09T23:15:13.1397509Z  * [new tag]             v0.302.0                -> v0.302.0
2026-10-09T23:15:13.1398101Z  * [new tag]             v0.302.1                -> v0.302.1
2026-10-09T23:15:13.1398509Z  * [new tag]             v0.302.2                -> v0.302.2
2026-10-09T23:15:13.1398885Z  * [new tag]             v0.302.3                -> v0.302.3
2026-10-09T23:15:13.1399261Z  * [new tag]             v0.303.0                -> v0.303.0
2026-10-09T23:15:13.1399634Z  * [new tag]             v0.304.0                -> v0.304.0
2026-10-09T23:15:13.1400010Z  * [new tag]             v0.304.1                -> v0.304.1
2026-10-09T23:15:13.1400379Z  * [new tag]             v0.305.0                -> v0.305.0
2026-10-09T23:15:13.1400752Z  * [new tag]             v0.305.1                -> v0.305.1
2026-10-09T23:15:13.1401122Z  * [new tag]             v0.306.0                -> v0.306.0
2026-10-09T23:15:13.1401493Z  * [new tag]             v0.306.1                -> v0.306.1
2026-10-09T23:15:13.1401871Z  * [new tag]             v0.307.0                -> v0.307.0
2026-10-09T23:15:13.1402386Z  * [new tag]             v0.307.1                -> v0.307.1
2026-10-09T23:15:13.1402780Z  * [new tag]             v0.308.0                -> v0.308.0
2026-10-09T23:15:13.1403156Z  * [new tag]             v0.309.0                -> v0.309.0
2026-10-09T23:15:13.1403536Z  * [new tag]             v0.31.0                 -> v0.31.0
2026-10-09T23:15:13.1403913Z  * [new tag]             v0.310.0                -> v0.310.0
2026-10-09T23:15:13.1404283Z  * [new tag]             v0.311.0                -> v0.311.0
2026-10-09T23:15:13.1404656Z  * [new tag]             v0.311.1                -> v0.311.1
2026-10-09T23:15:13.1405028Z  * [new tag]             v0.312.0                -> v0.312.0
2026-10-09T23:15:13.1405407Z  * [new tag]             v0.312.1                -> v0.312.1
2026-10-09T23:15:13.1405778Z  * [new tag]             v0.313.0                -> v0.313.0
2026-10-09T23:15:13.1406146Z  * [new tag]             v0.314.0                -> v0.314.0
2026-10-09T23:15:13.1406519Z  * [new tag]             v0.315.0                -> v0.315.0
2026-10-09T23:15:13.1406894Z  * [new tag]             v0.316.0                -> v0.316.0
2026-10-09T23:15:13.1407423Z  * [new tag]             v0.316.1                -> v0.316.1
2026-10-09T23:15:13.1407807Z  * [new tag]             v0.317.0                -> v0.317.0
2026-10-09T23:15:13.1408193Z  * [new tag]             v0.318.0                -> v0.318.0
2026-10-09T23:15:13.1408576Z  * [new tag]             v0.319.0                -> v0.319.0
2026-10-09T23:15:13.1408945Z  * [new tag]             v0.319.1                -> v0.319.1
2026-10-09T23:15:13.1409317Z  * [new tag]             v0.319.2                -> v0.319.2
2026-10-09T23:15:13.1409689Z  * [new tag]             v0.32.0                 -> v0.32.0
2026-10-09T23:15:13.1410065Z  * [new tag]             v0.320.0                -> v0.320.0
2026-10-09T23:15:13.1410435Z  * [new tag]             v0.321.0                -> v0.321.0
2026-10-09T23:15:13.1410807Z  * [new tag]             v0.322.0                -> v0.322.0
2026-10-09T23:15:13.1411180Z  * [new tag]             v0.323.0                -> v0.323.0
2026-10-09T23:15:13.1411675Z  * [new tag]             v0.324.0                -> v0.324.0
2026-10-09T23:15:13.1412053Z  * [new tag]             v0.324.1                -> v0.324.1
2026-10-09T23:15:13.1412424Z  * [new tag]             v0.324.2                -> v0.324.2
2026-10-09T23:15:13.1412792Z  * [new tag]             v0.324.3                -> v0.324.3
2026-10-09T23:15:13.1413165Z  * [new tag]             v0.325.0                -> v0.325.0
2026-10-09T23:15:13.1413536Z  * [new tag]             v0.326.0                -> v0.326.0
2026-10-09T23:15:13.1413909Z  * [new tag]             v0.326.1                -> v0.326.1
2026-10-09T23:15:13.1414280Z  * [new tag]             v0.326.2                -> v0.326.2
2026-10-09T23:15:13.1414647Z  * [new tag]             v0.326.3                -> v0.326.3
2026-10-09T23:15:13.1415025Z  * [new tag]             v0.327.0                -> v0.327.0
2026-10-09T23:15:13.1415396Z  * [new tag]             v0.328.0                -> v0.328.0
2026-10-09T23:15:13.1415779Z  * [new tag]             v0.329.0                -> v0.329.0
2026-10-09T23:15:13.1416158Z  * [new tag]             v0.329.1                -> v0.329.1
2026-10-09T23:15:13.1416541Z  * [new tag]             v0.33.0                 -> v0.33.0
2026-10-09T23:15:13.1416915Z  * [new tag]             v0.330.0                -> v0.330.0
2026-10-09T23:15:13.1417436Z  * [new tag]             v0.331.0                -> v0.331.0
2026-10-09T23:15:13.1417817Z  * [new tag]             v0.332.0                -> v0.332.0
2026-10-09T23:15:13.1418199Z  * [new tag]             v0.332.1                -> v0.332.1
2026-10-09T23:15:13.1418586Z  * [new tag]             v0.333.0                -> v0.333.0
2026-10-09T23:15:13.1418958Z  * [new tag]             v0.333.1                -> v0.333.1
2026-10-09T23:15:13.1419330Z  * [new tag]             v0.333.2                -> v0.333.2
2026-10-09T23:15:13.1419708Z  * [new tag]             v0.334.0                -> v0.334.0
2026-10-09T23:15:13.1420194Z  * [new tag]             v0.335.0                -> v0.335.0
2026-10-09T23:15:13.1420587Z  * [new tag]             v0.336.0                -> v0.336.0
2026-10-09T23:15:13.1420964Z  * [new tag]             v0.337.0                -> v0.337.0
2026-10-09T23:15:13.1421341Z  * [new tag]             v0.338.0                -> v0.338.0
2026-10-09T23:15:13.1421714Z  * [new tag]             v0.339.0                -> v0.339.0
2026-10-09T23:15:13.1422098Z  * [new tag]             v0.339.1                -> v0.339.1
2026-10-09T23:15:13.1422470Z  * [new tag]             v0.339.2                -> v0.339.2
2026-10-09T23:15:13.1422837Z  * [new tag]             v0.339.3                -> v0.339.3
2026-10-09T23:15:13.1423215Z  * [new tag]             v0.34.0                 -> v0.34.0
2026-10-09T23:15:13.1423590Z  * [new tag]             v0.340.0                -> v0.340.0
2026-10-09T23:15:13.1423962Z  * [new tag]             v0.341.0                -> v0.341.0
2026-10-09T23:15:13.1424336Z  * [new tag]             v0.342.0                -> v0.342.0
2026-10-09T23:15:13.1424712Z  * [new tag]             v0.343.0                -> v0.343.0
2026-10-09T23:15:13.1425089Z  * [new tag]             v0.344.0                -> v0.344.0
2026-10-09T23:15:13.1425463Z  * [new tag]             v0.345.0                -> v0.345.0
2026-10-09T23:15:13.1425829Z  * [new tag]             v0.346.0                -> v0.346.0
2026-10-09T23:15:13.1426197Z  * [new tag]             v0.347.0                -> v0.347.0
2026-10-09T23:15:13.1426564Z  * [new tag]             v0.348.0                -> v0.348.0
2026-10-09T23:15:13.1426935Z  * [new tag]             v0.348.1                -> v0.348.1
2026-10-09T23:15:13.1427438Z  * [new tag]             v0.348.2                -> v0.348.2
2026-10-09T23:15:13.1427816Z  * [new tag]             v0.348.3                -> v0.348.3
2026-10-09T23:15:13.1428193Z  * [new tag]             v0.349.0                -> v0.349.0
2026-10-09T23:15:13.1428571Z  * [new tag]             v0.349.1                -> v0.349.1
2026-10-09T23:15:13.1428944Z  * [new tag]             v0.349.2                -> v0.349.2
2026-10-09T23:15:13.1429446Z  * [new tag]             v0.35.0                 -> v0.35.0
2026-10-09T23:15:13.1429820Z  * [new tag]             v0.350.0                -> v0.350.0
2026-10-09T23:15:13.1430203Z  * [new tag]             v0.351.0                -> v0.351.0
2026-10-09T23:15:13.1430577Z  * [new tag]             v0.352.0                -> v0.352.0
2026-10-09T23:15:13.1430987Z  * [new tag]             v0.352.1                -> v0.352.1
2026-10-09T23:15:13.1431371Z  * [new tag]             v0.36.0                 -> v0.36.0
2026-10-09T23:15:13.1431743Z  * [new tag]             v0.36.1                 -> v0.36.1
2026-10-09T23:15:13.1432293Z  * [new tag]             v0.37.0                 -> v0.37.0
2026-10-09T23:15:13.1432686Z  * [new tag]             v0.38.0                 -> v0.38.0
2026-10-09T23:15:13.1433059Z  * [new tag]             v0.39.0                 -> v0.39.0
2026-10-09T23:15:13.1433434Z  * [new tag]             v0.40.0                 -> v0.40.0
2026-10-09T23:15:13.1433810Z  * [new tag]             v0.41.0                 -> v0.41.0
2026-10-09T23:15:13.1434178Z  * [new tag]             v0.42.0                 -> v0.42.0
2026-10-09T23:15:13.1434551Z  * [new tag]             v0.43.0                 -> v0.43.0
2026-10-09T23:15:13.1434916Z  * [new tag]             v0.44.0                 -> v0.44.0
2026-10-09T23:15:13.1435286Z  * [new tag]             v0.45.0                 -> v0.45.0
2026-10-09T23:15:13.1435656Z  * [new tag]             v0.46.0                 -> v0.46.0
2026-10-09T23:15:13.1436026Z  * [new tag]             v0.47.0                 -> v0.47.0
2026-10-09T23:15:13.1436388Z  * [new tag]             v0.48.0                 -> v0.48.0
2026-10-09T23:15:13.1436755Z  * [new tag]             v0.49.0                 -> v0.49.0
2026-10-09T23:15:13.1437117Z  * [new tag]             v0.50.0                 -> v0.50.0
2026-10-09T23:15:13.1437835Z  * [new tag]             v0.51.0                 -> v0.51.0
2026-10-09T23:15:13.1438378Z  * [new tag]             v0.52.0                 -> v0.52.0
2026-10-09T23:15:13.1438770Z  * [new tag]             v0.53.0                 -> v0.53.0
2026-10-09T23:15:13.1439150Z  * [new tag]             v0.54.0                 -> v0.54.0
2026-10-09T23:15:13.1439530Z  * [new tag]             v0.55.0                 -> v0.55.0
2026-10-09T23:15:13.1439898Z  * [new tag]             v0.56.0                 -> v0.56.0
2026-10-09T23:15:13.1440265Z  * [new tag]             v0.57.0                 -> v0.57.0
2026-10-09T23:15:13.1440632Z  * [new tag]             v0.58.0                 -> v0.58.0
2026-10-09T23:15:13.1440995Z  * [new tag]             v0.59.0                 -> v0.59.0
2026-10-09T23:15:13.1441356Z  * [new tag]             v0.60.0                 -> v0.60.0
2026-10-09T23:15:13.1441719Z  * [new tag]             v0.61.0                 -> v0.61.0
2026-10-09T23:15:13.1442085Z  * [new tag]             v0.62.0                 -> v0.62.0
2026-10-09T23:15:13.1442458Z  * [new tag]             v0.63.0                 -> v0.63.0
2026-10-09T23:15:13.1442824Z  * [new tag]             v0.64.0                 -> v0.64.0
2026-10-09T23:15:13.1443188Z  * [new tag]             v0.65.0                 -> v0.65.0
2026-10-09T23:15:13.1443551Z  * [new tag]             v0.66.0                 -> v0.66.0
2026-10-09T23:15:13.1443914Z  * [new tag]             v0.67.0                 -> v0.67.0
2026-10-09T23:15:13.1444277Z  * [new tag]             v0.68.0                 -> v0.68.0
2026-10-09T23:15:13.1444640Z  * [new tag]             v0.69.0                 -> v0.69.0
2026-10-09T23:15:13.1445001Z  * [new tag]             v0.70.0                 -> v0.70.0
2026-10-09T23:15:13.1445367Z  * [new tag]             v0.71.0                 -> v0.71.0
2026-10-09T23:15:13.1445738Z  * [new tag]             v0.72.0                 -> v0.72.0
2026-10-09T23:15:13.1446097Z  * [new tag]             v0.73.0                 -> v0.73.0
2026-10-09T23:15:13.1446459Z  * [new tag]             v0.74.0                 -> v0.74.0
2026-10-09T23:15:13.1446824Z  * [new tag]             v0.75.0                 -> v0.75.0
2026-10-09T23:15:13.1447477Z  * [new tag]             v0.76.0                 -> v0.76.0
2026-10-09T23:15:13.1447858Z  * [new tag]             v0.77.0                 -> v0.77.0
2026-10-09T23:15:13.1448228Z  * [new tag]             v0.78.0                 -> v0.78.0
2026-10-09T23:15:13.1448594Z  * [new tag]             v0.79.0                 -> v0.79.0
2026-10-09T23:15:13.1448961Z  * [new tag]             v0.80.0                 -> v0.80.0
2026-10-09T23:15:13.1449334Z  * [new tag]             v0.81.0                 -> v0.81.0
2026-10-09T23:15:13.1449701Z  * [new tag]             v0.82.0                 -> v0.82.0
2026-10-09T23:15:13.1450066Z  * [new tag]             v0.83.0                 -> v0.83.0
2026-10-09T23:15:13.1450431Z  * [new tag]             v0.84.0                 -> v0.84.0
2026-10-09T23:15:13.1450794Z  * [new tag]             v0.85.0                 -> v0.85.0
2026-10-09T23:15:13.1451165Z  * [new tag]             v0.86.0                 -> v0.86.0
2026-10-09T23:15:13.1451534Z  * [new tag]             v0.87.0                 -> v0.87.0
2026-10-09T23:15:13.1451897Z  * [new tag]             v0.88.0                 -> v0.88.0
2026-10-09T23:15:13.1452260Z  * [new tag]             v0.89.0                 -> v0.89.0
2026-10-09T23:15:13.1452621Z  * [new tag]             v0.90.0                 -> v0.90.0
2026-10-09T23:15:13.1452982Z  * [new tag]             v0.91.0                 -> v0.91.0
2026-10-09T23:15:13.1453340Z  * [new tag]             v0.92.0                 -> v0.92.0
2026-10-09T23:15:13.1453709Z  * [new tag]             v0.93.0                 -> v0.93.0
2026-10-09T23:15:13.1454068Z  * [new tag]             v0.94.0                 -> v0.94.0
2026-10-09T23:15:13.1454429Z  * [new tag]             v0.95.0                 -> v0.95.0
2026-10-09T23:15:13.1454788Z  * [new tag]             v0.96.0                 -> v0.96.0
2026-10-09T23:15:13.1455148Z  * [new tag]             v0.97.0                 -> v0.97.0
2026-10-09T23:15:13.1455635Z  * [new tag]             v0.98.0                 -> v0.98.0
2026-10-09T23:15:13.1456010Z  * [new tag]             v0.99.0                 -> v0.99.0
2026-10-09T23:15:13.1456463Z  * [new ref]             b7415c2faabe331eeba93619e0ec418434d9ed29 -> pull/1188/merge
2026-10-09T23:15:13.1457910Z ##[endgroup]
2026-10-09T23:15:13.1458348Z ##[group]Determining the checkout info
2026-10-09T23:15:13.1458830Z ##[endgroup]
2026-10-09T23:15:13.1459117Z [command]/usr/bin/git sparse-checkout disable
2026-10-09T23:15:13.1459905Z [command]/usr/bin/git config --local --unset-all extensions.worktreeConfig
2026-10-09T23:15:13.1460883Z ##[group]Checking out the ref
2026-10-09T23:15:13.1461414Z [command]/usr/bin/git checkout --progress --force refs/remotes/pull/1188/merge
2026-10-09T23:15:14.1763719Z Updating files:  24% (9085/37127)
2026-10-09T23:15:14.4193961Z Updating files:  25% (9282/37127)
2026-10-09T23:15:14.5869516Z Updating files:  26% (9654/37127)
2026-10-09T23:15:14.9236507Z Updating files:  27% (10025/37127)
2026-10-09T23:15:15.1444226Z Updating files:  28% (10396/37127)
2026-10-09T23:15:15.1448844Z Updating files:  28% (10764/37127)
2026-10-09T23:15:15.2254437Z Updating files:  29% (10767/37127)
2026-10-09T23:15:15.3548219Z Updating files:  30% (11139/37127)
2026-10-09T23:15:15.3995533Z Updating files:  31% (11510/37127)
2026-10-09T23:15:15.4596095Z Updating files:  32% (11881/37127)
2026-10-09T23:15:15.5054444Z Updating files:  33% (12252/37127)
2026-10-09T23:15:15.5330668Z Updating files:  34% (12624/37127)
2026-10-09T23:15:15.5668193Z Updating files:  35% (12995/37127)
2026-10-09T23:15:15.6662552Z Updating files:  36% (13366/37127)
2026-10-09T23:15:15.7066413Z Updating files:  37% (13737/37127)
2026-10-09T23:15:15.7482687Z Updating files:  38% (14109/37127)
2026-10-09T23:15:15.8287135Z Updating files:  39% (14480/37127)
2026-10-09T23:15:15.9567893Z Updating files:  40% (14851/37127)
2026-10-09T23:15:16.0380794Z Updating files:  41% (15223/37127)
2026-10-09T23:15:16.1486050Z Updating files:  42% (15594/37127)
2026-10-09T23:15:16.1666889Z Updating files:  42% (15825/37127)
2026-10-09T23:15:16.2134173Z Updating files:  43% (15965/37127)
2026-10-09T23:15:16.2714301Z Updating files:  44% (16336/37127)
2026-10-09T23:15:16.3138753Z Updating files:  45% (16708/37127)
2026-10-09T23:15:16.3368580Z Updating files:  46% (17079/37127)
2026-10-09T23:15:16.3947635Z Updating files:  47% (17450/37127)
2026-10-09T23:15:16.4395853Z Updating files:  48% (17821/37127)
2026-10-09T23:15:16.4833629Z Updating files:  49% (18193/37127)
2026-10-09T23:15:16.5396837Z Updating files:  50% (18564/37127)
2026-10-09T23:15:16.5721449Z Updating files:  51% (18935/37127)
2026-10-09T23:15:16.6189582Z Updating files:  52% (19307/37127)
2026-10-09T23:15:16.7643230Z Updating files:  53% (19678/37127)
2026-10-09T23:15:16.7875579Z Updating files:  54% (20049/37127)
2026-10-09T23:15:16.8057612Z Updating files:  55% (20420/37127)
2026-10-09T23:15:16.8446168Z Updating files:  56% (20792/37127)
2026-10-09T23:15:16.8596959Z Updating files:  57% (21163/37127)
2026-10-09T23:15:16.8751467Z Updating files:  58% (21534/37127)
2026-10-09T23:15:16.8929168Z Updating files:  59% (21905/37127)
2026-10-09T23:15:16.9778072Z Updating files:  60% (22277/37127)
2026-10-09T23:15:16.9915224Z Updating files:  61% (22648/37127)
2026-10-09T23:15:17.0068349Z Updating files:  62% (23019/37127)
2026-10-09T23:15:17.0195928Z Updating files:  63% (23391/37127)
2026-10-09T23:15:17.0330789Z Updating files:  64% (23762/37127)
2026-10-09T23:15:17.0474037Z Updating files:  65% (24133/37127)
2026-10-09T23:15:17.0600391Z Updating files:  66% (24504/37127)
2026-10-09T23:15:17.0752340Z Updating files:  67% (24876/37127)
2026-10-09T23:15:17.0880241Z Updating files:  68% (25247/37127)
2026-10-09T23:15:17.1337701Z Updating files:  69% (25618/37127)
2026-10-09T23:15:17.1436872Z Updating files:  70% (25989/37127)
2026-10-09T23:15:17.1565649Z Updating files:  70% (26153/37127)
2026-10-09T23:15:17.1808688Z Updating files:  71% (26361/37127)
2026-10-09T23:15:17.2028688Z Updating files:  72% (26732/37127)
2026-10-09T23:15:17.2267390Z Updating files:  73% (27103/37127)
2026-10-09T23:15:17.3786406Z Updating files:  74% (27474/37127)
2026-10-09T23:15:17.4154998Z Updating files:  75% (27846/37127)
2026-10-09T23:15:17.4411502Z Updating files:  76% (28217/37127)
2026-10-09T23:15:17.4658685Z Updating files:  77% (28588/37127)
2026-10-09T23:15:17.4949808Z Updating files:  78% (28960/37127)
2026-10-09T23:15:17.6509267Z Updating files:  79% (29331/37127)
2026-10-09T23:15:17.6843831Z Updating files:  80% (29702/37127)
2026-10-09T23:15:17.7164776Z Updating files:  81% (30073/37127)
2026-10-09T23:15:17.7570283Z Updating files:  82% (30445/37127)
2026-10-09T23:15:17.7841701Z Updating files:  83% (30816/37127)
2026-10-09T23:15:17.8204466Z Updating files:  84% (31187/37127)
2026-10-09T23:15:17.8423486Z Updating files:  85% (31558/37127)
2026-10-09T23:15:17.8690843Z Updating files:  86% (31930/37127)
2026-10-09T23:15:17.8943890Z Updating files:  87% (32301/37127)
2026-10-09T23:15:17.9345345Z Updating files:  88% (32672/37127)
2026-10-09T23:15:17.9698575Z Updating files:  89% (33044/37127)
2026-10-09T23:15:17.9971657Z Updating files:  90% (33415/37127)
2026-10-09T23:15:18.0332879Z Updating files:  91% (33786/37127)
2026-10-09T23:15:18.0691382Z Updating files:  92% (34157/37127)
2026-10-09T23:15:18.0948197Z Updating files:  93% (34529/37127)
2026-10-09T23:15:18.1250616Z Updating files:  94% (34900/37127)
2026-10-09T23:15:18.1437186Z Updating files:  95% (35271/37127)
2026-10-09T23:15:18.1563406Z Updating files:  95% (35511/37127)
2026-10-09T23:15:18.1872613Z Updating files:  96% (35642/37127)
2026-10-09T23:15:18.2206836Z Updating files:  97% (36014/37127)
2026-10-09T23:15:18.2484389Z Updating files:  98% (36385/37127)
2026-10-09T23:15:18.2751891Z Updating files:  99% (36756/37127)
2026-10-09T23:15:18.2752662Z Updating files: 100% (37127/37127)
2026-10-09T23:15:18.2753089Z Updating files: 100% (37127/37127), done.
2026-10-09T23:15:18.3171575Z Note: switching to 'refs/remotes/pull/1188/merge'.
2026-10-09T23:15:18.3172472Z 
2026-10-09T23:15:18.3173024Z You are in 'detached HEAD' state. You can look around, make experimental
2026-10-09T23:15:18.3173866Z changes and commit them, and you can discard any commits you make in this
2026-10-09T23:15:18.3174676Z state without impacting any branches by switching back to a branch.
2026-10-09T23:15:18.3174986Z 
2026-10-09T23:15:18.3175179Z If you want to create a new branch to retain commits you create, you may
2026-10-09T23:15:18.3175622Z do so (now or later) by using -c with the switch command. Example:
2026-10-09T23:15:18.3175895Z 
2026-10-09T23:15:18.3176004Z   git switch -c <new-branch-name>
2026-10-09T23:15:18.3176189Z 
2026-10-09T23:15:18.3176299Z Or undo this operation with:
2026-10-09T23:15:18.3176463Z 
2026-10-09T23:15:18.3176551Z   git switch -
2026-10-09T23:15:18.3176668Z 
2026-10-09T23:15:18.3176880Z Turn off this advice by setting config variable advice.detachedHead to false
2026-10-09T23:15:18.3177185Z 
2026-10-09T23:15:18.3177884Z HEAD is now at b7415c2fa Merge 020be4ac016b14d293a2b22e7f4db69479919c96 into d209aac6461b355f1a527831202af3423135f7e6
2026-10-09T23:15:18.3291564Z ##[endgroup]
2026-10-09T23:15:18.3341742Z [command]/usr/bin/git log -1 --format=%H
2026-10-09T23:15:18.3371324Z b7415c2faabe331eeba93619e0ec418434d9ed29
2026-10-09T23:15:18.3381396Z ##[group]Removing auth
2026-10-09T23:15:18.3381836Z Removing SSH command configuration
2026-10-09T23:15:18.3385473Z [command]/usr/bin/git config --local --name-only --get-regexp core\.sshCommand
2026-10-09T23:15:18.3421576Z [command]/usr/bin/git submodule foreach --recursive sh -c "git config --local --name-only --get-regexp 'core\.sshCommand' && git config --local --unset-all 'core.sshCommand' || :"
2026-10-09T23:15:18.3674521Z Removing HTTP extra header
2026-10-09T23:15:18.3678847Z [command]/usr/bin/git config --local --name-only --get-regexp http\.https\:\/\/github\.com\/\.extraheader
2026-10-09T23:15:18.3719539Z [command]/usr/bin/git submodule foreach --recursive sh -c "git config --local --name-only --get-regexp 'http\.https\:\/\/github\.com\/\.extraheader' && git config --local --unset-all 'http.https://github.com/.extraheader' || :"
2026-10-09T23:15:18.3980101Z Removing includeIf entries pointing to credentials config files
2026-10-09T23:15:18.3981139Z [command]/usr/bin/git config --local --name-only --get-regexp ^includeIf\.gitdir:
2026-10-09T23:15:18.4010640Z includeif.gitdir:/home/runner/work/formal-ai/formal-ai/.git.path
2026-10-09T23:15:18.4011404Z includeif.gitdir:/home/runner/work/formal-ai/formal-ai/.git/worktrees/*.path
2026-10-09T23:15:18.4011887Z includeif.gitdir:/github/workspace/.git.path
2026-10-09T23:15:18.4012264Z includeif.gitdir:/github/workspace/.git/worktrees/*.path
2026-10-09T23:15:18.4019060Z [command]/usr/bin/git config --local --get-all includeif.gitdir:/home/runner/work/formal-ai/formal-ai/.git.path
2026-10-09T23:15:18.4045549Z /home/runner/work/_temp/git-credentials-ed821ec2-3ca1-4c53-a784-cd70bb9bccc6.config
2026-10-09T23:15:18.4054303Z [command]/usr/bin/git config --local --unset includeif.gitdir:/home/runner/work/formal-ai/formal-ai/.git.path \/home\/runner\/work\/_temp\/git\-credentials\-ed821ec2\-3ca1\-4c53\-a784\-cd70bb9bccc6\.config
2026-10-09T23:15:18.4091746Z [command]/usr/bin/git config --local --get-all includeif.gitdir:/home/runner/work/formal-ai/formal-ai/.git/worktrees/*.path
2026-10-09T23:15:18.4117800Z /home/runner/work/_temp/git-credentials-ed821ec2-3ca1-4c53-a784-cd70bb9bccc6.config
2026-10-09T23:15:18.4125946Z [command]/usr/bin/git config --local --unset includeif.gitdir:/home/runner/work/formal-ai/formal-ai/.git/worktrees/*.path \/home\/runner\/work\/_temp\/git\-credentials\-ed821ec2\-3ca1\-4c53\-a784\-cd70bb9bccc6\.config
2026-10-09T23:15:18.4163789Z [command]/usr/bin/git config --local --get-all includeif.gitdir:/github/workspace/.git.path
2026-10-09T23:15:18.4193033Z /github/runner_temp/git-credentials-ed821ec2-3ca1-4c53-a784-cd70bb9bccc6.config
2026-10-09T23:15:18.4201684Z [command]/usr/bin/git config --local --unset includeif.gitdir:/github/workspace/.git.path \/github\/runner_temp\/git\-credentials\-ed821ec2\-3ca1\-4c53\-a784\-cd70bb9bccc6\.config
2026-10-09T23:15:18.4239487Z [command]/usr/bin/git config --local --get-all includeif.gitdir:/github/workspace/.git/worktrees/*.path
2026-10-09T23:15:18.4265797Z /github/runner_temp/git-credentials-ed821ec2-3ca1-4c53-a784-cd70bb9bccc6.config
2026-10-09T23:15:18.4276967Z [command]/usr/bin/git config --local --unset includeif.gitdir:/github/workspace/.git/worktrees/*.path \/github\/runner_temp\/git\-credentials\-ed821ec2\-3ca1\-4c53\-a784\-cd70bb9bccc6\.config
2026-10-09T23:15:18.4313010Z [command]/usr/bin/git submodule foreach --recursive git config --local --show-origin --name-only --get-regexp remote.origin.url
2026-10-09T23:15:18.4559366Z Removing credentials config '/home/runner/work/_temp/git-credentials-ed821ec2-3ca1-4c53-a784-cd70bb9bccc6.config'
2026-10-09T23:15:18.4569289Z ##[endgroup]
2026-10-09T23:15:18.4909319Z ##[group]Run dtolnay/rust-toolchain@stable
2026-10-09T23:15:18.4909629Z with:
2026-10-09T23:15:18.4909824Z   toolchain: stable
2026-10-09T23:15:18.4910041Z env:
2026-10-09T23:15:18.4910218Z   CARGO_NET_RETRY: 10
2026-10-09T23:15:18.4910441Z   CARGO_HTTP_MULTIPLEXING: false
2026-10-09T23:15:18.4910689Z   CARGO_TERM_COLOR: always
2026-10-09T23:15:18.4910923Z   RUSTFLAGS: -Dwarnings
2026-10-09T23:15:18.4911143Z   CARGO_INCREMENTAL: 0
2026-10-09T23:15:18.4911353Z ##[endgroup]
2026-10-09T23:15:18.4975499Z ##[start-action display=Parse toolchain version;id=__dtolnay_rust-toolchain.parse]
2026-10-09T23:15:18.5095064Z ##[group]Run if [[ -z $toolchain ]]; then
2026-10-09T23:15:18.5095462Z [36;1mif [[ -z $toolchain ]]; then[0m
2026-10-09T23:15:18.5096024Z [36;1m  # GitHub does not enforce `required: true` inputs itself. https://github.com/actions/runner/issues/1070[0m
2026-10-09T23:15:18.5096598Z [36;1m  echo "'toolchain' is a required input" >&2[0m
2026-10-09T23:15:18.5096943Z [36;1m  exit 1[0m
2026-10-09T23:15:18.5097644Z [36;1melif [[ $toolchain =~ ^stable' '[0-9]+' '(year|month|week|day)s?' 'ago$ ]]; then[0m
2026-10-09T23:15:18.5098190Z [36;1m  if [[ Linux == macOS ]]; then[0m
2026-10-09T23:15:18.5098731Z [36;1m    echo "toolchain=1.$((($(date -v-$(sed 's/stable \([0-9]*\) \(.\).*/\1\2/' <<< $toolchain) +%s)/60/60/24-16569)/7/6))" >> $GITHUB_OUTPUT[0m
2026-10-09T23:15:18.5099249Z [36;1m  else[0m
2026-10-09T23:15:18.5099669Z [36;1m    echo "toolchain=1.$((($(date --date "${toolchain#stable }" +%s)/60/60/24-16569)/7/6))" >> $GITHUB_OUTPUT[0m
2026-10-09T23:15:18.5100136Z [36;1m  fi[0m
2026-10-09T23:15:18.5100432Z [36;1melif [[ $toolchain =~ ^stable' 'minus' '[0-9]+' 'releases?$ ]]; then[0m
2026-10-09T23:15:18.5100965Z [36;1m  echo "toolchain=1.$((($(date +%s)/60/60/24-16569)/7/6-${toolchain//[^0-9]/}))" >> $GITHUB_OUTPUT[0m
2026-10-09T23:15:18.5101444Z [36;1melif [[ $toolchain =~ ^1\.[0-9]+$ ]]; then[0m
2026-10-09T23:15:18.5101989Z [36;1m  echo "toolchain=1.$((i=${toolchain#1.}, c=($(date +%s)/60/60/24-16569)/7/6, i+9*i*(10*i<=c)+90*i*(100*i<=c)))" >> $GITHUB_OUTPUT[0m
2026-10-09T23:15:18.5102489Z [36;1melse[0m
2026-10-09T23:15:18.5102692Z [36;1m  delimiter=EOF[0m
2026-10-09T23:15:18.5103004Z [36;1m  while [[ $toolchain == *$delimiter* ]]; do delimiter+=_; done[0m
2026-10-09T23:15:18.5103510Z [36;1m  printf 'toolchain<<%s\n%s\n%s\n' "$delimiter" "$toolchain" "$delimiter" >> $GITHUB_OUTPUT[0m
2026-10-09T23:15:18.5103928Z [36;1mfi[0m
2026-10-09T23:15:18.5349860Z shell: /usr/bin/bash --noprofile --norc -e -o pipefail {0}
2026-10-09T23:15:18.5350250Z env:
2026-10-09T23:15:18.5350449Z   CARGO_NET_RETRY: 10
2026-10-09T23:15:18.5350707Z   CARGO_HTTP_MULTIPLEXING: false
2026-10-09T23:15:18.5350993Z   CARGO_TERM_COLOR: always
2026-10-09T23:15:18.5351239Z   RUSTFLAGS: -Dwarnings
2026-10-09T23:15:18.5351474Z   CARGO_INCREMENTAL: 0
2026-10-09T23:15:18.5351693Z   toolchain: stable
2026-10-09T23:15:18.5351908Z ##[endgroup]
2026-10-09T23:15:18.5489765Z ##[end-action id=__dtolnay_rust-toolchain.parse;outcome=success;conclusion=success;duration_ms=51]
2026-10-09T23:15:18.5494409Z ##[start-action display=Set $CARGO_HOME;id=__dtolnay_rust-toolchain.__run]
2026-10-09T23:15:18.5531534Z ##[group]Run echo CARGO_HOME=${CARGO_HOME:-"$HOME/.cargo"} >> $GITHUB_ENV
2026-10-09T23:15:18.5532017Z [36;1mecho CARGO_HOME=${CARGO_HOME:-"$HOME/.cargo"} >> $GITHUB_ENV[0m
2026-10-09T23:15:18.5591736Z shell: /usr/bin/bash --noprofile --norc -e -o pipefail {0}
2026-10-09T23:15:18.5592088Z env:
2026-10-09T23:15:18.5592282Z   CARGO_NET_RETRY: 10
2026-10-09T23:15:18.5592514Z   CARGO_HTTP_MULTIPLEXING: false
2026-10-09T23:15:18.5592770Z   CARGO_TERM_COLOR: always
2026-10-09T23:15:18.5593006Z   RUSTFLAGS: -Dwarnings
2026-10-09T23:15:18.5593235Z   CARGO_INCREMENTAL: 0
2026-10-09T23:15:18.5593450Z ##[endgroup]
2026-10-09T23:15:18.5680122Z ##[end-action id=__dtolnay_rust-toolchain.__run;outcome=success;conclusion=success;duration_ms=18]
2026-10-09T23:15:18.5682686Z ##[start-action display=Install rustup if needed;id=__dtolnay_rust-toolchain.__run_2]
2026-10-09T23:15:18.5713210Z ##[group]Run if ! command -v rustup &>/dev/null; then
2026-10-09T23:15:18.5713573Z [36;1mif ! command -v rustup &>/dev/null; then[0m
2026-10-09T23:15:18.5714355Z [36;1m  curl --proto '=https' --tlsv1.2 --retry 10 --retry-connrefused --location --silent --show-error --fail https://sh.rustup.rs | sh -s -- --default-toolchain none -y[0m
2026-10-09T23:15:18.5715127Z [36;1m  echo "$CARGO_HOME/bin" >> $GITHUB_PATH[0m
2026-10-09T23:15:18.5715627Z [36;1mfi[0m
2026-10-09T23:15:18.5773975Z shell: /usr/bin/bash --noprofile --norc -e -o pipefail {0}
2026-10-09T23:15:18.5774323Z env:
2026-10-09T23:15:18.5774523Z   CARGO_NET_RETRY: 10
2026-10-09T23:15:18.5774760Z   CARGO_HTTP_MULTIPLEXING: false
2026-10-09T23:15:18.5775025Z   CARGO_TERM_COLOR: always
2026-10-09T23:15:18.5775275Z   RUSTFLAGS: -Dwarnings
2026-10-09T23:15:18.5775511Z   CARGO_INCREMENTAL: 0
2026-10-09T23:15:18.5775737Z   CARGO_HOME: /home/runner/.cargo
2026-10-09T23:15:18.5775995Z ##[endgroup]
2026-10-09T23:15:18.5860470Z ##[end-action id=__dtolnay_rust-toolchain.__run_2;outcome=success;conclusion=success;duration_ms=17]
2026-10-09T23:15:18.5862777Z ##[start-action display=Install rustup if needed on windows;id=__dtolnay_rust-toolchain.__run_3]
2026-10-09T23:15:18.5869637Z ##[end-action id=__dtolnay_rust-toolchain.__run_3;outcome=skipped;conclusion=skipped;duration_ms=0]
2026-10-09T23:15:18.5884321Z ##[start-action display=rustup toolchain install stable;id=__dtolnay_rust-toolchain.__run_4]
2026-10-09T23:15:18.5906872Z ##[group]Run set -f  # split targets and components on commas and whitespace, without glob expansion
2026-10-09T23:15:18.5907881Z [36;1mset -f  # split targets and components on commas and whitespace, without glob expansion[0m
2026-10-09T23:15:18.5908328Z [36;1mflags=()[0m
2026-10-09T23:15:18.5908604Z [36;1mfor t in ${targets//,/ }; do flags+=(--target "$t"); done[0m
2026-10-09T23:15:18.5909051Z [36;1mfor c in ${components//,/ }; do flags+=(--component "$c"); done[0m
2026-10-09T23:15:18.5909581Z [36;1mif [[ $toolchain == nightly && -n $components ]]; then flags+=(--allow-downgrade); fi[0m
2026-10-09T23:15:18.5910017Z [36;1mlog=$(mktemp)[0m
2026-10-09T23:15:18.5910259Z [36;1mtrap 'rm -f "$log"' EXIT[0m
2026-10-09T23:15:18.5910521Z [36;1mfor attempt in 1 2 3 4 5; do[0m
2026-10-09T23:15:18.5911103Z [36;1m  if rustup toolchain install "$toolchain" "${flags[@]}" --profile minimal --no-self-update --force-non-host 2>&1 | tee "$log"; then[0m
2026-10-09T23:15:18.5911678Z [36;1m    break[0m
2026-10-09T23:15:18.5911878Z [36;1m  else[0m
2026-10-09T23:15:18.5912086Z [36;1m    status=$?[0m
2026-10-09T23:15:18.5912296Z [36;1m  fi[0m
2026-10-09T23:15:18.5912588Z [36;1m  if [[ $attempt == 5 ]] || ! grep -Fq 'checksum failed for ' "$log" \[0m
2026-10-09T23:15:18.5913151Z [36;1m      || ! grep -Fq 'this is likely due to an ongoing update of the official release server' "$log"; then[0m
2026-10-09T23:15:18.5913618Z [36;1m    exit "$status"[0m
2026-10-09T23:15:18.5913853Z [36;1m  fi[0m
2026-10-09T23:15:18.5914213Z [36;1m  echo "Retrying rustup toolchain install in 30 seconds (retry $attempt of 4)" >&2[0m
2026-10-09T23:15:18.5914814Z [36;1m  sleep 30[0m
2026-10-09T23:15:18.5915016Z [36;1mdone[0m
2026-10-09T23:15:18.5974228Z shell: /usr/bin/bash --noprofile --norc -e -o pipefail {0}
2026-10-09T23:15:18.5974589Z env:
2026-10-09T23:15:18.5974790Z   CARGO_NET_RETRY: 10
2026-10-09T23:15:18.5975031Z   CARGO_HTTP_MULTIPLEXING: false
2026-10-09T23:15:18.5975288Z   CARGO_TERM_COLOR: always
2026-10-09T23:15:18.5975519Z   RUSTFLAGS: -Dwarnings
2026-10-09T23:15:18.5975739Z   CARGO_INCREMENTAL: 0
2026-10-09T23:15:18.5975963Z   CARGO_HOME: /home/runner/.cargo
2026-10-09T23:15:18.5976205Z   toolchain: stable
2026-10-09T23:15:18.5976402Z   targets: 
2026-10-09T23:15:18.5976596Z   components: 
2026-10-09T23:15:18.5976801Z   RUSTUP_PERMIT_COPY_RENAME: 1
2026-10-09T23:15:18.5977039Z ##[endgroup]
2026-10-09T23:15:18.8823265Z info: syncing channel updates for stable-x86_64-unknown-linux-gnu
2026-10-09T23:15:19.0551692Z 
2026-10-09T23:15:19.0631866Z   stable-x86_64-unknown-linux-gnu unchanged - rustc 1.99.0 (b940084d7 2026-09-28)
2026-10-09T23:15:19.0632280Z 
2026-10-09T23:15:19.0679064Z ##[end-action id=__dtolnay_rust-toolchain.__run_4;outcome=success;conclusion=success;duration_ms=479]
2026-10-09T23:15:19.0688136Z ##[start-action display=rustup default stable;id=__dtolnay_rust-toolchain.__run_5]
2026-10-09T23:15:19.0716659Z ##[group]Run rustup default "$toolchain" --force-non-host
2026-10-09T23:15:19.0717075Z [36;1mrustup default "$toolchain" --force-non-host[0m
2026-10-09T23:15:19.0783666Z shell: /usr/bin/bash --noprofile --norc -e -o pipefail {0}
2026-10-09T23:15:19.0784014Z env:
2026-10-09T23:15:19.0784210Z   CARGO_NET_RETRY: 10
2026-10-09T23:15:19.0784447Z   CARGO_HTTP_MULTIPLEXING: false
2026-10-09T23:15:19.0784716Z   CARGO_TERM_COLOR: always
2026-10-09T23:15:19.0784950Z   RUSTFLAGS: -Dwarnings
2026-10-09T23:15:19.0785172Z   CARGO_INCREMENTAL: 0
2026-10-09T23:15:19.0785414Z   CARGO_HOME: /home/runner/.cargo
2026-10-09T23:15:19.0785661Z   toolchain: stable
2026-10-09T23:15:19.0785867Z ##[endgroup]
2026-10-09T23:15:19.0913904Z info: using existing install for stable-x86_64-unknown-linux-gnu
2026-10-09T23:15:19.0921389Z info: default toolchain set to stable-x86_64-unknown-linux-gnu
2026-10-09T23:15:19.0921848Z 
2026-10-09T23:15:19.0998593Z   stable-x86_64-unknown-linux-gnu unchanged - rustc 1.99.0 (b940084d7 2026-09-28)
2026-10-09T23:15:19.0999005Z 
2026-10-09T23:15:19.1016953Z ##[end-action id=__dtolnay_rust-toolchain.__run_5;outcome=success;conclusion=success;duration_ms=32]
2026-10-09T23:15:19.1021951Z ##[start-action display=Create cachekey;id=__dtolnay_rust-toolchain.rustc-version]
2026-10-09T23:15:19.1049137Z ##[group]Run DATE=$(rustc +"$toolchain" --version --verbose | sed -ne 's/^commit-date: \(20[0-9][0-9]\)-\([01][0-9]\)-\([0-3][0-9]\)$/\1\2\3/p')
2026-10-09T23:15:19.1050032Z [36;1mDATE=$(rustc +"$toolchain" --version --verbose | sed -ne 's/^commit-date: \(20[0-9][0-9]\)-\([01][0-9]\)-\([0-3][0-9]\)$/\1\2\3/p')[0m
2026-10-09T23:15:19.1050719Z [36;1mHASH=$(rustc +"$toolchain" --version --verbose | sed -ne 's/^commit-hash: //p')[0m
2026-10-09T23:15:19.1051246Z [36;1mecho "cachekey=$(echo $DATE$HASH | head -c12)" >> $GITHUB_OUTPUT[0m
2026-10-09T23:15:19.1115457Z shell: /usr/bin/bash --noprofile --norc -e -o pipefail {0}
2026-10-09T23:15:19.1115800Z env:
2026-10-09T23:15:19.1115990Z   CARGO_NET_RETRY: 10
2026-10-09T23:15:19.1116223Z   CARGO_HTTP_MULTIPLEXING: false
2026-10-09T23:15:19.1116479Z   CARGO_TERM_COLOR: always
2026-10-09T23:15:19.1116705Z   RUSTFLAGS: -Dwarnings
2026-10-09T23:15:19.1116922Z   CARGO_INCREMENTAL: 0
2026-10-09T23:15:19.1117149Z   CARGO_HOME: /home/runner/.cargo
2026-10-09T23:15:19.1117641Z   toolchain: stable
2026-10-09T23:15:19.1117845Z ##[endgroup]
2026-10-09T23:15:19.1644222Z ##[end-action id=__dtolnay_rust-toolchain.rustc-version;outcome=success;conclusion=success;duration_ms=62]
2026-10-09T23:15:19.1647117Z ##[start-action display=Disable incremental compilation;id=__dtolnay_rust-toolchain.__run_6]
2026-10-09T23:15:19.1674760Z ##[group]Run if [ -z "${CARGO_INCREMENTAL+set}" ]; then
2026-10-09T23:15:19.1675145Z [36;1mif [ -z "${CARGO_INCREMENTAL+set}" ]; then[0m
2026-10-09T23:15:19.1675645Z [36;1m  echo CARGO_INCREMENTAL=0 >> $GITHUB_ENV[0m
2026-10-09T23:15:19.1675936Z [36;1mfi[0m
2026-10-09T23:15:19.1740591Z shell: /usr/bin/bash --noprofile --norc -e -o pipefail {0}
2026-10-09T23:15:19.1740947Z env:
2026-10-09T23:15:19.1741154Z   CARGO_NET_RETRY: 10
2026-10-09T23:15:19.1741399Z   CARGO_HTTP_MULTIPLEXING: false
2026-10-09T23:15:19.1741658Z   CARGO_TERM_COLOR: always
2026-10-09T23:15:19.1741891Z   RUSTFLAGS: -Dwarnings
2026-10-09T23:15:19.1742112Z   CARGO_INCREMENTAL: 0
2026-10-09T23:15:19.1742337Z   CARGO_HOME: /home/runner/.cargo
2026-10-09T23:15:19.1742583Z ##[endgroup]
2026-10-09T23:15:19.1826623Z ##[end-action id=__dtolnay_rust-toolchain.__run_6;outcome=success;conclusion=success;duration_ms=17]
2026-10-09T23:15:19.1829345Z ##[start-action display=Enable colors in Cargo output;id=__dtolnay_rust-toolchain.__run_7]
2026-10-09T23:15:19.1869162Z ##[group]Run if [ -z "${CARGO_TERM_COLOR+set}" ]; then
2026-10-09T23:15:19.1869544Z [36;1mif [ -z "${CARGO_TERM_COLOR+set}" ]; then[0m
2026-10-09T23:15:19.1869886Z [36;1m  echo CARGO_TERM_COLOR=always >> $GITHUB_ENV[0m
2026-10-09T23:15:19.1870183Z [36;1mfi[0m
2026-10-09T23:15:19.1927844Z shell: /usr/bin/bash --noprofile --norc -e -o pipefail {0}
2026-10-09T23:15:19.1928195Z env:
2026-10-09T23:15:19.1928388Z   CARGO_NET_RETRY: 10
2026-10-09T23:15:19.1928627Z   CARGO_HTTP_MULTIPLEXING: false
2026-10-09T23:15:19.1928883Z   CARGO_TERM_COLOR: always
2026-10-09T23:15:19.1929112Z   RUSTFLAGS: -Dwarnings
2026-10-09T23:15:19.1929330Z   CARGO_INCREMENTAL: 0
2026-10-09T23:15:19.1929565Z   CARGO_HOME: /home/runner/.cargo
2026-10-09T23:15:19.1929814Z ##[endgroup]
2026-10-09T23:15:19.2012668Z ##[end-action id=__dtolnay_rust-toolchain.__run_7;outcome=success;conclusion=success;duration_ms=18]
2026-10-09T23:15:19.2016473Z ##[start-action display=Enable Cargo sparse registry;id=__dtolnay_rust-toolchain.__run_8]
2026-10-09T23:15:19.2044272Z ##[group]Run # implemented in 1.66, stabilized in 1.68, made default in 1.70
2026-10-09T23:15:19.2044789Z [36;1m# implemented in 1.66, stabilized in 1.68, made default in 1.70[0m
2026-10-09T23:15:19.2045497Z [36;1mif [ -z "${CARGO_REGISTRIES_CRATES_IO_PROTOCOL+set}" -o -f "/home/runner/work/_temp"/.implicit_cargo_registries_crates_io_protocol ]; then[0m
2026-10-09T23:15:19.2046245Z [36;1m  if rustc +"$toolchain" --version --verbose | grep -q '^release: 1\.6[89]\.'; then[0m
2026-10-09T23:15:19.2046843Z [36;1m    touch "/home/runner/work/_temp"/.implicit_cargo_registries_crates_io_protocol || true[0m
2026-10-09T23:15:19.2047740Z [36;1m    echo CARGO_REGISTRIES_CRATES_IO_PROTOCOL=sparse >> $GITHUB_ENV[0m
2026-10-09T23:15:19.2048272Z [36;1m  elif rustc +"$toolchain" --version --verbose | grep -q '^release: 1\.6[67]\.'; then[0m
2026-10-09T23:15:19.2048874Z [36;1m    touch "/home/runner/work/_temp"/.implicit_cargo_registries_crates_io_protocol || true[0m
2026-10-09T23:15:19.2049398Z [36;1m    echo CARGO_REGISTRIES_CRATES_IO_PROTOCOL=git >> $GITHUB_ENV[0m
2026-10-09T23:15:19.2049751Z [36;1m  fi[0m
2026-10-09T23:15:19.2049940Z [36;1mfi[0m
2026-10-09T23:15:19.2108385Z shell: /usr/bin/bash --noprofile --norc -e -o pipefail {0}
2026-10-09T23:15:19.2108730Z env:
2026-10-09T23:15:19.2108929Z   CARGO_NET_RETRY: 10
2026-10-09T23:15:19.2109164Z   CARGO_HTTP_MULTIPLEXING: false
2026-10-09T23:15:19.2109420Z   CARGO_TERM_COLOR: always
2026-10-09T23:15:19.2109652Z   RUSTFLAGS: -Dwarnings
2026-10-09T23:15:19.2109881Z   CARGO_INCREMENTAL: 0
2026-10-09T23:15:19.2110107Z   CARGO_HOME: /home/runner/.cargo
2026-10-09T23:15:19.2110358Z   toolchain: stable
2026-10-09T23:15:19.2110558Z ##[endgroup]
2026-10-09T23:15:19.2444023Z ##[end-action id=__dtolnay_rust-toolchain.__run_8;outcome=success;conclusion=success;duration_ms=42]
2026-10-09T23:15:19.2448771Z ##[start-action display=Work around spurious network errors in curl 8.0;id=__dtolnay_rust-toolchain.__run_9]
2026-10-09T23:15:19.2476114Z ##[group]Run # https://rust-lang.zulipchat.com/#narrow/stream/246057-t-cargo/topic/timeout.20investigation
2026-10-09T23:15:19.2477035Z [36;1m# https://rust-lang.zulipchat.com/#narrow/stream/246057-t-cargo/topic/timeout.20investigation[0m
2026-10-09T23:15:19.2478054Z [36;1mif rustc +"$toolchain" --version --verbose | grep -q '^release: 1\.7[01]\.'; then[0m
2026-10-09T23:15:19.2478541Z [36;1m  echo CARGO_HTTP_MULTIPLEXING=false >> $GITHUB_ENV[0m
2026-10-09T23:15:19.2478854Z [36;1mfi[0m
2026-10-09T23:15:19.2544075Z shell: /usr/bin/bash --noprofile --norc -e -o pipefail {0}
2026-10-09T23:15:19.2544421Z env:
2026-10-09T23:15:19.2544612Z   CARGO_NET_RETRY: 10
2026-10-09T23:15:19.2544851Z   CARGO_HTTP_MULTIPLEXING: false
2026-10-09T23:15:19.2545109Z   CARGO_TERM_COLOR: always
2026-10-09T23:15:19.2545341Z   RUSTFLAGS: -Dwarnings
2026-10-09T23:15:19.2545560Z   CARGO_INCREMENTAL: 0
2026-10-09T23:15:19.2545957Z   CARGO_HOME: /home/runner/.cargo
2026-10-09T23:15:19.2546221Z   toolchain: stable
2026-10-09T23:15:19.2546423Z ##[endgroup]
2026-10-09T23:15:19.2777150Z ##[end-action id=__dtolnay_rust-toolchain.__run_9;outcome=success;conclusion=success;duration_ms=32]
2026-10-09T23:15:19.2782336Z ##[start-action display=rustc +stable --version --verbose;id=__dtolnay_rust-toolchain.__run_10]
2026-10-09T23:15:19.2809336Z ##[group]Run rustc +"$toolchain" --version --verbose
2026-10-09T23:15:19.2809703Z [36;1mrustc +"$toolchain" --version --verbose[0m
2026-10-09T23:15:19.2874155Z shell: /usr/bin/bash --noprofile --norc -e -o pipefail {0}
2026-10-09T23:15:19.2874507Z env:
2026-10-09T23:15:19.2874698Z   CARGO_NET_RETRY: 10
2026-10-09T23:15:19.2874934Z   CARGO_HTTP_MULTIPLEXING: false
2026-10-09T23:15:19.2875192Z   CARGO_TERM_COLOR: always
2026-10-09T23:15:19.2875433Z   RUSTFLAGS: -Dwarnings
2026-10-09T23:15:19.2875651Z   CARGO_INCREMENTAL: 0
2026-10-09T23:15:19.2875873Z   CARGO_HOME: /home/runner/.cargo
2026-10-09T23:15:19.2876131Z   toolchain: stable
2026-10-09T23:15:19.2876335Z ##[endgroup]
2026-10-09T23:15:19.3063711Z rustc 1.99.0 (b940084d7 2026-09-28)
2026-10-09T23:15:19.3064374Z binary: rustc
2026-10-09T23:15:19.3065068Z commit-hash: b940084d7eb6a299eb4bfeb8e34901bc051e7ac4
2026-10-09T23:15:19.3065480Z commit-date: 2026-09-28
2026-10-09T23:15:19.3065748Z host: x86_64-unknown-linux-gnu
2026-10-09T23:15:19.3066014Z release: 1.99.0
2026-10-09T23:15:19.3066334Z LLVM version: 23.1.1
2026-10-09T23:15:19.3086140Z ##[end-action id=__dtolnay_rust-toolchain.__run_10;outcome=success;conclusion=success;duration_ms=30]
2026-10-09T23:15:19.3178912Z Prepare all required actions
2026-10-09T23:15:19.3179454Z Getting action download info
2026-10-09T23:15:19.3784691Z Download action repository 'mozilla-actions/sccache-action@v0.0.11' (SHA:fc920bf0ec8de6ee65d409111f7ec508035751ba)
2026-10-09T23:15:19.4886559Z ##[group]Run ./.github/actions/setup-sccache
2026-10-09T23:15:19.4886845Z env:
2026-10-09T23:15:19.4887043Z   CARGO_NET_RETRY: 10
2026-10-09T23:15:19.4887554Z   CARGO_HTTP_MULTIPLEXING: false
2026-10-09T23:15:19.4887824Z   CARGO_TERM_COLOR: always
2026-10-09T23:15:19.4888062Z   RUSTFLAGS: -Dwarnings
2026-10-09T23:15:19.4888297Z   CARGO_INCREMENTAL: 0
2026-10-09T23:15:19.4888517Z   CARGO_HOME: /home/runner/.cargo
2026-10-09T23:15:19.4888760Z ##[endgroup]
2026-10-09T23:15:19.4893727Z ##[start-action display=Install sccache;id=__self.__mozilla-actions_sccache-action]
2026-10-09T23:15:19.4941088Z ##[group]Run mozilla-actions/sccache-action@v0.0.11
2026-10-09T23:15:19.4941402Z with:
2026-10-09T23:15:19.4941593Z   version: v0.16.0
2026-10-09T23:15:19.4943993Z   token: ***
2026-10-09T23:15:19.4944215Z   disable_annotations: false
2026-10-09T23:15:19.4944451Z env:
2026-10-09T23:15:19.4944633Z   CARGO_NET_RETRY: 10
2026-10-09T23:15:19.4944860Z   CARGO_HTTP_MULTIPLEXING: false
2026-10-09T23:15:19.4945111Z   CARGO_TERM_COLOR: always
2026-10-09T23:15:19.4945344Z   RUSTFLAGS: -Dwarnings
2026-10-09T23:15:19.4945565Z   CARGO_INCREMENTAL: 0
2026-10-09T23:15:19.4945793Z   CARGO_HOME: /home/runner/.cargo
2026-10-09T23:15:19.4946041Z ##[endgroup]
2026-10-09T23:15:19.5800085Z try to setup sccache version: v0.16.0
2026-10-09T23:15:19.5816487Z sccache download from url: https://github.com/mozilla/sccache/releases/download/v0.16.0/sccache-v0.16.0-x86_64-unknown-linux-musl.tar.gz
2026-10-09T23:15:19.7728802Z Correct checksum: aec995a83ad3dff3d14b6314e08858b7b73d35ca85a5bcf3d3a9ec07dee35588
2026-10-09T23:15:19.7852034Z [command]/usr/bin/tar xz --warning=no-unknown-keyword --overwrite -C /home/runner/work/_temp/1fcd139c-ae39-4b5c-95f8-bbbbe1f2943b -f /home/runner/work/_temp/b154b4e4-9ecc-4bd5-ab2a-4c9316adc208
2026-10-09T23:15:19.9570658Z sccache extracted to: /home/runner/work/_temp/1fcd139c-ae39-4b5c-95f8-bbbbe1f2943b
2026-10-09T23:15:19.9691481Z sccache cached to: /opt/hostedtoolcache/sccache/0.16.0/x64
2026-10-09T23:15:19.9814338Z ##[end-action id=__self.__mozilla-actions_sccache-action;outcome=success;conclusion=success;duration_ms=491]
2026-10-09T23:15:19.9817988Z ##[start-action display=Enable sccache for Rust;id=__self.__run]
2026-10-09T23:15:19.9936691Z ##[group]Run echo "SCCACHE_GHA_ENABLED=$SCCACHE_GHA_ENABLED" >> "$GITHUB_ENV"
2026-10-09T23:15:19.9937755Z [36;1mecho "SCCACHE_GHA_ENABLED=$SCCACHE_GHA_ENABLED" >> "$GITHUB_ENV"[0m
2026-10-09T23:15:19.9938238Z [36;1mecho "RUSTC_WRAPPER=$RUSTC_WRAPPER" >> "$GITHUB_ENV"[0m
2026-10-09T23:15:20.0032458Z shell: /usr/bin/bash --noprofile --norc -e -o pipefail {0}
2026-10-09T23:15:20.0033041Z env:
2026-10-09T23:15:20.0033359Z   CARGO_NET_RETRY: 10
2026-10-09T23:15:20.0033847Z   CARGO_HTTP_MULTIPLEXING: false
2026-10-09T23:15:20.0034288Z   CARGO_TERM_COLOR: always
2026-10-09T23:15:20.0034684Z   RUSTFLAGS: -Dwarnings
2026-10-09T23:15:20.0035073Z   CARGO_INCREMENTAL: 0
2026-10-09T23:15:20.0035464Z   CARGO_HOME: /home/runner/.cargo
2026-10-09T23:15:20.0036079Z   SCCACHE_PATH: /opt/hostedtoolcache/sccache/0.16.0/x64/sccache
2026-10-09T23:15:20.0036672Z   ACTIONS_CACHE_SERVICE_V2: on
2026-10-09T23:15:20.0037548Z   ACTIONS_RESULTS_URL: https://results-receiver.actions.githubusercontent.com/
2026-10-09T23:15:20.0122282Z   ACTIONS_RUNTIME_TOKEN: ***
2026-10-09T23:15:20.0122583Z   SCCACHE_GHA_ENABLED: true
2026-10-09T23:15:20.0122853Z   RUSTC_WRAPPER: sccache
2026-10-09T23:15:20.0123079Z ##[endgroup]
2026-10-09T23:15:20.0542768Z ##[end-action id=__self.__run;outcome=success;conclusion=success;duration_ms=72]
2026-10-09T23:15:20.0545028Z ##[start-action display=Enable opt-in sccache diagnostics;id=__self.__run_2]
2026-10-09T23:15:20.0562392Z ##[end-action id=__self.__run_2;outcome=skipped;conclusion=skipped;duration_ms=0]
2026-10-09T23:15:20.0564356Z ##[start-action display=Start the sccache server;id=__self.__run_3]
2026-10-09T23:15:20.1647190Z ##[group]Run sccache --start-server || true
2026-10-09T23:15:20.1648068Z [36;1msccache --start-server || true[0m
2026-10-09T23:15:20.1648686Z [36;1m# No `| head`: an early-closing reader makes sccache exit on[0m
2026-10-09T23:15:20.1649309Z [36;1m# `Broken pipe (os error 32)`, which fails the step. The same trap is[0m
2026-10-09T23:15:20.1649778Z [36;1m# documented in experiments/agentic_cli_matrix/lib.sh.[0m
2026-10-09T23:15:20.1650136Z [36;1msccache --show-stats[0m
2026-10-09T23:15:20.1716796Z shell: /usr/bin/bash --noprofile --norc -e -o pipefail {0}
2026-10-09T23:15:20.1717157Z env:
2026-10-09T23:15:20.1717665Z   CARGO_NET_RETRY: 10
2026-10-09T23:15:20.1717910Z   CARGO_HTTP_MULTIPLEXING: false
2026-10-09T23:15:20.1718170Z   CARGO_TERM_COLOR: always
2026-10-09T23:15:20.1718404Z   RUSTFLAGS: -Dwarnings
2026-10-09T23:15:20.1718624Z   CARGO_INCREMENTAL: 0
2026-10-09T23:15:20.1718868Z   CARGO_HOME: /home/runner/.cargo
2026-10-09T23:15:20.1719198Z   SCCACHE_PATH: /opt/hostedtoolcache/sccache/0.16.0/x64/sccache
2026-10-09T23:15:20.1719548Z   ACTIONS_CACHE_SERVICE_V2: on
2026-10-09T23:15:20.1719965Z   ACTIONS_RESULTS_URL: https://results-receiver.actions.githubusercontent.com/
2026-10-09T23:15:20.1775882Z   ACTIONS_RUNTIME_TOKEN: ***
2026-10-09T23:15:20.1776148Z   SCCACHE_GHA_ENABLED: true
2026-10-09T23:15:20.1776385Z   RUSTC_WRAPPER: sccache
2026-10-09T23:15:20.1776608Z ##[endgroup]
2026-10-09T23:15:20.2124147Z sccache: Starting the server...
2026-10-09T23:15:20.4006210Z sccache: Listening on address 127.0.0.1:4226
2026-10-09T23:15:20.4026575Z Compile requests                      0
2026-10-09T23:15:20.4027608Z Compile requests executed             0
2026-10-09T23:15:20.4028139Z Cache hits                            0
2026-10-09T23:15:20.4028626Z Cache misses                          0
2026-10-09T23:15:20.4029079Z Cache hits rate                       -
2026-10-09T23:15:20.4029549Z Cache timeouts                        0
2026-10-09T23:15:20.4029989Z Cache read errors                     0
2026-10-09T23:15:20.4030487Z Forced recaches                       0
2026-10-09T23:15:20.4030924Z Cache write errors                    0
2026-10-09T23:15:20.4031359Z Cache errors                          0
2026-10-09T23:15:20.4031812Z Compilations                          0
2026-10-09T23:15:20.4032265Z Compilation failures                  0
2026-10-09T23:15:20.4032738Z Non-cacheable compilations            0
2026-10-09T23:15:20.4033214Z Non-cacheable calls                   0
2026-10-09T23:15:20.4033732Z Non-compilation calls                 0
2026-10-09T23:15:20.4034028Z Unsupported compiler calls            0
2026-10-09T23:15:20.4034305Z Average cache write               0.000 s
2026-10-09T23:15:20.4034584Z Average compiler                  0.000 s
2026-10-09T23:15:20.4034856Z Average cache read hit            0.000 s
2026-10-09T23:15:20.4035132Z Failed distributed compilations       0
2026-10-09T23:15:20.4035710Z Cache location                  ghac, name: 90541733aa72480a9e77ce99e66fc1cfabfa835d74c751408eb0351b7adcec6b, prefix: /sccache/
2026-10-09T23:15:20.4036281Z Base directories                (none)
2026-10-09T23:15:20.4036552Z Version (client)                0.16.0
2026-10-09T23:15:20.4042040Z ##[end-action id=__self.__run_3;outcome=success;conclusion=success;duration_ms=347]
2026-10-09T23:15:20.4121525Z ##[group]Run bash scripts/install-rust-script.sh
2026-10-09T23:15:20.4122155Z [36;1mbash scripts/install-rust-script.sh[0m
2026-10-09T23:15:20.4190744Z shell: /usr/bin/bash -e {0}
2026-10-09T23:15:20.4191077Z env:
2026-10-09T23:15:20.4191318Z   CARGO_NET_RETRY: 10
2026-10-09T23:15:20.4191667Z   CARGO_HTTP_MULTIPLEXING: false
2026-10-09T23:15:20.4192189Z   CARGO_TERM_COLOR: always
2026-10-09T23:15:20.4192595Z   RUSTFLAGS: -Dwarnings
2026-10-09T23:15:20.4192996Z   CARGO_INCREMENTAL: 0
2026-10-09T23:15:20.4193382Z   CARGO_HOME: /home/runner/.cargo
2026-10-09T23:15:20.4193915Z   SCCACHE_PATH: /opt/hostedtoolcache/sccache/0.16.0/x64/sccache
2026-10-09T23:15:20.4194509Z   ACTIONS_CACHE_SERVICE_V2: on
2026-10-09T23:15:20.4195194Z   ACTIONS_RESULTS_URL: https://results-receiver.actions.githubusercontent.com/
2026-10-09T23:15:20.4272272Z   ACTIONS_RUNTIME_TOKEN: ***
2026-10-09T23:15:20.4272563Z   SCCACHE_GHA_ENABLED: true
2026-10-09T23:15:20.4272807Z   RUSTC_WRAPPER: sccache
2026-10-09T23:15:20.4273077Z ##[endgroup]
2026-10-09T23:15:20.6682765Z Installing rust-script (attempt 1/3)
2026-10-09T23:15:29.0649867Z [1m[92m    Updating[0m crates.io index
2026-10-09T23:15:29.1981644Z [1m[92m Downloading[0m crates ...
2026-10-09T23:15:29.2321827Z [1m[92m  Downloaded[0m rust-script v0.36.0
2026-10-09T23:15:29.3228755Z [1m[92m  Installing[0m rust-script v0.36.0
2026-10-09T23:15:29.3247567Z [1m[92m    Updating[0m crates.io index
2026-10-09T23:15:30.2321047Z [1m[92m    Updating[0m crates.io index
2026-10-09T23:15:30.3307653Z [1m[92m Downloading[0m crates ...
2026-10-09T23:15:30.3732180Z [1m[92m  Downloaded[0m aho-corasick v1.1.3
2026-10-09T23:15:30.3790569Z [1m[92m  Downloaded[0m anstream v0.6.20
2026-10-09T23:15:30.3908488Z [1m[92m  Downloaded[0m bitflags v2.9.1
2026-10-09T23:15:30.4001922Z [1m[92m  Downloaded[0m clap v4.5.45
2026-10-09T23:15:30.4094152Z [1m[92m  Downloaded[0m colorchoice v1.0.4
2026-10-09T23:15:30.4106469Z [1m[92m  Downloaded[0m digest v0.10.7
2026-10-09T23:15:30.4125755Z [1m[92m  Downloaded[0m env_filter v0.1.3
2026-10-09T23:15:30.4308759Z [1m[92m  Downloaded[0m getopts v0.2.23
2026-10-09T23:15:30.4361858Z [1m[92m  Downloaded[0m errno v0.3.13
2026-10-09T23:15:30.4456316Z [1m[92m  Downloaded[0m indexmap v2.10.0
2026-10-09T23:15:30.4575068Z [1m[92m  Downloaded[0m memchr v2.7.5
2026-10-09T23:15:30.4629959Z [1m[92m  Downloaded[0m libc v0.2.175
2026-10-09T23:15:30.4908913Z [1m[92m  Downloaded[0m pulldown-cmark v0.13.0
2026-10-09T23:15:30.4963067Z [1m[92m  Downloaded[0m regex v1.11.1
2026-10-09T23:15:30.5108407Z [1m[92m  Downloaded[0m serde v1.0.219
2026-10-09T23:15:30.5137655Z [1m[92m  Downloaded[0m toml v0.9.5
2026-10-09T23:15:30.5178092Z [1m[92m  Downloaded[0m shell-words v1.1.0
2026-10-09T23:15:30.5188487Z [1m[92m  Downloaded[0m toml_writer v1.0.2
2026-10-09T23:15:30.5201824Z [1m[92m  Downloaded[0m unicode-width v0.2.1
2026-10-09T23:15:30.5256553Z [1m[92m  Downloaded[0m anstyle-query v1.1.4
2026-10-09T23:15:30.5267591Z [1m[92m  Downloaded[0m winnow v0.7.12
2026-10-09T23:15:30.5367930Z [1m[92m  Downloaded[0m clap_builder v4.5.44
2026-10-09T23:15:30.5434717Z [1m[92m  Downloaded[0m crypto-common v0.1.6
2026-10-09T23:15:30.5515479Z [1m[92m  Downloaded[0m env_logger v0.11.8
2026-10-09T23:15:30.5580521Z [1m[92m  Downloaded[0m generic-array v0.14.7
2026-10-09T23:15:30.5653006Z [1m[92m  Downloaded[0m is_terminal_polyfill v1.70.1
2026-10-09T23:15:30.5697192Z [1m[92m  Downloaded[0m log v0.4.27
2026-10-09T23:15:30.5840876Z [1m[92m  Downloaded[0m rustix v1.0.8
2026-10-09T23:15:30.6129703Z [1m[92m  Downloaded[0m pulldown-cmark-escape v0.11.0
2026-10-09T23:15:30.6136574Z [1m[92m  Downloaded[0m strsim v0.11.1
2026-10-09T23:15:30.6149680Z [1m[92m  Downloaded[0m toml_parser v1.0.2
2026-10-09T23:15:30.6173053Z [1m[92m  Downloaded[0m utf8parse v0.2.2
2026-10-09T23:15:30.6183069Z [1m[92m  Downloaded[0m anstyle-parse v0.2.7
2026-10-09T23:15:30.6223455Z [1m[92m  Downloaded[0m clap_lex v0.7.5
2026-10-09T23:15:30.6361165Z [1m[92m  Downloaded[0m dirs-sys v0.5.0
2026-10-09T23:15:30.6373688Z [1m[92m  Downloaded[0m getrandom v0.3.3
2026-10-09T23:15:30.6557507Z [1m[92m  Downloaded[0m regex-automata v0.4.9
2026-10-09T23:15:30.6723112Z [1m[92m  Downloaded[0m sha1 v0.10.6
2026-10-09T23:15:30.6758180Z [1m[92m  Downloaded[0m linux-raw-sys v0.9.4
2026-10-09T23:15:30.7237506Z [1m[92m  Downloaded[0m typenum v1.18.0
2026-10-09T23:15:30.7268611Z [1m[92m  Downloaded[0m anstyle v1.0.11
2026-10-09T23:15:30.7283128Z [1m[92m  Downloaded[0m cpufeatures v0.2.17
2026-10-09T23:15:30.7297498Z [1m[92m  Downloaded[0m fastrand v2.3.0
2026-10-09T23:15:30.7310800Z [1m[92m  Downloaded[0m once_cell v1.21.3
2026-10-09T23:15:30.7335484Z [1m[92m  Downloaded[0m serde_spanned v1.0.0
2026-10-09T23:15:30.7346165Z [1m[92m  Downloaded[0m unicase v2.8.1
2026-10-09T23:15:30.7383107Z [1m[92m  Downloaded[0m cfg-if v1.0.1
2026-10-09T23:15:30.7482205Z [1m[92m  Downloaded[0m hashbrown v0.15.5
2026-10-09T23:15:30.7559947Z [1m[92m  Downloaded[0m regex-syntax v0.8.5
2026-10-09T23:15:30.7627982Z [1m[92m  Downloaded[0m version_check v0.9.5
2026-10-09T23:15:30.7662401Z [1m[92m  Downloaded[0m tempfile v3.20.0
2026-10-09T23:15:30.7746322Z [1m[92m  Downloaded[0m equivalent v1.0.2
2026-10-09T23:15:30.7758065Z [1m[92m  Downloaded[0m dirs v6.0.0
2026-10-09T23:15:30.7862539Z [1m[92m  Downloaded[0m option-ext v0.2.0
2026-10-09T23:15:30.7931880Z [1m[92m  Downloaded[0m toml_datetime v0.7.0
2026-10-09T23:15:30.7962643Z [1m[92m  Downloaded[0m block-buffer v0.10.4
2026-10-09T23:15:30.8456636Z [1m[92m  Downloaded[0m jiff v0.2.15
2026-10-09T23:15:30.8979784Z [1m[92m   Compiling[0m typenum v1.18.0
2026-10-09T23:15:30.8980861Z [1m[92m   Compiling[0m version_check v0.9.5
2026-10-09T23:15:30.8981972Z [1m[92m   Compiling[0m libc v0.2.175
2026-10-09T23:15:30.8982767Z [1m[92m   Compiling[0m memchr v2.7.5
2026-10-09T23:15:31.3974529Z [1m[92m   Compiling[0m generic-array v0.14.7
2026-10-09T23:15:31.4836594Z [1m[92m   Compiling[0m serde v1.0.219
2026-10-09T23:15:33.4072970Z [1m[92m   Compiling[0m utf8parse v0.2.2
2026-10-09T23:15:33.4297866Z [1m[92m   Compiling[0m aho-corasick v1.1.3
2026-10-09T23:15:33.4972461Z [1m[92m   Compiling[0m anstyle-parse v0.2.7
2026-10-09T23:15:33.6280059Z [1m[92m   Compiling[0m anstyle-query v1.1.4
2026-10-09T23:15:33.7134424Z [1m[92m   Compiling[0m regex-syntax v0.8.5
2026-10-09T23:15:33.7268729Z [1m[92m   Compiling[0m is_terminal_polyfill v1.70.1
2026-10-09T23:15:33.7319016Z [1m[92m   Compiling[0m colorchoice v1.0.4
2026-10-09T23:15:33.8468793Z [1m[92m   Compiling[0m anstyle v1.0.11
2026-10-09T23:15:33.8754896Z [1m[92m   Compiling[0m getrandom v0.3.3
2026-10-09T23:15:33.9661088Z [1m[92m   Compiling[0m anstream v0.6.20
2026-10-09T23:15:34.0029480Z [1m[92m   Compiling[0m regex-automata v0.4.9
2026-10-09T23:15:34.0809647Z [1m[92m   Compiling[0m rustix v1.0.8
2026-10-09T23:15:34.1004386Z [1m[92m   Compiling[0m bitflags v2.9.1
2026-10-09T23:15:34.2005022Z [1m[92m   Compiling[0m cfg-if v1.0.1
2026-10-09T23:15:34.2828977Z [1m[92m   Compiling[0m block-buffer v0.10.4
2026-10-09T23:15:34.2876780Z [1m[92m   Compiling[0m crypto-common v0.1.6
2026-10-09T23:15:34.3244112Z [1m[92m   Compiling[0m strsim v0.11.1
2026-10-09T23:15:34.3622351Z [1m[92m   Compiling[0m clap_lex v0.7.5
2026-10-09T23:15:34.3792146Z [1m[92m   Compiling[0m pulldown-cmark v0.13.0
2026-10-09T23:15:34.4119170Z [1m[92m   Compiling[0m option-ext v0.2.0
2026-10-09T23:15:34.4380540Z [1m[92m   Compiling[0m regex v1.11.1
2026-10-09T23:15:34.4446553Z [1m[92m   Compiling[0m unicode-width v0.2.1
2026-10-09T23:15:34.4516766Z [1m[92m   Compiling[0m log v0.4.27
2026-10-09T23:15:34.4988676Z [1m[92m   Compiling[0m linux-raw-sys v0.9.4
2026-10-09T23:15:34.5875594Z [1m[92m   Compiling[0m winnow v0.7.12
2026-10-09T23:15:34.6260276Z [1m[92m   Compiling[0m env_filter v0.1.3
2026-10-09T23:15:34.7299765Z [1m[92m   Compiling[0m dirs-sys v0.5.0
2026-10-09T23:15:34.7348382Z [1m[92m   Compiling[0m getopts v0.2.23
2026-10-09T23:15:34.8505072Z [1m[92m   Compiling[0m toml_parser v1.0.2
2026-10-09T23:15:34.8688733Z [1m[92m   Compiling[0m clap_builder v4.5.44
2026-10-09T23:15:34.9099562Z [1m[92m   Compiling[0m digest v0.10.7
2026-10-09T23:15:34.9692026Z [1m[92m   Compiling[0m serde_spanned v1.0.0
2026-10-09T23:15:35.0022309Z [1m[92m   Compiling[0m toml_datetime v0.7.0
2026-10-09T23:15:35.0303726Z [1m[92m   Compiling[0m cpufeatures v0.2.17
2026-10-09T23:15:35.0860722Z [1m[92m   Compiling[0m fastrand v2.3.0
2026-10-09T23:15:35.0910702Z [1m[92m   Compiling[0m toml_writer v1.0.2
2026-10-09T23:15:35.1026907Z [1m[92m   Compiling[0m unicase v2.8.1
2026-10-09T23:15:35.1263683Z [1m[92m   Compiling[0m pulldown-cmark-escape v0.11.0
2026-10-09T23:15:35.1764235Z [1m[92m   Compiling[0m once_cell v1.21.3
2026-10-09T23:15:35.1985101Z [1m[92m   Compiling[0m jiff v0.2.15
2026-10-09T23:15:35.2041490Z [1m[92m   Compiling[0m toml v0.9.5
2026-10-09T23:15:35.2809220Z [1m[92m   Compiling[0m tempfile v3.20.0
2026-10-09T23:15:35.4129656Z [1m[92m   Compiling[0m clap v4.5.45
2026-10-09T23:15:35.4160505Z [1m[92m   Compiling[0m sha1 v0.10.6
2026-10-09T23:15:35.4161791Z [1m[92m   Compiling[0m dirs v6.0.0
2026-10-09T23:15:35.4927890Z [1m[92m   Compiling[0m shell-words v1.1.0
2026-10-09T23:15:35.6537119Z [1m[92m   Compiling[0m env_logger v0.11.8
2026-10-09T23:15:35.7398795Z [1m[92m   Compiling[0m rust-script v0.36.0
2026-10-09T23:15:55.6826792Z [1m[92m    Finished[0m `release` profile [optimized] target(s) in 33.27s
2026-10-09T23:15:55.6878857Z [1m[92m  Installing[0m /home/runner/.cargo/bin/rust-script
2026-10-09T23:15:55.7277516Z [1m[92m   Installed[0m package `rust-script v0.36.0` (executable `rust-script`)
2026-10-09T23:15:55.7698210Z rust-script 0.36.0
2026-10-09T23:15:55.7738967Z ##[group]Run rust-script --test scripts/check-question-necessity-ratchet.rs
2026-10-09T23:15:55.7739574Z [36;1mrust-script --test scripts/check-question-necessity-ratchet.rs[0m
2026-10-09T23:15:55.7802175Z shell: /usr/bin/bash -e {0}
2026-10-09T23:15:55.7802440Z env:
2026-10-09T23:15:55.7802635Z   CARGO_NET_RETRY: 10
2026-10-09T23:15:55.7802883Z   CARGO_HTTP_MULTIPLEXING: false
2026-10-09T23:15:55.7803322Z   CARGO_TERM_COLOR: always
2026-10-09T23:15:55.7803561Z   RUSTFLAGS: -Dwarnings
2026-10-09T23:15:55.7803787Z   CARGO_INCREMENTAL: 0
2026-10-09T23:15:55.7804019Z   CARGO_HOME: /home/runner/.cargo
2026-10-09T23:15:55.7804355Z   SCCACHE_PATH: /opt/hostedtoolcache/sccache/0.16.0/x64/sccache
2026-10-09T23:15:55.7804731Z   ACTIONS_CACHE_SERVICE_V2: on
2026-10-09T23:15:55.7805158Z   ACTIONS_RESULTS_URL: https://results-receiver.actions.githubusercontent.com/
2026-10-09T23:15:55.7862092Z   ACTIONS_RUNTIME_TOKEN: ***
2026-10-09T23:15:55.7862386Z   SCCACHE_GHA_ENABLED: true
2026-10-09T23:15:55.7862669Z   RUSTC_WRAPPER: sccache
2026-10-09T23:15:55.7862908Z ##[endgroup]
2026-10-09T23:15:55.8922171Z [1m[92m   Compiling[0m check-question-necessity-ratchet_001aa3995dbdd76e459d00ca v0.1.0 (/home/runner/.cache/rust-script/projects/001aa3995dbdd76e459d00ca)
2026-10-09T23:15:56.4480438Z [1m[92m    Finished[0m `test` profile [unoptimized + debuginfo] target(s) in 0.64s
2026-10-09T23:15:56.4482814Z [1m[92m     Running[0m unittests /home/runner/work/formal-ai/formal-ai/scripts/check-question-necessity-ratchet.rs (/home/runner/.cache/rust-script/binaries/debug/deps/check_question_necessity_ratchet_001aa3995dbdd76e459d00ca-b77f864acabc99bb)
2026-10-09T23:15:56.4493375Z 
2026-10-09T23:15:56.4493623Z running 2 tests
2026-10-09T23:15:56.4501409Z test tests::permits_only_downward_or_equal_changes ... ok
2026-10-09T23:15:56.4501829Z test tests::reads_ratchet_maximum ... ok
2026-10-09T23:15:56.4502032Z 
2026-10-09T23:15:56.4502314Z test result: ok. 2 passed; 0 failed; 0 ignored; 0 measured; 0 filtered out; finished in 0.00s
2026-10-09T23:15:56.4502693Z 
2026-10-09T23:15:56.4594276Z ##[group]Run if [[ -n "${GITHUB_BASE_REF}" ]]; then
2026-10-09T23:15:56.4594717Z [36;1mif [[ -n "${GITHUB_BASE_REF}" ]]; then[0m
2026-10-09T23:15:56.4595373Z [36;1m  rust-script scripts/check-question-necessity-ratchet.rs --base "origin/${GITHUB_BASE_REF}"[0m
2026-10-09T23:15:56.4602845Z [36;1melse[0m
2026-10-09T23:15:56.4603193Z [36;1m  rust-script scripts/check-question-necessity-ratchet.rs[0m
2026-10-09T23:15:56.4603563Z [36;1mfi[0m
2026-10-09T23:15:56.4665563Z shell: /usr/bin/bash --noprofile --norc -e -o pipefail {0}
2026-10-09T23:15:56.4665910Z env:
2026-10-09T23:15:56.4666102Z   CARGO_NET_RETRY: 10
2026-10-09T23:15:56.4666342Z   CARGO_HTTP_MULTIPLEXING: false
2026-10-09T23:15:56.4666593Z   CARGO_TERM_COLOR: always
2026-10-09T23:15:56.4666815Z   RUSTFLAGS: -Dwarnings
2026-10-09T23:15:56.4667046Z   CARGO_INCREMENTAL: 0
2026-10-09T23:15:56.4667607Z   CARGO_HOME: /home/runner/.cargo
2026-10-09T23:15:56.4667989Z   SCCACHE_PATH: /opt/hostedtoolcache/sccache/0.16.0/x64/sccache
2026-10-09T23:15:56.4668345Z   ACTIONS_CACHE_SERVICE_V2: on
2026-10-09T23:15:56.4668754Z   ACTIONS_RESULTS_URL: https://results-receiver.actions.githubusercontent.com/
2026-10-09T23:15:56.4725482Z   ACTIONS_RUNTIME_TOKEN: ***
2026-10-09T23:15:56.4725754Z   SCCACHE_GHA_ENABLED: true
2026-10-09T23:15:56.4725992Z   RUSTC_WRAPPER: sccache
2026-10-09T23:15:56.4726226Z ##[endgroup]
2026-10-09T23:15:56.7689202Z Question-necessity ratchet held at 60 questions per 100 tasks.
2026-10-09T23:15:56.7739589Z ##[group]Run cargo test --manifest-path rust/Cargo.toml --locked --test unit issue_920_question_necessity_benchmark_ratchets_down
2026-10-09T23:15:56.7740703Z [36;1mcargo test --manifest-path rust/Cargo.toml --locked --test unit issue_920_question_necessity_benchmark_ratchets_down[0m
2026-10-09T23:15:56.7802318Z shell: /usr/bin/bash -e {0}
2026-10-09T23:15:56.7802585Z env:
2026-10-09T23:15:56.7802772Z   CARGO_NET_RETRY: 10
2026-10-09T23:15:56.7803017Z   CARGO_HTTP_MULTIPLEXING: false
2026-10-09T23:15:56.7803277Z   CARGO_TERM_COLOR: always
2026-10-09T23:15:56.7803509Z   RUSTFLAGS: -Dwarnings
2026-10-09T23:15:56.7803740Z   CARGO_INCREMENTAL: 0
2026-10-09T23:15:56.7803977Z   CARGO_HOME: /home/runner/.cargo
2026-10-09T23:15:56.7804301Z   SCCACHE_PATH: /opt/hostedtoolcache/sccache/0.16.0/x64/sccache
2026-10-09T23:15:56.7804668Z   ACTIONS_CACHE_SERVICE_V2: on
2026-10-09T23:15:56.7805259Z   ACTIONS_RESULTS_URL: https://results-receiver.actions.githubusercontent.com/
2026-10-09T23:15:56.7862023Z   ACTIONS_RUNTIME_TOKEN: ***
2026-10-09T23:15:56.7862302Z   SCCACHE_GHA_ENABLED: true
2026-10-09T23:15:56.7862544Z   RUSTC_WRAPPER: sccache
2026-10-09T23:15:56.7862769Z ##[endgroup]
2026-10-09T23:15:56.8557087Z [1m[92m    Updating[0m crates.io index
2026-10-09T23:16:01.3811792Z [1m[92m Downloading[0m crates ...
2026-10-09T23:16:01.5542729Z [1m[92m  Downloaded[0m abnf-core v0.5.0
2026-10-09T23:16:01.5583337Z [1m[92m  Downloaded[0m abnf v0.13.0
2026-10-09T23:16:01.5665997Z [1m[92m  Downloaded[0m ctor-proc-macro v0.0.6
2026-10-09T23:16:01.5723622Z [1m[92m  Downloaded[0m darling v0.20.11
2026-10-09T23:16:01.5791840Z [1m[92m  Downloaded[0m dashmap v6.2.1
2026-10-09T23:16:01.5909480Z [1m[92m  Downloaded[0m derive_builder_core v0.20.2
2026-10-09T23:16:01.5945274Z [1m[92m  Downloaded[0m der-parser v10.0.0
2026-10-09T23:16:01.6062501Z [1m[92m  Downloaded[0m doublets v0.5.0
2026-10-09T23:16:01.6120222Z [1m[92m  Downloaded[0m digest v0.11.3
2026-10-09T23:16:01.6161697Z [1m[92m  Downloaded[0m dunce v1.0.5
2026-10-09T23:16:01.6197532Z [1m[92m  Downloaded[0m dtoa-short v0.3.5
2026-10-09T23:16:01.6262257Z [1m[92m  Downloaded[0m ego-tree v0.9.0
2026-10-09T23:16:01.6319968Z [1m[92m  Downloaded[0m encoding_rs_io v0.1.8
2026-10-09T23:16:01.6393989Z [1m[92m  Downloaded[0m event-listener v5.4.2
2026-10-09T23:16:01.6482474Z [1m[92m  Downloaded[0m flate2 v1.1.10
2026-10-09T23:16:01.6533097Z [1m[92m  Downloaded[0m filedescriptor v0.8.3
2026-10-09T23:16:01.6580016Z [1m[92m  Downloaded[0m foldhash v0.2.0
2026-10-09T23:16:01.6689282Z [1m[92m  Downloaded[0m fs_extra v1.3.0
2026-10-09T23:16:01.6716766Z [1m[92m  Downloaded[0m futures v0.3.34
2026-10-09T23:16:01.6809856Z [1m[92m  Downloaded[0m futures-executor v0.3.34
2026-10-09T23:16:01.6827353Z [1m[92m  Downloaded[0m futures-sink v0.3.34
2026-10-09T23:16:01.6970307Z [1m[92m  Downloaded[0m fxhash v0.2.1
2026-10-09T23:16:01.6999420Z [1m[92m  Downloaded[0m getrandom v0.3.4
2026-10-09T23:16:01.7125361Z [1m[92m  Downloaded[0m hashlink v0.10.0
2026-10-09T23:16:01.7148227Z [1m[92m  Downloaded[0m hashbrown v0.14.5
2026-10-09T23:16:01.7234583Z [1m[92m  Downloaded[0m hmac v0.12.1
2026-10-09T23:16:01.7394967Z [1m[92m  Downloaded[0m httparse v1.10.1
2026-10-09T23:16:01.7600542Z [1m[92m  Downloaded[0m http v1.5.0
2026-10-09T23:16:01.7651678Z [1m[92m  Downloaded[0m hyper-rustls v0.27.10
2026-10-09T23:16:01.7775337Z [1m[92m  Downloaded[0m icu_normalizer_data v2.3.0
2026-10-09T23:16:01.7813658Z [1m[92m  Downloaded[0m icu_collections v2.3.0
2026-10-09T23:16:01.7879654Z [1m[92m  Downloaded[0m icu_provider v2.3.1
2026-10-09T23:16:01.7995684Z [1m[92m  Downloaded[0m indexmap v2.14.2
2026-10-09T23:16:01.8090267Z [1m[92m  Downloaded[0m is_terminal_polyfill v1.70.2
2026-10-09T23:16:01.8108131Z [1m[92m  Downloaded[0m idna_adapter v1.2.2
2026-10-09T23:16:01.8215378Z [1m[92m  Downloaded[0m kamadak-exif v0.6.1
2026-10-09T23:16:01.8245497Z [1m[92m  Downloaded[0m jobserver v0.1.35
2026-10-09T23:16:01.8320620Z [1m[92m  Downloaded[0m leak_slice v0.2.0
2026-10-09T23:16:01.8340542Z [1m[92m  Downloaded[0m lindera-dictionary v3.0.7
2026-10-09T23:16:01.8585036Z [1m[92m  Downloaded[0m lingua-english-language-model v1.3.0
2026-10-09T23:16:01.8823913Z [1m[92m  Downloaded[0m lingua-portuguese-language-model v1.3.0
2026-10-09T23:16:01.9128568Z [1m[92m  Downloaded[0m lingua-urdu-language-model v1.3.0
2026-10-09T23:16:01.9402211Z [1m[92m  Downloaded[0m link-section v0.19.3
2026-10-09T23:16:01.9451169Z [1m[92m  Downloaded[0m lingua-arabic-language-model v1.3.0
2026-10-09T23:16:01.9868571Z [1m[92m  Downloaded[0m links-notation-macro v0.1.0
2026-10-09T23:16:01.9874649Z [1m[92m  Downloaded[0m lino-arguments v0.4.0
2026-10-09T23:16:01.9891895Z [1m[92m  Downloaded[0m log v0.4.34
2026-10-09T23:16:01.9917621Z [1m[92m  Downloaded[0m linux-raw-sys v0.12.1
2026-10-09T23:16:02.0543929Z [1m[92m  Downloaded[0m maplit v1.0.2
2026-10-09T23:16:02.0553205Z [1m[92m  Downloaded[0m memmap2 v0.9.11
2026-10-09T23:16:02.0570767Z [1m[92m  Downloaded[0m md-5 v0.10.6
2026-10-09T23:16:02.0586097Z [1m[92m  Downloaded[0m minimal-lexical v0.2.1
2026-10-09T23:16:02.0632186Z [1m[92m  Downloaded[0m multiversion_no_op v1.0.0
2026-10-09T23:16:02.0640981Z [1m[92m  Downloaded[0m mutate_once v0.1.2
2026-10-09T23:16:02.0649525Z [1m[92m  Downloaded[0m nix v0.31.3
2026-10-09T23:16:02.0768539Z [1m[92m  Downloaded[0m num-bigint v0.4.8
2026-10-09T23:16:02.0819381Z [1m[92m  Downloaded[0m num-integer v0.1.47
2026-10-09T23:16:02.0836049Z [1m[92m  Downloaded[0m once_cell v1.21.4
2026-10-09T23:16:02.0861748Z [1m[92m  Downloaded[0m num_cpus v1.17.0
2026-10-09T23:16:02.0895197Z [1m[92m  Downloaded[0m parking_lot v0.12.5
2026-10-09T23:16:02.0921711Z [1m[92m  Downloaded[0m pem v3.0.6
2026-10-09T23:16:02.0935833Z [1m[92m  Downloaded[0m pest v2.9.2
2026-10-09T23:16:02.0985911Z [1m[92m  Downloaded[0m pest_meta v2.9.2
2026-10-09T23:16:02.1006656Z [1m[92m  Downloaded[0m phf_generator v0.11.3
2026-10-09T23:16:02.1018485Z [1m[92m  Downloaded[0m pin-project-lite v0.2.17
2026-10-09T23:16:02.1080130Z [1m[92m  Downloaded[0m platform-mem v0.3.0
2026-10-09T23:16:02.1129910Z [1m[92m  Downloaded[0m portable-pty v0.9.0
2026-10-09T23:16:02.1146968Z [1m[92m  Downloaded[0m ppv-lite86 v0.2.21
2026-10-09T23:16:02.1161726Z [1m[92m  Downloaded[0m proc-macro2 v1.0.107
2026-10-09T23:16:02.1192048Z [1m[92m  Downloaded[0m quanta v0.12.6
2026-10-09T23:16:02.1218850Z [1m[92m  Downloaded[0m quinn-udp v0.5.16
2026-10-09T23:16:02.1236415Z [1m[92m  Downloaded[0m rancor v0.1.3
2026-10-09T23:16:02.1250619Z [1m[92m  Downloaded[0m rand v0.10.3
2026-10-09T23:16:02.1288461Z [1m[92m  Downloaded[0m rand_core v0.6.4
2026-10-09T23:16:02.1301848Z [1m[92m  Downloaded[0m rand_pcg v0.10.2
2026-10-09T23:16:02.1343748Z [1m[92m  Downloaded[0m rayon-core v1.13.0
2026-10-09T23:16:02.1397652Z [1m[92m  Downloaded[0m regex-automata v0.4.18
2026-10-09T23:16:02.1540917Z [1m[92m  Downloaded[0m rkyv_derive v0.8.18
2026-10-09T23:16:02.1580214Z [1m[92m  Downloaded[0m rtc-datachannel v0.21.0
2026-10-09T23:16:02.1628135Z [1m[92m  Downloaded[0m reqwest v0.13.5
2026-10-09T23:16:02.1744895Z [1m[92m  Downloaded[0m rtc-rtcp v0.21.0
2026-10-09T23:16:02.1794808Z [1m[92m  Downloaded[0m rtc-interceptor v0.21.0
2026-10-09T23:16:02.1875130Z [1m[92m  Downloaded[0m rtc-sdp v0.21.0
2026-10-09T23:16:02.1899927Z [1m[92m  Downloaded[0m rtc-stun v0.21.0
2026-10-09T23:16:02.2039627Z [1m[92m  Downloaded[0m rustix v1.1.5
2026-10-09T23:16:02.2319913Z [1m[92m  Downloaded[0m rustc-hash v2.1.3
2026-10-09T23:16:02.2332665Z [1m[92m  Downloaded[0m rustversion v1.0.23
2026-10-09T23:16:02.2362397Z [1m[92m  Downloaded[0m rustls-pki-types v1.15.1
2026-10-09T23:16:02.2388015Z [1m[92m  Downloaded[0m sansio v1.0.1
2026-10-09T23:16:02.2400406Z [1m[92m  Downloaded[0m serde-wasm-bindgen v0.6.5
2026-10-09T23:16:02.2486357Z [1m[92m  Downloaded[0m serde_json v1.0.151
2026-10-09T23:16:02.2561521Z [1m[92m  Downloaded[0m selectors v0.26.0
2026-10-09T23:16:02.2680949Z [1m[92m  Downloaded[0m sha2 v0.11.0
2026-10-09T23:16:02.2886153Z [1m[92m  Downloaded[0m signal-hook-registry v1.4.8
2026-10-09T23:16:02.2900126Z [1m[92m  Downloaded[0m servo_arc v0.4.3
2026-10-09T23:16:02.3086283Z [1m[92m  Downloaded[0m socket2 v0.6.5
2026-10-09T23:16:02.3223056Z [1m[92m  Downloaded[0m siphasher v1.0.4
2026-10-09T23:16:02.3297043Z [1m[92m  Downloaded[0m string_cache v0.8.9
2026-10-09T23:16:02.3378717Z [1m[92m  Downloaded[0m substring v1.4.5
2026-10-09T23:16:02.3449786Z [1m[92m  Downloaded[0m symbolic_expressions v5.0.3
2026-10-09T23:16:02.3554323Z [1m[92m  Downloaded[0m strum v0.28.0
2026-10-09T23:16:02.3605115Z [1m[92m  Downloaded[0m sync_wrapper v1.0.2
2026-10-09T23:16:02.3701735Z [1m[92m  Downloaded[0m tempfile v3.27.0
2026-10-09T23:16:02.3727976Z [1m[92m  Downloaded[0m tap v1.0.1
2026-10-09T23:16:02.3772342Z [1m[92m  Downloaded[0m thiserror v2.0.21
2026-10-09T23:16:02.3880676Z [1m[92m  Downloaded[0m time-macros v0.2.32
2026-10-09T23:16:02.3907567Z [1m[92m  Downloaded[0m thread-priority v3.1.1
2026-10-09T23:16:02.4099242Z [1m[92m  Downloaded[0m toml_datetime v1.1.1+spec-1.1.0
2026-10-09T23:16:02.4310123Z [1m[92m  Downloaded[0m tokio v1.53.2
2026-10-09T23:16:02.4776264Z [1m[92m  Downloaded[0m toml_writer v1.1.2+spec-1.1.0
2026-10-09T23:16:02.4790034Z [1m[92m  Downloaded[0m tower-layer v0.3.3
2026-10-09T23:16:02.4799988Z [1m[92m  Downloaded[0m tree-sitter v0.25.10
2026-10-09T23:16:02.4860380Z [1m[92m  Downloaded[0m tracing-core v0.1.36
2026-10-09T23:16:02.4888801Z [1m[92m  Downloaded[0m tree-sitter-go v0.25.0
2026-10-09T23:16:02.4927817Z [1m[92m  Downloaded[0m tree-sitter-ini v1.4.0
2026-10-09T23:16:02.4944480Z [1m[92m  Downloaded[0m tree-sitter-json v0.24.8
2026-10-09T23:16:02.4959499Z [1m[92m  Downloaded[0m tree-sitter-lua v0.2.0
2026-10-09T23:16:02.4982034Z [1m[92m  Downloaded[0m tree-sitter-proto v0.4.0
2026-10-09T23:16:02.5011279Z [1m[92m  Downloaded[0m tree-sitter-sequel v0.3.11
2026-10-09T23:16:02.5264125Z [1m[92m  Downloaded[0m tree-sitter-typescript v0.23.2
2026-10-09T23:16:02.5519064Z [1m[92m  Downloaded[0m tree-sitter-ruby v0.23.1
2026-10-09T23:16:02.5712487Z [1m[92m  Downloaded[0m tree-sitter-yaml v0.7.2
2026-10-09T23:16:02.5754200Z [1m[92m  Downloaded[0m unicase v2.10.0
2026-10-09T23:16:02.5768384Z [1m[92m  Downloaded[0m unicode-general-category v1.1.0
2026-10-09T23:16:02.5783684Z [1m[92m  Downloaded[0m tungstenite v0.30.0
2026-10-09T23:16:02.5819109Z [1m[92m  Downloaded[0m untrusted v0.9.0
2026-10-09T23:16:02.5836083Z [1m[92m  Downloaded[0m unicode-segmentation v1.13.3
2026-10-09T23:16:02.5864681Z [1m[92m  Downloaded[0m utf8_iter v1.0.4
2026-10-09T23:16:02.5899919Z [1m[92m  Downloaded[0m vte v0.15.0
2026-10-09T23:16:02.5996446Z [1m[92m  Downloaded[0m wasm-bindgen v0.2.129
2026-10-09T23:16:02.6175515Z [1m[92m  Downloaded[0m wasm-bindgen-macro-support v0.2.129
2026-10-09T23:16:02.6259294Z [1m[92m  Downloaded[0m whatlang v0.18.0
2026-10-09T23:16:02.6297344Z [1m[92m  Downloaded[0m web-search v0.6.0
2026-10-09T23:16:02.6359355Z [1m[92m  Downloaded[0m writeable v0.6.4
2026-10-09T23:16:02.6385733Z [1m[92m  Downloaded[0m xattr v1.6.1
2026-10-09T23:16:02.6434241Z [1m[92m  Downloaded[0m yoke-derive v0.8.4
2026-10-09T23:16:02.6520101Z [1m[92m  Downloaded[0m zerovec v0.11.8
2026-10-09T23:16:02.6580861Z [1m[92m  Downloaded[0m zerofrom-derive v0.1.8
2026-10-09T23:16:02.6616171Z [1m[92m  Downloaded[0m zmij v1.0.23
2026-10-09T23:16:02.6660918Z [1m[92m  Downloaded[0m aes v0.8.4
2026-10-09T23:16:02.6701959Z [1m[92m  Downloaded[0m allocator-api2 v0.2.21
2026-10-09T23:16:02.6751069Z [1m[92m  Downloaded[0m anstyle v1.0.14
2026-10-09T23:16:02.6808494Z [1m[92m  Downloaded[0m anyhow v1.0.104
2026-10-09T23:16:02.6901318Z [1m[92m  Downloaded[0m asn1-rs-impl v0.2.0
2026-10-09T23:16:02.6910755Z [1m[92m  Downloaded[0m asn1-rs v0.7.2
2026-10-09T23:16:02.6984367Z [1m[92m  Downloaded[0m async-trait v0.1.92
2026-10-09T23:16:02.7036946Z [1m[92m  Downloaded[0m aws-lc-rs v1.18.1
2026-10-09T23:16:02.7149780Z [1m[92m  Downloaded[0m base64 v0.23.1
2026-10-09T23:16:02.7222580Z [1m[92m  Downloaded[0m bnf v0.6.0
2026-10-09T23:16:02.7255679Z [1m[92m  Downloaded[0m bitflags v1.3.2
2026-10-09T23:16:02.7366893Z [1m[92m  Downloaded[0m bumpalo v3.20.3
2026-10-09T23:16:02.7463509Z [1m[92m  Downloaded[0m byteorder v1.5.0
2026-10-09T23:16:02.7573386Z [1m[92m  Downloaded[0m cfg_aliases v0.2.2
2026-10-09T23:16:02.7605545Z [1m[92m  Downloaded[0m ccm v0.5.0
2026-10-09T23:16:02.7697674Z [1m[92m  Downloaded[0m clap_derive v4.6.7
2026-10-09T23:16:02.7721227Z [1m[92m  Downloaded[0m cipher v0.4.4
2026-10-09T23:16:02.7779896Z [1m[92m  Downloaded[0m colorchoice v1.0.5
2026-10-09T23:16:02.7845570Z [1m[92m  Downloaded[0m console_error_panic_hook v0.1.7
2026-10-09T23:16:02.7886785Z [1m[92m  Downloaded[0m counter v0.7.1
2026-10-09T23:16:02.7989981Z [1m[92m  Downloaded[0m crossbeam-deque v0.8.8
2026-10-09T23:16:02.8005912Z [1m[92m  Downloaded[0m crc-catalog v2.5.0
2026-10-09T23:16:02.8065675Z [1m[92m  Downloaded[0m cssparser-macros v0.6.1
2026-10-09T23:16:02.8095002Z [1m[92m  Downloaded[0m crypto-common v0.1.7
2026-10-09T23:16:02.8265936Z [1m[92m  Downloaded[0m daachorse v2.1.1
2026-10-09T23:16:02.8303764Z [1m[92m  Downloaded[0m ctor v0.4.3
2026-10-09T23:16:02.8449892Z [1m[92m  Downloaded[0m derive_builder v0.20.2
2026-10-09T23:16:02.8503231Z [1m[92m  Downloaded[0m data-encoding v2.11.1
2026-10-09T23:16:02.8562393Z [1m[92m  Downloaded[0m dtoa v1.0.11
2026-10-09T23:16:02.8578077Z [1m[92m  Downloaded[0m displaydoc v0.2.7
2026-10-09T23:16:02.8670969Z [1m[92m  Downloaded[0m either v1.19.0
2026-10-09T23:16:02.8697524Z [1m[92m  Downloaded[0m ebnf v0.1.4
2026-10-09T23:16:02.8813372Z [1m[92m  Downloaded[0m event-listener-strategy v0.5.4
2026-10-09T23:16:02.8883268Z [1m[92m  Downloaded[0m find-msvc-tools v0.1.14
2026-10-09T23:16:02.8937816Z [1m[92m  Downloaded[0m form_urlencoded v1.2.2
2026-10-09T23:16:02.8970695Z [1m[92m  Downloaded[0m futf v0.1.5
2026-10-09T23:16:02.9015220Z [1m[92m  Downloaded[0m futures-io v0.3.34
2026-10-09T23:16:02.9097054Z [1m[92m  Downloaded[0m futures-util v0.3.34
2026-10-09T23:16:02.9232309Z [1m[92m  Downloaded[0m getrandom v0.4.3
2026-10-09T23:16:02.9295093Z [1m[92m  Downloaded[0m hashbrown v0.17.1
2026-10-09T23:16:02.9349181Z [1m[92m  Downloaded[0m html-escape v0.2.15
2026-10-09T23:16:02.9422565Z [1m[92m  Downloaded[0m http-body-util v0.1.5
2026-10-09T23:16:02.9443724Z [1m[92m  Downloaded[0m hyper-util v0.1.21
2026-10-09T23:16:02.9545276Z [1m[92m  Downloaded[0m icu_normalizer v2.3.0
2026-10-09T23:16:02.9641404Z [1m[92m  Downloaded[0m include_dir_macros v0.7.4
2026-10-09T23:16:02.9662325Z [1m[92m  Downloaded[0m icu_properties_data v2.3.0
2026-10-09T23:16:02.9777340Z [1m[92m  Downloaded[0m itertools v0.14.0
2026-10-09T23:16:02.9847100Z [1m[92m  Downloaded[0m json5_nodes v2.0.2
2026-10-09T23:16:02.9928580Z [1m[92m  Downloaded[0m libc v0.2.190
2026-10-09T23:16:03.0456171Z [1m[92m  Downloaded[0m lingua v1.8.0
2026-10-09T23:16:03.4049101Z [1m[92m  Downloaded[0m lingua-french-language-model v1.3.0
2026-10-09T23:16:03.4248830Z [1m[92m  Downloaded[0m lingua-spanish-language-model v1.3.0
2026-10-09T23:16:03.4456999Z [1m[92m  Downloaded[0m links-notation v0.13.0
2026-10-09T23:16:03.4477962Z [1m[92m  Downloaded[0m litemap v0.8.3
2026-10-09T23:16:03.4501557Z [1m[92m  Downloaded[0m lino-arguments v0.3.0
2026-10-09T23:16:03.4519558Z [1m[92m  Downloaded[0m mac v0.1.1
2026-10-09T23:16:03.4530027Z [1m[92m  Downloaded[0m md5 v0.8.1
2026-10-09T23:16:03.4541178Z [1m[92m  Downloaded[0m munge v0.4.7
2026-10-09T23:16:03.4561011Z [1m[92m  Downloaded[0m meta-language v0.58.2
2026-10-09T23:16:03.4720503Z [1m[92m  Downloaded[0m nix v0.28.0
2026-10-09T23:16:03.4830949Z [1m[92m  Downloaded[0m num-traits v0.2.19
2026-10-09T23:16:03.4857226Z [1m[92m  Downloaded[0m num-bigint v0.5.1
2026-10-09T23:16:03.4908519Z [1m[92m  Downloaded[0m parse-hyperlinks v0.23.4
2026-10-09T23:16:03.4926416Z [1m[92m  Downloaded[0m openssl-probe v0.2.1
2026-10-09T23:16:03.4938815Z [1m[92m  Downloaded[0m pest_derive v2.9.2
2026-10-09T23:16:03.4959822Z [1m[92m  Downloaded[0m pkg-config v0.3.34
2026-10-09T23:16:03.4975182Z [1m[92m  Downloaded[0m phf_codegen v0.11.3
2026-10-09T23:16:03.4984514Z [1m[92m  Downloaded[0m platform-trees v0.3.4
2026-10-09T23:16:03.5069237Z [1m[92m  Downloaded[0m ptr_meta_derive v0.3.2
2026-10-09T23:16:03.5077795Z [1m[92m  Downloaded[0m precomputed-hash v0.1.1
2026-10-09T23:16:03.5084524Z [1m[92m  Downloaded[0m quinn-udp v0.6.3
2026-10-09T23:16:03.5105043Z [1m[92m  Downloaded[0m rand v0.9.5
2026-10-09T23:16:03.5143004Z [1m[92m  Downloaded[0m rand_core v0.9.5
2026-10-09T23:16:03.5156213Z [1m[92m  Downloaded[0m rayon v1.12.0
2026-10-09T23:16:03.5253316Z [1m[92m  Downloaded[0m regex-syntax v0.8.11
2026-10-09T23:16:03.5324381Z [1m[92m  Downloaded[0m rkyv v0.8.18
2026-10-09T23:16:03.5458566Z [1m[92m  Downloaded[0m rtc-dtls v0.21.0
2026-10-09T23:16:03.5549117Z [1m[92m  Downloaded[0m rtc-shared v0.21.0
2026-10-09T23:16:03.5572127Z [1m[92m  Downloaded[0m rtc-media v0.21.0
2026-10-09T23:16:03.5604037Z [1m[92m  Downloaded[0m rusticata-macros v4.1.0
2026-10-09T23:16:03.5621217Z [1m[92m  Downloaded[0m rust_decimal v1.43.0
2026-10-09T23:16:03.5687557Z [1m[92m  Downloaded[0m rustls-webpki v0.103.15
2026-10-09T23:16:03.5718976Z [1m[92m  Downloaded[0m scopeguard v1.2.0
2026-10-09T23:16:03.5731168Z [1m[92m  Downloaded[0m serde_yaml_ng v0.10.0
2026-10-09T23:16:03.5763977Z [1m[92m  Downloaded[0m serde v1.0.229
2026-10-09T23:16:03.5800408Z [1m[92m  Downloaded[0m sha1 v0.11.0
2026-10-09T23:16:03.5818886Z [1m[92m  Downloaded[0m simd-adler32 v0.3.10
2026-10-09T23:16:03.5837782Z [1m[92m  Downloaded[0m smallvec v1.16.2
2026-10-09T23:16:03.5851242Z [1m[92m  Downloaded[0m string_cache_codegen v0.5.4
2026-10-09T23:16:03.5858820Z [1m[92m  Downloaded[0m strum_macros v0.28.0
2026-10-09T23:16:03.5883720Z [1m[92m  Downloaded[0m syn v2.0.119
2026-10-09T23:16:03.5993713Z [1m[92m  Downloaded[0m synstructure v0.14.0
2026-10-09T23:16:03.6003787Z [1m[92m  Downloaded[0m tendril v0.4.3
2026-10-09T23:16:03.6022883Z [1m[92m  Downloaded[0m tinystr v0.8.4
2026-10-09T23:16:03.6044631Z [1m[92m  Downloaded[0m tokio-rustls v0.26.6
2026-10-09T23:16:03.6061285Z [1m[92m  Downloaded[0m thiserror-impl v2.0.21
2026-10-09T23:16:03.6076017Z [1m[92m  Downloaded[0m tower v0.5.3
2026-10-09T23:16:03.6181181Z [1m[92m  Downloaded[0m tree-sitter-cpp v0.23.4
2026-10-09T23:16:03.6420543Z [1m[92m  Downloaded[0m tracing v0.1.44
2026-10-09T23:16:03.6575266Z [1m[92m  Downloaded[0m tree-sitter-html v0.23.2
2026-10-09T23:16:03.6592847Z [1m[92m  Downloaded[0m tree-sitter-php v0.24.2
2026-10-09T23:16:03.6792808Z [1m[92m  Downloaded[0m tree-sitter-kotlin-ng v1.1.0
2026-10-09T23:16:03.7089983Z [1m[92m  Downloaded[0m tree-sitter-rust v0.24.2
2026-10-09T23:16:03.7192697Z [1m[92m  Downloaded[0m try-lock v0.2.5
2026-10-09T23:16:03.7203114Z [1m[92m  Downloaded[0m tree-sitter-toml-ng v0.7.0
2026-10-09T23:16:03.7220435Z [1m[92m  Downloaded[0m ucd-trie v0.1.7
2026-10-09T23:16:03.7234201Z [1m[92m  Downloaded[0m unsafe-libyaml v0.2.11
2026-10-09T23:16:03.7266745Z [1m[92m  Downloaded[0m unicode-ident v1.0.26
2026-10-09T23:16:03.7294965Z [1m[92m  Downloaded[0m uuid v1.27.0
2026-10-09T23:16:03.7326968Z [1m[92m  Downloaded[0m want v0.3.2
2026-10-09T23:16:03.7336805Z [1m[92m  Downloaded[0m wasm-bindgen-shared v0.2.129
2026-10-09T23:16:03.7347349Z [1m[92m  Downloaded[0m webrtc v0.21.0
2026-10-09T23:16:03.7529060Z [1m[92m  Downloaded[0m x509-parser v0.16.0
2026-10-09T23:16:03.7583334Z [1m[92m  Downloaded[0m yoke v0.8.3
2026-10-09T23:16:03.7601059Z [1m[92m  Downloaded[0m zeroize v1.9.1
2026-10-09T23:16:03.7616579Z [1m[92m  Downloaded[0m zlib-rs v0.6.8
2026-10-09T23:16:03.7671359Z [1m[92m  Downloaded[0m ahash v0.8.12
2026-10-09T23:16:03.7696277Z [1m[92m  Downloaded[0m anstream v1.0.0
2026-10-09T23:16:03.7717302Z [1m[92m  Downloaded[0m arrayvec v0.7.8
2026-10-09T23:16:03.7738476Z [1m[92m  Downloaded[0m atomic-waker v1.1.2
2026-10-09T23:16:03.7751232Z [1m[92m  Downloaded[0m asn1-rs-derive v0.6.0
2026-10-09T23:16:03.7763018Z [1m[92m  Downloaded[0m base64 v0.22.1
2026-10-09T23:16:03.7801139Z [1m[92m  Downloaded[0m borsh-derive v1.8.1
2026-10-09T23:16:03.7834347Z [1m[92m  Downloaded[0m bitflags v2.13.2
2026-10-09T23:16:03.7879639Z [1m[92m  Downloaded[0m bytes v1.12.1
2026-10-09T23:16:03.7915614Z [1m[92m  Downloaded[0m cfg_aliases v0.1.1
2026-10-09T23:16:03.7924039Z [1m[92m  Downloaded[0m clap v4.6.7
2026-10-09T23:16:03.8072319Z [1m[92m  Downloaded[0m cmake v0.1.58
2026-10-09T23:16:03.8087731Z [1m[92m  Downloaded[0m const-oid v0.10.2
2026-10-09T23:16:03.8111362Z [1m[92m  Downloaded[0m crc v3.4.0
2026-10-09T23:16:03.8128666Z [1m[92m  Downloaded[0m crossbeam-epoch v0.9.21
2026-10-09T23:16:03.8153121Z [1m[92m  Downloaded[0m ctor v1.0.13
2026-10-09T23:16:03.8178252Z [1m[92m  Downloaded[0m cssparser v0.34.0
2026-10-09T23:16:03.8201222Z [1m[92m  Downloaded[0m darling_macro v0.20.11
2026-10-09T23:16:03.8207992Z [1m[92m  Downloaded[0m downcast-rs v1.2.1
2026-10-09T23:16:03.8221540Z [1m[92m  Downloaded[0m derive_builder_macro v0.20.2
2026-10-09T23:16:03.8229191Z [1m[92m  Downloaded[0m errno v0.3.14
2026-10-09T23:16:03.8244343Z [1m[92m  Downloaded[0m egg v0.11.0
2026-10-09T23:16:03.8284498Z [1m[92m  Downloaded[0m fnv v1.0.7
2026-10-09T23:16:03.8293742Z [1m[92m  Downloaded[0m futures-macro v0.3.34
2026-10-09T23:16:03.8304133Z [1m[92m  Downloaded[0m fst v0.4.7
2026-10-09T23:16:03.8524476Z [1m[92m  Downloaded[0m heck v0.5.0
2026-10-09T23:16:03.8537103Z [1m[92m  Downloaded[0m getrandom v0.2.17
2026-10-09T23:16:03.8566669Z [1m[92m  Downloaded[0m http-body v1.1.0
2026-10-09T23:16:03.8577205Z [1m[92m  Downloaded[0m iana-time-zone v0.1.65
2026-10-09T23:16:03.8606824Z [1m[92m  Downloaded[0m ident_case v1.0.1
2026-10-09T23:16:03.8615665Z [1m[92m  Downloaded[0m inout v0.1.4
2026-10-09T23:16:03.8626746Z [1m[92m  Downloaded[0m lindera v3.0.7
2026-10-09T23:16:03.8669953Z [1m[92m  Downloaded[0m js-sys v0.3.106
2026-10-09T23:16:03.8700597Z [1m[92m  Downloaded[0m lingua-chinese-language-model v1.3.0
2026-10-09T23:16:03.8721216Z [1m[92m  Downloaded[0m link-calculator v0.22.0
2026-10-09T23:16:03.8980358Z [1m[92m  Downloaded[0m linktime-proc-macro v0.2.3
2026-10-09T23:16:03.8994573Z [1m[92m  Downloaded[0m lock_api v0.4.14
2026-10-09T23:16:03.9007236Z [1m[92m  Downloaded[0m match_token v0.1.0
2026-10-09T23:16:03.9013590Z [1m[92m  Downloaded[0m new_debug_unreachable v1.0.6
2026-10-09T23:16:03.9024096Z [1m[92m  Downloaded[0m miniz_oxide v0.9.1
2026-10-09T23:16:03.9049538Z [1m[92m  Downloaded[0m num-conv v0.2.2
2026-10-09T23:16:03.9060477Z [1m[92m  Downloaded[0m oid-registry v0.8.1
2026-10-09T23:16:03.9074892Z [1m[92m  Downloaded[0m phf v0.11.3
2026-10-09T23:16:03.9087347Z [1m[92m  Downloaded[0m pem v4.0.0
2026-10-09T23:16:03.9101483Z [1m[92m  Downloaded[0m powerfmt v0.2.1
2026-10-09T23:16:03.9114126Z [1m[92m  Downloaded[0m platform-data v2.0.0
2026-10-09T23:16:03.9153555Z [1m[92m  Downloaded[0m quinn v0.11.12
2026-10-09T23:16:03.9186687Z [1m[92m  Downloaded[0m rand v0.8.8
2026-10-09T23:16:03.9224384Z [1m[92m  Downloaded[0m rand_core v0.10.1
2026-10-09T23:16:03.9241848Z [1m[92m  Downloaded[0m regex v1.13.1
2026-10-09T23:16:03.9359582Z [1m[92m  Downloaded[0m rtc-mdns v0.21.0
2026-10-09T23:16:03.9521105Z [1m[92m  Downloaded[0m rtc-srtp v0.21.0
2026-10-09T23:16:03.9611951Z [1m[92m  Downloaded[0m rtc v0.21.0
2026-10-09T23:16:04.0146713Z [1m[92m  Downloaded[0m rustls v0.23.45
2026-10-09T23:16:04.0266957Z [1m[92m  Downloaded[0m ryu v1.0.23
2026-10-09T23:16:04.0300468Z [1m[92m  Downloaded[0m semver v1.0.28
2026-10-09T23:16:04.0324665Z [1m[92m  Downloaded[0m serial2 v0.2.38
2026-10-09T23:16:04.0487767Z [1m[92m  Downloaded[0m shlex v2.0.1
2026-10-09T23:16:04.0501431Z [1m[92m  Downloaded[0m stable_deref_trait v1.2.1
2026-10-09T23:16:04.0509871Z [1m[92m  Downloaded[0m strum_macros v0.27.2
2026-10-09T23:16:04.0533652Z [1m[92m  Downloaded[0m temp-env v0.3.6
2026-10-09T23:16:04.0544205Z [1m[92m  Downloaded[0m syn v3.0.6
2026-10-09T23:16:04.0651550Z [1m[92m  Downloaded[0m time v0.3.55
2026-10-09T23:16:04.0828122Z [1m[92m  Downloaded[0m tower-http v0.6.11
2026-10-09T23:16:04.0931159Z [1m[92m  Downloaded[0m tokio-macros v2.7.2
2026-10-09T23:16:04.0941977Z [1m[92m  Downloaded[0m tree-sitter-c-sharp v0.23.5
2026-10-09T23:16:04.1341686Z [1m[92m  Downloaded[0m tree-sitter-pascal v0.10.2
2026-10-09T23:16:04.1410901Z [1m[92m  Downloaded[0m tree-sitter-java v0.23.5
2026-10-09T23:16:04.1462340Z [1m[92m  Downloaded[0m tree-sitter-xml v0.7.0
2026-10-09T23:16:04.1496142Z [1m[92m  Downloaded[0m tree-sitter-scala v0.25.1
2026-10-09T23:16:04.1988187Z [1m[92m  Downloaded[0m unicode-bidi v0.3.18
2026-10-09T23:16:04.2013122Z [1m[92m  Downloaded[0m vt100 v0.16.2
2026-10-09T23:16:04.2029104Z [1m[92m  Downloaded[0m wasm-bindgen-macro v0.2.129
2026-10-09T23:16:04.2038085Z [1m[92m  Downloaded[0m unicode-width v0.2.2
2026-10-09T23:16:04.2096287Z [1m[92m  Downloaded[0m which v8.0.6
2026-10-09T23:16:04.2115541Z [1m[92m  Downloaded[0m yasna v0.6.0
2026-10-09T23:16:04.2137966Z [1m[92m  Downloaded[0m zerotrie v0.2.5
2026-10-09T23:16:04.2179065Z [1m[92m  Downloaded[0m aead v0.5.2
2026-10-09T23:16:04.2191087Z [1m[92m  Downloaded[0m anstyle-parse v1.0.0
2026-10-09T23:16:04.2207911Z [1m[92m  Downloaded[0m asn1-rs-derive v0.5.1
2026-10-09T23:16:04.2250086Z [1m[92m  Downloaded[0m autocfg v1.5.1
2026-10-09T23:16:04.2304135Z [1m[92m  Downloaded[0m bit-vec v0.9.1
2026-10-09T23:16:04.2379279Z [1m[92m  Downloaded[0m cfg-if v1.0.5
2026-10-09T23:16:04.2448067Z [1m[92m  Downloaded[0m bytecheck v0.8.3
2026-10-09T23:16:04.2471607Z [1m[92m  Downloaded[0m clap_builder v4.6.7
2026-10-09T23:16:04.2573651Z [1m[92m  Downloaded[0m crc32c v0.6.8
2026-10-09T23:16:04.2631153Z [1m[92m  Downloaded[0m concurrent-queue v2.5.0
2026-10-09T23:16:04.2672286Z [1m[92m  Downloaded[0m crypto-common v0.2.2
2026-10-09T23:16:04.2756118Z [1m[92m  Downloaded[0m ctr v0.9.2
2026-10-09T23:16:04.2786836Z [1m[92m  Downloaded[0m deranged v0.5.8
2026-10-09T23:16:04.2880991Z [1m[92m  Downloaded[0m env_logger v0.9.3
2026-10-09T23:16:04.2909450Z [1m[92m  Downloaded[0m dtor v0.0.6
2026-10-09T23:16:04.2962082Z [1m[92m  Downloaded[0m foldhash v0.1.5
2026-10-09T23:16:04.3070523Z [1m[92m  Downloaded[0m futures-core v0.3.34
2026-10-09T23:16:04.3088440Z [1m[92m  Downloaded[0m glob v0.3.4
2026-10-09T23:16:04.3312345Z [1m[92m  Downloaded[0m icu_locale_core v2.3.0
2026-10-09T23:16:04.3386936Z [1m[92m  Downloaded[0m html5ever v0.29.1
2026-10-09T23:16:04.3452946Z [1m[92m  Downloaded[0m include_dir v0.7.4
2026-10-09T23:16:04.3624218Z [1m[92m  Downloaded[0m lingua-bengali-language-model v1.3.0
2026-10-09T23:16:04.3669517Z [1m[92m  Downloaded[0m kanaria v0.2.0
2026-10-09T23:16:04.3760378Z [1m[92m  Downloaded[0m link-cli v1.0.0
2026-10-09T23:16:04.3875123Z [1m[92m  Downloaded[0m memchr v2.8.3
2026-10-09T23:16:04.3990295Z [1m[92m  Downloaded[0m munge_macro v0.4.7
2026-10-09T23:16:04.4102682Z [1m[92m  Downloaded[0m lino-objects-codec v0.8.0
2026-10-09T23:16:04.4142151Z [1m[92m  Downloaded[0m num-rational v0.4.2
2026-10-09T23:16:04.4234253Z [1m[92m  Downloaded[0m phf_macros v0.11.3
2026-10-09T23:16:04.4282091Z [1m[92m  Downloaded[0m parking_lot_core v0.9.12
2026-10-09T23:16:04.4463054Z [1m[92m  Downloaded[0m potential_utf v0.1.6
2026-10-09T23:16:04.4495219Z [1m[92m  Downloaded[0m quinn-proto v0.11.19
2026-10-09T23:16:04.4565495Z [1m[92m  Downloaded[0m rand_chacha v0.9.0
2026-10-09T23:16:04.4634494Z [1m[92m  Downloaded[0m rend v0.5.4
2026-10-09T23:16:04.4748904Z [1m[92m  Downloaded[0m rtc-ice v0.21.0
2026-10-09T23:16:04.4829028Z [1m[92m  Downloaded[0m rtc-turn v0.21.0
2026-10-09T23:16:04.4882379Z [1m[92m  Downloaded[0m rustls-platform-verifier v0.7.1
2026-10-09T23:16:04.4930257Z [1m[92m  Downloaded[0m serde_core v1.0.229
2026-10-09T23:16:04.4965229Z [1m[92m  Downloaded[0m shell-words v1.1.1
2026-10-09T23:16:04.5160755Z [1m[92m  Downloaded[0m streaming-iterator v0.1.9
2026-10-09T23:16:04.5225989Z [1m[92m  Downloaded[0m symbol_table v0.4.0
2026-10-09T23:16:04.5277440Z [1m[92m  Downloaded[0m thiserror v1.0.69
2026-10-09T23:16:04.5360821Z [1m[92m  Downloaded[0m tinyvec v1.13.3
2026-10-09T23:16:04.5470079Z [1m[92m  Downloaded[0m tower-service v0.3.3
2026-10-09T23:16:04.5532381Z [1m[92m  Downloaded[0m tree-sitter-graphql v0.1.0
2026-10-09T23:16:04.5683557Z [1m[92m  Downloaded[0m tree-sitter-vb-dotnet v0.1.0
2026-10-09T23:16:04.5829370Z [1m[92m  Downloaded[0m tree-sitter-python v0.25.0
2026-10-09T23:16:04.5892854Z [1m[92m  Downloaded[0m unicode-blocks v0.1.10
2026-10-09T23:16:04.5903331Z [1m[92m  Downloaded[0m utf-8 v0.7.6
2026-10-09T23:16:04.6012036Z [1m[92m  Downloaded[0m web-capture v0.3.37
2026-10-09T23:16:04.6133532Z [1m[92m  Downloaded[0m zerovec-derive v0.11.6
2026-10-09T23:16:04.6208098Z [1m[92m  Downloaded[0m x509-parser v0.18.1
2026-10-09T23:16:04.6298399Z [1m[92m  Downloaded[0m allocator-api2 v0.4.0
2026-10-09T23:16:04.6392621Z [1m[92m  Downloaded[0m async-broadcast v0.7.2
2026-10-09T23:16:04.6430763Z [1m[92m  Downloaded[0m beef v0.5.2
2026-10-09T23:16:04.6597373Z [1m[92m  Downloaded[0m bytecheck_derive v0.8.3
2026-10-09T23:16:04.6655878Z [1m[92m  Downloaded[0m chrono v0.4.45
2026-10-09T23:16:04.6723819Z [1m[92m  Downloaded[0m core_detect v1.0.0
2026-10-09T23:16:04.6786079Z [1m[92m  Downloaded[0m darling_core v0.20.11
2026-10-09T23:16:04.6872186Z [1m[92m  Downloaded[0m dotenvy v0.15.7
2026-10-09T23:16:04.6956157Z [1m[92m  Downloaded[0m crossbeam-utils v0.8.23
2026-10-09T23:16:04.6984685Z [1m[92m  Downloaded[0m fastrand v2.5.0
2026-10-09T23:16:04.7050060Z [1m[92m  Downloaded[0m hashbrown v0.16.1
2026-10-09T23:16:04.7150582Z [1m[92m  Downloaded[0m futures-channel v0.3.34
2026-10-09T23:16:04.7171621Z [1m[92m  Downloaded[0m hyper v1.12.0
2026-10-09T23:16:04.7269445Z [1m[92m  Downloaded[0m lindera-jieba v3.0.7
2026-10-09T23:16:04.7319034Z [1m[92m  Downloaded[0m ipnet v2.12.2
2026-10-09T23:16:04.7433631Z [1m[92m  Downloaded[0m links-notation v0.23.0
2026-10-09T23:16:04.7479369Z [1m[92m  Downloaded[0m markup5ever v0.14.1
2026-10-09T23:16:04.7586342Z [1m[92m  Downloaded[0m parking v2.2.1
2026-10-09T23:16:04.7640306Z [1m[92m  Downloaded[0m nom v7.1.3
2026-10-09T23:16:04.7717885Z [1m[92m  Downloaded[0m ptr_meta v0.3.2
2026-10-09T23:16:04.7844458Z [1m[92m  Downloaded[0m phf_shared v0.11.3
2026-10-09T23:16:04.7977217Z [1m[92m  Downloaded[0m raw-cpuid v11.6.0
2026-10-09T23:16:04.8018559Z [1m[92m  Downloaded[0m rtc-crypto v0.21.0
2026-10-09T23:16:04.8069311Z [1m[92m  Downloaded[0m rustc_version v0.4.1
2026-10-09T23:16:04.8159732Z [1m[92m  Downloaded[0m simdutf8 v0.1.5
2026-10-09T23:16:04.8186380Z [1m[92m  Downloaded[0m scraper v0.21.0
2026-10-09T23:16:04.8284140Z [1m[92m  Downloaded[0m thiserror-impl v1.0.69
2026-10-09T23:16:04.8298972Z [1m[92m  Downloaded[0m subtle v2.6.1
2026-10-09T23:16:04.8403394Z [1m[92m  Downloaded[0m tree-sitter-javascript v0.25.0
2026-10-09T23:16:04.8506984Z [1m[92m  Downloaded[0m toml_parser v1.1.3+spec-1.1.0
2026-10-09T23:16:04.8677122Z [1m[92m  Downloaded[0m unicode-normalization v0.1.25
2026-10-09T23:16:04.8713441Z [1m[92m  Downloaded[0m tree-sitter-swift v0.7.4
2026-10-09T23:16:04.9034105Z [1m[92m  Downloaded[0m wasm-bindgen-futures v0.4.79
2026-10-09T23:16:04.9043784Z [1m[92m  Downloaded[0m zerocopy v0.8.61
2026-10-09T23:16:04.9263057Z [1m[92m  Downloaded[0m async-channel v2.5.0
2026-10-09T23:16:04.9275444Z [1m[92m  Downloaded[0m aho-corasick v1.1.5
2026-10-09T23:16:04.9331245Z [1m[92m  Downloaded[0m borsh v1.8.1
2026-10-09T23:16:04.9413434Z [1m[92m  Downloaded[0m crc32fast v1.5.2
2026-10-09T23:16:04.9435089Z [1m[92m  Downloaded[0m clap_lex v1.1.1
2026-10-09T23:16:04.9446448Z [1m[92m  Downloaded[0m der-parser v9.0.0
2026-10-09T23:16:04.9481724Z [1m[92m  Downloaded[0m encoding_rs v0.8.42
2026-10-09T23:16:04.9576282Z [1m[92m  Downloaded[0m futures-task v0.3.34
2026-10-09T23:16:04.9588653Z [1m[92m  Downloaded[0m hybrid-array v0.4.15
2026-10-09T23:16:04.9612486Z [1m[92m  Downloaded[0m itoa v1.0.18
2026-10-09T23:16:04.9627105Z [1m[92m  Downloaded[0m memoffset v0.9.1
2026-10-09T23:16:04.9696206Z [1m[92m  Downloaded[0m oid-registry v0.7.1
2026-10-09T23:16:04.9823584Z [1m[92m  Downloaded[0m platform-num v0.8.0
2026-10-09T23:16:04.9932249Z [1m[92m  Downloaded[0m rand_chacha v0.3.1
2026-10-09T23:16:05.0083466Z [1m[92m  Downloaded[0m rtc-rtp v0.21.0
2026-10-09T23:16:05.0225085Z [1m[92m  Downloaded[0m same-file v1.0.6
2026-10-09T23:16:05.0259721Z [1m[92m  Downloaded[0m lingua-russian-language-model v1.3.0
2026-10-09T23:16:05.0501932Z [1m[92m  Downloaded[0m slab v0.4.12
2026-10-09T23:16:05.0514437Z [1m[92m  Downloaded[0m tar v0.4.46
2026-10-09T23:16:05.0543334Z [1m[92m  Downloaded[0m tree-sitter-c v0.24.2
2026-10-09T23:16:05.0617243Z [1m[92m  Downloaded[0m tree-sitter-r v1.3.0
2026-10-09T23:16:05.0695348Z [1m[92m  Downloaded[0m ts-parser-perl v1.2.1
2026-10-09T23:16:05.1106798Z [1m[92m  Downloaded[0m anstyle-query v1.1.5
2026-10-09T23:16:05.1118621Z [1m[92m  Downloaded[0m winnow v1.0.4
2026-10-09T23:16:05.1219740Z [1m[92m  Downloaded[0m block-buffer v0.12.1
2026-10-09T23:16:05.1231956Z [1m[92m  Downloaded[0m csv-core v0.1.13
2026-10-09T23:16:05.1245062Z [1m[92m  Downloaded[0m command-stream v1.5.3
2026-10-09T23:16:05.1412262Z [1m[92m  Downloaded[0m filetime v0.2.29
2026-10-09T23:16:05.1429185Z [1m[92m  Downloaded[0m hex v0.4.3
2026-10-09T23:16:05.1445172Z [1m[92m  Downloaded[0m lazy_static v1.5.1
2026-10-09T23:16:05.1464300Z [1m[92m  Downloaded[0m lru-slab v0.1.3
2026-10-09T23:16:05.1473321Z [1m[92m  Downloaded[0m percent-encoding v2.3.2
2026-10-09T23:16:05.1482258Z [1m[92m  Downloaded[0m quote v1.0.47
2026-10-09T23:16:05.1518900Z [1m[92m  Downloaded[0m rtc-sctp v0.21.0
2026-10-09T23:16:05.1572985Z [1m[92m  Downloaded[0m sha1 v0.10.7
2026-10-09T23:16:05.1657049Z [1m[92m  Downloaded[0m tree-sitter-language v0.1.8
2026-10-09T23:16:05.1679677Z [1m[92m  Downloaded[0m time-core v0.1.9
2026-10-09T23:16:05.1774742Z [1m[92m  Downloaded[0m walkdir v2.5.0
2026-10-09T23:16:05.1800071Z [1m[92m  Downloaded[0m adler2 v2.0.1
2026-10-09T23:16:05.1916236Z [1m[92m  Downloaded[0m cc v1.2.67
2026-10-09T23:16:05.1981623Z [1m[92m  Downloaded[0m csv v1.4.0
2026-10-09T23:16:05.2167851Z [1m[92m  Downloaded[0m fs2 v0.4.3
2026-10-09T23:16:05.2182164Z [1m[92m  Downloaded[0m mio v1.2.4
2026-10-09T23:16:05.2246143Z [1m[92m  Downloaded[0m idna v1.1.0
2026-10-09T23:16:05.2281857Z [1m[92m  Downloaded[0m proc-macro-crate v3.5.0
2026-10-09T23:16:05.2295481Z [1m[92m  Downloaded[0m rustls-native-certs v0.8.4
2026-10-09T23:16:05.2325981Z [1m[92m  Downloaded[0m synstructure v0.13.2
2026-10-09T23:16:05.2346107Z [1m[92m  Downloaded[0m typenum v1.20.1
2026-10-09T23:16:05.2443480Z [1m[92m  Downloaded[0m chacha20 v0.10.2
2026-10-09T23:16:05.2478583Z [1m[92m  Downloaded[0m zerofrom v0.1.8
2026-10-09T23:16:05.2545908Z [1m[92m  Downloaded[0m dtor-proc-macro v0.0.5
2026-10-09T23:16:05.2659449Z [1m[92m  Downloaded[0m pest_generator v2.9.2
2026-10-09T23:16:05.2679366Z [1m[92m  Downloaded[0m lingua-hindi-language-model v1.3.0
2026-10-09T23:16:05.2794989Z [1m[92m  Downloaded[0m serde_derive v1.0.229
2026-10-09T23:16:05.2829085Z [1m[92m  Downloaded[0m tree-sitter-css v0.25.0
2026-10-09T23:16:05.2890352Z [1m[92m  Downloaded[0m asn1-rs v0.6.2
2026-10-09T23:16:05.2959545Z [1m[92m  Downloaded[0m derive_more v0.99.20
2026-10-09T23:16:05.3009308Z [1m[92m  Downloaded[0m lino-env v0.1.0
2026-10-09T23:16:05.3161455Z [1m[92m  Downloaded[0m url v2.5.8
2026-10-09T23:16:05.3191863Z [1m[92m  Downloaded[0m ring v0.17.14
2026-10-09T23:16:05.3614037Z [1m[92m  Downloaded[0m cpufeatures v0.3.1
2026-10-09T23:16:05.3628816Z [1m[92m  Downloaded[0m nom v8.0.0
2026-10-09T23:16:05.3682150Z [1m[92m  Downloaded[0m getopts v0.2.24
2026-10-09T23:16:05.3699870Z [1m[92m  Downloaded[0m strum v0.27.2
2026-10-09T23:16:05.3708794Z [1m[92m  Downloaded[0m toml_edit v0.25.15+spec-1.1.0
2026-10-09T23:16:05.3748698Z [1m[92m  Downloaded[0m icu_properties v2.3.0
2026-10-09T23:16:05.3785160Z [1m[92m  Downloaded[0m rcgen v0.14.10
2026-10-09T23:16:05.4056484Z [1m[92m  Downloaded[0m web-sys v0.3.106
2026-10-09T23:16:05.5358739Z [1m[92m  Downloaded[0m aws-lc-sys v0.45.0
2026-10-09T23:16:05.9766035Z [1m[92m   Compiling[0m unicode-ident v1.0.26
2026-10-09T23:16:05.9767200Z [1m[92m   Compiling[0m proc-macro2 v1.0.107
2026-10-09T23:16:05.9768333Z [1m[92m   Compiling[0m quote v1.0.47
2026-10-09T23:16:05.9768991Z [1m[92m   Compiling[0m libc v0.2.190
2026-10-09T23:16:06.1180360Z [1m[92m   Compiling[0m find-msvc-tools v0.1.14
2026-10-09T23:16:06.1588629Z [1m[92m   Compiling[0m shlex v2.0.1
2026-10-09T23:16:06.2487828Z [1m[92m   Compiling[0m cfg-if v1.0.5
2026-10-09T23:16:06.3455860Z [1m[92m   Compiling[0m tree-sitter-language v0.1.8
2026-10-09T23:16:06.4675581Z [1m[92m   Compiling[0m memchr v2.8.3
2026-10-09T23:16:06.5871649Z [1m[92m   Compiling[0m jobserver v0.1.35
2026-10-09T23:16:06.6889372Z [1m[92m   Compiling[0m autocfg v1.5.1
2026-10-09T23:16:06.6948296Z [1m[92m   Compiling[0m cc v1.2.67
2026-10-09T23:16:06.7411535Z [1m[92m   Compiling[0m syn v3.0.6
2026-10-09T23:16:06.8273483Z [1m[92m   Compiling[0m syn v2.0.119
2026-10-09T23:16:06.9364671Z [1m[92m   Compiling[0m serde_core v1.0.229
2026-10-09T23:16:06.9958834Z [1m[92m   Compiling[0m serde v1.0.229
2026-10-09T23:16:07.1421860Z [1m[92m   Compiling[0m icu_properties_data v2.3.0
2026-10-09T23:16:07.2228690Z [1m[92m   Compiling[0m synstructure v0.14.0
2026-10-09T23:16:07.2484505Z [1m[92m   Compiling[0m displaydoc v0.2.7
2026-10-09T23:16:07.2538863Z [1m[92m   Compiling[0m zerovec-derive v0.11.6
2026-10-09T23:16:07.4251305Z [1m[92m   Compiling[0m zerofrom-derive v0.1.8
2026-10-09T23:16:07.5581281Z [1m[92m   Compiling[0m yoke-derive v0.8.4
2026-10-09T23:16:07.7148773Z [1m[92m   Compiling[0m serde_derive v1.0.229
2026-10-09T23:16:08.0908714Z [1m[92m   Compiling[0m icu_normalizer_data v2.3.0
2026-10-09T23:16:08.2588607Z [1m[92m   Compiling[0m smallvec v1.16.2
2026-10-09T23:16:08.2698440Z [1m[92m   Compiling[0m thiserror v2.0.21
2026-10-09T23:16:08.3849505Z [1m[92m   Compiling[0m stable_deref_trait v1.2.1
2026-10-09T23:16:08.3978551Z [1m[92m   Compiling[0m thiserror-impl v2.0.21
2026-10-09T23:16:08.4148323Z [1m[92m   Compiling[0m zerofrom v0.1.8
2026-10-09T23:16:08.4786672Z [1m[92m   Compiling[0m bitflags v2.13.2
2026-10-09T23:16:08.5199929Z [1m[92m   Compiling[0m yoke v0.8.3
2026-10-09T23:16:08.6981813Z [1m[92m   Compiling[0m zerovec v0.11.8
2026-10-09T23:16:08.7068280Z [1m[92m   Compiling[0m typenum v1.20.1
2026-10-09T23:16:08.8782245Z [1m[92m   Compiling[0m version_check v0.9.5
2026-10-09T23:16:09.0194165Z [1m[92m   Compiling[0m tinystr v0.8.4
2026-10-09T23:16:09.0508485Z [1m[92m   Compiling[0m writeable v0.6.4
2026-10-09T23:16:09.1768697Z [1m[92m   Compiling[0m litemap v0.8.3
2026-10-09T23:16:09.1865134Z [1m[92m   Compiling[0m once_cell v1.21.4
2026-10-09T23:16:09.2729133Z [1m[92m   Compiling[0m potential_utf v0.1.6
2026-10-09T23:16:09.2859106Z [1m[92m   Compiling[0m icu_locale_core v2.3.0
2026-10-09T23:16:09.3169236Z [1m[92m   Compiling[0m zerotrie v0.2.5
2026-10-09T23:16:09.3636530Z [1m[92m   Compiling[0m num-traits v0.2.19
2026-10-09T23:16:09.4425040Z [1m[92m   Compiling[0m rustversion v1.0.23
2026-10-09T23:16:09.5159302Z [1m[92m   Compiling[0m getrandom v0.4.3
2026-10-09T23:16:09.5428741Z [1m[92m   Compiling[0m rand_core v0.10.1
2026-10-09T23:16:09.6849445Z [1m[92m   Compiling[0m utf8_iter v1.0.4
2026-10-09T23:16:09.7388755Z [1m[92m   Compiling[0m icu_provider v2.3.1
2026-10-09T23:16:09.8419388Z [1m[92m   Compiling[0m icu_collections v2.3.0
2026-10-09T23:16:09.9329078Z [1m[92m   Compiling[0m log v0.4.34
2026-10-09T23:16:10.2067045Z [1m[92m   Compiling[0m percent-encoding v2.3.2
2026-10-09T23:16:10.2596816Z [1m[92m   Compiling[0m icu_normalizer v2.3.0
2026-10-09T23:16:10.2665623Z [1m[92m   Compiling[0m icu_properties v2.3.0
2026-10-09T23:16:10.3098822Z [1m[92m   Compiling[0m getrandom v0.2.17
2026-10-09T23:16:10.3914163Z [1m[92m   Compiling[0m cfg_aliases v0.2.2
2026-10-09T23:16:10.4209152Z [1m[92m   Compiling[0m generic-array v0.14.7
2026-10-09T23:16:10.4410783Z [1m[92m   Compiling[0m cpufeatures v0.3.1
2026-10-09T23:16:10.4698825Z [1m[92m   Compiling[0m form_urlencoded v1.2.2
2026-10-09T23:16:10.5254472Z [1m[92m   Compiling[0m zmij v1.0.23
2026-10-09T23:16:10.5518768Z [1m[92m   Compiling[0m idna_adapter v1.2.2
2026-10-09T23:16:10.6460900Z [1m[92m   Compiling[0m ptr_meta_derive v0.3.2
2026-10-09T23:16:10.6529037Z [1m[92m   Compiling[0m idna v1.1.0
2026-10-09T23:16:10.7438921Z [1m[92m   Compiling[0m memoffset v0.9.1
2026-10-09T23:16:10.7948647Z [1m[92m   Compiling[0m url v2.5.8
2026-10-09T23:16:10.8380283Z [1m[92m   Compiling[0m bytes v1.12.1
2026-10-09T23:16:10.8945081Z [1m[92m   Compiling[0m chacha20 v0.10.2
2026-10-09T23:16:10.9396330Z [1m[92m   Compiling[0m nix v0.31.3
2026-10-09T23:16:10.9659425Z [1m[92m   Compiling[0m scopeguard v1.2.0
2026-10-09T23:16:10.9998141Z [1m[92m   Compiling[0m itoa v1.0.18
2026-10-09T23:16:11.0539315Z [1m[92m   Compiling[0m rand v0.10.3
2026-10-09T23:16:11.1309007Z [1m[92m   Compiling[0m rand_core v0.6.4
2026-10-09T23:16:11.1402344Z [1m[92m   Compiling[0m cmake v0.1.58
2026-10-09T23:16:11.2391425Z [1m[92m   Compiling[0m substring v1.4.5
2026-10-09T23:16:11.2565758Z [1m[92m   Compiling[0m thiserror v1.0.69
2026-10-09T23:16:11.2662854Z [1m[92m   Compiling[0m dunce v1.0.5
2026-10-09T23:16:11.3309378Z [1m[92m   Compiling[0m fs_extra v1.3.0
2026-10-09T23:16:11.3783570Z [1m[92m   Compiling[0m pkg-config v0.3.34
2026-10-09T23:16:11.4295118Z [1m[92m   Compiling[0m crypto-common v0.1.7
2026-10-09T23:16:11.4866733Z [1m[92m   Compiling[0m thiserror-impl v1.0.69
2026-10-09T23:16:11.4912476Z [1m[92m   Compiling[0m aws-lc-sys v0.45.0
2026-10-09T23:16:11.5298879Z [1m[92m   Compiling[0m tokio-macros v2.7.2
2026-10-09T23:16:12.1318593Z [1m[92m   Compiling[0m heck v0.5.0
2026-10-09T23:16:12.2068836Z [1m[92m   Compiling[0m pin-project-lite v0.2.17
2026-10-09T23:16:12.3431247Z [1m[92m   Compiling[0m bytecheck_derive v0.8.3
2026-10-09T23:16:12.4414322Z [1m[92m   Compiling[0m futures-core v0.3.34
2026-10-09T23:16:12.4415670Z [1m[92m   Compiling[0m siphasher v1.0.4
2026-10-09T23:16:12.5629186Z [1m[92m   Compiling[0m phf_shared v0.11.3
2026-10-09T23:16:12.6400979Z [1m[92m   Compiling[0m rtc-shared v0.21.0
2026-10-09T23:16:12.6525432Z [1m[92m   Compiling[0m rand v0.8.8
2026-10-09T23:16:12.7613056Z [1m[92m   Compiling[0m parking_lot_core v0.9.12
2026-10-09T23:16:12.8144121Z [1m[92m   Compiling[0m aws-lc-rs v1.18.1
2026-10-09T23:16:12.8485926Z [1m[92m   Compiling[0m zeroize v1.9.1
2026-10-09T23:16:12.9242847Z [1m[92m   Compiling[0m crossbeam-utils v0.8.23
2026-10-09T23:16:13.0327594Z [1m[92m   Compiling[0m httparse v1.10.1
2026-10-09T23:16:13.1808655Z [1m[92m   Compiling[0m phf_generator v0.11.3
2026-10-09T23:16:13.2802423Z [1m[92m   Compiling[0m munge_macro v0.4.7
2026-10-09T23:16:13.3708481Z [1m[92m   Compiling[0m ring v0.17.14
2026-10-09T23:16:13.4045922Z [1m[92m   Compiling[0m mio v1.2.4
2026-10-09T23:16:13.5435067Z [1m[92m   Compiling[0m socket2 v0.6.5
2026-10-09T23:16:13.6596593Z [1m[92m   Compiling[0m subtle v2.6.1
2026-10-09T23:16:13.6898891Z [1m[92m   Compiling[0m strsim v0.11.1
2026-10-09T23:16:13.7476033Z [1m[92m   Compiling[0m fnv v1.0.7
2026-10-09T23:16:13.7564469Z [1m[92m   Compiling[0m ident_case v1.0.1
2026-10-09T23:16:13.7886083Z [1m[92m   Compiling[0m wasm-bindgen-shared v0.2.129
2026-10-09T23:16:13.8481548Z [1m[92m   Compiling[0m minimal-lexical v0.2.1
2026-10-09T23:16:13.8912936Z [1m[92m   Compiling[0m anyhow v1.0.104
2026-10-09T23:16:13.9401729Z [1m[92m   Compiling[0m darling_core v0.20.11
2026-10-09T23:16:13.9699113Z [1m[92m   Compiling[0m nom v7.1.3
2026-10-09T23:16:14.0438705Z [1m[92m   Compiling[0m tokio v1.53.2
2026-10-09T23:16:14.7139209Z [1m[92m   Compiling[0m rustls-pki-types v1.15.1
2026-10-09T23:16:14.8218821Z [1m[92m   Compiling[0m http v1.5.0
2026-10-09T23:16:14.8424170Z [1m[92m   Compiling[0m lock_api v0.4.14
2026-10-09T23:16:14.9973143Z [1m[92m   Compiling[0m encoding_rs v0.8.42
2026-10-09T23:16:15.0203231Z [1m[92m   Compiling[0m include_dir_macros v0.7.4
2026-10-09T23:16:15.0594663Z [1m[92m   Compiling[0m equivalent v1.0.2
2026-10-09T23:16:15.1446533Z [1m[92m   Compiling[0m byteorder v1.5.0
2026-10-09T23:16:15.1848270Z [1m[92m   Compiling[0m include_dir v0.7.4
2026-10-09T23:16:15.3648099Z [1m[92m   Compiling[0m http-body v1.1.0
2026-10-09T23:16:15.4172157Z [1m[92m   Compiling[0m darling_macro v0.20.11
2026-10-09T23:16:15.5571000Z [1m[92m   Compiling[0m inout v0.1.4
2026-10-09T23:16:15.6849149Z [1m[92m   Compiling[0m block-buffer v0.10.4
2026-10-09T23:16:15.7505900Z [1m[92m   Compiling[0m rkyv_derive v0.8.18
2026-10-09T23:16:15.7667578Z [1m[92m   Compiling[0m rustls v0.23.45
2026-10-09T23:16:15.8388612Z [1m[92m   Compiling[0m hashbrown v0.17.1
2026-10-09T23:16:16.1198503Z [1m[92m   Compiling[0m simdutf8 v0.1.5
2026-10-09T23:16:16.2638839Z [1m[92m   Compiling[0m untrusted v0.9.0
2026-10-09T23:16:16.3479313Z [1m[92m   Compiling[0m slab v0.4.12
2026-10-09T23:16:16.7736459Z [1m[92m   Compiling[0m futures-task v0.3.34
2026-10-09T23:16:16.9408778Z [1m[92m   Compiling[0m futures-util v0.3.34
2026-10-09T23:16:16.9630712Z [1m[92m   Compiling[0m digest v0.10.7
2026-10-09T23:16:17.0607183Z [1m[92m   Compiling[0m cipher v0.4.4
2026-10-09T23:16:17.1557639Z [1m[92m   Compiling[0m darling v0.20.11
2026-10-09T23:16:17.4315663Z [1m[92m   Compiling[0m ptr_meta v0.3.2
2026-10-09T23:16:17.5126562Z [1m[92m   Compiling[0m time-core v0.1.9
2026-10-09T23:16:17.5238609Z [1m[92m   Compiling[0m multiversion_no_op v1.0.0
2026-10-09T23:16:17.6378697Z [1m[92m   Compiling[0m try-lock v0.2.5
2026-10-09T23:16:17.6850744Z [1m[92m   Compiling[0m serde_json v1.0.151
2026-10-09T23:16:17.8508826Z [1m[92m   Compiling[0m tower-service v0.3.3
2026-10-09T23:16:17.9372023Z [1m[92m   Compiling[0m num-conv v0.2.2
2026-10-09T23:16:18.0045300Z [1m[92m   Compiling[0m indexmap v2.14.2
2026-10-09T23:16:18.0402247Z [1m[92m   Compiling[0m time-macros v0.2.32
2026-10-09T23:16:18.1551372Z [1m[92m   Compiling[0m want v0.3.2
2026-10-09T23:16:18.3566621Z [1m[92m   Compiling[0m rancor v0.1.3
2026-10-09T23:16:18.7128384Z [1m[92m   Compiling[0m derive_builder_core v0.20.2
2026-10-09T23:16:18.8321230Z [1m[92m   Compiling[0m tracing-core v0.1.36
2026-10-09T23:16:18.9709751Z [1m[92m   Compiling[0m num-integer v0.1.47
2026-10-09T23:16:18.9759719Z [1m[92m   Compiling[0m aho-corasick v1.1.5
2026-10-09T23:16:19.1562594Z [1m[92m   Compiling[0m regex-syntax v0.8.11
2026-10-09T23:16:19.1776849Z [1m[92m   Compiling[0m getrandom v0.3.4
2026-10-09T23:16:19.2943877Z [1m[92m   Compiling[0m rustix v1.1.5
2026-10-09T23:16:19.4418728Z [1m[92m   Compiling[0m cpufeatures v0.2.17
2026-10-09T23:16:19.5218150Z [1m[92m   Compiling[0m atomic-waker v1.1.2
2026-10-09T23:16:19.5390512Z [1m[92m   Compiling[0m zerocopy v0.8.61
2026-10-09T23:16:19.6707784Z [1m[92m   Compiling[0m deranged v0.5.8
2026-10-09T23:16:19.6788997Z [1m[92m   Compiling[0m powerfmt v0.2.1
2026-10-09T23:16:19.7754554Z [1m[92m   Compiling[0m futures-sink v0.3.34
2026-10-09T23:16:19.8613813Z [1m[92m   Compiling[0m futures-channel v0.3.34
2026-10-09T23:16:19.9125903Z [1m[92m   Compiling[0m time v0.3.55
2026-10-09T23:16:20.0098921Z [1m[92m   Compiling[0m hyper v1.12.0
2026-10-09T23:16:20.2439708Z [1m[92m   Compiling[0m regex-automata v0.4.18
2026-10-09T23:16:20.4101898Z [1m[92m   Compiling[0m tracing v0.1.44
2026-10-09T23:16:20.5780919Z [1m[92m   Compiling[0m derive_builder_macro v0.20.2
2026-10-09T23:16:20.7524103Z [1m[92m   Compiling[0m bytecheck v0.8.3
2026-10-09T23:16:20.9255068Z [1m[92m   Compiling[0m ctr v0.9.2
2026-10-09T23:16:21.0582934Z [1m[92m   Compiling[0m parking_lot v0.12.5
2026-10-09T23:16:21.1227445Z [1m[92m   Compiling[0m phf_codegen v0.11.3
2026-10-09T23:16:21.2023341Z [1m[92m   Compiling[0m sync_wrapper v1.0.2
2026-10-09T23:16:21.2359675Z [1m[92m   Compiling[0m strum_macros v0.28.0
2026-10-09T23:16:21.2897709Z [1m[92m   Compiling[0m aead v0.5.2
2026-10-09T23:16:21.3680001Z [1m[92m   Compiling[0m futures-macro v0.3.34
2026-10-09T23:16:21.8482213Z [1m[92m   Compiling[0m crc32fast v1.5.2
2026-10-09T23:16:21.9728841Z [1m[92m   Compiling[0m base64 v0.23.1
2026-10-09T23:16:22.1577127Z [1m[92m   Compiling[0m linux-raw-sys v0.12.1
2026-10-09T23:16:22.2572721Z [1m[92m   Compiling[0m bumpalo v3.20.3
2026-10-09T23:16:22.3108969Z [1m[92m   Compiling[0m ipnet v2.12.2
2026-10-09T23:16:22.4343132Z [1m[92m   Compiling[0m openssl-probe v0.2.1
2026-10-09T23:16:22.4791258Z [1m[92m   Compiling[0m allocator-api2 v0.2.21
2026-10-09T23:16:22.5063238Z [1m[92m   Compiling[0m futures-io v0.3.34
2026-10-09T23:16:22.6189094Z [1m[92m   Compiling[0m tower-layer v0.3.3
2026-10-09T23:16:22.7197068Z [1m[92m   Compiling[0m tower v0.5.3
2026-10-09T23:16:22.8936854Z [1m[92m   Compiling[0m rustls-native-certs v0.8.4
2026-10-09T23:16:23.0079851Z [1m[92m   Compiling[0m hyper-util v0.1.21
2026-10-09T23:16:23.1977768Z [1m[92m   Compiling[0m wasm-bindgen-macro-support v0.2.129
2026-10-09T23:16:23.6056199Z [1m[92m   Compiling[0m ccm v0.5.0
2026-10-09T23:16:23.6916976Z [1m[92m   Compiling[0m rend v0.5.4
2026-10-09T23:16:23.7472195Z [1m[92m   Compiling[0m regex v1.13.1
2026-10-09T23:16:24.2549166Z [1m[92m   Compiling[0m aes v0.8.4
2026-10-09T23:16:24.3525007Z [1m[92m   Compiling[0m sha1 v0.10.7
2026-10-09T23:16:24.4221449Z [1m[92m   Compiling[0m md-5 v0.10.6
2026-10-09T23:16:24.4421111Z [1m[92m   Compiling[0m hmac v0.12.1
2026-10-09T23:16:24.5307750Z [1m[92m   Compiling[0m munge v0.4.7
2026-10-09T23:16:24.6192521Z [1m[92m   Compiling[0m wasm-bindgen v0.2.129
2026-10-09T23:16:24.6978977Z [1m[92m   Compiling[0m synstructure v0.13.2
2026-10-09T23:16:24.7319455Z [1m[92m   Compiling[0m semver v1.0.28
2026-10-09T23:16:24.8123031Z [1m[92m   Compiling[0m utf8parse v0.2.2
2026-10-09T23:16:24.8871070Z [1m[92m   Compiling[0m adler2 v2.0.1
2026-10-09T23:16:24.9768106Z [1m[92m   Compiling[0m simd-adler32 v0.3.10
2026-10-09T23:16:25.0325315Z [1m[92m   Compiling[0m sansio v1.0.1
2026-10-09T23:16:25.0702752Z [1m[92m   Compiling[0m core_detect v1.0.0
2026-10-09T23:16:25.1115306Z [1m[92m   Compiling[0m lazy_static v1.5.1
2026-10-09T23:16:25.1606042Z [1m[92m   Compiling[0m new_debug_unreachable v1.0.6
2026-10-09T23:16:25.3009197Z [1m[92m   Compiling[0m miniz_oxide v0.9.1
2026-10-09T23:16:25.5508767Z [1m[92m   Compiling[0m anstyle-parse v1.0.0
2026-10-09T23:16:25.6349100Z [1m[92m   Compiling[0m asn1-rs-derive v0.5.1
2026-10-09T23:16:25.6391500Z [1m[92m   Compiling[0m rustc_version v0.4.1
2026-10-09T23:16:25.7319260Z [1m[92m   Compiling[0m rkyv v0.8.18
2026-10-09T23:16:25.8717113Z [1m[92m   Compiling[0m rtc-crypto v0.21.0
2026-10-09T23:16:25.9958919Z [1m[92m   Compiling[0m tower-http v0.6.11
2026-10-09T23:16:26.1494394Z [1m[92m   Compiling[0m wasm-bindgen-macro v0.2.129
2026-10-09T23:16:26.3369582Z [1m[92m   Compiling[0m xattr v1.6.1
2026-10-09T23:16:26.4208609Z [1m[92m   Compiling[0m filetime v0.2.29
2026-10-09T23:16:26.4253203Z [1m[92m   Compiling[0m http-body-util v0.1.5
2026-10-09T23:16:26.5177687Z [1m[92m   Compiling[0m rusticata-macros v4.1.0
2026-10-09T23:16:26.6339511Z [1m[92m   Compiling[0m phf_macros v0.11.3
2026-10-09T23:16:26.6518856Z [1m[92m   Compiling[0m csv-core v0.1.13
2026-10-09T23:16:26.7603786Z [1m[92m   Compiling[0m asn1-rs-impl v0.2.0
2026-10-09T23:16:26.7654232Z [1m[92m   Compiling[0m memmap2 v0.9.11
2026-10-09T23:16:26.9607167Z [1m[92m   Compiling[0m is_terminal_polyfill v1.70.2
2026-10-09T23:16:26.9693939Z [1m[92m   Compiling[0m base64 v0.22.1
2026-10-09T23:16:27.0395137Z [1m[92m   Compiling[0m foldhash v0.1.5
2026-10-09T23:16:27.0537065Z [1m[92m   Compiling[0m crossbeam-epoch v0.9.21
2026-10-09T23:16:27.1320952Z [1m[92m   Compiling[0m ryu v1.0.23
2026-10-09T23:16:27.1518676Z [1m[92m   Compiling[0m colorchoice v1.0.5
2026-10-09T23:16:27.1935380Z [1m[92m   Compiling[0m anstyle v1.0.14
2026-10-09T23:16:27.2218844Z [1m[92m   Compiling[0m anstyle-query v1.1.5
2026-10-09T23:16:27.2296978Z [1m[92m   Compiling[0m csv v1.4.0
2026-10-09T23:16:27.3346133Z [1m[92m   Compiling[0m anstream v1.0.0
2026-10-09T23:16:27.3818474Z [1m[92m   Compiling[0m hashbrown v0.15.5
2026-10-09T23:16:27.4268629Z [1m[92m   Compiling[0m asn1-rs v0.6.2
2026-10-09T23:16:27.4335569Z [1m[92m   Compiling[0m phf v0.11.3
2026-10-09T23:16:27.6300488Z [1m[92m   Compiling[0m tar v0.4.46
2026-10-09T23:16:27.7576711Z [1m[92m   Compiling[0m flate2 v1.1.10
2026-10-09T23:16:27.9200285Z [1m[92m   Compiling[0m crc32c v0.6.8
2026-10-09T23:16:28.0459216Z [1m[92m   Compiling[0m encoding_rs_io v0.1.8
2026-10-09T23:16:28.1003825Z [1m[92m   Compiling[0m strum v0.28.0
2026-10-09T23:16:28.1351561Z [1m[92m   Compiling[0m derive_builder v0.20.2
2026-10-09T23:16:28.1911887Z [1m[92m   Compiling[0m num-bigint v0.4.8
2026-10-09T23:16:28.2330555Z [1m[92m   Compiling[0m string_cache_codegen v0.5.4
2026-10-09T23:16:28.3367914Z [1m[92m   Compiling[0m hybrid-array v0.4.15
2026-10-09T23:16:28.3661277Z [1m[92m   Compiling[0m nom v8.0.0
2026-10-09T23:16:28.4310054Z [1m[92m   Compiling[0m num_cpus v1.17.0
2026-10-09T23:16:28.5324327Z [1m[92m   Compiling[0m crossbeam-deque v0.8.8
2026-10-09T23:16:28.5693547Z [1m[92m   Compiling[0m clap_lex v1.1.1
2026-10-09T23:16:28.6241228Z [1m[92m   Compiling[0m md5 v0.8.1
2026-10-09T23:16:28.6568937Z [1m[92m   Compiling[0m mac v0.1.1
2026-10-09T23:16:28.7493235Z [1m[92m   Compiling[0m ucd-trie v0.1.7
2026-10-09T23:16:28.7762360Z [1m[92m   Compiling[0m precomputed-hash v0.1.1
2026-10-09T23:16:28.8484534Z [1m[92m   Compiling[0m fastrand v2.5.0
2026-10-09T23:16:28.8525154Z [1m[92m   Compiling[0m crc-catalog v2.5.0
2026-10-09T23:16:28.9689168Z [1m[92m   Compiling[0m daachorse v2.1.1
2026-10-09T23:16:29.0345168Z [1m[92m   Compiling[0m glob v0.3.4
2026-10-09T23:16:29.1031039Z [1m[92m   Compiling[0m oid-registry v0.7.1
2026-10-09T23:16:29.1211774Z [1m[92m   Compiling[0m clap_builder v4.6.7
2026-10-09T23:16:29.2638796Z [1m[92m   Compiling[0m crc v3.4.0
2026-10-09T23:16:29.3639486Z [1m[92m   Compiling[0m pest v2.9.2
2026-10-09T23:16:29.4196178Z [1m[92m   Compiling[0m futf v0.1.5
2026-10-09T23:16:29.5161178Z [1m[92m   Compiling[0m markup5ever v0.14.1
2026-10-09T23:16:29.7146422Z [1m[92m   Compiling[0m rtc-rtp v0.21.0
2026-10-09T23:16:29.7208294Z [1m[92m   Compiling[0m clap_derive v4.6.7
2026-10-09T23:16:29.8826100Z [1m[92m   Compiling[0m data-encoding v2.11.1
2026-10-09T23:16:29.9942924Z [1m[92m   Compiling[0m utf-8 v0.7.6
2026-10-09T23:16:30.0027092Z [1m[92m   Compiling[0m rayon-core v1.13.0
2026-10-09T23:16:30.0770253Z [1m[92m   Compiling[0m parking v2.2.1
2026-10-09T23:16:30.1057680Z [1m[92m   Compiling[0m unicode-width v0.2.2
2026-10-09T23:16:30.2361297Z [1m[92m   Compiling[0m arrayvec v0.7.8
2026-10-09T23:16:30.3489234Z [1m[92m   Compiling[0m cfg_aliases v0.1.1
2026-10-09T23:16:30.4272352Z [1m[92m   Compiling[0m dtoa v1.0.11
2026-10-09T23:16:30.4690215Z [1m[92m   Compiling[0m rustc-hash v2.1.3
2026-10-09T23:16:30.5876828Z [1m[92m   Compiling[0m dtoa-short v0.3.5
2026-10-09T23:16:30.6995529Z [1m[92m   Compiling[0m nix v0.28.0
2026-10-09T23:16:30.7139348Z [1m[92m   Compiling[0m clap v4.6.7
2026-10-09T23:16:30.8544691Z [1m[92m   Compiling[0m event-listener v5.4.2
2026-10-09T23:16:30.8598591Z [1m[92m   Compiling[0m tendril v0.4.3
2026-10-09T23:16:31.1249302Z [1m[92m   Compiling[0m pest_meta v2.9.2
2026-10-09T23:16:31.2411146Z [1m[92m   Compiling[0m rtc-stun v0.21.0
2026-10-09T23:16:31.3389383Z [1m[92m   Compiling[0m pem v4.0.0
2026-10-09T23:16:31.3793447Z [1m[92m   Compiling[0m string_cache v0.8.9
2026-10-09T23:16:31.3918753Z [1m[92m   Compiling[0m block-buffer v0.12.1
2026-10-09T23:16:31.4402540Z [1m[92m   Compiling[0m crypto-common v0.2.2
2026-10-09T23:16:31.4849598Z [1m[92m   Compiling[0m der-parser v9.0.0
2026-10-09T23:16:31.4910832Z [1m[92m   Compiling[0m rustls-webpki v0.103.15
2026-10-09T23:16:31.5627010Z [1m[92m   Compiling[0m js-sys v0.3.106
2026-10-09T23:16:31.6276796Z [1m[92m   Compiling[0m ppv-lite86 v0.2.21
2026-10-09T23:16:31.6398822Z [1m[92m   Compiling[0m rand_core v0.9.5
2026-10-09T23:16:31.7765171Z [1m[92m   Compiling[0m selectors v0.26.0
2026-10-09T23:16:31.9363416Z [1m[92m   Compiling[0m yasna v0.6.0
2026-10-09T23:16:31.9568497Z [1m[92m   Compiling[0m rtc-rtcp v0.21.0
2026-10-09T23:16:32.0948787Z [1m[92m   Compiling[0m platform-num v0.8.0
2026-10-09T23:16:32.1269890Z [1m[92m   Compiling[0m ahash v0.8.12
2026-10-09T23:16:32.2012369Z [1m[92m   Compiling[0m cssparser-macros v0.6.1
2026-10-09T23:16:32.3812030Z [1m[92m   Compiling[0m errno v0.3.14
2026-10-09T23:16:32.4571434Z [1m[92m   Compiling[0m const-oid v0.10.2
2026-10-09T23:16:32.5009055Z [1m[92m   Compiling[0m fst v0.4.7
2026-10-09T23:16:32.5562222Z [1m[92m   Compiling[0m dtor-proc-macro v0.0.5
2026-10-09T23:16:32.6649240Z [1m[92m   Compiling[0m either v1.19.0
2026-10-09T23:16:32.7751921Z [1m[92m   Compiling[0m html-escape v0.2.15
2026-10-09T23:16:32.9380337Z [1m[92m   Compiling[0m lindera-dictionary v3.0.7
2026-10-09T23:16:33.3246798Z [1m[92m   Compiling[0m dtor v0.0.6
2026-10-09T23:16:33.3673139Z [1m[92m   Compiling[0m digest v0.11.3
2026-10-09T23:16:33.4447882Z [1m[92m   Compiling[0m signal-hook-registry v1.4.8
2026-10-09T23:16:33.4862893Z [1m[92m   Compiling[0m cssparser v0.34.0
2026-10-09T23:16:33.5575953Z [1m[92m   Compiling[0m rcgen v0.14.10
2026-10-09T23:16:33.7389220Z [1m[92m   Compiling[0m rand_chacha v0.9.0
2026-10-09T23:16:33.8521246Z [1m[92m   Compiling[0m x509-parser v0.16.0
2026-10-09T23:16:34.2228694Z [1m[92m   Compiling[0m pest_generator v2.9.2
2026-10-09T23:16:34.2258939Z [1m[92m   Compiling[0m rtc-sctp v0.21.0
2026-10-09T23:16:34.4082573Z [1m[92m   Compiling[0m event-listener-strategy v0.5.4
2026-10-09T23:16:34.4304492Z [1m[92m   Compiling[0m tempfile v3.27.0
2026-10-09T23:16:34.4602815Z [1m[92m   Compiling[0m pem v3.0.6
2026-10-09T23:16:34.5118852Z [1m[92m   Compiling[0m rtc-mdns v0.21.0
2026-10-09T23:16:34.5582605Z [1m[92m   Compiling[0m tree-sitter v0.25.10
2026-10-09T23:16:34.5635333Z [1m[92m   Compiling[0m fxhash v0.2.1
2026-10-09T23:16:34.6494250Z [1m[92m   Compiling[0m quinn-udp v0.6.3
2026-10-09T23:16:34.6639246Z [1m[92m   Compiling[0m uuid v1.27.0
2026-10-09T23:16:34.6705755Z [1m[92m   Compiling[0m servo_arc v0.4.3
2026-10-09T23:16:34.7720965Z [1m[92m   Compiling[0m derive_more v0.99.20
2026-10-09T23:16:34.8025842Z [1m[92m   Compiling[0m match_token v0.1.0
2026-10-09T23:16:34.8748740Z [1m[92m   Compiling[0m links-notation-macro v0.1.0
2026-10-09T23:16:35.0299111Z [1m[92m   Compiling[0m tree-sitter-sequel v0.3.11
2026-10-09T23:16:35.1509603Z [1m[92m   Compiling[0m tree-sitter-r v1.3.0
2026-10-09T23:16:35.1624045Z [1m[92m   Compiling[0m tree-sitter-java v0.23.5
2026-10-09T23:16:35.1782329Z [1m[92m   Compiling[0m tree-sitter-pascal v0.10.2
2026-10-09T23:16:35.2619676Z [1m[92m   Compiling[0m tree-sitter-go v0.25.0
2026-10-09T23:16:35.2680665Z [1m[92m   Compiling[0m ts-parser-perl v1.2.1
2026-10-09T23:16:35.2880510Z [1m[92m   Compiling[0m tree-sitter-c v0.24.2
2026-10-09T23:16:35.3779120Z [1m[92m   Compiling[0m tree-sitter-typescript v0.23.2
2026-10-09T23:16:35.3856488Z [1m[92m   Compiling[0m tree-sitter-scala v0.25.1
2026-10-09T23:16:35.3948848Z [1m[92m   Compiling[0m tree-sitter-kotlin-ng v1.1.0
2026-10-09T23:16:35.4817451Z [1m[92m   Compiling[0m tree-sitter-python v0.25.0
2026-10-09T23:16:35.4866844Z [1m[92m   Compiling[0m tree-sitter-ini v1.4.0
2026-10-09T23:16:35.4904400Z [1m[92m   Compiling[0m tree-sitter-lua v0.2.0
2026-10-09T23:16:35.5880461Z [1m[92m   Compiling[0m tree-sitter-css v0.25.0
2026-10-09T23:16:35.5948868Z [1m[92m   Compiling[0m tree-sitter-yaml v0.7.2
2026-10-09T23:16:35.5950295Z [1m[92m   Compiling[0m tree-sitter-toml-ng v0.7.0
2026-10-09T23:16:35.6943776Z [1m[92m   Compiling[0m tree-sitter-rust v0.24.2
2026-10-09T23:16:35.6994536Z [1m[92m   Compiling[0m tree-sitter-json v0.24.8
2026-10-09T23:16:35.7043666Z [1m[92m   Compiling[0m tree-sitter-proto v0.4.0
2026-10-09T23:16:35.7899192Z [1m[92m   Compiling[0m tree-sitter-html v0.23.2
2026-10-09T23:16:35.7968919Z [1m[92m   Compiling[0m tree-sitter-cpp v0.23.4
2026-10-09T23:16:35.8082695Z [1m[92m   Compiling[0m tree-sitter-xml v0.7.0
2026-10-09T23:16:35.8957135Z [1m[92m   Compiling[0m tree-sitter-swift v0.7.4
2026-10-09T23:16:35.9028757Z [1m[92m   Compiling[0m tree-sitter-ruby v0.23.1
2026-10-09T23:16:35.9313232Z [1m[92m   Compiling[0m tree-sitter-javascript v0.25.0
2026-10-09T23:16:36.0064176Z [1m[92m   Compiling[0m tree-sitter-graphql v0.1.0
2026-10-09T23:16:36.0127206Z [1m[92m   Compiling[0m tree-sitter-php v0.24.2
2026-10-09T23:16:36.0338626Z [1m[92m   Compiling[0m tree-sitter-c-sharp v0.23.5
2026-10-09T23:16:36.1108127Z [1m[92m   Compiling[0m tree-sitter-vb-dotnet v0.1.0
2026-10-09T23:16:36.1156282Z [1m[92m   Compiling[0m ctor-proc-macro v0.0.6
2026-10-09T23:16:36.1519238Z [1m[92m   Compiling[0m unsafe-libyaml v0.2.11
2026-10-09T23:16:36.2239211Z [1m[92m   Compiling[0m allocator-api2 v0.4.0
2026-10-09T23:16:36.2638856Z [1m[92m   Compiling[0m hashbrown v0.14.5
2026-10-09T23:16:36.3738070Z [1m[92m   Compiling[0m rust_decimal v1.43.0
2026-10-09T23:16:36.3791938Z [1m[92m   Compiling[0m lino-env v0.1.0
2026-10-09T23:16:36.4512307Z [1m[92m   Compiling[0m foldhash v0.2.0
2026-10-09T23:16:36.4668065Z [1m[92m   Compiling[0m tinyvec v1.13.3
2026-10-09T23:16:36.5028648Z [1m[92m   Compiling[0m bitflags v1.3.2
2026-10-09T23:16:36.5383211Z [1m[92m   Compiling[0m iana-time-zone v0.1.65
2026-10-09T23:16:36.5889008Z [1m[92m   Compiling[0m dotenvy v0.15.7
2026-10-09T23:16:36.5989764Z [1m[92m   Compiling[0m beef v0.5.2
2026-10-09T23:16:36.6180354Z [1m[92m   Compiling[0m chrono v0.4.45
2026-10-09T23:16:36.6884387Z [1m[92m   Compiling[0m platform-data v2.0.0
2026-10-09T23:16:36.6946677Z [1m[92m   Compiling[0m unicode-normalization v0.1.25
2026-10-09T23:16:36.7952120Z [1m[92m   Compiling[0m kanaria v0.2.0
2026-10-09T23:16:36.9032773Z [1m[92m   Compiling[0m hashbrown v0.16.1
2026-10-09T23:16:36.9253953Z [1m[92m   Compiling[0m dashmap v6.2.1
2026-10-09T23:16:37.0061324Z [1m[92m   Compiling[0m platform-mem v0.3.0
2026-10-09T23:16:37.0342837Z [1m[92m   Compiling[0m serde_yaml_ng v0.10.0
2026-10-09T23:16:37.0918706Z [1m[92m   Compiling[0m ctor v0.4.3
2026-10-09T23:16:55.2853230Z [1m[92m   Compiling[0m links-notation v0.23.0
2026-10-09T23:16:59.6528284Z [1m[92m   Compiling[0m html5ever v0.29.1
2026-10-09T23:17:01.0851545Z [1m[92m   Compiling[0m rtc-ice v0.21.0
2026-10-09T23:17:01.2938897Z [1m[92m   Compiling[0m rtc-dtls v0.21.0
2026-10-09T23:17:01.5509285Z [1m[92m   Compiling[0m rtc-datachannel v0.21.0
2026-10-09T23:17:01.6241059Z [1m[92m   Compiling[0m pest_derive v2.9.2
2026-10-09T23:17:01.7218713Z [1m[92m   Compiling[0m rayon v1.12.0
2026-10-09T23:17:01.7546494Z [1m[92m   Compiling[0m rand v0.9.5
2026-10-09T23:17:01.9362614Z [1m[92m   Compiling[0m parse-hyperlinks v0.23.4
2026-10-09T23:17:02.0129541Z [1m[92m   Compiling[0m itertools v0.14.0
2026-10-09T23:17:02.0760815Z [1m[92m   Compiling[0m platform-trees v0.3.4
2026-10-09T23:17:02.1235613Z [1m[92m   Compiling[0m rtc-srtp v0.21.0
2026-10-09T23:17:02.1628834Z [1m[92m   Compiling[0m rtc-interceptor v0.21.0
2026-10-09T23:17:02.2178825Z [1m[92m   Compiling[0m rtc-turn v0.21.0
2026-10-09T23:17:02.2289862Z [1m[92m   Compiling[0m vte v0.15.0
2026-10-09T23:17:02.3323615Z [1m[92m   Compiling[0m getopts v0.2.24
2026-10-09T23:17:02.3566429Z [1m[92m   Compiling[0m rtc-media v0.21.0
2026-10-09T23:17:02.3648963Z [1m[92m   Compiling[0m hashlink v0.10.0
2026-10-09T23:17:02.4439181Z [1m[92m   Compiling[0m futures-executor v0.3.34
2026-10-09T23:17:02.5210060Z [1m[92m   Compiling[0m lingua-spanish-language-model v1.3.0
2026-10-09T23:17:02.5363574Z [1m[92m   Compiling[0m lingua-bengali-language-model v1.3.0
2026-10-09T23:17:02.5564802Z [1m[92m   Compiling[0m lingua-portuguese-language-model v1.3.0
2026-10-09T23:17:02.6611725Z [1m[92m   Compiling[0m lingua-hindi-language-model v1.3.0
2026-10-09T23:17:02.7351986Z [1m[92m   Compiling[0m lingua-english-language-model v1.3.0
2026-10-09T23:17:02.7938681Z [1m[92m   Compiling[0m lingua-russian-language-model v1.3.0
2026-10-09T23:17:02.7980486Z [1m[92m   Compiling[0m lingua-arabic-language-model v1.3.0
2026-10-09T23:17:02.9369914Z [1m[92m   Compiling[0m lingua-urdu-language-model v1.3.0
2026-10-09T23:17:03.0200748Z [1m[92m   Compiling[0m lingua-chinese-language-model v1.3.0
2026-10-09T23:17:03.0761712Z [1m[92m   Compiling[0m lingua-french-language-model v1.3.0
2026-10-09T23:17:03.1277934Z [1m[92m   Compiling[0m concurrent-queue v2.5.0
2026-10-09T23:17:03.1993420Z [1m[92m   Compiling[0m abnf-core v0.5.0
2026-10-09T23:17:03.2448677Z [1m[92m   Compiling[0m rtc-sdp v0.21.0
2026-10-09T23:17:03.2715303Z [1m[92m   Compiling[0m filedescriptor v0.8.3
2026-10-09T23:17:03.2922572Z [1m[92m   Compiling[0m strum_macros v0.27.2
2026-10-09T23:17:03.3908691Z [1m[92m   Compiling[0m counter v0.7.1
2026-10-09T23:17:03.4720194Z [1m[92m   Compiling[0m raw-cpuid v11.6.0
2026-10-09T23:17:03.5017102Z [1m[92m   Compiling[0m async-trait v0.1.92
2026-10-09T23:17:03.9401685Z [1m[92m   Compiling[0m serial2 v0.2.38
2026-10-09T23:17:04.0303941Z [1m[92m   Compiling[0m unicode-segmentation v1.13.3
2026-10-09T23:17:04.0878951Z [1m[92m   Compiling[0m downcast-rs v1.2.1
2026-10-09T23:17:04.2558580Z [1m[92m   Compiling[0m unicase v2.10.0
2026-10-09T23:17:04.2639840Z [1m[92m   Compiling[0m leak_slice v0.2.0
2026-10-09T23:17:04.3750516Z [1m[92m   Compiling[0m winnow v1.0.4
2026-10-09T23:17:04.3820442Z [1m[92m   Compiling[0m unicode-blocks v0.1.10
2026-10-09T23:17:04.3998495Z [1m[92m   Compiling[0m link-section v0.19.3
2026-10-09T23:17:04.4738704Z [1m[92m   Compiling[0m maplit v1.0.2
2026-10-09T23:17:04.5246345Z [1m[92m   Compiling[0m shell-words v1.1.1
2026-10-09T23:17:04.5436282Z [1m[92m   Compiling[0m strum v0.27.2
2026-10-09T23:17:04.5844670Z [1m[92m   Compiling[0m link-calculator v0.22.0
2026-10-09T23:17:04.6196456Z [1m[92m   Compiling[0m ego-tree v0.9.0
2026-10-09T23:17:04.6319168Z [1m[92m   Compiling[0m linktime-proc-macro v0.2.3
2026-10-09T23:17:04.7298803Z [1m[92m   Compiling[0m streaming-iterator v0.1.9
2026-10-09T23:17:04.7678855Z [1m[92m   Compiling[0m hex v0.4.3
2026-10-09T23:17:04.8749273Z [1m[92m   Compiling[0m tap v1.0.1
2026-10-09T23:17:04.9492277Z [1m[92m   Compiling[0m unicode-general-category v1.1.0
2026-10-09T23:17:04.9583902Z [1m[92m   Compiling[0m ctor v1.0.13
2026-10-09T23:17:04.9809272Z [1m[92m   Compiling[0m doublets v0.5.0
2026-10-09T23:17:05.1557860Z [1m[92m   Compiling[0m rtc v0.21.0
2026-10-09T23:17:05.3194597Z [1m[92m   Compiling[0m scraper v0.21.0
2026-10-09T23:17:05.4721351Z [1m[92m   Compiling[0m lingua v1.8.0
2026-10-09T23:17:05.5704912Z [1m[92m   Compiling[0m portable-pty v0.9.0
2026-10-09T23:17:05.7337039Z [1m[92m   Compiling[0m toml_parser v1.1.3+spec-1.1.0
2026-10-09T23:17:05.7459473Z [1m[92m   Compiling[0m quanta v0.12.6
2026-10-09T23:17:05.8489645Z [1m[92m   Compiling[0m abnf v0.13.0
2026-10-09T23:17:05.9543617Z [1m[92m   Compiling[0m async-channel v2.5.0
2026-10-09T23:17:06.0060266Z [1m[92m   Compiling[0m futures v0.3.34
2026-10-09T23:17:06.0577904Z [1m[92m   Compiling[0m json5_nodes v2.0.2
2026-10-09T23:17:06.0927727Z [1m[92m   Compiling[0m vt100 v0.16.2
2026-10-09T23:17:06.2012134Z [1m[92m   Compiling[0m ebnf v0.1.4
2026-10-09T23:17:06.2551337Z [1m[92m   Compiling[0m bnf v0.6.0
2026-10-09T23:17:09.3338652Z [1m[92m   Compiling[0m lino-arguments v0.3.0
2026-10-09T23:17:09.5558731Z [1m[92m   Compiling[0m async-broadcast v0.7.2
2026-10-09T23:17:09.7368639Z [1m[92m   Compiling[0m wasm-bindgen-futures v0.4.79
2026-10-09T23:17:09.7738735Z [1m[92m   Compiling[0m serde-wasm-bindgen v0.6.5
2026-10-09T23:17:09.9328626Z [1m[92m   Compiling[0m web-sys v0.3.106
2026-10-09T23:17:10.0190924Z [1m[92m   Compiling[0m sha1 v0.11.0
2026-10-09T23:17:10.4392015Z [1m[92m   Compiling[0m links-notation v0.13.0
2026-10-09T23:17:10.5529362Z [1m[92m   Compiling[0m console_error_panic_hook v0.1.7
2026-10-09T23:17:10.5934761Z [1m[92m   Compiling[0m symbol_table v0.4.0
2026-10-09T23:17:10.6591731Z [1m[92m   Compiling[0m whatlang v0.18.0
2026-10-09T23:17:10.6841152Z [1m[92m   Compiling[0m num-rational v0.4.2
2026-10-09T23:17:10.8508786Z [1m[92m   Compiling[0m num-bigint v0.5.1
2026-10-09T23:17:11.0927818Z [1m[92m   Compiling[0m env_logger v0.9.3
2026-10-09T23:17:11.1089460Z [1m[92m   Compiling[0m which v8.0.6
2026-10-09T23:17:11.2466282Z [1m[92m   Compiling[0m symbolic_expressions v5.0.3
2026-10-09T23:17:11.2622939Z [1m[92m   Compiling[0m toml_writer v1.1.2+spec-1.1.0
2026-10-09T23:17:11.3412696Z [1m[92m   Compiling[0m toml_datetime v1.1.1+spec-1.1.0
2026-10-09T23:17:11.3446754Z [1m[92m   Compiling[0m unicode-bidi v0.3.18
2026-10-09T23:17:11.3618637Z [1m[92m   Compiling[0m formal-ai v0.352.1 (/home/runner/work/formal-ai/formal-ai/rust)
2026-10-09T23:17:11.4369416Z [1m[92m   Compiling[0m mutate_once v0.1.2
2026-10-09T23:17:11.5077940Z [1m[92m   Compiling[0m same-file v1.0.6
2026-10-09T23:17:11.5590361Z [1m[92m   Compiling[0m kamadak-exif v0.6.1
2026-10-09T23:17:11.5592800Z [1m[92m   Compiling[0m toml_edit v0.25.15+spec-1.1.0
2026-10-09T23:17:11.5996623Z [1m[92m   Compiling[0m walkdir v2.5.0
2026-10-09T23:17:11.7041169Z [1m[92m   Compiling[0m command-stream v1.5.3
2026-10-09T23:17:11.7152740Z [1m[92m   Compiling[0m egg v0.11.0
2026-10-09T23:17:11.9732372Z [1m[92m   Compiling[0m tungstenite v0.30.0
2026-10-09T23:17:12.1213749Z [1m[92m   Compiling[0m webrtc v0.21.0
2026-10-09T23:17:12.1402385Z [1m[92m   Compiling[0m link-cli v1.0.0
2026-10-09T23:17:12.3566430Z [1m[92m   Compiling[0m web-capture v0.3.37
2026-10-09T23:17:12.6048929Z [1m[92m   Compiling[0m lino-arguments v0.4.0
2026-10-09T23:17:12.7152750Z [1m[92m   Compiling[0m lino-objects-codec v0.8.0
2026-10-09T23:17:12.7563155Z [1m[92m   Compiling[0m sha2 v0.11.0
2026-10-09T23:17:12.8708515Z [1m[92m   Compiling[0m web-search v0.6.0
2026-10-09T23:17:12.9113071Z [1m[92m   Compiling[0m thread-priority v3.1.1
2026-10-09T23:17:13.0044469Z [1m[92m   Compiling[0m fs2 v0.4.3
2026-10-09T23:17:13.0928768Z [1m[92m   Compiling[0m temp-env v0.3.6
2026-10-09T23:17:22.4779501Z [1m[92m   Compiling[0m tokio-rustls v0.26.6
2026-10-09T23:17:22.4788289Z [1m[92m   Compiling[0m rustls-platform-verifier v0.7.1
2026-10-09T23:17:22.5790004Z [1m[92m   Compiling[0m hyper-rustls v0.27.10
2026-10-09T23:17:22.6723757Z [1m[92m   Compiling[0m reqwest v0.13.5
2026-10-09T23:17:23.2001843Z [1m[92m   Compiling[0m lindera-jieba v3.0.7
2026-10-09T23:17:36.1061038Z [1m[92m   Compiling[0m lindera v3.0.7
2026-10-09T23:17:36.3178381Z [1m[92m   Compiling[0m meta-language v0.58.2
2026-10-09T23:20:27.1873311Z [1m[91merror[E0277][0m[1m: the trait bound `Array<u8, UInt<UInt<UInt<UInt<_, B0>, B0>, B0>, B0>>: LowerHex` is not satisfied[0m
2026-10-09T23:20:27.1886745Z    [1m[94m--> [0mtests/unit/ci-cd/source_test_placement.rs:235:34
2026-10-09T23:20:27.1888030Z     [1m[94m|[0m
2026-10-09T23:20:27.1891536Z [1m[94m235[0m [1m[94m|[0m     let digest = format!("{:x}", Sha256::digest(&content));
2026-10-09T23:20:27.1893683Z     [1m[94m|[0m                           [1m[94m----[0m   [1m[91m^^^^^^^^^^^^^^^^^^^^^^^^[0m [1m[91mthe trait `LowerHex` is not implemented for `Array<u8, UInt<UInt<UInt<UInt<UInt<_, B0>, B0>, B0>, B0>, B0>>`[0m
2026-10-09T23:20:27.1895743Z     [1m[94m|[0m                           [1m[94m|[0m
2026-10-09T23:20:27.1896859Z     [1m[94m|[0m                           [1m[94mrequired by this formatting parameter[0m
2026-10-09T23:20:27.1897884Z     [1m[94m|[0m
2026-10-09T23:20:27.1898588Z     [1m[94m= [0m[1mhelp[0m: the following other types implement trait `LowerHex`:
2026-10-09T23:20:27.1899236Z               &T
2026-10-09T23:20:27.1899575Z               &mut T
2026-10-09T23:20:27.1899932Z               Saturating<T>
2026-10-09T23:20:27.1900316Z               Wrapping<T>
2026-10-09T23:20:27.1900709Z               bytes::bytes::Bytes
2026-10-09T23:20:27.1901192Z               bytes::bytes_mut::BytesMut
2026-10-09T23:20:27.1901760Z               compiler_builtins::math::libm_math::support::big::i256
2026-10-09T23:20:27.1902811Z               compiler_builtins::math::libm_math::support::big::u256
2026-10-09T23:20:27.1903400Z             and 241 others
2026-10-09T23:20:27.1904883Z     [1m[94m= [0m[1mnote[0m: the full name for the type has been written to '/home/runner/work/formal-ai/formal-ai/rust/target/debug/deps/unit-d83b4470f73618ab.long-type-3087890658449826704.txt'
2026-10-09T23:20:27.1906579Z     [1m[94m= [0m[1mnote[0m: consider using `--verbose` to print the full type name to the console
2026-10-09T23:20:27.1907175Z 
2026-10-09T23:20:27.1908178Z [1m[91merror[E0277][0m[1m: the trait bound `Array<u8, UInt<UInt<UInt<UInt<_, B0>, B0>, B0>, B0>>: LowerHex` is not satisfied[0m
2026-10-09T23:20:27.1909206Z    [1m[94m--> [0mtests/unit/ci-cd/source_test_placement.rs:236:24
2026-10-09T23:20:27.1909776Z     [1m[94m|[0m
2026-10-09T23:20:27.1937868Z [1m[94m236[0m [1m[94m|[0m     if format!("{:x}", Sha256::digest(fs::read(&target).ok()?)) != digest {
2026-10-09T23:20:27.1939862Z     [1m[94m|[0m                 [1m[94m----[0m   [1m[91m^^^^^^^^^^^^^^^^^^^^^^^^^^^^^^^^^^^^^^^[0m [1m[91mthe trait `LowerHex` is not implemented for `Array<u8, UInt<UInt<UInt<UInt<UInt<_, B0>, B0>, B0>, B0>, B0>>`[0m
2026-10-09T23:20:27.1941223Z     [1m[94m|[0m                 [1m[94m|[0m
2026-10-09T23:20:27.1941963Z     [1m[94m|[0m                 [1m[94mrequired by this formatting parameter[0m
2026-10-09T23:20:27.1942605Z     [1m[94m|[0m
2026-10-09T23:20:27.1943208Z     [1m[94m= [0m[1mhelp[0m: the following other types implement trait `LowerHex`:
2026-10-09T23:20:27.1943740Z               &T
2026-10-09T23:20:27.1944033Z               &mut T
2026-10-09T23:20:27.1944378Z               Saturating<T>
2026-10-09T23:20:27.1944789Z               Wrapping<T>
2026-10-09T23:20:27.1945128Z               bytes::bytes::Bytes
2026-10-09T23:20:27.1945502Z               bytes::bytes_mut::BytesMut
2026-10-09T23:20:27.1945966Z               compiler_builtins::math::libm_math::support::big::i256
2026-10-09T23:20:27.1946537Z               compiler_builtins::math::libm_math::support::big::u256
2026-10-09T23:20:27.1947018Z             and 241 others
2026-10-09T23:20:27.1978466Z     [1m[94m= [0m[1mnote[0m: the full name for the type has been written to '/home/runner/work/formal-ai/formal-ai/rust/target/debug/deps/unit-d83b4470f73618ab.long-type-3087890658449826704.txt'
2026-10-09T23:20:27.1980287Z     [1m[94m= [0m[1mnote[0m: consider using `--verbose` to print the full type name to the console
2026-10-09T23:20:27.1980892Z 
2026-10-09T23:20:27.2006602Z [1m[91merror[E0277][0m[1m: the trait bound `Array<u8, UInt<UInt<UInt<UInt<_, B0>, B0>, B0>, B0>>: LowerHex` is not satisfied[0m
2026-10-09T23:20:27.2008699Z    [1m[94m--> [0mtests/unit/ci-cd/source_test_placement.rs:353:40
2026-10-09T23:20:27.2009600Z     [1m[94m|[0m
2026-10-09T23:20:27.2010818Z [1m[94m353[0m [1m[94m|[0m         let expected = format!("{:x}", Sha256::digest(bytes));
2026-10-09T23:20:27.2012845Z     [1m[94m|[0m                                 [1m[94m----[0m   [1m[91m^^^^^^^^^^^^^^^^^^^^^[0m [1m[91mthe trait `LowerHex` is not implemented for `Array<u8, UInt<UInt<UInt<UInt<UInt<_, B0>, B0>, B0>, B0>, B0>>`[0m
2026-10-09T23:20:27.2014229Z     [1m[94m|[0m                                 [1m[94m|[0m
2026-10-09T23:20:27.2015050Z     [1m[94m|[0m                                 [1m[94mrequired by this formatting parameter[0m
2026-10-09T23:20:27.2015728Z     [1m[94m|[0m
2026-10-09T23:20:27.2016392Z     [1m[94m= [0m[1mhelp[0m: the following other types implement trait `LowerHex`:
2026-10-09T23:20:27.2017037Z               &T
2026-10-09T23:20:27.2017590Z               &mut T
2026-10-09T23:20:27.2017938Z               Saturating<T>
2026-10-09T23:20:27.2018325Z               Wrapping<T>
2026-10-09T23:20:27.2018770Z               bytes::bytes::Bytes
2026-10-09T23:20:27.2019201Z               bytes::bytes_mut::BytesMut
2026-10-09T23:20:27.2019767Z               compiler_builtins::math::libm_math::support::big::i256
2026-10-09T23:20:27.2020734Z               compiler_builtins::math::libm_math::support::big::u256
2026-10-09T23:20:27.2021298Z             and 241 others
2026-10-09T23:20:27.2022813Z     [1m[94m= [0m[1mnote[0m: the full name for the type has been written to '/home/runner/work/formal-ai/formal-ai/rust/target/debug/deps/unit-d83b4470f73618ab.long-type-3087890658449826704.txt'
2026-10-09T23:20:27.2024501Z     [1m[94m= [0m[1mnote[0m: consider using `--verbose` to print the full type name to the console
2026-10-09T23:20:27.2025116Z 
2026-10-09T23:20:36.7295833Z [1mFor more information about this error, try `rustc --explain E0277`.[0m
2026-10-09T23:20:36.7757555Z [1m[91merror[0m: could not compile `formal-ai` (test "unit") due to 3 previous errors
2026-10-09T23:20:36.8730321Z ##[error]Process completed with exit code 101.
2026-10-09T23:20:36.9021352Z Post job cleanup.
2026-10-09T23:20:36.9027817Z ##[start-action display=Install sccache;id=__ef515e70-6dff-469f-9d00-a6905da76471.__mozilla-actions_sccache-action]
2026-10-09T23:20:36.9082663Z Post job cleanup.
2026-10-09T23:20:36.9957539Z ##[group]Get human-readable stats
2026-10-09T23:20:36.9977218Z [command]/opt/hostedtoolcache/sccache/0.16.0/x64/sccache --show-stats
2026-10-09T23:20:37.0048957Z Compile requests                    1238
2026-10-09T23:20:37.0079379Z Compile requests executed           1072
2026-10-09T23:20:37.0080626Z Cache hits                          1002
2026-10-09T23:20:37.0081870Z Cache hits (Assembler)               135
2026-10-09T23:20:37.0083120Z Cache hits (C/C++)                   273
2026-10-09T23:20:37.0083791Z Cache hits (Rust)                    594
2026-10-09T23:20:37.0084847Z Cache misses                          64
2026-10-09T23:20:37.0085708Z Cache misses (C/C++)                  59
2026-10-09T23:20:37.0086442Z Cache misses (Rust)                    5
2026-10-09T23:20:37.0087350Z Cache hits rate                    94.00 %
2026-10-09T23:20:37.0088680Z Cache hits rate (Assembler)       100.00 %
2026-10-09T23:20:37.0089953Z Cache hits rate (C/C++)            82.23 %
2026-10-09T23:20:37.0090921Z Cache hits rate (Rust)             99.17 %
2026-10-09T23:20:37.0091435Z Cache timeouts                         0
2026-10-09T23:20:37.0091925Z Cache read errors                      0
2026-10-09T23:20:37.0092377Z Forced recaches                        0
2026-10-09T23:20:37.0092654Z Cache write errors                    63
2026-10-09T23:20:37.0093065Z Cache errors                           0
2026-10-09T23:20:37.0093389Z Compilations                          64
2026-10-09T23:20:37.0093657Z Compilation failures                   6
2026-10-09T23:20:37.0093932Z Non-cacheable compilations             0
2026-10-09T23:20:37.0094351Z Non-cacheable calls                  159
2026-10-09T23:20:37.0094624Z Non-compilation calls                  7
2026-10-09T23:20:37.0094912Z Unsupported compiler calls             0
2026-10-09T23:20:37.0095183Z Average cache write                1.025 s
2026-10-09T23:20:37.0095634Z Average compiler                   3.147 s
2026-10-09T23:20:37.0095904Z Average cache read hit             0.053 s
2026-10-09T23:20:37.0096176Z Failed distributed compilations        0
2026-10-09T23:20:37.0096355Z 
2026-10-09T23:20:37.0096456Z Non-cacheable reasons:
2026-10-09T23:20:37.0096807Z crate-type                           136
2026-10-09T23:20:37.0097061Z missing input                         11
2026-10-09T23:20:37.0097466Z -                                      7
2026-10-09T23:20:37.0097908Z -o                                     5
2026-10-09T23:20:37.0098200Z 
2026-10-09T23:20:37.0098885Z Cache location                  ghac, name: 90541733aa72480a9e77ce99e66fc1cfabfa835d74c751408eb0351b7adcec6b, prefix: /sccache/
2026-10-09T23:20:37.0099893Z Base directories                (none)
2026-10-09T23:20:37.0100303Z Version (client)                0.16.0
2026-10-09T23:20:37.0101158Z ##[endgroup]
2026-10-09T23:20:37.0101696Z ##[group]Get JSON stats
2026-10-09T23:20:37.0102555Z [command]/opt/hostedtoolcache/sccache/0.16.0/x64/sccache --show-stats --stats-format=json
2026-10-09T23:20:37.0154722Z {"stats":{"compile_requests":1238,"requests_unsupported_compiler":0,"requests_not_compile":7,"requests_not_cacheable":159,"requests_executed":1072,"cache_errors":{"counts":{},"adv_counts":{}},"cache_hits":{"counts":{"C/C++":273,"Rust":594,"Assembler":135},"adv_counts":{"rust":594,"assemblerToPreprocess [gcc]":135,"c [gcc]":273}},"cache_misses":{"counts":{"C/C++":59,"Rust":5},"adv_counts":{"c [gcc]":59,"rust":5}},"cache_timeouts":0,"cache_read_errors":0,"non_cacheable_compilations":0,"forced_recaches":0,"cache_write_errors":63,"cache_writes":1,"cache_write_duration":{"secs":1,"nanos":25208135},"cache_read_hit_duration":{"secs":54,"nanos":43943951},"compilations":64,"compiler_write_duration":{"secs":201,"nanos":443857267},"compile_fails":6,"not_cached":{"missing input":11,"crate-type":136,"-":7,"-o":5},"dist_compiles":{},"dist_errors":0,"multi_level":null},"cache_location":"ghac, name: 90541733aa72480a9e77ce99e66fc1cfabfa835d74c751408eb0351b7adcec6b, prefix: /sccache/","cache_size":null,"max_cache_size":null,"use_preprocessor_cache_mode":false,"version":"0.16.0","basedirs":[]}
2026-10-09T23:20:37.0162919Z ##[endgroup]
2026-10-09T23:20:37.0180025Z ##[notice]94% - 1002 hits, 64 misses, 0 errors
2026-10-09T23:20:37.0180823Z 
2026-10-09T23:20:37.0181188Z Full human-readable stats:
2026-10-09T23:20:37.0181881Z Compile requests                    1238
2026-10-09T23:20:37.0182583Z Compile requests executed           1072
2026-10-09T23:20:37.0183264Z Cache hits                          1002
2026-10-09T23:20:37.0183936Z Cache hits (Assembler)               135
2026-10-09T23:20:37.0184640Z Cache hits (C/C++)                   273
2026-10-09T23:20:37.0185307Z Cache hits (Rust)                    594
2026-10-09T23:20:37.0186002Z Cache misses                          64
2026-10-09T23:20:37.0186700Z Cache misses (C/C++)                  59
2026-10-09T23:20:37.0187649Z Cache misses (Rust)                    5
2026-10-09T23:20:37.0188376Z Cache hits rate                    94.00 %
2026-10-09T23:20:37.0189433Z Cache hits rate (Assembler)       100.00 %
2026-10-09T23:20:37.0190202Z Cache hits rate (C/C++)            82.23 %
2026-10-09T23:20:37.0190890Z Cache hits rate (Rust)             99.17 %
2026-10-09T23:20:37.0191605Z Cache timeouts                         0
2026-10-09T23:20:37.0192329Z Cache read errors                      0
2026-10-09T23:20:37.0193087Z Forced recaches                        0
2026-10-09T23:20:37.0193814Z Cache write errors                    63
2026-10-09T23:20:37.0194555Z Cache errors                           0
2026-10-09T23:20:37.0195255Z Compilations                          64
2026-10-09T23:20:37.0195945Z Compilation failures                   6
2026-10-09T23:20:37.0196667Z Non-cacheable compilations             0
2026-10-09T23:20:37.0197518Z Non-cacheable calls                  159
2026-10-09T23:20:37.0198268Z Non-compilation calls                  7
2026-10-09T23:20:37.0198966Z Unsupported compiler calls             0
2026-10-09T23:20:37.0199631Z Average cache write                1.025 s
2026-10-09T23:20:37.0200276Z Average compiler                   3.147 s
2026-10-09T23:20:37.0200968Z Average cache read hit             0.053 s
2026-10-09T23:20:37.0201657Z Failed distributed compilations        0
2026-10-09T23:20:37.0202964Z 
2026-10-09T23:20:37.0203312Z Non-cacheable reasons:
2026-10-09T23:20:37.0204013Z crate-type                           136
2026-10-09T23:20:37.0204766Z missing input                         11
2026-10-09T23:20:37.0205454Z -                                      7
2026-10-09T23:20:37.0206065Z -o                                     5
2026-10-09T23:20:37.0206527Z 
2026-10-09T23:20:37.0207530Z Cache location                  ghac, name: 90541733aa72480a9e77ce99e66fc1cfabfa835d74c751408eb0351b7adcec6b, prefix: /sccache/
2026-10-09T23:20:37.0208706Z Base directories                (none)
2026-10-09T23:20:37.0209328Z Version (client)                0.16.0
2026-10-09T23:20:37.0209786Z 
2026-10-09T23:20:37.0287811Z ##[end-action id=__ef515e70-6dff-469f-9d00-a6905da76471.__mozilla-actions_sccache-action;outcome=success;conclusion=success;duration_ms=125]
2026-10-09T23:20:37.0394819Z Post job cleanup.
2026-10-09T23:20:37.1297920Z [command]/usr/bin/git version
2026-10-09T23:20:37.1345162Z git version 2.55.0
2026-10-09T23:20:37.1387197Z Temporarily overriding HOME='/home/runner/work/_temp/43526859-e571-4ece-bd77-b7844eda657c' before making global git config changes
2026-10-09T23:20:37.1388706Z Adding repository directory to the temporary git global config as a safe directory
2026-10-09T23:20:37.1393288Z [command]/usr/bin/git config --global --add safe.directory /home/runner/work/formal-ai/formal-ai
2026-10-09T23:20:37.1442354Z Removing SSH command configuration
2026-10-09T23:20:37.1443175Z [command]/usr/bin/git config --local --name-only --get-regexp core\.sshCommand
2026-10-09T23:20:37.1470586Z [command]/usr/bin/git submodule foreach --recursive sh -c "git config --local --name-only --get-regexp 'core\.sshCommand' && git config --local --unset-all 'core.sshCommand' || :"
2026-10-09T23:20:37.1758825Z Removing HTTP extra header
2026-10-09T23:20:37.1770092Z [command]/usr/bin/git config --local --name-only --get-regexp http\.https\:\/\/github\.com\/\.extraheader
2026-10-09T23:20:37.1819976Z [command]/usr/bin/git submodule foreach --recursive sh -c "git config --local --name-only --get-regexp 'http\.https\:\/\/github\.com\/\.extraheader' && git config --local --unset-all 'http.https://github.com/.extraheader' || :"
2026-10-09T23:20:37.2148347Z Removing includeIf entries pointing to credentials config files
2026-10-09T23:20:37.2149529Z [command]/usr/bin/git config --local --name-only --get-regexp ^includeIf\.gitdir:
2026-10-09T23:20:37.2168129Z [command]/usr/bin/git submodule foreach --recursive git config --local --show-origin --name-only --get-regexp remote.origin.url
2026-10-09T23:20:37.2675269Z Cleaning up orphan processes
2026-10-09T23:20:37.3065844Z Terminate orphan process: pid (2540) (sccache)
