2026-10-09T20:23:32.0676766Z Current runner version: '2.337.0'
2026-10-09T20:23:32.0698485Z ##[group]Runner Image Provisioner
2026-10-09T20:23:32.0699225Z Hosted Compute Agent
2026-10-09T20:23:32.0699820Z Version: 20261002.596
2026-10-09T20:23:32.0700343Z Commit: c3d12f3313a95f25162a1503be624f3b0617f8c0
2026-10-09T20:23:32.0700987Z Build Date: 2026-10-02T22:28:27Z
2026-10-09T20:23:32.0701718Z Worker ID: {493e77d2-02a4-4ea0-b2f6-ea5b6683c94c}
2026-10-09T20:23:32.0702319Z Region: mexicocentral
2026-10-09T20:23:32.0702903Z Cloud: Azure
2026-10-09T20:23:32.0703357Z ##[endgroup]
2026-10-09T20:23:32.0704791Z ##[group]Operating System
2026-10-09T20:23:32.0705327Z Ubuntu
2026-10-09T20:23:32.0705779Z 24.04.5
2026-10-09T20:23:32.0706275Z LTS
2026-10-09T20:23:32.0706705Z ##[endgroup]
2026-10-09T20:23:32.0707149Z ##[group]Runner Image
2026-10-09T20:23:32.0707706Z Image: ubuntu-24.04
2026-10-09T20:23:32.0708177Z Version: 20261004.327.1
2026-10-09T20:23:32.0709274Z Included Software: https://github.com/actions/runner-images/blob/ubuntu24/20261004.327/images/ubuntu/Ubuntu2404-Readme.md
2026-10-09T20:23:32.0710507Z Image Release: https://github.com/actions/runner-images/releases/tag/ubuntu24%2F20261004.327
2026-10-09T20:23:32.0711614Z ##[endgroup]
2026-10-09T20:23:32.0712558Z ##[group]GITHUB_TOKEN Permissions
2026-10-09T20:23:32.0714359Z Contents: read
2026-10-09T20:23:32.0714885Z Metadata: read
2026-10-09T20:23:32.0715421Z ##[endgroup]
2026-10-09T20:23:32.0717155Z Secret source: Actions
2026-10-09T20:23:32.0717980Z Cache mode: write
2026-10-09T20:23:32.0718557Z Prepare workflow directory
2026-10-09T20:23:32.0982300Z Prepare all required actions
2026-10-09T20:23:32.1025271Z Getting action download info
2026-10-09T20:23:32.4742465Z Download action repository 'actions/checkout@v7' (SHA:3d3c42e5aac5ba805825da76410c181273ba90b1)
2026-10-09T20:23:32.5752767Z Download action repository 'oven-sh/setup-bun@v2' (SHA:0c5077e51419868618aeaa5fe8019c62421857d6)
2026-10-09T20:23:33.3442825Z Complete job name: js tier (node --check over js, suites 2/4)
2026-10-09T20:23:33.4205638Z ##[group]Run actions/checkout@v7
2026-10-09T20:23:33.4206388Z with:
2026-10-09T20:23:33.4206780Z   persist-credentials: false
2026-10-09T20:23:33.4207267Z   repository: link-assistant/formal-ai
2026-10-09T20:23:33.4211094Z   token: ***
2026-10-09T20:23:33.4211866Z   ssh-strict: true
2026-10-09T20:23:33.4212245Z   ssh-user: git
2026-10-09T20:23:33.4212618Z   clean: true
2026-10-09T20:23:33.4213000Z   sparse-checkout-cone-mode: true
2026-10-09T20:23:33.4213449Z   fetch-depth: 1
2026-10-09T20:23:33.4213825Z   fetch-tags: false
2026-10-09T20:23:33.4214204Z   show-progress: true
2026-10-09T20:23:33.4214588Z   lfs: false
2026-10-09T20:23:33.4214968Z   submodules: false
2026-10-09T20:23:33.4215371Z   set-safe-directory: true
2026-10-09T20:23:33.4215807Z   allow-unsafe-pr-checkout: false
2026-10-09T20:23:33.4216514Z ##[endgroup]
2026-10-09T20:23:33.5053110Z Syncing repository: link-assistant/formal-ai
2026-10-09T20:23:33.5055345Z ##[group]Getting Git version info
2026-10-09T20:23:33.5056407Z Working directory is '/home/runner/work/formal-ai/formal-ai'
2026-10-09T20:23:33.5057870Z [command]/usr/bin/git version
2026-10-09T20:23:33.5151605Z git version 2.55.0
2026-10-09T20:23:33.5168475Z ##[endgroup]
2026-10-09T20:23:33.5184110Z Temporarily overriding HOME='/home/runner/work/_temp/4423bd36-c26d-45b3-9a1d-f63c0016fb17' before making global git config changes
2026-10-09T20:23:33.5188842Z Adding repository directory to the temporary git global config as a safe directory
2026-10-09T20:23:33.5190432Z [command]/usr/bin/git config --global --add safe.directory /home/runner/work/formal-ai/formal-ai
2026-10-09T20:23:33.5233886Z Deleting the contents of '/home/runner/work/formal-ai/formal-ai'
2026-10-09T20:23:33.5236987Z ##[group]Determining repository object format
2026-10-09T20:23:33.5238357Z ##[endgroup]
2026-10-09T20:23:33.5239506Z ##[group]Initializing the repository
2026-10-09T20:23:33.5242439Z [command]/usr/bin/git init /home/runner/work/formal-ai/formal-ai
2026-10-09T20:23:33.5362840Z hint: Using 'master' as the name for the initial branch. This default branch name
2026-10-09T20:23:33.5366684Z hint: will change to "main" in Git 3.0. To configure the initial branch name
2026-10-09T20:23:33.5369223Z hint: to use in all of your new repositories, which will suppress this warning,
2026-10-09T20:23:33.5370257Z hint: call:
2026-10-09T20:23:33.5370822Z hint:
2026-10-09T20:23:33.5371724Z hint: 	git config --global init.defaultBranch <name>
2026-10-09T20:23:33.5372601Z hint:
2026-10-09T20:23:33.5373423Z hint: Names commonly chosen instead of 'master' are 'main', 'trunk' and
2026-10-09T20:23:33.5374726Z hint: 'development'. The just-created branch can be renamed via this command:
2026-10-09T20:23:33.5375771Z hint:
2026-10-09T20:23:33.5376330Z hint: 	git branch -m <name>
2026-10-09T20:23:33.5376979Z hint:
2026-10-09T20:23:33.5377826Z hint: Disable this message with "git config set advice.defaultBranchName false"
2026-10-09T20:23:33.5379429Z Initialized empty Git repository in /home/runner/work/formal-ai/formal-ai/.git/
2026-10-09T20:23:33.5382134Z [command]/usr/bin/git remote add origin https://github.com/link-assistant/formal-ai
2026-10-09T20:23:33.5424361Z ##[endgroup]
2026-10-09T20:23:33.5425495Z ##[group]Disabling automatic garbage collection
2026-10-09T20:23:33.5426522Z [command]/usr/bin/git config --local gc.auto 0
2026-10-09T20:23:33.5457437Z ##[endgroup]
2026-10-09T20:23:33.5458483Z ##[group]Setting up auth
2026-10-09T20:23:33.5459241Z Removing SSH command configuration
2026-10-09T20:23:33.5461935Z [command]/usr/bin/git config --local --name-only --get-regexp core\.sshCommand
2026-10-09T20:23:33.5493594Z [command]/usr/bin/git submodule foreach --recursive sh -c "git config --local --name-only --get-regexp 'core\.sshCommand' && git config --local --unset-all 'core.sshCommand' || :"
2026-10-09T20:23:33.5821501Z Removing HTTP extra header
2026-10-09T20:23:33.5825584Z [command]/usr/bin/git config --local --name-only --get-regexp http\.https\:\/\/github\.com\/\.extraheader
2026-10-09T20:23:33.5856535Z [command]/usr/bin/git submodule foreach --recursive sh -c "git config --local --name-only --get-regexp 'http\.https\:\/\/github\.com\/\.extraheader' && git config --local --unset-all 'http.https://github.com/.extraheader' || :"
2026-10-09T20:23:33.6046794Z Removing includeIf entries pointing to credentials config files
2026-10-09T20:23:33.6052580Z [command]/usr/bin/git config --local --name-only --get-regexp ^includeIf\.gitdir:
2026-10-09T20:23:33.6083641Z [command]/usr/bin/git submodule foreach --recursive git config --local --show-origin --name-only --get-regexp remote.origin.url
2026-10-09T20:23:33.6277613Z [command]/usr/bin/git config --file /home/runner/work/_temp/git-credentials-4cc7ba33-1228-42ea-8e2c-d883bd762bce.config http.https://github.com/.extraheader AUTHORIZATION: basic ***
2026-10-09T20:23:33.6311791Z [command]/usr/bin/git config --local includeIf.gitdir:/home/runner/work/formal-ai/formal-ai/.git.path /home/runner/work/_temp/git-credentials-4cc7ba33-1228-42ea-8e2c-d883bd762bce.config
2026-10-09T20:23:33.6339787Z [command]/usr/bin/git config --local includeIf.gitdir:/home/runner/work/formal-ai/formal-ai/.git/worktrees/*.path /home/runner/work/_temp/git-credentials-4cc7ba33-1228-42ea-8e2c-d883bd762bce.config
2026-10-09T20:23:33.6372742Z [command]/usr/bin/git config --local includeIf.gitdir:/github/workspace/.git.path /github/runner_temp/git-credentials-4cc7ba33-1228-42ea-8e2c-d883bd762bce.config
2026-10-09T20:23:33.6403120Z [command]/usr/bin/git config --local includeIf.gitdir:/github/workspace/.git/worktrees/*.path /github/runner_temp/git-credentials-4cc7ba33-1228-42ea-8e2c-d883bd762bce.config
2026-10-09T20:23:33.6430916Z ##[endgroup]
2026-10-09T20:23:33.6432292Z ##[group]Fetching the repository
2026-10-09T20:23:33.6436593Z [command]/usr/bin/git -c protocol.version=2 fetch --no-tags --prune --no-recurse-submodules --depth=1 origin +7b094df3e9631e4409640b6cf8ff47e175007196:refs/remotes/pull/1188/merge
2026-10-09T20:23:49.3021660Z From https://github.com/link-assistant/formal-ai
2026-10-09T20:23:49.3022579Z  * [new ref]           7b094df3e9631e4409640b6cf8ff47e175007196 -> pull/1188/merge
2026-10-09T20:23:49.3025577Z ##[endgroup]
2026-10-09T20:23:49.3031068Z ##[group]Determining the checkout info
2026-10-09T20:23:49.3031849Z ##[endgroup]
2026-10-09T20:23:49.3032248Z [command]/usr/bin/git sparse-checkout disable
2026-10-09T20:23:49.3083121Z [command]/usr/bin/git config --local --unset-all extensions.worktreeConfig
2026-10-09T20:23:49.3112383Z ##[group]Checking out the ref
2026-10-09T20:23:49.3115565Z [command]/usr/bin/git checkout --progress --force refs/remotes/pull/1188/merge
2026-10-09T20:23:50.3961041Z Updating files:  28% (9635/33608)
2026-10-09T20:23:50.5320757Z Updating files:  29% (9747/33608)
2026-10-09T20:23:50.8623416Z Updating files:  30% (10083/33608)
2026-10-09T20:23:50.9814121Z Updating files:  31% (10419/33608)
2026-10-09T20:23:51.0452023Z Updating files:  32% (10755/33608)
2026-10-09T20:23:51.1542392Z Updating files:  33% (11091/33608)
2026-10-09T20:23:51.1897706Z Updating files:  34% (11427/33608)
2026-10-09T20:23:51.2110698Z Updating files:  35% (11763/33608)
2026-10-09T20:23:51.2727531Z Updating files:  36% (12099/33608)
2026-10-09T20:23:51.2956823Z Updating files:  37% (12435/33608)
2026-10-09T20:23:51.3143348Z Updating files:  38% (12772/33608)
2026-10-09T20:23:51.3568873Z Updating files:  39% (13108/33608)
2026-10-09T20:23:51.3780941Z Updating files:  39% (13362/33608)
2026-10-09T20:23:51.4240951Z Updating files:  40% (13444/33608)
2026-10-09T20:23:51.4572289Z Updating files:  41% (13780/33608)
2026-10-09T20:23:51.4927867Z Updating files:  42% (14116/33608)
2026-10-09T20:23:51.5568244Z Updating files:  43% (14452/33608)
2026-10-09T20:23:51.6244104Z Updating files:  44% (14788/33608)
2026-10-09T20:23:51.7279466Z Updating files:  45% (15124/33608)
2026-10-09T20:23:51.7740792Z Updating files:  46% (15460/33608)
2026-10-09T20:23:51.8105449Z Updating files:  47% (15796/33608)
2026-10-09T20:23:51.8434939Z Updating files:  48% (16132/33608)
2026-10-09T20:23:51.8798024Z Updating files:  49% (16468/33608)
2026-10-09T20:23:51.9097527Z Updating files:  50% (16804/33608)
2026-10-09T20:23:51.9231058Z Updating files:  51% (17141/33608)
2026-10-09T20:23:51.9652493Z Updating files:  52% (17477/33608)
2026-10-09T20:23:51.9923793Z Updating files:  53% (17813/33608)
2026-10-09T20:23:52.0218430Z Updating files:  54% (18149/33608)
2026-10-09T20:23:52.0709441Z Updating files:  55% (18485/33608)
2026-10-09T20:23:52.0954271Z Updating files:  56% (18821/33608)
2026-10-09T20:23:52.2253168Z Updating files:  57% (19157/33608)
2026-10-09T20:23:52.2433691Z Updating files:  58% (19493/33608)
2026-10-09T20:23:52.2723675Z Updating files:  59% (19829/33608)
2026-10-09T20:23:52.2825451Z Updating files:  60% (20165/33608)
2026-10-09T20:23:52.2930935Z Updating files:  61% (20501/33608)
2026-10-09T20:23:52.3042264Z Updating files:  62% (20837/33608)
2026-10-09T20:23:52.3390363Z Updating files:  63% (21174/33608)
2026-10-09T20:23:52.3418280Z Updating files:  63% (21405/33608)
2026-10-09T20:23:52.3509980Z Updating files:  64% (21510/33608)
2026-10-09T20:23:52.3607704Z Updating files:  65% (21846/33608)
2026-10-09T20:23:52.3696076Z Updating files:  66% (22182/33608)
2026-10-09T20:23:52.3786919Z Updating files:  67% (22518/33608)
2026-10-09T20:23:52.4159147Z Updating files:  68% (22854/33608)
2026-10-09T20:23:52.4319188Z Updating files:  69% (23190/33608)
2026-10-09T20:23:52.4500150Z Updating files:  70% (23526/33608)
2026-10-09T20:23:52.4662730Z Updating files:  71% (23862/33608)
2026-10-09T20:23:52.4957021Z Updating files:  72% (24198/33608)
2026-10-09T20:23:52.5277666Z Updating files:  73% (24534/33608)
2026-10-09T20:23:52.5555485Z Updating files:  74% (24870/33608)
2026-10-09T20:23:52.5785338Z Updating files:  75% (25206/33608)
2026-10-09T20:23:52.5955201Z Updating files:  76% (25543/33608)
2026-10-09T20:23:52.6255813Z Updating files:  77% (25879/33608)
2026-10-09T20:23:52.7455503Z Updating files:  78% (26215/33608)
2026-10-09T20:23:52.7715906Z Updating files:  79% (26551/33608)
2026-10-09T20:23:52.8020380Z Updating files:  80% (26887/33608)
2026-10-09T20:23:52.8207709Z Updating files:  81% (27223/33608)
2026-10-09T20:23:52.8411903Z Updating files:  82% (27559/33608)
2026-10-09T20:23:52.8678147Z Updating files:  83% (27895/33608)
2026-10-09T20:23:52.8805744Z Updating files:  84% (28231/33608)
2026-10-09T20:23:52.8977945Z Updating files:  85% (28567/33608)
2026-10-09T20:23:52.9149496Z Updating files:  86% (28903/33608)
2026-10-09T20:23:52.9456260Z Updating files:  87% (29239/33608)
2026-10-09T20:23:52.9680350Z Updating files:  88% (29576/33608)
2026-10-09T20:23:52.9867645Z Updating files:  89% (29912/33608)
2026-10-09T20:23:53.0114423Z Updating files:  90% (30248/33608)
2026-10-09T20:23:53.0367555Z Updating files:  91% (30584/33608)
2026-10-09T20:23:53.0587102Z Updating files:  92% (30920/33608)
2026-10-09T20:23:53.0755345Z Updating files:  93% (31256/33608)
2026-10-09T20:23:53.1272985Z Updating files:  94% (31592/33608)
2026-10-09T20:23:53.1485499Z Updating files:  95% (31928/33608)
2026-10-09T20:23:53.1680927Z Updating files:  96% (32264/33608)
2026-10-09T20:23:53.1888237Z Updating files:  97% (32600/33608)
2026-10-09T20:23:53.2078905Z Updating files:  98% (32936/33608)
2026-10-09T20:23:53.2314728Z Updating files:  99% (33272/33608)
2026-10-09T20:23:53.2315032Z Updating files: 100% (33608/33608)
2026-10-09T20:23:53.2315300Z Updating files: 100% (33608/33608), done.
2026-10-09T20:23:53.2586900Z Note: switching to 'refs/remotes/pull/1188/merge'.
2026-10-09T20:23:53.2587139Z 
2026-10-09T20:23:53.2587326Z You are in 'detached HEAD' state. You can look around, make experimental
2026-10-09T20:23:53.2587719Z changes and commit them, and you can discard any commits you make in this
2026-10-09T20:23:53.2588090Z state without impacting any branches by switching back to a branch.
2026-10-09T20:23:53.2588297Z 
2026-10-09T20:23:53.2588447Z If you want to create a new branch to retain commits you create, you may
2026-10-09T20:23:53.2588815Z do so (now or later) by using -c with the switch command. Example:
2026-10-09T20:23:53.2589017Z 
2026-10-09T20:23:53.2589435Z   git switch -c <new-branch-name>
2026-10-09T20:23:53.2589593Z 
2026-10-09T20:23:53.2589676Z Or undo this operation with:
2026-10-09T20:23:53.2589806Z 
2026-10-09T20:23:53.2589882Z   git switch -
2026-10-09T20:23:53.2589980Z 
2026-10-09T20:23:53.2590153Z Turn off this advice by setting config variable advice.detachedHead to false
2026-10-09T20:23:53.2590386Z 
2026-10-09T20:23:53.2590662Z HEAD is now at 7b094df3 Merge 89d1cfc9c5a99d4f886d43df679cea70ea6c7299 into d209aac6461b355f1a527831202af3423135f7e6
2026-10-09T20:23:53.2665600Z ##[endgroup]
2026-10-09T20:23:53.2711588Z [command]/usr/bin/git log -1 --format=%H
2026-10-09T20:23:53.2737596Z 7b094df3e9631e4409640b6cf8ff47e175007196
2026-10-09T20:23:53.2746363Z ##[group]Removing auth
2026-10-09T20:23:53.2746696Z Removing SSH command configuration
2026-10-09T20:23:53.2749954Z [command]/usr/bin/git config --local --name-only --get-regexp core\.sshCommand
2026-10-09T20:23:53.2779829Z [command]/usr/bin/git submodule foreach --recursive sh -c "git config --local --name-only --get-regexp 'core\.sshCommand' && git config --local --unset-all 'core.sshCommand' || :"
2026-10-09T20:23:53.2986781Z Removing HTTP extra header
2026-10-09T20:23:53.2990359Z [command]/usr/bin/git config --local --name-only --get-regexp http\.https\:\/\/github\.com\/\.extraheader
2026-10-09T20:23:53.3025723Z [command]/usr/bin/git submodule foreach --recursive sh -c "git config --local --name-only --get-regexp 'http\.https\:\/\/github\.com\/\.extraheader' && git config --local --unset-all 'http.https://github.com/.extraheader' || :"
2026-10-09T20:23:53.3228293Z Removing includeIf entries pointing to credentials config files
2026-10-09T20:23:53.3231394Z [command]/usr/bin/git config --local --name-only --get-regexp ^includeIf\.gitdir:
2026-10-09T20:23:53.3260449Z includeif.gitdir:/home/runner/work/formal-ai/formal-ai/.git.path
2026-10-09T20:23:53.3261027Z includeif.gitdir:/home/runner/work/formal-ai/formal-ai/.git/worktrees/*.path
2026-10-09T20:23:53.3261780Z includeif.gitdir:/github/workspace/.git.path
2026-10-09T20:23:53.3262591Z includeif.gitdir:/github/workspace/.git/worktrees/*.path
2026-10-09T20:23:53.3303967Z [command]/usr/bin/git config --local --get-all includeif.gitdir:/home/runner/work/formal-ai/formal-ai/.git.path
2026-10-09T20:23:53.3327226Z /home/runner/work/_temp/git-credentials-4cc7ba33-1228-42ea-8e2c-d883bd762bce.config
2026-10-09T20:23:53.3352469Z [command]/usr/bin/git config --local --unset includeif.gitdir:/home/runner/work/formal-ai/formal-ai/.git.path \/home\/runner\/work\/_temp\/git\-credentials\-4cc7ba33\-1228\-42ea\-8e2c\-d883bd762bce\.config
2026-10-09T20:23:53.3372217Z [command]/usr/bin/git config --local --get-all includeif.gitdir:/home/runner/work/formal-ai/formal-ai/.git/worktrees/*.path
2026-10-09T20:23:53.3406210Z /home/runner/work/_temp/git-credentials-4cc7ba33-1228-42ea-8e2c-d883bd762bce.config
2026-10-09T20:23:53.3413502Z [command]/usr/bin/git config --local --unset includeif.gitdir:/home/runner/work/formal-ai/formal-ai/.git/worktrees/*.path \/home\/runner\/work\/_temp\/git\-credentials\-4cc7ba33\-1228\-42ea\-8e2c\-d883bd762bce\.config
2026-10-09T20:23:53.3443670Z [command]/usr/bin/git config --local --get-all includeif.gitdir:/github/workspace/.git.path
2026-10-09T20:23:53.3465577Z /github/runner_temp/git-credentials-4cc7ba33-1228-42ea-8e2c-d883bd762bce.config
2026-10-09T20:23:53.3471309Z [command]/usr/bin/git config --local --unset includeif.gitdir:/github/workspace/.git.path \/github\/runner_temp\/git\-credentials\-4cc7ba33\-1228\-42ea\-8e2c\-d883bd762bce\.config
2026-10-09T20:23:53.3504772Z [command]/usr/bin/git config --local --get-all includeif.gitdir:/github/workspace/.git/worktrees/*.path
2026-10-09T20:23:53.3527438Z /github/runner_temp/git-credentials-4cc7ba33-1228-42ea-8e2c-d883bd762bce.config
2026-10-09T20:23:53.3533803Z [command]/usr/bin/git config --local --unset includeif.gitdir:/github/workspace/.git/worktrees/*.path \/github\/runner_temp\/git\-credentials\-4cc7ba33\-1228\-42ea\-8e2c\-d883bd762bce\.config
2026-10-09T20:23:53.3564372Z [command]/usr/bin/git submodule foreach --recursive git config --local --show-origin --name-only --get-regexp remote.origin.url
2026-10-09T20:23:53.3774679Z Removing credentials config '/home/runner/work/_temp/git-credentials-4cc7ba33-1228-42ea-8e2c-d883bd762bce.config'
2026-10-09T20:23:53.3783947Z ##[endgroup]
2026-10-09T20:23:53.4023042Z ##[group]Run actions/checkout@v7
2026-10-09T20:23:53.4023255Z with:
2026-10-09T20:23:53.4023452Z   repository: link-foundation/relative-meta-logic
2026-10-09T20:23:53.4023731Z   ref: c5513f2b958a8bd160b58c7054d408d4c446bf98
2026-10-09T20:23:53.4023955Z   path: .rml
2026-10-09T20:23:53.4024129Z   persist-credentials: false
2026-10-09T20:23:53.4026279Z   token: ***
2026-10-09T20:23:53.4026450Z   ssh-strict: true
2026-10-09T20:23:53.4026622Z   ssh-user: git
2026-10-09T20:23:53.4026781Z   clean: true
2026-10-09T20:23:53.4026965Z   sparse-checkout-cone-mode: true
2026-10-09T20:23:53.4027175Z   fetch-depth: 1
2026-10-09T20:23:53.4027333Z   fetch-tags: false
2026-10-09T20:23:53.4027504Z   show-progress: true
2026-10-09T20:23:53.4027687Z   lfs: false
2026-10-09T20:23:53.4027841Z   submodules: false
2026-10-09T20:23:53.4028012Z   set-safe-directory: true
2026-10-09T20:23:53.4028208Z   allow-unsafe-pr-checkout: false
2026-10-09T20:23:53.4028407Z ##[endgroup]
2026-10-09T20:23:53.4682605Z Syncing repository: link-foundation/relative-meta-logic
2026-10-09T20:23:53.4692577Z ##[group]Getting Git version info
2026-10-09T20:23:53.4693185Z Working directory is '/home/runner/work/formal-ai/formal-ai/.rml'
2026-10-09T20:23:53.4719855Z [command]/usr/bin/git version
2026-10-09T20:23:53.4754330Z git version 2.55.0
2026-10-09T20:23:53.4768548Z ##[endgroup]
2026-10-09T20:23:53.4777284Z Temporarily overriding HOME='/home/runner/work/_temp/d3122919-a482-424d-b7ba-449e26cfd374' before making global git config changes
2026-10-09T20:23:53.4778277Z Adding repository directory to the temporary git global config as a safe directory
2026-10-09T20:23:53.4782038Z [command]/usr/bin/git config --global --add safe.directory /home/runner/work/formal-ai/formal-ai/.rml
2026-10-09T20:23:53.4835911Z ##[group]Determining repository object format
2026-10-09T20:23:53.4836681Z ##[endgroup]
2026-10-09T20:23:53.4837282Z ##[group]Initializing the repository
2026-10-09T20:23:53.4837928Z [command]/usr/bin/git init /home/runner/work/formal-ai/formal-ai/.rml
2026-10-09T20:23:53.4879922Z hint: Using 'master' as the name for the initial branch. This default branch name
2026-10-09T20:23:53.4880825Z hint: will change to "main" in Git 3.0. To configure the initial branch name
2026-10-09T20:23:53.4881911Z hint: to use in all of your new repositories, which will suppress this warning,
2026-10-09T20:23:53.4882581Z hint: call:
2026-10-09T20:23:53.4882963Z hint:
2026-10-09T20:23:53.4883446Z hint: 	git config --global init.defaultBranch <name>
2026-10-09T20:23:53.4883995Z hint:
2026-10-09T20:23:53.4884508Z hint: Names commonly chosen instead of 'master' are 'main', 'trunk' and
2026-10-09T20:23:53.4885250Z hint: 'development'. The just-created branch can be renamed via this command:
2026-10-09T20:23:53.4885897Z hint:
2026-10-09T20:23:53.4886287Z hint: 	git branch -m <name>
2026-10-09T20:23:53.4886727Z hint:
2026-10-09T20:23:53.4887264Z hint: Disable this message with "git config set advice.defaultBranchName false"
2026-10-09T20:23:53.4888075Z Initialized empty Git repository in /home/runner/work/formal-ai/formal-ai/.rml/.git/
2026-10-09T20:23:53.4892256Z [command]/usr/bin/git remote add origin https://github.com/link-foundation/relative-meta-logic
2026-10-09T20:23:53.4925388Z ##[endgroup]
2026-10-09T20:23:53.4926168Z ##[group]Disabling automatic garbage collection
2026-10-09T20:23:53.4929753Z [command]/usr/bin/git config --local gc.auto 0
2026-10-09T20:23:53.4956823Z ##[endgroup]
2026-10-09T20:23:53.4957427Z ##[group]Setting up auth
2026-10-09T20:23:53.4957771Z Removing SSH command configuration
2026-10-09T20:23:53.4962798Z [command]/usr/bin/git config --local --name-only --get-regexp core\.sshCommand
2026-10-09T20:23:53.4990290Z [command]/usr/bin/git submodule foreach --recursive sh -c "git config --local --name-only --get-regexp 'core\.sshCommand' && git config --local --unset-all 'core.sshCommand' || :"
2026-10-09T20:23:53.5194696Z Removing HTTP extra header
2026-10-09T20:23:53.5201781Z [command]/usr/bin/git config --local --name-only --get-regexp http\.https\:\/\/github\.com\/\.extraheader
2026-10-09T20:23:53.5232417Z [command]/usr/bin/git submodule foreach --recursive sh -c "git config --local --name-only --get-regexp 'http\.https\:\/\/github\.com\/\.extraheader' && git config --local --unset-all 'http.https://github.com/.extraheader' || :"
2026-10-09T20:23:53.5449812Z Removing includeIf entries pointing to credentials config files
2026-10-09T20:23:53.5455915Z [command]/usr/bin/git config --local --name-only --get-regexp ^includeIf\.gitdir:
2026-10-09T20:23:53.5488651Z [command]/usr/bin/git submodule foreach --recursive git config --local --show-origin --name-only --get-regexp remote.origin.url
2026-10-09T20:23:53.5687297Z [command]/usr/bin/git config --file /home/runner/work/_temp/git-credentials-c7a18638-3aaf-4742-a6ec-68361803d128.config http.https://github.com/.extraheader AUTHORIZATION: basic ***
2026-10-09T20:23:53.5722821Z [command]/usr/bin/git config --local includeIf.gitdir:/home/runner/work/formal-ai/formal-ai/.rml/.git.path /home/runner/work/_temp/git-credentials-c7a18638-3aaf-4742-a6ec-68361803d128.config
2026-10-09T20:23:53.5753445Z [command]/usr/bin/git config --local includeIf.gitdir:/home/runner/work/formal-ai/formal-ai/.rml/.git/worktrees/*.path /home/runner/work/_temp/git-credentials-c7a18638-3aaf-4742-a6ec-68361803d128.config
2026-10-09T20:23:53.5783078Z [command]/usr/bin/git config --local includeIf.gitdir:/github/workspace/.rml/.git.path /github/runner_temp/git-credentials-c7a18638-3aaf-4742-a6ec-68361803d128.config
2026-10-09T20:23:53.5812976Z [command]/usr/bin/git config --local includeIf.gitdir:/github/workspace/.rml/.git/worktrees/*.path /github/runner_temp/git-credentials-c7a18638-3aaf-4742-a6ec-68361803d128.config
2026-10-09T20:23:53.5840518Z ##[endgroup]
2026-10-09T20:23:53.5841318Z ##[group]Fetching the repository
2026-10-09T20:23:53.5846126Z [command]/usr/bin/git -c protocol.version=2 fetch --no-tags --prune --no-recurse-submodules --depth=1 origin c5513f2b958a8bd160b58c7054d408d4c446bf98
2026-10-09T20:23:54.7635325Z From https://github.com/link-foundation/relative-meta-logic
2026-10-09T20:23:54.7635799Z  * branch            c5513f2b958a8bd160b58c7054d408d4c446bf98 -> FETCH_HEAD
2026-10-09T20:23:54.7643504Z [command]/usr/bin/git rev-parse --verify --quiet c5513f2b958a8bd160b58c7054d408d4c446bf98^{object}
2026-10-09T20:23:54.7669610Z c5513f2b958a8bd160b58c7054d408d4c446bf98
2026-10-09T20:23:54.7673393Z ##[endgroup]
2026-10-09T20:23:54.7673753Z ##[group]Determining the checkout info
2026-10-09T20:23:54.7674206Z ##[endgroup]
2026-10-09T20:23:54.7677531Z [command]/usr/bin/git sparse-checkout disable
2026-10-09T20:23:54.7719744Z [command]/usr/bin/git config --local --unset-all extensions.worktreeConfig
2026-10-09T20:23:54.7750289Z ##[group]Checking out the ref
2026-10-09T20:23:54.7755017Z [command]/usr/bin/git checkout --progress --force c5513f2b958a8bd160b58c7054d408d4c446bf98
2026-10-09T20:23:54.8073536Z Note: switching to 'c5513f2b958a8bd160b58c7054d408d4c446bf98'.
2026-10-09T20:23:54.8073851Z 
2026-10-09T20:23:54.8074083Z You are in 'detached HEAD' state. You can look around, make experimental
2026-10-09T20:23:54.8074591Z changes and commit them, and you can discard any commits you make in this
2026-10-09T20:23:54.8075071Z state without impacting any branches by switching back to a branch.
2026-10-09T20:23:54.8075361Z 
2026-10-09T20:23:54.8075553Z If you want to create a new branch to retain commits you create, you may
2026-10-09T20:23:54.8076008Z do so (now or later) by using -c with the switch command. Example:
2026-10-09T20:23:54.8076337Z 
2026-10-09T20:23:54.8076474Z   git switch -c <new-branch-name>
2026-10-09T20:23:54.8076698Z 
2026-10-09T20:23:54.8076832Z Or undo this operation with:
2026-10-09T20:23:54.8077047Z 
2026-10-09T20:23:54.8077145Z   git switch -
2026-10-09T20:23:54.8077320Z 
2026-10-09T20:23:54.8077604Z Turn off this advice by setting config variable advice.detachedHead to false
2026-10-09T20:23:54.8078048Z 
2026-10-09T20:23:54.8078724Z HEAD is now at c5513f2 Merge pull request #182 from link-foundation/issue-181-61d3f005549d
2026-10-09T20:23:54.8080368Z ##[endgroup]
2026-10-09T20:23:54.8122240Z [command]/usr/bin/git log -1 --format=%H
2026-10-09T20:23:54.8149251Z c5513f2b958a8bd160b58c7054d408d4c446bf98
2026-10-09T20:23:54.8158081Z ##[group]Removing auth
2026-10-09T20:23:54.8158422Z Removing SSH command configuration
2026-10-09T20:23:54.8161471Z [command]/usr/bin/git config --local --name-only --get-regexp core\.sshCommand
2026-10-09T20:23:54.8192516Z [command]/usr/bin/git submodule foreach --recursive sh -c "git config --local --name-only --get-regexp 'core\.sshCommand' && git config --local --unset-all 'core.sshCommand' || :"
2026-10-09T20:23:54.8386804Z Removing HTTP extra header
2026-10-09T20:23:54.8390043Z [command]/usr/bin/git config --local --name-only --get-regexp http\.https\:\/\/github\.com\/\.extraheader
2026-10-09T20:23:54.8425272Z [command]/usr/bin/git submodule foreach --recursive sh -c "git config --local --name-only --get-regexp 'http\.https\:\/\/github\.com\/\.extraheader' && git config --local --unset-all 'http.https://github.com/.extraheader' || :"
2026-10-09T20:23:54.8619133Z Removing includeIf entries pointing to credentials config files
2026-10-09T20:23:54.8622543Z [command]/usr/bin/git config --local --name-only --get-regexp ^includeIf\.gitdir:
2026-10-09T20:23:54.8647883Z includeif.gitdir:/home/runner/work/formal-ai/formal-ai/.rml/.git.path
2026-10-09T20:23:54.8648581Z includeif.gitdir:/home/runner/work/formal-ai/formal-ai/.rml/.git/worktrees/*.path
2026-10-09T20:23:54.8649187Z includeif.gitdir:/github/workspace/.rml/.git.path
2026-10-09T20:23:54.8649647Z includeif.gitdir:/github/workspace/.rml/.git/worktrees/*.path
2026-10-09T20:23:54.8655372Z [command]/usr/bin/git config --local --get-all includeif.gitdir:/home/runner/work/formal-ai/formal-ai/.rml/.git.path
2026-10-09T20:23:54.8678985Z /home/runner/work/_temp/git-credentials-c7a18638-3aaf-4742-a6ec-68361803d128.config
2026-10-09T20:23:54.8721864Z [command]/usr/bin/git config --local --unset includeif.gitdir:/home/runner/work/formal-ai/formal-ai/.rml/.git.path \/home\/runner\/work\/_temp\/git\-credentials\-c7a18638\-3aaf\-4742\-a6ec\-68361803d128\.config
2026-10-09T20:23:54.8755201Z [command]/usr/bin/git config --local --get-all includeif.gitdir:/home/runner/work/formal-ai/formal-ai/.rml/.git/worktrees/*.path
2026-10-09T20:23:54.8779323Z /home/runner/work/_temp/git-credentials-c7a18638-3aaf-4742-a6ec-68361803d128.config
2026-10-09T20:23:54.8786045Z [command]/usr/bin/git config --local --unset includeif.gitdir:/home/runner/work/formal-ai/formal-ai/.rml/.git/worktrees/*.path \/home\/runner\/work\/_temp\/git\-credentials\-c7a18638\-3aaf\-4742\-a6ec\-68361803d128\.config
2026-10-09T20:23:54.8854429Z [command]/usr/bin/git config --local --get-all includeif.gitdir:/github/workspace/.rml/.git.path
2026-10-09T20:23:54.8885535Z /github/runner_temp/git-credentials-c7a18638-3aaf-4742-a6ec-68361803d128.config
2026-10-09T20:23:54.8892794Z [command]/usr/bin/git config --local --unset includeif.gitdir:/github/workspace/.rml/.git.path \/github\/runner_temp\/git\-credentials\-c7a18638\-3aaf\-4742\-a6ec\-68361803d128\.config
2026-10-09T20:23:54.8929651Z [command]/usr/bin/git config --local --get-all includeif.gitdir:/github/workspace/.rml/.git/worktrees/*.path
2026-10-09T20:23:54.8952899Z /github/runner_temp/git-credentials-c7a18638-3aaf-4742-a6ec-68361803d128.config
2026-10-09T20:23:54.8958497Z [command]/usr/bin/git config --local --unset includeif.gitdir:/github/workspace/.rml/.git/worktrees/*.path \/github\/runner_temp\/git\-credentials\-c7a18638\-3aaf\-4742\-a6ec\-68361803d128\.config
2026-10-09T20:23:54.8991017Z [command]/usr/bin/git submodule foreach --recursive git config --local --show-origin --name-only --get-regexp remote.origin.url
2026-10-09T20:23:54.9184141Z Removing credentials config '/home/runner/work/_temp/git-credentials-c7a18638-3aaf-4742-a6ec-68361803d128.config'
2026-10-09T20:23:54.9193679Z ##[endgroup]
2026-10-09T20:23:54.9309313Z ##[group]Run set -euo pipefail
2026-10-09T20:23:54.9309629Z [36;1mset -euo pipefail[0m
2026-10-09T20:23:54.9309882Z [36;1mnpm ci --prefix .rml/js --no-audit --no-fund[0m
2026-10-09T20:23:54.9310199Z [36;1mrml_script="$(realpath .rml/js/src/rml-links.mjs)"[0m
2026-10-09T20:23:54.9310555Z [36;1mprintf '#!/bin/sh\nexec node "%s" "$@"\n' "$rml_script" > "$RUNNER_TEMP/rml"[0m
2026-10-09T20:23:54.9310868Z [36;1mchmod +x "$RUNNER_TEMP/rml"[0m
2026-10-09T20:23:54.9311125Z [36;1mecho "RML_BIN=$RUNNER_TEMP/rml" >> "$GITHUB_ENV"[0m
2026-10-09T20:23:54.9703194Z shell: /usr/bin/bash --noprofile --norc -e -o pipefail {0}
2026-10-09T20:23:54.9703514Z ##[endgroup]
2026-10-09T20:23:56.9035438Z 
2026-10-09T20:23:56.9035939Z added 39 packages in 2s
2026-10-09T20:23:56.9508949Z ##[group]Run oven-sh/setup-bun@v2
2026-10-09T20:23:56.9509177Z with:
2026-10-09T20:23:56.9509353Z   bun-version-file: .bun-version
2026-10-09T20:23:56.9509577Z   no-cache: false
2026-10-09T20:23:56.9511931Z   token: ***
2026-10-09T20:23:56.9512103Z env:
2026-10-09T20:23:56.9512275Z   RML_BIN: /home/runner/work/_temp/rml
2026-10-09T20:23:56.9512494Z ##[endgroup]
2026-10-09T20:23:57.0789273Z Obtained version 1.4.2 from .bun-version
2026-10-09T20:23:57.3331266Z Cache hit for: bun-gmoqYqdUbaYsI0KujeXt7Zg/p0I=
2026-10-09T20:23:58.6032227Z Received 0 of 35684131 (0.0%), 0.0 MBs/sec
2026-10-09T20:23:58.8379908Z Received 35684131 of 35684131 (100.0%), 27.5 MBs/sec
2026-10-09T20:23:58.8380277Z Cache Size: ~34 MB (35684131 B)
2026-10-09T20:23:58.8403762Z [command]/usr/bin/tar -xf /home/runner/work/_temp/65bfdf17-6897-43c1-80c1-4ec94c6ced88/cache.tzst -P -C /home/runner/work/formal-ai/formal-ai --use-compress-program unzstd
2026-10-09T20:23:58.9483771Z Cache restored successfully
2026-10-09T20:23:58.9504847Z [command]/home/runner/.bun/bin/bun --revision
2026-10-09T20:23:58.9541772Z 1.4.2+744846f84
2026-10-09T20:23:58.9547082Z Using a cached version of Bun: 1.4.2+744846f84
2026-10-09T20:23:58.9731743Z ##[group]Run bun install --frozen-lockfile --ignore-scripts
2026-10-09T20:23:58.9732306Z [36;1mbun install --frozen-lockfile --ignore-scripts[0m
2026-10-09T20:23:58.9801923Z shell: /usr/bin/bash -e {0}
2026-10-09T20:23:58.9802159Z env:
2026-10-09T20:23:58.9802344Z   RML_BIN: /home/runner/work/_temp/rml
2026-10-09T20:23:58.9802571Z ##[endgroup]
2026-10-09T20:23:58.9900481Z bun install v1.4.2 (744846f84)
2026-10-09T20:24:00.3801912Z 
2026-10-09T20:24:00.3802310Z + @chakra-ui/react@3.37.0
2026-10-09T20:24:00.3802585Z + @emotion/react@11.14.0
2026-10-09T20:24:00.3802800Z + @link-assistant/web-search@0.11.1
2026-10-09T20:24:00.3803027Z + dompurify@3.4.16
2026-10-09T20:24:00.3803204Z + lino-i18n@0.3.0
2026-10-09T20:24:00.3803378Z + marked@18.1.0
2026-10-09T20:24:00.3803544Z + mermaid@12.1.0
2026-10-09T20:24:00.3803707Z + react@19.3.0
2026-10-09T20:24:00.3803879Z + react-dom@19.3.0
2026-10-09T20:24:00.3804047Z + tesseract.js@7.0.0
2026-10-09T20:24:00.3804188Z 
2026-10-09T20:24:00.3804355Z 370 packages installed [1390.00ms]
2026-10-09T20:24:00.4443594Z ##[group]Run bash scripts/install-agentic-search-tools.sh
2026-10-09T20:24:00.4444173Z [36;1mbash scripts/install-agentic-search-tools.sh[0m
2026-10-09T20:24:00.4504385Z shell: /usr/bin/bash -e {0}
2026-10-09T20:24:00.4504632Z env:
2026-10-09T20:24:00.4504827Z   RML_BIN: /home/runner/work/_temp/rml
2026-10-09T20:24:00.4505058Z ##[endgroup]
2026-10-09T20:24:15.2798542Z Reading package lists...
2026-10-09T20:24:15.5029246Z Building dependency tree...
2026-10-09T20:24:15.5035344Z Reading state information...
2026-10-09T20:24:15.7099434Z The following NEW packages will be installed:
2026-10-09T20:24:15.7099857Z   ripgrep
2026-10-09T20:24:15.7266279Z 0 upgraded, 1 newly installed, 0 to remove and 23 not upgraded.
2026-10-09T20:24:15.7266817Z Need to get 1551 kB of archives.
2026-10-09T20:24:15.7268631Z After this operation, 5335 kB of additional disk space will be used.
2026-10-09T20:24:15.7269512Z Get:1 file:/etc/apt/apt-mirrors.txt Mirrorlist [144 B]
2026-10-09T20:24:16.1138430Z Get:2 http://azure.archive.ubuntu.com/ubuntu noble/universe amd64 ripgrep amd64 14.1.0-1 [1551 kB]
2026-10-09T20:24:24.2270638Z Fetched 1551 kB in 8s (187 kB/s)
2026-10-09T20:24:24.2568940Z Selecting previously unselected package ripgrep.
2026-10-09T20:24:24.2809629Z (Reading database ... 
2026-10-09T20:24:24.2809986Z (Reading database ... 5%
2026-10-09T20:24:24.2810388Z (Reading database ... 10%
2026-10-09T20:24:24.2810706Z (Reading database ... 15%
2026-10-09T20:24:24.2811035Z (Reading database ... 20%
2026-10-09T20:24:24.2811509Z (Reading database ... 25%
2026-10-09T20:24:24.2812241Z (Reading database ... 30%
2026-10-09T20:24:24.2825133Z (Reading database ... 35%
2026-10-09T20:24:24.2825485Z (Reading database ... 40%
2026-10-09T20:24:24.2825783Z (Reading database ... 45%
2026-10-09T20:24:24.2826046Z (Reading database ... 50%
2026-10-09T20:24:24.2854397Z (Reading database ... 55%
2026-10-09T20:24:24.4083157Z (Reading database ... 60%
2026-10-09T20:24:24.6185812Z (Reading database ... 65%
2026-10-09T20:24:24.8105927Z (Reading database ... 70%
2026-10-09T20:24:25.0109384Z (Reading database ... 75%
2026-10-09T20:24:25.1569188Z (Reading database ... 80%
2026-10-09T20:24:25.3847682Z (Reading database ... 85%
2026-10-09T20:24:25.5287325Z (Reading database ... 90%
2026-10-09T20:24:25.6996434Z (Reading database ... 95%
2026-10-09T20:24:25.6996819Z (Reading database ... 100%
2026-10-09T20:24:25.6997131Z (Reading database ... 203191 files and directories currently installed.)
2026-10-09T20:24:25.7039603Z Preparing to unpack .../ripgrep_14.1.0-1_amd64.deb ...
2026-10-09T20:24:25.7056772Z Unpacking ripgrep (14.1.0-1) ...
2026-10-09T20:24:25.7906827Z Setting up ripgrep (14.1.0-1) ...
2026-10-09T20:24:25.8189770Z Processing triggers for man-db (2.12.0-4build2) ...
2026-10-09T20:24:25.8314628Z Not building database; man-db/auto-update is not 'true'.
2026-10-09T20:24:26.4931076Z 
2026-10-09T20:24:26.4931795Z Running kernel seems to be up-to-date.
2026-10-09T20:24:26.4932409Z 
2026-10-09T20:24:26.4932559Z No services need to be restarted.
2026-10-09T20:24:26.4932769Z 
2026-10-09T20:24:26.4932902Z No containers need to be restarted.
2026-10-09T20:24:26.4933125Z 
2026-10-09T20:24:26.4933264Z No user sessions are running outdated binaries.
2026-10-09T20:24:26.4933516Z 
2026-10-09T20:24:26.4933752Z No VM guests are running outdated hypervisor (qemu) binaries on this host.
2026-10-09T20:24:27.4647449Z ripgrep 14.1.0
2026-10-09T20:24:27.4647684Z 
2026-10-09T20:24:27.4647847Z features:-simd-accel,+pcre2
2026-10-09T20:24:27.4648224Z simd(compile):+SSE2,-SSSE3,-AVX2
2026-10-09T20:24:27.4648594Z simd(runtime):+SSE2,+SSSE3,+AVX2
2026-10-09T20:24:27.4648804Z 
2026-10-09T20:24:27.4648961Z PCRE2 10.42 is available (JIT is available)
2026-10-09T20:24:27.4699484Z ##[group]Run set -euo pipefail
2026-10-09T20:24:27.4699898Z [36;1mset -euo pipefail[0m
2026-10-09T20:24:27.4700283Z [36;1msuites="$RUNNER_TEMP/javascript-suites.txt"[0m
2026-10-09T20:24:27.4700796Z [36;1mprintf '%s\n' rust/tests/web/*.test.mjs > "$suites"[0m
2026-10-09T20:24:27.4701846Z [36;1mnode scripts/plan-test-shards.mjs --of "$SHARDS" --durations data/meta/javascript-test-durations.lino --check < "$suites"[0m
2026-10-09T20:24:27.4703164Z [36;1mmapfile -t files < <(node scripts/plan-test-shards.mjs --shard "$SHARD" --of "$SHARDS" --durations data/meta/javascript-test-durations.lino < "$suites")[0m
2026-10-09T20:24:27.4704094Z [36;1mscripts/run-with-budget-warning.sh \[0m
2026-10-09T20:24:27.4704643Z [36;1m  "$TEST_BUDGET_SECONDS" "JavaScript suites shard $SHARD/$SHARDS" \[0m
2026-10-09T20:24:27.4705254Z [36;1m  node --test --test-concurrency="$(nproc)" "${files[@]}"[0m
2026-10-09T20:24:27.4774826Z shell: /usr/bin/bash -e {0}
2026-10-09T20:24:27.4775057Z env:
2026-10-09T20:24:27.4775293Z   RML_BIN: /home/runner/work/_temp/rml
2026-10-09T20:24:27.4775516Z   SHARD: 2
2026-10-09T20:24:27.4775676Z   SHARDS: 4
2026-10-09T20:24:27.4775846Z   TEST_BUDGET_SECONDS: 360
2026-10-09T20:24:27.4776058Z   TEST_WARN_RATIO_PERCENT: 75
2026-10-09T20:24:27.4776263Z ##[endgroup]
2026-10-09T20:24:27.5128382Z 344 test(s) in 4 shard(s), each exactly once, longest first
2026-10-09T20:24:27.6242313Z TAP version 13
2026-10-09T20:24:28.7556112Z # Subtest: a declared name splits at underscores and case changes
2026-10-09T20:24:28.7622318Z ok 1 - a declared name splits at underscores and case changes
2026-10-09T20:24:28.7651927Z   ---
2026-10-09T20:24:28.7652232Z   duration_ms: 1.697593
2026-10-09T20:24:28.7652526Z   type: 'test'
2026-10-09T20:24:28.7652772Z   ...
2026-10-09T20:24:28.7653138Z # Subtest: a name is abbreviated when one of its words is on the list
2026-10-09T20:24:28.7653693Z ok 2 - a name is abbreviated when one of its words is on the list
2026-10-09T20:24:28.7654091Z   ---
2026-10-09T20:24:28.7654355Z   duration_ms: 0.218571
2026-10-09T20:24:28.7654621Z   type: 'test'
2026-10-09T20:24:28.7654863Z   ...
2026-10-09T20:24:28.7655194Z # Subtest: the full-word spelling keeps the separator of the stem
2026-10-09T20:24:28.7655713Z ok 3 - the full-word spelling keeps the separator of the stem
2026-10-09T20:24:28.7656099Z   ---
2026-10-09T20:24:28.7656322Z   duration_ms: 0.434679
2026-10-09T20:24:28.7656591Z   type: 'test'
2026-10-09T20:24:28.7656816Z   ...
2026-10-09T20:24:28.7657096Z # Subtest: Rust patterns and lifetimes are not bindings
2026-10-09T20:24:28.7657478Z ok 4 - Rust patterns and lifetimes are not bindings
2026-10-09T20:24:28.7657712Z   ---
2026-10-09T20:24:28.7657868Z   duration_ms: 0.476872
2026-10-09T20:24:28.7658039Z   type: 'test'
2026-10-09T20:24:28.7658195Z   ...
2026-10-09T20:24:28.7658508Z # Subtest: the rules file states a reason for every exclusion and reads its list from the notation rules
2026-10-09T20:24:28.7659018Z ok 5 - the rules file states a reason for every exclusion and reads its list from the notation rules
2026-10-09T20:24:28.7659357Z   ---
2026-10-09T20:24:28.7659510Z   duration_ms: 1.129101
2026-10-09T20:24:28.7659694Z   type: 'test'
2026-10-09T20:24:28.7659846Z   ...
2026-10-09T20:24:28.7660403Z # Subtest: the repository holds the abbreviation ratchet
2026-10-09T20:24:28.7660691Z ok 6 - the repository holds the abbreviation ratchet
2026-10-09T20:24:28.7660923Z   ---
2026-10-09T20:24:28.7661096Z   duration_ms: 986.06083
2026-10-09T20:24:28.7661498Z   type: 'test'
2026-10-09T20:24:28.7661764Z   ...
2026-10-09T20:24:28.7912530Z # Subtest: actual process receipt preserves authored failure prose and real zero status
2026-10-09T20:24:28.7969792Z ok 7 - actual process receipt preserves authored failure prose and real zero status
2026-10-09T20:24:28.7982051Z   ---
2026-10-09T20:24:28.8011885Z   duration_ms: 61.372156
2026-10-09T20:24:28.8041999Z   type: 'test'
2026-10-09T20:24:28.8042525Z   ...
2026-10-09T20:24:28.8048417Z # Subtest: actual nonzero exit and stderr survive receipt encoding
2026-10-09T20:24:28.8049250Z ok 8 - actual nonzero exit and stderr survive receipt encoding
2026-10-09T20:24:28.8049879Z   ---
2026-10-09T20:24:28.8050278Z   duration_ms: 50.671232
2026-10-09T20:24:28.8050755Z   type: 'test'
2026-10-09T20:24:28.8051323Z   ...
2026-10-09T20:24:28.8052044Z # Subtest: large real process output is bounded while original length and incomplete witness remain
2026-10-09T20:24:28.8053157Z ok 9 - large real process output is bounded while original length and incomplete witness remain
2026-10-09T20:24:28.8054012Z   ---
2026-10-09T20:24:28.8054408Z   duration_ms: 36.633932
2026-10-09T20:24:28.8054871Z   type: 'test'
2026-10-09T20:24:28.8055281Z   ...
2026-10-09T20:24:28.8055781Z # Subtest: real split UTF8 chunks preserve exact source text
2026-10-09T20:24:28.8056491Z ok 10 - real split UTF8 chunks preserve exact source text
2026-10-09T20:24:28.8057083Z   ---
2026-10-09T20:24:28.8057486Z   duration_ms: 55.311544
2026-10-09T20:24:28.8057939Z   type: 'test'
2026-10-09T20:24:28.8058353Z   ...
2026-10-09T20:24:28.8058839Z # Subtest: actual timeout never advertises complete bytes
2026-10-09T20:24:28.8059528Z ok 11 - actual timeout never advertises complete bytes
2026-10-09T20:24:28.8060102Z   ---
2026-10-09T20:24:28.8060501Z   duration_ms: 36.69962
2026-10-09T20:24:28.8060947Z   type: 'test'
2026-10-09T20:24:28.8061457Z   ...
2026-10-09T20:24:28.8061928Z # Subtest: actual abort never advertises complete bytes
2026-10-09T20:24:28.8062600Z ok 12 - actual abort never advertises complete bytes
2026-10-09T20:24:28.8063189Z   ---
2026-10-09T20:24:28.8063575Z   duration_ms: 39.623461
2026-10-09T20:24:28.8064032Z   type: 'test'
2026-10-09T20:24:28.8064439Z   ...
2026-10-09T20:24:30.4312933Z # Subtest: repeated event sequences become a validated parameterized algorithm
2026-10-09T20:24:30.4366154Z ok 13 - repeated event sequences become a validated parameterized algorithm
2026-10-09T20:24:30.4423811Z   ---
2026-10-09T20:24:30.4451908Z   duration_ms: 1188.225224
2026-10-09T20:24:30.4481675Z   type: 'test'
2026-10-09T20:24:30.4512372Z   ...
2026-10-09T20:24:30.4592166Z # Subtest: held-out constant drift is preserved as a failed candidate
2026-10-09T20:24:30.4622223Z ok 14 - held-out constant drift is preserved as a failed candidate
2026-10-09T20:24:30.4673953Z   ---
2026-10-09T20:24:30.4703385Z   duration_ms: 2.974127
2026-10-09T20:24:30.4742196Z   type: 'test'
2026-10-09T20:24:30.4762436Z   ...
2026-10-09T20:24:30.4802406Z # Subtest: artifact round trip and conformance do not implicitly approve execution
2026-10-09T20:24:30.4808296Z ok 15 - artifact round trip and conformance do not implicitly approve execution
2026-10-09T20:24:30.4841863Z   ---
2026-10-09T20:24:30.4930027Z   duration_ms: 3.18762
2026-10-09T20:24:30.4931714Z   type: 'test'
2026-10-09T20:24:30.5011808Z   ...
2026-10-09T20:24:30.5022383Z # Subtest: the memory reader round-trips the issue-531 observation document
2026-10-09T20:24:30.5042619Z ok 16 - the memory reader round-trips the issue-531 observation document
2026-10-09T20:24:30.5083300Z   ---
2026-10-09T20:24:30.5111618Z   duration_ms: 2.811841
2026-10-09T20:24:30.5157939Z   type: 'test'
2026-10-09T20:24:30.5181592Z   ...
2026-10-09T20:24:30.5182062Z # Subtest: Agent CLI algorithm learning: write, discover, read back, conformance
2026-10-09T20:24:30.5183198Z ok 17 - Agent CLI algorithm learning: write, discover, read back, conformance
2026-10-09T20:24:30.5183673Z   ---
2026-10-09T20:24:30.5183908Z   duration_ms: 943.084402
2026-10-09T20:24:30.5184199Z   type: 'test'
2026-10-09T20:24:30.5184435Z   ...
2026-10-09T20:24:30.5184821Z # Subtest: an arbitrary four-step procedure compiles and restates its steps
2026-10-09T20:24:30.5185434Z ok 18 - an arbitrary four-step procedure compiles and restates its steps
2026-10-09T20:24:30.5185851Z   ---
2026-10-09T20:24:30.5186075Z   duration_ms: 15.111338
2026-10-09T20:24:30.5186343Z   type: 'test'
2026-10-09T20:24:30.5186571Z   ...
2026-10-09T20:24:30.5187189Z # Subtest: the same procedure in every supported language compiles to the same skill links
2026-10-09T20:24:30.5187901Z ok 19 - the same procedure in every supported language compiles to the same skill links
2026-10-09T20:24:30.5188401Z   ---
2026-10-09T20:24:30.5188627Z   duration_ms: 9.506124
2026-10-09T20:24:30.5188914Z   type: 'test'
2026-10-09T20:24:30.5189160Z   ...
2026-10-09T20:24:30.5189930Z # Subtest: an uncompilable step reports a named gap and compiles nothing
2026-10-09T20:24:30.5221862Z ok 20 - an uncompilable step reports a named gap and compiles nothing
2026-10-09T20:24:30.5248810Z   ---
2026-10-09T20:24:30.5280075Z   duration_ms: 184.05021
2026-10-09T20:24:30.5311725Z   type: 'test'
2026-10-09T20:24:30.5341664Z   ...
2026-10-09T20:24:30.5342037Z # Subtest: the gap name collapses the seed quote escape
2026-10-09T20:24:30.5371707Z ok 21 - the gap name collapses the seed quote escape
2026-10-09T20:24:30.5401788Z   ---
2026-10-09T20:24:30.5431629Z   duration_ms: 0.772811
2026-10-09T20:24:30.5431980Z   type: 'test'
2026-10-09T20:24:30.5461578Z   ...
2026-10-09T20:24:30.5491895Z # Subtest: the compiler records every ordered requirement under the solver impulse
2026-10-09T20:24:30.5551921Z ok 22 - the compiler records every ordered requirement under the solver impulse
2026-10-09T20:24:30.5552494Z   ---
2026-10-09T20:24:30.5581679Z   duration_ms: 1.483809
2026-10-09T20:24:30.5611795Z   type: 'test'
2026-10-09T20:24:30.5641705Z   ...
2026-10-09T20:24:30.5671936Z # Subtest: the compiled artifact round-trips and rejects tampering
2026-10-09T20:24:30.5701780Z ok 23 - the compiled artifact round-trips and rejects tampering
2026-10-09T20:24:30.5731609Z   ---
2026-10-09T20:24:30.5791734Z   duration_ms: 10.705302
2026-10-09T20:24:30.5802337Z   type: 'test'
2026-10-09T20:24:30.5851735Z   ...
2026-10-09T20:24:30.5852205Z # Subtest: Agent CLI procedure: write, verify, execute, and return the same artifact
2026-10-09T20:24:30.5877793Z ok 24 - Agent CLI procedure: write, verify, execute, and return the same artifact
2026-10-09T20:24:30.5878232Z   ---
2026-10-09T20:24:30.5878482Z   duration_ms: 24.004854
2026-10-09T20:24:30.5878730Z   type: 'test'
2026-10-09T20:24:30.5878936Z   ...
2026-10-09T20:24:30.5879294Z # Subtest: Agent CLI procedure rejects a corrupted readback and a failed execution
2026-10-09T20:24:30.5879907Z ok 25 - Agent CLI procedure rejects a corrupted readback and a failed execution
2026-10-09T20:24:30.5880331Z   ---
2026-10-09T20:24:30.5880530Z   duration_ms: 43.365641
2026-10-09T20:24:30.5880771Z   type: 'test'
2026-10-09T20:24:30.5880973Z   ...
2026-10-09T20:24:30.5881480Z # Subtest: Agent CLI procedure localizes an honest unpersisted artifact
2026-10-09T20:24:30.5882083Z ok 26 - Agent CLI procedure localizes an honest unpersisted artifact
2026-10-09T20:24:30.5882530Z   ---
2026-10-09T20:24:30.5882769Z   duration_ms: 1.855081
2026-10-09T20:24:30.5883055Z   type: 'test'
2026-10-09T20:24:30.5883291Z   ...
2026-10-09T20:24:30.5883706Z # Subtest: the associative report and answer match the committed Agent CLI session
2026-10-09T20:24:30.5884400Z ok 27 - the associative report and answer match the committed Agent CLI session
2026-10-09T20:24:30.5884898Z   ---
2026-10-09T20:24:30.5885129Z   duration_ms: 11.212631
2026-10-09T20:24:30.5885403Z   type: 'test'
2026-10-09T20:24:30.5885639Z   ...
2026-10-09T20:24:30.5886441Z # Subtest: the associative report is derived from persisted usage, not canned
2026-10-09T20:24:30.5887094Z ok 28 - the associative report is derived from persisted usage, not canned
2026-10-09T20:24:30.5887568Z   ---
2026-10-09T20:24:30.5887801Z   duration_ms: 0.815506
2026-10-09T20:24:30.5888080Z   type: 'test'
2026-10-09T20:24:30.5888324Z   ...
2026-10-09T20:24:30.5888728Z # Subtest: self-hosting and search-fusion reports are derived and review gated
2026-10-09T20:24:30.5889419Z ok 29 - self-hosting and search-fusion reports are derived and review gated
2026-10-09T20:24:30.5889897Z   ---
2026-10-09T20:24:30.5890232Z   duration_ms: 3.356897
2026-10-09T20:24:30.5890500Z   type: 'test'
2026-10-09T20:24:30.5890734Z   ...
2026-10-09T20:24:30.5891592Z # Subtest: every registered report routes from its own task and identities are unique
2026-10-09T20:24:30.5892327Z ok 30 - every registered report routes from its own task and identities are unique
2026-10-09T20:24:30.5892845Z   ---
2026-10-09T20:24:30.5893090Z   duration_ms: 3.373461
2026-10-09T20:24:30.5893366Z   type: 'test'
2026-10-09T20:24:30.5893608Z   ...
2026-10-09T20:24:30.5893980Z # Subtest: committed Agent CLI evidence reports match a fresh render
2026-10-09T20:24:30.5894559Z ok 31 - committed Agent CLI evidence reports match a fresh render
2026-10-09T20:24:30.5894985Z   ---
2026-10-09T20:24:30.5895223Z   duration_ms: 2.73192
2026-10-09T20:24:30.5895509Z   type: 'test'
2026-10-09T20:24:30.5895745Z   ...
2026-10-09T20:24:30.5896192Z # Subtest: the dreaming audit is derived from the recipe and matches the committed session
2026-10-09T20:24:30.5896937Z ok 32 - the dreaming audit is derived from the recipe and matches the committed session
2026-10-09T20:24:30.5897471Z   ---
2026-10-09T20:24:30.5897712Z   duration_ms: 10.972667
2026-10-09T20:24:30.5897992Z   type: 'test'
2026-10-09T20:24:30.5898237Z   ...
2026-10-09T20:24:30.5898665Z # Subtest: the self-AST recipe routes narrowly and answers like the committed session
2026-10-09T20:24:30.5899367Z ok 33 - the self-AST recipe routes narrowly and answers like the committed session
2026-10-09T20:24:30.5899868Z   ---
2026-10-09T20:24:30.5900104Z   duration_ms: 0.687982
2026-10-09T20:24:30.5900378Z   type: 'test'
2026-10-09T20:24:30.5900623Z   ...
2026-10-09T20:24:30.5901091Z # Subtest: the question catalog recipe routes narrowly and answers like the committed session
2026-10-09T20:24:30.5901983Z ok 34 - the question catalog recipe routes narrowly and answers like the committed session
2026-10-09T20:24:30.5902493Z   ---
2026-10-09T20:24:30.5902734Z   duration_ms: 2.273716
2026-10-09T20:24:30.5903128Z   type: 'test'
2026-10-09T20:24:30.5903383Z   ...
2026-10-09T20:24:30.5903793Z # Subtest: the Google Trends recipes route and answer like the committed sessions
2026-10-09T20:24:30.5904457Z ok 35 - the Google Trends recipes route and answer like the committed sessions
2026-10-09T20:24:30.5904916Z   ---
2026-10-09T20:24:30.5905150Z   duration_ms: 9.417299
2026-10-09T20:24:30.5905412Z   type: 'test'
2026-10-09T20:24:30.5905652Z   ...
2026-10-09T20:24:30.5906017Z # Subtest: failure detection fires on solver intents that mean the turn failed
2026-10-09T20:24:30.5907010Z ok 36 - failure detection fires on solver intents that mean the turn failed
2026-10-09T20:24:30.5907485Z   ---
2026-10-09T20:24:30.5907717Z   duration_ms: 1.271146
2026-10-09T20:24:30.5907991Z   type: 'test'
2026-10-09T20:24:30.5908225Z   ...
2026-10-09T20:24:30.5908542Z # Subtest: failure detection never fires on prose alone
2026-10-09T20:24:30.5909006Z ok 37 - failure detection never fires on prose alone
2026-10-09T20:24:30.5909372Z   ---
2026-10-09T20:24:30.5909600Z   duration_ms: 0.233654
2026-10-09T20:24:30.5909879Z   type: 'test'
2026-10-09T20:24:30.5910114Z   ...
2026-10-09T20:24:30.5910441Z # Subtest: failure detection reads structured tool outputs
2026-10-09T20:24:30.5910924Z ok 38 - failure detection reads structured tool outputs
2026-10-09T20:24:30.5911451Z   ---
2026-10-09T20:24:30.5911680Z   duration_ms: 0.454599
2026-10-09T20:24:30.5911945Z   type: 'test'
2026-10-09T20:24:30.5912364Z   ...
2026-10-09T20:24:30.5912634Z # Subtest: an expected stop is not a failure
2026-10-09T20:24:30.5913040Z ok 39 - an expected stop is not a failure
2026-10-09T20:24:30.5913384Z   ---
2026-10-09T20:24:30.5913617Z   duration_ms: 0.228276
2026-10-09T20:24:30.5913886Z   type: 'test'
2026-10-09T20:24:30.5914132Z   ...
2026-10-09T20:24:30.5914459Z # Subtest: failure detection parses JSON-encoded tool outputs
2026-10-09T20:24:30.5914967Z ok 40 - failure detection parses JSON-encoded tool outputs
2026-10-09T20:24:30.5915361Z   ---
2026-10-09T20:24:30.5915606Z   duration_ms: 0.30963
2026-10-09T20:24:30.5915878Z   type: 'test'
2026-10-09T20:24:30.5916115Z   ...
2026-10-09T20:24:30.5916610Z # Subtest: failure detection tolerates missing and malformed answers
2026-10-09T20:24:30.5917176Z ok 41 - failure detection tolerates missing and malformed answers
2026-10-09T20:24:30.5917612Z   ---
2026-10-09T20:24:30.5917852Z   duration_ms: 0.213243
2026-10-09T20:24:30.5918130Z   type: 'test'
2026-10-09T20:24:30.5918382Z   ...
2026-10-09T20:24:30.5918758Z # Subtest: the count placeholder is substituted everywhere it appears
2026-10-09T20:24:30.5919340Z ok 42 - the count placeholder is substituted everywhere it appears
2026-10-09T20:24:30.5919773Z   ---
2026-10-09T20:24:30.5920008Z   duration_ms: 0.331663
2026-10-09T20:24:30.5920289Z   type: 'test'
2026-10-09T20:24:30.5920531Z   ...
2026-10-09T20:24:30.5920906Z # Subtest: word truncation cuts on a boundary and keeps whole characters
2026-10-09T20:24:30.5925594Z ok 43 - word truncation cuts on a boundary and keeps whole characters
2026-10-09T20:24:30.5926071Z   ---
2026-10-09T20:24:30.5926327Z   duration_ms: 0.568261
2026-10-09T20:24:30.5926612Z   type: 'test'
2026-10-09T20:24:30.5926861Z   ...
2026-10-09T20:24:30.5927297Z # Subtest: issue titles combine the first and last subject within the length limit
2026-10-09T20:24:30.5927994Z ok 44 - issue titles combine the first and last subject within the length limit
2026-10-09T20:24:30.5928481Z   ---
2026-10-09T20:24:30.5928726Z   duration_ms: 0.648273
2026-10-09T20:24:30.5928999Z   type: 'test'
2026-10-09T20:24:30.5929249Z   ...
2026-10-09T20:24:30.5929603Z # Subtest: a long single subject is truncated to fit the title limit
2026-10-09T20:24:30.5930157Z ok 45 - a long single subject is truncated to fit the title limit
2026-10-09T20:24:30.5930582Z   ---
2026-10-09T20:24:30.5930824Z   duration_ms: 0.546768
2026-10-09T20:24:30.5931110Z   type: 'test'
2026-10-09T20:24:30.5931543Z   ...
2026-10-09T20:24:30.5931911Z # Subtest: the rendered report contains every declared section in order
2026-10-09T20:24:30.5932498Z ok 46 - the rendered report contains every declared section in order
2026-10-09T20:24:30.5932950Z   ---
2026-10-09T20:24:30.5933183Z   duration_ms: 0.565907
2026-10-09T20:24:30.5933462Z   type: 'test'
2026-10-09T20:24:30.5933701Z   ...
2026-10-09T20:24:30.5934031Z # Subtest: a fence in the dialog is escaped by a longer fence
2026-10-09T20:24:30.5934533Z ok 47 - a fence in the dialog is escaped by a longer fence
2026-10-09T20:24:30.5934928Z   ---
2026-10-09T20:24:30.5935163Z   duration_ms: 0.175686
2026-10-09T20:24:30.5935432Z   type: 'test'
2026-10-09T20:24:30.5935681Z   ...
2026-10-09T20:24:30.5935989Z # Subtest: the reporter tolerates a missing or empty body
2026-10-09T20:24:30.5936461Z ok 48 - the reporter tolerates a missing or empty body
2026-10-09T20:24:30.5936843Z   ---
2026-10-09T20:24:30.5937089Z   duration_ms: 0.174505
2026-10-09T20:24:30.5937364Z   type: 'test'
2026-10-09T20:24:30.5937598Z   ...
2026-10-09T20:24:30.5937956Z # Subtest: record truncation drops whole records and reports how many
2026-10-09T20:24:30.5938546Z ok 49 - record truncation drops whole records and reports how many
2026-10-09T20:24:30.5938982Z   ---
2026-10-09T20:24:30.5939218Z   duration_ms: 2.685199
2026-10-09T20:24:30.5939494Z   type: 'test'
2026-10-09T20:24:30.5939731Z   ...
2026-10-09T20:24:30.5940244Z # Subtest: the native source registry carries actual canonical number-word bytes in both inventories
2026-10-09T20:24:30.5941400Z ok 50 - the native source registry carries actual canonical number-word bytes in both inventories
2026-10-09T20:24:30.5941979Z   ---
2026-10-09T20:24:30.5942225Z   duration_ms: 1533.731903
2026-10-09T20:24:30.5942523Z   type: 'test'
2026-10-09T20:24:30.5942764Z   ...
2026-10-09T20:24:30.5943243Z # Subtest: all original no_std token and phrase tables match the actual multilingual worker lexicon
2026-10-09T20:24:30.5944045Z ok 51 - all original no_std token and phrase tables match the actual multilingual worker lexicon
2026-10-09T20:24:30.5944615Z   ---
2026-10-09T20:24:30.5944852Z   duration_ms: 277.888974
2026-10-09T20:24:30.5945139Z   type: 'test'
2026-10-09T20:24:30.5945383Z   ...
2026-10-09T20:24:30.5945984Z # Subtest: preferences round-trip through the Links Notation storage format
2026-10-09T20:24:30.5946635Z ok 52 - preferences round-trip through the Links Notation storage format
2026-10-09T20:24:30.5947107Z   ---
2026-10-09T20:24:30.5947347Z   duration_ms: 3.717814
2026-10-09T20:24:30.5947639Z   type: 'test'
2026-10-09T20:24:30.5947877Z   ...
2026-10-09T20:24:30.5948281Z # Subtest: preferences reject documents that are not rooted at demo_preferences
2026-10-09T20:24:30.5948946Z ok 53 - preferences reject documents that are not rooted at demo_preferences
2026-10-09T20:24:30.5949439Z   ---
2026-10-09T20:24:30.5949670Z   duration_ms: 0.868926
2026-10-09T20:24:30.5949938Z   type: 'test'
2026-10-09T20:24:30.5950177Z   ...
2026-10-09T20:24:30.5950496Z # Subtest: preferences survive a storage backend that throws
2026-10-09T20:24:30.5951002Z ok 54 - preferences survive a storage backend that throws
2026-10-09T20:24:30.5951601Z   ---
2026-10-09T20:24:30.5951834Z   duration_ms: 0.959695
2026-10-09T20:24:30.5952101Z   type: 'test'
2026-10-09T20:24:30.5952341Z   ...
2026-10-09T20:24:30.5952744Z # Subtest: i18n resolves every supported language and falls back to the default
2026-10-09T20:24:30.5953390Z ok 55 - i18n resolves every supported language and falls back to the default
2026-10-09T20:24:30.5953870Z   ---
2026-10-09T20:24:30.5954110Z   duration_ms: 1.404017
2026-10-09T20:24:30.5954382Z   type: 'test'
2026-10-09T20:24:30.5954627Z   ...
2026-10-09T20:24:30.5954996Z # Subtest: i18n detects the language from the browser's preference list
2026-10-09T20:24:30.5955586Z ok 56 - i18n detects the language from the browser's preference list
2026-10-09T20:24:30.5956029Z   ---
2026-10-09T20:24:30.5956260Z   duration_ms: 1.721899
2026-10-09T20:24:30.5956532Z   type: 'test'
2026-10-09T20:24:30.5956768Z   ...
2026-10-09T20:24:30.5957145Z # Subtest: syntax highlighting escapes markup and tags known languages
2026-10-09T20:24:30.5957738Z ok 57 - syntax highlighting escapes markup and tags known languages
2026-10-09T20:24:30.5958181Z   ---
2026-10-09T20:24:30.5958421Z   duration_ms: 1.782551
2026-10-09T20:24:30.5958696Z   type: 'test'
2026-10-09T20:24:30.5958933Z   ...
2026-10-09T20:24:30.5959327Z # Subtest: memory events round-trip through the exported Links Notation bundle
2026-10-09T20:24:30.5959983Z ok 58 - memory events round-trip through the exported Links Notation bundle
2026-10-09T20:24:30.5960461Z   ---
2026-10-09T20:24:30.5960698Z   duration_ms: 5.080759
2026-10-09T20:24:30.5960967Z   type: 'test'
2026-10-09T20:24:30.5961325Z   ...
2026-10-09T20:24:30.5961634Z # Subtest: memory events reduce to stable doublet records
2026-10-09T20:24:30.5962098Z ok 59 - memory events reduce to stable doublet records
2026-10-09T20:24:30.5962475Z   ---
2026-10-09T20:24:30.5962713Z   duration_ms: 5.017523
2026-10-09T20:24:30.5962982Z   type: 'test'
2026-10-09T20:24:30.5963226Z   ...
2026-10-09T20:24:30.5963533Z # Subtest: the seed loader parses the shipped seed files
2026-10-09T20:24:30.5964000Z ok 60 - the seed loader parses the shipped seed files
2026-10-09T20:24:30.5964373Z   ---
2026-10-09T20:24:30.5964606Z   duration_ms: 7.5037
2026-10-09T20:24:30.5964878Z   type: 'test'
2026-10-09T20:24:30.5965114Z   ...
2026-10-09T20:24:30.5965404Z # Subtest: the seed loader has no inventory of its own
2026-10-09T20:24:30.5965842Z ok 61 - the seed loader has no inventory of its own
2026-10-09T20:24:30.5966363Z   ---
2026-10-09T20:24:30.5966598Z   duration_ms: 1.354362
2026-10-09T20:24:30.5966860Z   type: 'test'
2026-10-09T20:24:30.5967096Z   ...
2026-10-09T20:24:30.5967430Z # Subtest: the seed loader parses indentation into a nested tree
2026-10-09T20:24:30.5967962Z ok 62 - the seed loader parses indentation into a nested tree
2026-10-09T20:24:30.5968369Z   ---
2026-10-09T20:24:30.5968604Z   duration_ms: 1.125625
2026-10-09T20:24:30.5968875Z   type: 'test'
2026-10-09T20:24:30.5969122Z   ...
2026-10-09T20:24:30.5969447Z # Subtest: site chrome resolves locale and theme preferences
2026-10-09T20:24:30.5969936Z ok 63 - site chrome resolves locale and theme preferences
2026-10-09T20:24:30.5970330Z   ---
2026-10-09T20:24:30.5970698Z   duration_ms: 1.480363
2026-10-09T20:24:30.5970967Z   type: 'test'
2026-10-09T20:24:30.5971316Z   ...
2026-10-09T20:24:30.5971660Z # Subtest: site chrome builds elements through its own `h` helper
2026-10-09T20:24:30.5972213Z ok 64 - site chrome builds elements through its own `h` helper
2026-10-09T20:24:30.5972621Z   ---
2026-10-09T20:24:30.5972855Z   duration_ms: 1.06276
2026-10-09T20:24:30.5973124Z   type: 'test'
2026-10-09T20:24:30.5973365Z   ...
2026-10-09T20:24:30.5973781Z # Subtest: site chrome reads the stamped version and ignores an un-stamped build
2026-10-09T20:24:30.5974440Z ok 65 - site chrome reads the stamped version and ignores an un-stamped build
2026-10-09T20:24:30.5974917Z   ---
2026-10-09T20:24:30.5975151Z   duration_ms: 2.974277
2026-10-09T20:24:30.5975435Z   type: 'test'
2026-10-09T20:24:30.5975674Z   ...
2026-10-09T20:24:30.5976114Z # Subtest: the download page resolves release assets, checksums and verification commands
2026-10-09T20:24:30.5976860Z ok 66 - the download page resolves release assets, checksums and verification commands
2026-10-09T20:24:30.5977396Z   ---
2026-10-09T20:24:30.5977630Z   duration_ms: 19.330331
2026-10-09T20:24:30.5977910Z   type: 'test'
2026-10-09T20:24:30.5978147Z   ...
2026-10-09T20:24:30.5978530Z # Subtest: js/cli/cli.js registers its page against the shipped site chrome
2026-10-09T20:24:30.5979151Z ok 67 - js/cli/cli.js registers its page against the shipped site chrome
2026-10-09T20:24:30.5979605Z   ---
2026-10-09T20:24:30.5979853Z   duration_ms: 1.602588
2026-10-09T20:24:30.5980143Z   type: 'test'
2026-10-09T20:24:30.5980396Z   ...
2026-10-09T20:24:30.5980795Z # Subtest: js/docs/docs.js registers its page against the shipped site chrome
2026-10-09T20:24:30.5981553Z ok 68 - js/docs/docs.js registers its page against the shipped site chrome
2026-10-09T20:24:30.5982022Z   ---
2026-10-09T20:24:30.5982272Z   duration_ms: 1.071053
2026-10-09T20:24:30.5982546Z   type: 'test'
2026-10-09T20:24:30.5982787Z   ...
2026-10-09T20:24:30.5983239Z # Subtest: js/telegram/telegram.js registers its page against the shipped site chrome
2026-10-09T20:24:30.5983972Z ok 69 - js/telegram/telegram.js registers its page against the shipped site chrome
2026-10-09T20:24:30.5984479Z   ---
2026-10-09T20:24:30.5984720Z   duration_ms: 1.16183
2026-10-09T20:24:30.5984996Z   type: 'test'
2026-10-09T20:24:30.5985239Z   ...
2026-10-09T20:24:30.5985634Z # Subtest: js/vscode/vscode.js registers its page against the shipped site chrome
2026-10-09T20:24:30.5986281Z ok 70 - js/vscode/vscode.js registers its page against the shipped site chrome
2026-10-09T20:24:30.5986760Z   ---
2026-10-09T20:24:30.5986995Z   duration_ms: 1.238016
2026-10-09T20:24:30.5987281Z   type: 'test'
2026-10-09T20:24:30.5987516Z   ...
2026-10-09T20:24:30.5987891Z # Subtest: js/landing.js registers its page against the shipped site chrome
2026-10-09T20:24:30.5988510Z ok 71 - js/landing.js registers its page against the shipped site chrome
2026-10-09T20:24:30.5988976Z   ---
2026-10-09T20:24:30.5989214Z   duration_ms: 1.058554
2026-10-09T20:24:30.5989493Z   type: 'test'
2026-10-09T20:24:30.5989736Z   ...
2026-10-09T20:24:30.5990100Z # Subtest: page configs skip cleanly when the site chrome is missing
2026-10-09T20:24:30.5990659Z ok 72 - page configs skip cleanly when the site chrome is missing
2026-10-09T20:24:30.5991418Z   ---
2026-10-09T20:24:30.5991651Z   duration_ms: 1.366992
2026-10-09T20:24:30.5991920Z   type: 'test'
2026-10-09T20:24:30.5992163Z   ...
2026-10-09T20:24:30.5992403Z # Subtest: the shard plan
2026-10-09T20:24:30.5992802Z     # Subtest: puts every test in exactly one shard, longest first
2026-10-09T20:24:30.5993317Z     ok 1 - puts every test in exactly one shard, longest first
2026-10-09T20:24:30.5993733Z       ---
2026-10-09T20:24:30.5993983Z       duration_ms: 3.567836
2026-10-09T20:24:30.5994269Z       type: 'test'
2026-10-09T20:24:30.5994508Z       ...
2026-10-09T20:24:30.5994901Z     # Subtest: gives the slowest test a shard of its own and balances the rest
2026-10-09T20:24:30.5995649Z     ok 2 - gives the slowest test a shard of its own and balances the rest
2026-10-09T20:24:30.5996100Z       ---
2026-10-09T20:24:30.5996334Z       duration_ms: 0.17855
2026-10-09T20:24:30.5996619Z       type: 'test'
2026-10-09T20:24:30.5996877Z       ...
2026-10-09T20:24:30.5997215Z     # Subtest: is the same on every machine whatever the input order
2026-10-09T20:24:30.5997739Z     ok 3 - is the same on every machine whatever the input order
2026-10-09T20:24:30.5998145Z       ---
2026-10-09T20:24:30.5998398Z       duration_ms: 0.159822
2026-10-09T20:24:30.5998685Z       type: 'test'
2026-10-09T20:24:30.5998937Z       ...
2026-10-09T20:24:30.5999226Z     # Subtest: gives a shard with other work fewer tests
2026-10-09T20:24:30.5999678Z     ok 4 - gives a shard with other work fewer tests
2026-10-09T20:24:30.6000045Z       ---
2026-10-09T20:24:30.6000291Z       duration_ms: 0.283289
2026-10-09T20:24:30.6000579Z       type: 'test'
2026-10-09T20:24:30.6000835Z       ...
2026-10-09T20:24:30.6001313Z     # Subtest: reads `<group>\\t<test>` lines by the test name
2026-10-09T20:24:30.6001843Z     ok 5 - reads `<group>\\t<test>` lines by the test name
2026-10-09T20:24:30.6002226Z       ---
2026-10-09T20:24:30.6002477Z       duration_ms: 0.189046
2026-10-09T20:24:30.6002779Z       type: 'test'
2026-10-09T20:24:30.6003028Z       ...
2026-10-09T20:24:30.6003360Z     # Subtest: reports what a broken partition loses or repeats
2026-10-09T20:24:30.6003862Z     ok 6 - reports what a broken partition loses or repeats
2026-10-09T20:24:30.6004267Z       ---
2026-10-09T20:24:30.6004504Z       duration_ms: 0.166693
2026-10-09T20:24:30.6004786Z       type: 'test'
2026-10-09T20:24:30.6005029Z       ...
2026-10-09T20:24:30.6005405Z     # Subtest: the command line prints each shard and checks the partition
2026-10-09T20:24:30.6005990Z     ok 7 - the command line prints each shard and checks the partition
2026-10-09T20:24:30.6006423Z       ---
2026-10-09T20:24:30.6006665Z       duration_ms: 191.818602
2026-10-09T20:24:30.6006967Z       type: 'test'
2026-10-09T20:24:30.6007212Z       ...
2026-10-09T20:24:30.6007763Z     1..7
2026-10-09T20:24:30.6008127Z ok 73 - the shard plan
2026-10-09T20:24:30.6008564Z   ---
2026-10-09T20:24:30.6008958Z   duration_ms: 197.639382
2026-10-09T20:24:30.6027623Z   type: 'suite'
2026-10-09T20:24:30.6027941Z   ...
2026-10-09T20:24:30.6028207Z # Subtest: the workflow reader
2026-10-09T20:24:30.6028671Z     # Subtest: reads names, needs in every shape, and matrix timeouts
2026-10-09T20:24:30.6029236Z     ok 1 - reads names, needs in every shape, and matrix timeouts
2026-10-09T20:24:30.6029665Z       ---
2026-10-09T20:24:30.6029917Z       duration_ms: 0.69953
2026-10-09T20:24:30.6030223Z       type: 'test'
2026-10-09T20:24:30.6030482Z       ...
2026-10-09T20:24:30.6030823Z     # Subtest: attributes a measured display name to its job id
2026-10-09T20:24:30.6031480Z     ok 2 - attributes a measured display name to its job id
2026-10-09T20:24:30.6031895Z       ---
2026-10-09T20:24:30.6032137Z       duration_ms: 1.006685
2026-10-09T20:24:30.6032437Z       type: 'test'
2026-10-09T20:24:30.6032688Z       ...
2026-10-09T20:24:30.6032928Z     1..2
2026-10-09T20:24:30.6033177Z ok 74 - the workflow reader
2026-10-09T20:24:30.6033462Z   ---
2026-10-09T20:24:30.6033883Z   duration_ms: 2.149887
2026-10-09T20:24:30.6034160Z   type: 'suite'
2026-10-09T20:24:30.6034414Z   ...
2026-10-09T20:24:30.6034657Z # Subtest: the speed rule
2026-10-09T20:24:30.6035161Z     # Subtest: flags a missing cap and a cap over the limit, and honours a recorded exception
2026-10-09T20:24:30.6035892Z     ok 1 - flags a missing cap and a cap over the limit, and honours a recorded exception
2026-10-09T20:24:30.6036418Z       ---
2026-10-09T20:24:30.6036660Z       duration_ms: 0.785019
2026-10-09T20:24:30.6036948Z       type: 'test'
2026-10-09T20:24:30.6037194Z       ...
2026-10-09T20:24:30.6037585Z     # Subtest: flags a measured maximum over the limit without an exception
2026-10-09T20:24:30.6038179Z     ok 2 - flags a measured maximum over the limit without an exception
2026-10-09T20:24:30.6038752Z       ---
2026-10-09T20:24:30.6038996Z       duration_ms: 0.286864
2026-10-09T20:24:30.6039283Z       type: 'test'
2026-10-09T20:24:30.6039537Z       ...
2026-10-09T20:24:30.6039925Z     # Subtest: an exception that excuses nothing any more fails until removed
2026-10-09T20:24:30.6040542Z     ok 3 - an exception that excuses nothing any more fails until removed
2026-10-09T20:24:30.6040998Z       ---
2026-10-09T20:24:30.6071516Z       duration_ms: 1.436396
2026-10-09T20:24:30.6071843Z       type: 'test'
2026-10-09T20:24:30.6072106Z       ...
2026-10-09T20:24:30.6072492Z     # Subtest: a long job may wait only on jobs whose outputs or artifacts it uses
2026-10-09T20:24:30.6073154Z     ok 4 - a long job may wait only on jobs whose outputs or artifacts it uses
2026-10-09T20:24:30.6073639Z       ---
2026-10-09T20:24:30.6073894Z       duration_ms: 0.610906
2026-10-09T20:24:30.6074187Z       type: 'test'
2026-10-09T20:24:30.6074438Z       ...
2026-10-09T20:24:30.6074805Z     # Subtest: index-order sharding is recognised in each spelling
2026-10-09T20:24:30.6075337Z     ok 5 - index-order sharding is recognised in each spelling
2026-10-09T20:24:30.6075747Z       ---
2026-10-09T20:24:30.6075994Z       duration_ms: 0.391443
2026-10-09T20:24:30.6076307Z       type: 'test'
2026-10-09T20:24:30.6076557Z       ...
2026-10-09T20:24:30.6076937Z     # Subtest: the critical path follows the longest needs chain by median
2026-10-09T20:24:30.6077523Z     ok 6 - the critical path follows the longest needs chain by median
2026-10-09T20:24:30.6077970Z       ---
2026-10-09T20:24:30.6078215Z       duration_ms: 0.48843
2026-10-09T20:24:30.6078505Z       type: 'test'
2026-10-09T20:24:30.6078757Z       ...
2026-10-09T20:24:30.6078996Z     1..6
2026-10-09T20:24:30.6079237Z ok 75 - the speed rule
2026-10-09T20:24:30.6079512Z   ---
2026-10-09T20:24:30.6079761Z   duration_ms: 4.229699
2026-10-09T20:24:30.6080049Z   type: 'suite'
2026-10-09T20:24:30.6080311Z   ...
2026-10-09T20:24:30.6080570Z # Subtest: the measured records
2026-10-09T20:24:30.6080978Z     # Subtest: ci-durations round-trips through its renderer
2026-10-09T20:24:30.6081593Z     ok 1 - ci-durations round-trips through its renderer
2026-10-09T20:24:30.6081996Z       ---
2026-10-09T20:24:30.6082253Z       duration_ms: 1.058754
2026-10-09T20:24:30.6082554Z       type: 'test'
2026-10-09T20:24:30.6082822Z       ...
2026-10-09T20:24:30.6083256Z     # Subtest: test durations read quoted names; report-time lines become seconds
2026-10-09T20:24:30.6083920Z     ok 2 - test durations read quoted names; report-time lines become seconds
2026-10-09T20:24:30.6084401Z       ---
2026-10-09T20:24:30.6084637Z       duration_ms: 0.421238
2026-10-09T20:24:30.6084924Z       type: 'test'
2026-10-09T20:24:30.6085184Z       ...
2026-10-09T20:24:30.6085411Z     1..2
2026-10-09T20:24:30.6085662Z ok 76 - the measured records
2026-10-09T20:24:30.6085960Z   ---
2026-10-09T20:24:30.6086211Z   duration_ms: 1.580104
2026-10-09T20:24:30.6086492Z   type: 'suite'
2026-10-09T20:24:30.6086745Z   ...
2026-10-09T20:24:30.6087218Z # Subtest: a sharded suite plans through the planner itself or through a listed suite that does
2026-10-09T20:24:30.6087970Z ok 77 - a sharded suite plans through the planner itself or through a listed suite that does
2026-10-09T20:24:30.6088738Z   ---
2026-10-09T20:24:30.6088977Z   duration_ms: 2.209518
2026-10-09T20:24:30.6089249Z   type: 'test'
2026-10-09T20:24:30.6089491Z   ...
2026-10-09T20:24:30.6089797Z # Subtest: the repository meets its own CI speed rule
2026-10-09T20:24:30.6090238Z ok 78 - the repository meets its own CI speed rule
2026-10-09T20:24:30.6090609Z   ---
2026-10-09T20:24:30.6090845Z   duration_ms: 108.081045
2026-10-09T20:24:30.6091296Z   type: 'test'
2026-10-09T20:24:30.6091541Z   ...
2026-10-09T20:24:50.7952693Z # Subtest: native trigger response fixture compiles with independently verified stable IDs
2026-10-09T20:24:50.7982272Z ok 79 - native trigger response fixture compiles with independently verified stable IDs
2026-10-09T20:24:50.7991858Z   ---
2026-10-09T20:24:50.8042150Z   duration_ms: 708.119076
2026-10-09T20:24:50.8042727Z   type: 'test'
2026-10-09T20:24:50.8071610Z   ...
2026-10-09T20:24:50.8101778Z # Subtest: compiled package codec retains all fourteen ordered native fields
2026-10-09T20:24:50.8102777Z ok 80 - compiled package codec retains all fourteen ordered native fields
2026-10-09T20:24:50.8131662Z   ---
2026-10-09T20:24:50.8138883Z   duration_ms: 4.843749
2026-10-09T20:24:50.8191611Z   type: 'test'
2026-10-09T20:24:50.8192216Z   ...
2026-10-09T20:24:50.8221943Z # Subtest: three E1 records preserve native field order and independently hashed doublets
2026-10-09T20:24:50.8222780Z ok 81 - three E1 records preserve native field order and independently hashed doublets
2026-10-09T20:24:50.8281613Z   ---
2026-10-09T20:24:50.8282051Z   duration_ms: 5.155392
2026-10-09T20:24:50.8311637Z   type: 'test'
2026-10-09T20:24:50.8341568Z   ...
2026-10-09T20:24:50.8342226Z # Subtest: all unchanged native multilingual rows compile and replay exact response bytes
2026-10-09T20:24:50.8372123Z ok 82 - all unchanged native multilingual rows compile and replay exact response bytes
2026-10-09T20:24:50.8401695Z   ---
2026-10-09T20:24:50.8431633Z   duration_ms: 4673.065892
2026-10-09T20:24:50.8432266Z   type: 'test'
2026-10-09T20:24:50.8461560Z   ...
2026-10-09T20:24:50.8481847Z # Subtest: held-out quoted Unicode and unquoted seeded teaching preserve response bytes
2026-10-09T20:24:50.8521911Z ok 83 - held-out quoted Unicode and unquoted seeded teaching preserve response bytes
2026-10-09T20:24:50.8522681Z   ---
2026-10-09T20:24:50.8551633Z   duration_ms: 1828.691789
2026-10-09T20:24:50.8581597Z   type: 'test'
2026-10-09T20:24:50.8582059Z   ...
2026-10-09T20:24:50.8612040Z # Subtest: unsupported structured IR never becomes a trigger response package or replay cache hit
2026-10-09T20:24:50.8641845Z ok 84 - unsupported structured IR never becomes a trigger response package or replay cache hit
2026-10-09T20:24:50.8671578Z   ---
2026-10-09T20:24:50.8672095Z   duration_ms: 2401.496485
2026-10-09T20:24:50.8701581Z   type: 'test'
2026-10-09T20:24:50.8731538Z   ...
2026-10-09T20:24:50.8732218Z # Subtest: original native history replay retains all five assertions through production WorkerHost
2026-10-09T20:24:50.8761955Z ok 85 - original native history replay retains all five assertions through production WorkerHost
2026-10-09T20:24:50.8791547Z   ---
2026-10-09T20:24:50.8801726Z   duration_ms: 2410.591947
2026-10-09T20:24:50.8821608Z   type: 'test'
2026-10-09T20:24:50.8851597Z   ...
2026-10-09T20:24:50.8852217Z # Subtest: original native count has exact full answer including closing newline and all six assertions
2026-10-09T20:24:50.8912098Z ok 86 - original native count has exact full answer including closing newline and all six assertions
2026-10-09T20:24:50.8941561Z   ---
2026-10-09T20:24:50.8971528Z   duration_ms: 2540.632659
2026-10-09T20:24:50.8972045Z   type: 'test'
2026-10-09T20:24:50.9001644Z   ...
2026-10-09T20:24:50.9002342Z # Subtest: true user assistant history teaches counts lists and replays the same package with ordered events
2026-10-09T20:24:50.9003352Z ok 87 - true user assistant history teaches counts lists and replays the same package with ordered events
2026-10-09T20:24:50.9004007Z   ---
2026-10-09T20:24:50.9004816Z   duration_ms: 4745.787479
2026-10-09T20:24:50.9005158Z   type: 'test'
2026-10-09T20:24:50.9005413Z   ...
2026-10-09T20:24:50.9005899Z # Subtest: canonical package dedup and latest user response ignore assistant impostors
2026-10-09T20:24:50.9006693Z ok 88 - canonical package dedup and latest user response ignore assistant impostors
2026-10-09T20:24:50.9007253Z   ---
2026-10-09T20:24:50.9007507Z   duration_ms: 2684.980785
2026-10-09T20:24:50.9007826Z   type: 'test'
2026-10-09T20:24:50.9008101Z   ...
2026-10-09T20:24:50.9413148Z # Subtest: release creation calls trusted container delivery without a completion trigger
2026-10-09T20:24:50.9566176Z not ok 89 - release creation calls trusted container delivery without a completion trigger
2026-10-09T20:24:50.9592597Z   ---
2026-10-09T20:24:50.9642081Z   duration_ms: 2.526238
2026-10-09T20:24:50.9692199Z   type: 'test'
2026-10-09T20:24:50.9802703Z   location: '/home/runner/work/formal-ai/formal-ai/rust/tests/web/container-images-workflow.test.mjs:11:1'
2026-10-09T20:24:50.9861962Z   failureType: 'testCodeFailure'
2026-10-09T20:24:50.9931922Z   error: |-
2026-10-09T20:24:50.9942531Z     The input did not match the regular expression /needs\.manual-release\.result == 'success' && needs\.manual-release\.outputs\.container-tag != ''/u. Input:
2026-10-09T20:24:50.9981721Z     
2026-10-09T20:24:51.0071863Z     '  native-container-images:\n' +
2026-10-09T20:24:51.0142062Z       '    name: Native full and slim container publication\n' +
2026-10-09T20:24:51.0222097Z       '    concurrency:\n' +
2026-10-09T20:24:51.0255977Z       '      group: ${{ github.workflow }}-${{ github.ref }}-native-container-images\n' +
2026-10-09T20:24:51.0311938Z       '      cancel-in-progress: false\n' +
2026-10-09T20:24:51.0341938Z       '    needs: [auto-release, manual-release]\n' +
2026-10-09T20:24:51.0401937Z       '    if: |\n' +
2026-10-09T20:24:51.0411816Z       '      !cancelled() && (\n' +
2026-10-09T20:24:51.0512406Z       "        (github.event_name == 'push' && github.ref == 'refs/heads/main' &&\n" +
2026-10-09T20:24:51.0513392Z       "         needs.auto-release.result == 'success' && needs.auto-release.outputs.container-tag != '') ||\n" +
2026-10-09T20:24:51.0572314Z       "        (github.event_name == 'workflow_dispatch' && github.event.inputs.release_mode == 'instant' &&\n" +
2026-10-09T20:24:51.0612093Z       "         github.ref == 'refs/heads/main' && needs.manual-release.result == 'success' &&\n" +
2026-10-09T20:24:51.0652003Z       "         needs.manual-release.outputs.container-tag != '')\n" +
2026-10-09T20:24:51.0661693Z       '      )\n' +
2026-10-09T20:24:51.0691625Z       '    permissions:\n' +
2026-10-09T20:24:51.0721813Z       '      contents: read\n' +
2026-10-09T20:24:51.0744716Z       '      packages: write\n' +
2026-10-09T20:24:51.0781865Z       '    uses: ./.github/workflows/container-images.yml\n' +
2026-10-09T20:24:51.0801792Z       '    with:\n' +
2026-10-09T20:24:51.0841612Z       '      push: true\n' +
2026-10-09T20:24:51.0902121Z       '      tag: ${{ needs.auto-release.outputs.container-tag || needs.manual-release.outputs.container-tag }}\n'
2026-10-09T20:24:51.0931972Z     
2026-10-09T20:24:51.0971812Z   code: 'ERR_ASSERTION'
2026-10-09T20:24:51.1021802Z   name: 'AssertionError'
2026-10-09T20:24:51.1022157Z   expected:
2026-10-09T20:24:51.1022425Z   actual: |-
2026-10-09T20:24:51.1022705Z       native-container-images:
2026-10-09T20:24:51.1023118Z         name: Native full and slim container publication
2026-10-09T20:24:51.1023549Z         concurrency:
2026-10-09T20:24:51.1023992Z           group: ${{ github.workflow }}-${{ github.ref }}-native-container-images
2026-10-09T20:24:51.1024505Z           cancel-in-progress: false
2026-10-09T20:24:51.1024893Z         needs: [auto-release, manual-release]
2026-10-09T20:24:51.1025291Z         if: |
2026-10-09T20:24:51.1025552Z           !cancelled() && (
2026-10-09T20:24:51.1025988Z             (github.event_name == 'push' && github.ref == 'refs/heads/main' &&
2026-10-09T20:24:51.1026751Z              needs.auto-release.result == 'success' && needs.auto-release.outputs.container-tag != '') ||
2026-10-09T20:24:51.1028093Z             (github.event_name == 'workflow_dispatch' && github.event.inputs.release_mode == 'instant' &&
2026-10-09T20:24:51.1028884Z              github.ref == 'refs/heads/main' && needs.manual-release.result == 'success' &&
2026-10-09T20:24:51.1029517Z              needs.manual-release.outputs.container-tag != '')
2026-10-09T20:24:51.1029959Z           )
2026-10-09T20:24:51.1030209Z         permissions:
2026-10-09T20:24:51.1030495Z           contents: read
2026-10-09T20:24:51.1030800Z           packages: write
2026-10-09T20:24:51.1031312Z         uses: ./.github/workflows/container-images.yml
2026-10-09T20:24:51.1031709Z         with:
2026-10-09T20:24:51.1032202Z           push: true
2026-10-09T20:24:51.1032810Z           tag: ${{ needs.auto-release.outputs.container-tag || needs.manual-release.outputs.container-tag }}
2026-10-09T20:24:51.1033475Z     
2026-10-09T20:24:51.1033725Z   operator: 'match'
2026-10-09T20:24:51.1033994Z   stack: |-
2026-10-09T20:24:51.1034705Z     TestContext.<anonymous> (file:///home/runner/work/formal-ai/formal-ai/rust/tests/web/container-images-workflow.test.mjs:19:9)
2026-10-09T20:24:51.1035537Z     Test.runInAsyncScope (node:async_hooks:214:14)
2026-10-09T20:24:51.1035989Z     Test.run (node:internal/test_runner/test:1047:25)
2026-10-09T20:24:51.1036437Z     Test.start (node:internal/test_runner/test:944:17)
2026-10-09T20:24:51.1037000Z     startSubtestAfterBootstrap (node:internal/test_runner/harness:296:17)
2026-10-09T20:24:51.1037507Z   ...
2026-10-09T20:24:51.1038023Z # Subtest: two same-run native targets feed every full and slim architecture without a static exclusion
2026-10-09T20:24:51.1038901Z ok 90 - two same-run native targets feed every full and slim architecture without a static exclusion
2026-10-09T20:24:51.1039481Z   ---
2026-10-09T20:24:51.1039733Z   duration_ms: 1.792896
2026-10-09T20:24:51.1040013Z   type: 'test'
2026-10-09T20:24:51.1040268Z   ...
2026-10-09T20:24:51.1040782Z # Subtest: PR validation has no registry write while publication retains independent source authority
2026-10-09T20:24:51.1041889Z ok 91 - PR validation has no registry write while publication retains independent source authority
2026-10-09T20:24:51.1071687Z   ---
2026-10-09T20:24:51.1081655Z   duration_ms: 0.503753
2026-10-09T20:24:51.1084105Z   type: 'test'
2026-10-09T20:24:51.1084516Z   ...
2026-10-09T20:24:51.1085066Z # Subtest: full source compilation has an independent path and every job keeps the required deadline
2026-10-09T20:24:51.1085958Z ok 92 - full source compilation has an independent path and every job keeps the required deadline
2026-10-09T20:24:51.1086642Z   ---
2026-10-09T20:24:51.1101660Z   duration_ms: 0.479076
2026-10-09T20:24:51.1131700Z   type: 'test'
2026-10-09T20:24:51.1191695Z   ...
2026-10-09T20:24:51.1222072Z # Subtest: the release pipeline waits for native publication only after actual successful release creation
2026-10-09T20:24:51.1252093Z ok 93 - the release pipeline waits for native publication only after actual successful release creation
2026-10-09T20:24:51.1261744Z   ---
2026-10-09T20:24:51.1262030Z   duration_ms: 0.825882
2026-10-09T20:24:51.1262362Z   type: 'test'
2026-10-09T20:24:51.1262616Z   ...
2026-10-09T20:24:51.1263093Z # Subtest: the whole instrumented producer fits thirty minutes without an exception
2026-10-09T20:24:51.1263914Z ok 94 - the whole instrumented producer fits thirty minutes without an exception
2026-10-09T20:24:51.1264487Z   ---
2026-10-09T20:24:51.1264727Z   duration_ms: 1.627907
2026-10-09T20:24:51.1265024Z   type: 'test'
2026-10-09T20:24:51.1265276Z   ...
2026-10-09T20:24:51.1265783Z # Subtest: the bounded compile retains instrumentation, every test target and upload guards
2026-10-09T20:24:51.1266715Z ok 95 - the bounded compile retains instrumentation, every test target and upload guards
2026-10-09T20:24:51.1267274Z   ---
2026-10-09T20:24:51.1267505Z   duration_ms: 0.428169
2026-10-09T20:24:51.1268257Z   type: 'test'
2026-10-09T20:24:51.1268500Z   ...
2026-10-09T20:24:51.1268949Z # Subtest: recognized multilingual web-search answers use the native read-only tool
2026-10-09T20:24:51.1269722Z ok 96 - recognized multilingual web-search answers use the native read-only tool
2026-10-09T20:24:51.1270269Z   ---
2026-10-09T20:24:51.1270521Z   duration_ms: 2.905362
2026-10-09T20:24:51.1270822Z   type: 'test'
2026-10-09T20:24:51.1271063Z   ...
2026-10-09T20:24:51.1271650Z # Subtest: recognized fetch answers use rendered web_fetch and preserve a safe fallback
2026-10-09T20:24:51.1272478Z ok 97 - recognized fetch answers use rendered web_fetch and preserve a safe fallback
2026-10-09T20:24:51.1273093Z   ---
2026-10-09T20:24:51.1273334Z   duration_ms: 0.285683
2026-10-09T20:24:51.1273872Z   type: 'test'
2026-10-09T20:24:51.1274136Z   ...
2026-10-09T20:24:51.1274594Z # Subtest: selected actual adapter list is recorded and executes its requested effect
2026-10-09T20:24:51.1275393Z ok 98 - selected actual adapter list is recorded and executes its requested effect
2026-10-09T20:24:51.1275934Z   ---
2026-10-09T20:24:51.1276272Z   duration_ms: 7.966541
2026-10-09T20:24:51.1332089Z   type: 'test'
2026-10-09T20:24:51.1361818Z   ...
2026-10-09T20:24:51.1422109Z # Subtest: unavailable or duplicated adapter declarations stop before planner or effects
2026-10-09T20:24:51.1452005Z ok 99 - unavailable or duplicated adapter declarations stop before planner or effects
2026-10-09T20:24:51.1481681Z   ---
2026-10-09T20:24:51.1491651Z   duration_ms: 0.541821
2026-10-09T20:24:51.1521657Z   type: 'test'
2026-10-09T20:24:51.1541650Z   ...
2026-10-09T20:24:51.1571864Z # Subtest: an undeclared call vetoes the complete batch before its first side effect
2026-10-09T20:24:51.1572657Z ok 100 - an undeclared call vetoes the complete batch before its first side effect
2026-10-09T20:24:51.1573231Z   ---
2026-10-09T20:24:51.1573487Z   duration_ms: 0.388118
2026-10-09T20:24:51.1573779Z   type: 'test'
2026-10-09T20:24:51.1574030Z   ...
2026-10-09T20:24:51.1574485Z # Subtest: caller and planner mutations cannot fabricate advertised availability
2026-10-09T20:24:51.1575195Z ok 101 - caller and planner mutations cannot fabricate advertised availability
2026-10-09T20:24:51.1575692Z   ---
2026-10-09T20:24:51.1575920Z   duration_ms: 0.686931
2026-10-09T20:24:51.1576208Z   type: 'test'
2026-10-09T20:24:51.1576431Z   ...
2026-10-09T20:24:51.1576829Z # Subtest: a final answer with no tool availability records an empty actual schema
2026-10-09T20:24:51.1577492Z ok 102 - a final answer with no tool availability records an empty actual schema
2026-10-09T20:24:51.1577972Z   ---
2026-10-09T20:24:51.1578205Z   duration_ms: 0.364021
2026-10-09T20:24:51.1578472Z   type: 'test'
2026-10-09T20:24:51.1578703Z   ...
2026-10-09T20:24:51.1579480Z # Subtest: capability question "¿Puedes buscar en internet?" names web_search
2026-10-09T20:24:51.1580276Z ok 103 - capability question "¿Puedes buscar en internet?" names web_search
2026-10-09T20:24:51.1580961Z   ---
2026-10-09T20:24:51.1581365Z   duration_ms: 2348.465023
2026-10-09T20:24:51.1581668Z   type: 'test'
2026-10-09T20:24:51.1581923Z   ...
2026-10-09T20:24:51.1582480Z # Subtest: capability question "¿Puedes ejecutar JavaScript?" names javascript_execution
2026-10-09T20:24:51.1583320Z ok 104 - capability question "¿Puedes ejecutar JavaScript?" names javascript_execution
2026-10-09T20:24:51.1583825Z   ---
2026-10-09T20:24:51.1584066Z   duration_ms: 42.023047
2026-10-09T20:24:51.1584348Z   type: 'test'
2026-10-09T20:24:51.1584590Z   ...
2026-10-09T20:24:51.1585049Z # Subtest: capability question "¿Puedes traducir?" names translation
2026-10-09T20:24:51.1585662Z ok 105 - capability question "¿Puedes traducir?" names translation
2026-10-09T20:24:51.1586088Z   ---
2026-10-09T20:24:51.1586329Z   duration_ms: 46.668979
2026-10-09T20:24:51.1586608Z   type: 'test'
2026-10-09T20:24:51.1586850Z   ...
2026-10-09T20:24:51.1587295Z # Subtest: capability question "¿Tienes modo agente?" names agent_mode
2026-10-09T20:24:51.1587938Z ok 106 - capability question "¿Tienes modo agente?" names agent_mode
2026-10-09T20:24:51.1588758Z   ---
2026-10-09T20:24:51.1588994Z   duration_ms: 48.328063
2026-10-09T20:24:51.1589285Z   type: 'test'
2026-10-09T20:24:51.1589530Z   ...
2026-10-09T20:24:51.1611769Z # Subtest: capability question "Can you execute JavaScript?" names javascript_execution
2026-10-09T20:24:51.1612423Z ok 107 - capability question "Can you execute JavaScript?" names javascript_execution
2026-10-09T20:24:51.1641657Z   ---
2026-10-09T20:24:51.1641949Z   duration_ms: 41.131496
2026-10-09T20:24:51.1642286Z   type: 'test'
2026-10-09T20:24:51.1642546Z   ...
2026-10-09T20:24:51.1643338Z # Subtest: capability question "Ты можешь выполнять JavaScript?" names javascript_execution
2026-10-09T20:24:51.1644485Z ok 108 - capability question "Ты можешь выполнять JavaScript?" names javascript_execution
2026-10-09T20:24:51.1645029Z   ---
2026-10-09T20:24:51.1645273Z   duration_ms: 58.657792
2026-10-09T20:24:51.1645568Z   type: 'test'
2026-10-09T20:24:51.1645815Z   ...
2026-10-09T20:24:51.1646325Z # Subtest: capability question "支持脚本执行吗？" names javascript_execution
2026-10-09T20:24:51.1646992Z ok 109 - capability question "支持脚本执行吗？" names javascript_execution
2026-10-09T20:24:51.1647436Z   ---
2026-10-09T20:24:51.1647680Z   duration_ms: 33.422861
2026-10-09T20:24:51.1647964Z   type: 'test'
2026-10-09T20:24:51.1648218Z   ...
2026-10-09T20:24:51.1648635Z # Subtest: plural nouns ending in ls preserve the explicitly named source read
2026-10-09T20:24:51.1649313Z ok 110 - plural nouns ending in ls preserve the explicitly named source read
2026-10-09T20:24:51.1649798Z   ---
2026-10-09T20:24:51.1650051Z   duration_ms: 2513.029496
2026-10-09T20:24:51.1650351Z   type: 'test'
2026-10-09T20:24:51.1650598Z   ...
2026-10-09T20:24:51.1651032Z # Subtest: the standalone ls command still lists before reading its selected file
2026-10-09T20:24:51.1651959Z ok 111 - the standalone ls command still lists before reading its selected file
2026-10-09T20:24:51.1652451Z   ---
2026-10-09T20:24:51.1652709Z   duration_ms: 755.283165
2026-10-09T20:24:51.1653004Z   type: 'test'
2026-10-09T20:24:51.1653257Z   ...
2026-10-09T20:24:51.1653731Z # Subtest: read clients preserve earlier bytes, verify the stream and deduplicate a replay
2026-10-09T20:24:51.1681832Z ok 112 - read clients preserve earlier bytes, verify the stream and deduplicate a replay
2026-10-09T20:24:51.1771694Z   ---
2026-10-09T20:24:51.1801738Z   duration_ms: 2632.975102
2026-10-09T20:24:51.1861673Z   type: 'test'
2026-10-09T20:24:51.1861966Z   ...
2026-10-09T20:24:51.1862440Z # Subtest: an absent log is created, while a permission failure never overwrites it
2026-10-09T20:24:51.1863168Z ok 113 - an absent log is created, while a permission failure never overwrites it
2026-10-09T20:24:51.1863696Z   ---
2026-10-09T20:24:51.1863975Z   duration_ms: 58.396511
2026-10-09T20:24:51.1864272Z   type: 'test'
2026-10-09T20:24:51.1864520Z   ...
2026-10-09T20:24:51.1864953Z # Subtest: read-back that loses earlier events cannot authorize the requested write
2026-10-09T20:24:51.1865682Z ok 114 - read-back that loses earlier events cannot authorize the requested write
2026-10-09T20:24:51.1866186Z   ---
2026-10-09T20:24:51.1866427Z   duration_ms: 7.222819
2026-10-09T20:24:51.1866712Z   type: 'test'
2026-10-09T20:24:51.1866954Z   ...
2026-10-09T20:24:51.1867425Z # Subtest: run-only clients execute a quoted append and preserve history on retries
2026-10-09T20:24:51.1891827Z ok 115 - run-only clients execute a quoted append and preserve history on retries
2026-10-09T20:24:51.1892266Z   ---
2026-10-09T20:24:51.1892462Z   duration_ms: 60.147244
2026-10-09T20:24:51.1892690Z   type: 'test'
2026-10-09T20:24:51.1892888Z   ...
2026-10-09T20:24:51.1893288Z # Subtest: write-only clients deliver the target without overwriting an unobserved event stream
2026-10-09T20:24:51.1893932Z ok 116 - write-only clients deliver the target without overwriting an unobserved event stream
2026-10-09T20:24:51.1894364Z   ---
2026-10-09T20:24:51.1894550Z   duration_ms: 16.397034
2026-10-09T20:24:51.1895150Z   type: 'test'
2026-10-09T20:24:51.1895355Z   ...
2026-10-09T20:24:51.1895687Z # Subtest: simultaneous retries take the bounded lock and retain exactly one event
2026-10-09T20:24:51.1896230Z ok 117 - simultaneous retries take the bounded lock and retain exactly one event
2026-10-09T20:24:51.1896623Z   ---
2026-10-09T20:24:51.1896821Z   duration_ms: 1246.529834
2026-10-09T20:24:51.1897043Z   type: 'test'
2026-10-09T20:24:51.1897231Z   ...
2026-10-09T20:24:51.1897533Z # Subtest: repository-root shell events use the same sandbox as file tools
2026-10-09T20:24:51.1898032Z ok 118 - repository-root shell events use the same sandbox as file tools
2026-10-09T20:24:51.1898392Z   ---
2026-10-09T20:24:51.1898576Z   duration_ms: 48.492159
2026-10-09T20:24:51.1898797Z   type: 'test'
2026-10-09T20:24:51.1899151Z   ...
2026-10-09T20:24:51.1899511Z # Subtest: cached event readback excludes the separator before a later canonical record
2026-10-09T20:24:51.1900134Z ok 119 - cached event readback excludes the separator before a later canonical record
2026-10-09T20:24:51.1900620Z   ---
2026-10-09T20:24:51.1900826Z   duration_ms: 28.85297
2026-10-09T20:24:51.1901069Z   type: 'test'
2026-10-09T20:24:51.1931617Z   ...
2026-10-09T20:24:51.1932185Z # Subtest: original independent authoring never becomes a commit: Implement a parser and haz commit.
2026-10-09T20:24:51.1933090Z ok 120 - original independent authoring never becomes a commit: Implement a parser and haz commit.
2026-10-09T20:24:51.1933738Z   ---
2026-10-09T20:24:51.1933986Z   duration_ms: 2060.718712
2026-10-09T20:24:51.1934297Z   type: 'test'
2026-10-09T20:24:51.1934557Z   ...
2026-10-09T20:24:51.1935077Z # Subtest: original independent authoring never becomes a commit: Revisa haz committer y haz commit.
2026-10-09T20:24:51.1935975Z ok 121 - original independent authoring never becomes a commit: Revisa haz committer y haz commit.
2026-10-09T20:24:51.1936571Z   ---
2026-10-09T20:24:51.1936818Z   duration_ms: 1238.202603
2026-10-09T20:24:51.1937110Z   type: 'test'
2026-10-09T20:24:51.1937362Z   ...
2026-10-09T20:24:51.1937918Z # Subtest: original independent authoring never becomes a commit: Revisa src/haz-committer.mjs y haz commit.
2026-10-09T20:24:51.1938869Z ok 122 - original independent authoring never becomes a commit: Revisa src/haz-committer.mjs y haz commit.
2026-10-09T20:24:51.1939494Z   ---
2026-10-09T20:24:51.1939738Z   duration_ms: 1835.000291
2026-10-09T20:24:51.1940030Z   type: 'test'
2026-10-09T20:24:51.1940275Z   ...
2026-10-09T20:24:51.1940782Z # Subtest: original independent authoring never becomes a commit: Append "haz commit" to notes.txt.
2026-10-09T20:24:51.1941786Z ok 123 - original independent authoring never becomes a commit: Append "haz commit" to notes.txt.
2026-10-09T20:24:51.1942386Z   ---
2026-10-09T20:24:51.1942643Z   duration_ms: 15.70157
2026-10-09T20:24:51.1942933Z   type: 'test'
2026-10-09T20:24:51.1943174Z   ...
2026-10-09T20:24:51.1943627Z # Subtest: R174: each pre-warmed country has a capital triple whose value item is captured
2026-10-09T20:24:51.1944397Z ok 124 - R174: each pre-warmed country has a capital triple whose value item is captured
2026-10-09T20:24:51.1944924Z   ---
2026-10-09T20:24:51.1945160Z   duration_ms: 1.052785
2026-10-09T20:24:51.1945437Z   type: 'test'
2026-10-09T20:24:51.1945716Z   ...
2026-10-09T20:24:51.1946112Z # Subtest: R174: both ends of every triple carry a label in en, ru, hi and zh
2026-10-09T20:24:51.1946731Z ok 125 - R174: both ends of every triple carry a label in en, ru, hi and zh
2026-10-09T20:24:51.1947195Z   ---
2026-10-09T20:24:51.1947440Z   duration_ms: 1.890437
2026-10-09T20:24:51.1947717Z   type: 'test'
2026-10-09T20:24:51.1947958Z   ...
2026-10-09T20:24:51.1948362Z # Subtest: R175: the cache keeps an answer for one week under a per-language key
2026-10-09T20:24:51.1949042Z ok 126 - R175: the cache keeps an answer for one week under a per-language key
2026-10-09T20:24:51.1949521Z   ---
2026-10-09T20:24:51.1949761Z   duration_ms: 1182.533431
2026-10-09T20:24:51.1950051Z   type: 'test'
2026-10-09T20:24:51.1950542Z   ...
2026-10-09T20:24:51.1951000Z # Subtest: R175/R178: a miss resolves live and is stored; the repeat is served from the cache
2026-10-09T20:24:51.1951880Z ok 127 - R175/R178: a miss resolves live and is stored; the repeat is served from the cache
2026-10-09T20:24:51.1952410Z   ---
2026-10-09T20:24:51.1952645Z   duration_ms: 275.272628
2026-10-09T20:24:51.1952948Z   type: 'test'
2026-10-09T20:24:51.1953189Z   ...
2026-10-09T20:24:51.1953542Z # Subtest: R176: a fresh marker bypasses the cache and resolves again
2026-10-09T20:24:51.1954110Z ok 128 - R176: a fresh marker bypasses the cache and resolves again
2026-10-09T20:24:51.1954559Z   ---
2026-10-09T20:24:51.1954797Z   duration_ms: 17.522259
2026-10-09T20:24:51.1955080Z   type: 'test'
2026-10-09T20:24:51.1955470Z   ...
2026-10-09T20:24:51.1955865Z # Subtest: R176: the fresh marker is recognised in every supported language
2026-10-09T20:24:51.1956481Z ok 129 - R176: the fresh marker is recognised in every supported language
2026-10-09T20:24:51.1956953Z   ---
2026-10-09T20:24:51.1957186Z   duration_ms: 0.846032
2026-10-09T20:24:51.1957460Z   type: 'test'
2026-10-09T20:24:51.1957705Z   ...
2026-10-09T20:24:51.1958156Z # Subtest: R181/R190: DuckDuckGo leads, providers return ten results and run five at a time
2026-10-09T20:24:51.1958822Z     # Subtest: the default provider order opens with DuckDuckGo
2026-10-09T20:24:51.1959337Z     ok 1 - the default provider order opens with DuckDuckGo
2026-10-09T20:24:51.1959749Z       ---
2026-10-09T20:24:51.1960001Z       duration_ms: 1520.925172
2026-10-09T20:24:51.1960311Z       type: 'test'
2026-10-09T20:24:51.1960559Z       ...
2026-10-09T20:24:51.1961024Z     # Subtest: the planner constants are k = 60, five concurrent providers and ten results each
2026-10-09T20:24:51.1992191Z     ok 2 - the planner constants are k = 60, five concurrent providers and ten results each
2026-10-09T20:24:51.1992761Z       ---
2026-10-09T20:24:51.1993018Z       duration_ms: 1414.522416
2026-10-09T20:24:51.1993341Z       type: 'test'
2026-10-09T20:24:51.1993615Z       ...
2026-10-09T20:24:51.1993965Z     # Subtest: no more than five provider tasks are ever in flight
2026-10-09T20:24:51.1994499Z     ok 3 - no more than five provider tasks are ever in flight
2026-10-09T20:24:51.1994921Z       ---
2026-10-09T20:24:51.1995171Z       duration_ms: 1389.791177
2026-10-09T20:24:51.1995471Z       type: 'test'
2026-10-09T20:24:51.1995722Z       ...
2026-10-09T20:24:51.1995953Z     1..3
2026-10-09T20:24:51.1996416Z ok 130 - R181/R190: DuckDuckGo leads, providers return ten results and run five at a time
2026-10-09T20:24:51.1996959Z   ---
2026-10-09T20:24:51.1997216Z   duration_ms: 4326.533117
2026-10-09T20:24:51.1997517Z   type: 'suite'
2026-10-09T20:24:51.1997778Z   ...
2026-10-09T20:24:51.1998209Z # Subtest: R182/R183/R188/R189: one fused list from live requests, every step recorded
2026-10-09T20:24:51.1998875Z     # Subtest: reciprocal rank fusion sums 1/(k + rank) across providers
2026-10-09T20:24:51.1999462Z     ok 1 - reciprocal rank fusion sums 1/(k + rank) across providers
2026-10-09T20:24:51.1999916Z       ---
2026-10-09T20:24:51.2000169Z       duration_ms: 2000.582863
2026-10-09T20:24:51.2000475Z       type: 'test'
2026-10-09T20:24:51.2000730Z       ...
2026-10-09T20:24:51.2001129Z     # Subtest: a search requests the providers, ranks each answer and fuses them
2026-10-09T20:24:51.2001907Z     ok 2 - a search requests the providers, ranks each answer and fuses them
2026-10-09T20:24:51.2002391Z       ---
2026-10-09T20:24:51.2002639Z       duration_ms: 1401.224371
2026-10-09T20:24:51.2002943Z       type: 'test'
2026-10-09T20:24:51.2003206Z       ...
2026-10-09T20:24:51.2003435Z     1..2
2026-10-09T20:24:51.2003849Z ok 131 - R182/R183/R188/R189: one fused list from live requests, every step recorded
2026-10-09T20:24:51.2004363Z   ---
2026-10-09T20:24:51.2004615Z   duration_ms: 3402.344238
2026-10-09T20:24:51.2004904Z   type: 'suite'
2026-10-09T20:24:51.2005152Z   ...
2026-10-09T20:24:51.2005533Z # Subtest: R191: a failing provider is disabled for the rest of the session
2026-10-09T20:24:51.2006453Z     # Subtest: a refused provider is recorded as disabled and never requested again
2026-10-09T20:24:51.2007132Z     ok 1 - a refused provider is recorded as disabled and never requested again
2026-10-09T20:24:51.2007623Z       ---
2026-10-09T20:24:51.2007870Z       duration_ms: 1198.595406
2026-10-09T20:24:51.2008179Z       type: 'test'
2026-10-09T20:24:51.2008432Z       ...
2026-10-09T20:24:51.2008662Z     1..1
2026-10-09T20:24:51.2009030Z ok 132 - R191: a failing provider is disabled for the rest of the session
2026-10-09T20:24:51.2009492Z   ---
2026-10-09T20:24:51.2009745Z   duration_ms: 1198.948272
2026-10-09T20:24:51.2010032Z   type: 'suite'
2026-10-09T20:24:51.2010272Z   ...
2026-10-09T20:24:51.2010823Z # Subtest: R184-R187: the diagnostics page probes the extra provider families
2026-10-09T20:24:51.2011623Z     # Subtest: the search category probes Yandex Search, Ecosia, Mojeek, Startpage
2026-10-09T20:24:51.2012290Z     ok 1 - the search category probes Yandex Search, Ecosia, Mojeek, Startpage
2026-10-09T20:24:51.2012777Z       ---
2026-10-09T20:24:51.2013025Z       duration_ms: 0.326845
2026-10-09T20:24:51.2013327Z       type: 'test'
2026-10-09T20:24:51.2013576Z       ...
2026-10-09T20:24:51.2014007Z     # Subtest: the code category probes GitHub, GitLab, Codeberg, Gitee, Bitbucket Cloud
2026-10-09T20:24:51.2014719Z     ok 2 - the code category probes GitHub, GitLab, Codeberg, Gitee, Bitbucket Cloud
2026-10-09T20:24:51.2015230Z       ---
2026-10-09T20:24:51.2015468Z       duration_ms: 0.077317
2026-10-09T20:24:51.2015758Z       type: 'test'
2026-10-09T20:24:51.2016009Z       ...
2026-10-09T20:24:51.2016379Z     # Subtest: the papers category probes arXiv, Europe PMC, DOAJ
2026-10-09T20:24:51.2016931Z     ok 3 - the papers category probes arXiv, Europe PMC, DOAJ
2026-10-09T20:24:51.2017350Z       ---
2026-10-09T20:24:51.2017601Z       duration_ms: 0.156997
2026-10-09T20:24:51.2017898Z       type: 'test'
2026-10-09T20:24:51.2018167Z       ...
2026-10-09T20:24:51.2018557Z     # Subtest: the knowledge category probes Wiktionary, DBpedia Lookup
2026-10-09T20:24:51.2019146Z     ok 4 - the knowledge category probes Wiktionary, DBpedia Lookup
2026-10-09T20:24:51.2019579Z       ---
2026-10-09T20:24:51.2019832Z       duration_ms: 0.23056
2026-10-09T20:24:51.2020125Z       type: 'test'
2026-10-09T20:24:51.2020380Z       ...
2026-10-09T20:24:51.2020605Z     1..4
2026-10-09T20:24:51.2020998Z ok 133 - R184-R187: the diagnostics page probes the extra provider families
2026-10-09T20:24:51.2051835Z   ---
2026-10-09T20:24:51.2052117Z   duration_ms: 1.026806
2026-10-09T20:24:51.2052409Z   type: 'suite'
2026-10-09T20:24:51.2052668Z   ...
2026-10-09T20:24:51.2053100Z # Subtest: the evidence names the web-search release the bundle is built from
2026-10-09T20:24:51.2053855Z     # Subtest: the component entry (bundled at build time) labels the version package.json pins
2026-10-09T20:24:51.2054651Z     ok 1 - the component entry (bundled at build time) labels the version package.json pins
2026-10-09T20:24:51.2055211Z       ---
2026-10-09T20:24:51.2055485Z       duration_ms: 0.320676
2026-10-09T20:24:51.2055789Z       type: 'test'
2026-10-09T20:24:51.2056050Z       ...
2026-10-09T20:24:51.2056277Z     1..1
2026-10-09T20:24:51.2056683Z ok 134 - the evidence names the web-search release the bundle is built from
2026-10-09T20:24:51.2057168Z   ---
2026-10-09T20:24:51.2057413Z   duration_ms: 0.390231
2026-10-09T20:24:51.2057699Z   type: 'suite'
2026-10-09T20:24:51.2057944Z   ...
2026-10-09T20:24:51.2058379Z # Subtest: R193: the change was released as a minor version with its changelog entry
2026-10-09T20:24:51.2059007Z     # Subtest: the 0.71.0 section records the issue \#133 addition
2026-10-09T20:24:51.2059522Z     ok 1 - the 0.71.0 section records the issue \#133 addition
2026-10-09T20:24:51.2059929Z       ---
2026-10-09T20:24:51.2060184Z       duration_ms: 0.747353
2026-10-09T20:24:51.2060480Z       type: 'test'
2026-10-09T20:24:51.2060735Z       ...
2026-10-09T20:24:51.2061306Z     1..1
2026-10-09T20:24:51.2061733Z ok 135 - R193: the change was released as a minor version with its changelog entry
2026-10-09T20:24:51.2062233Z   ---
2026-10-09T20:24:51.2062478Z   duration_ms: 0.815205
2026-10-09T20:24:51.2062761Z   type: 'suite'
2026-10-09T20:24:51.2063009Z   ...
2026-10-09T20:24:51.2063365Z # Subtest: R192: the issue \#133 research is kept in the repository
2026-10-09T20:24:51.2063875Z     # Subtest: the case study has a README and raw data
2026-10-09T20:24:51.2064319Z     ok 1 - the case study has a README and raw data
2026-10-09T20:24:51.2064704Z       ---
2026-10-09T20:24:51.2064963Z       duration_ms: 0.203528
2026-10-09T20:24:51.2065258Z       type: 'test'
2026-10-09T20:24:51.2065510Z       ...
2026-10-09T20:24:51.2065739Z     1..1
2026-10-09T20:24:51.2066240Z ok 136 - R192: the issue \#133 research is kept in the repository
2026-10-09T20:24:51.2066668Z   ---
2026-10-09T20:24:51.2066909Z   duration_ms: 0.261487
2026-10-09T20:24:51.2067189Z   type: 'suite'
2026-10-09T20:24:51.2067442Z   ...
2026-10-09T20:25:01.4952387Z # Subtest: R294: the shared matrix is read whole from the Rust specification
2026-10-09T20:25:01.4982339Z ok 137 - R294: the shared matrix is read whole from the Rust specification
2026-10-09T20:25:01.5011913Z   ---
2026-10-09T20:25:01.5091995Z   duration_ms: 1018.765358
2026-10-09T20:25:01.5128439Z   type: 'test'
2026-10-09T20:25:01.5151863Z   ...
2026-10-09T20:25:01.5152367Z # Subtest: R294: CoEdIT case_conversion answers as the Rust solver does
2026-10-09T20:25:01.5192055Z ok 138 - R294: CoEdIT case_conversion answers as the Rust solver does
2026-10-09T20:25:01.5212064Z   ---
2026-10-09T20:25:01.5241974Z   duration_ms: 1115.537801
2026-10-09T20:25:01.5292270Z   type: 'test'
2026-10-09T20:25:01.5303660Z   ...
2026-10-09T20:25:01.5330274Z # Subtest: R294: CoEdIT case_conversion answers as the Rust solver does
2026-10-09T20:25:01.5331718Z ok 139 - R294: CoEdIT case_conversion answers as the Rust solver does
2026-10-09T20:25:01.5361703Z   ---
2026-10-09T20:25:01.5391714Z   duration_ms: 50.168854
2026-10-09T20:25:01.5413085Z   type: 'test'
2026-10-09T20:25:01.5431625Z   ...
2026-10-09T20:25:01.5451831Z # Subtest: R294: CoEdIT lexical_substitution answers as the Rust solver does
2026-10-09T20:25:01.5481812Z ok 140 - R294: CoEdIT lexical_substitution answers as the Rust solver does
2026-10-09T20:25:01.5503213Z   ---
2026-10-09T20:25:01.5521567Z   duration_ms: 46.654086
2026-10-09T20:25:01.5541663Z   type: 'test'
2026-10-09T20:25:01.5571552Z   ...
2026-10-09T20:25:01.5584211Z # Subtest: R294: CoEdIT deletion answers as the Rust solver does
2026-10-09T20:25:01.5601753Z ok 141 - R294: CoEdIT deletion answers as the Rust solver does
2026-10-09T20:25:01.5631713Z   ---
2026-10-09T20:25:01.5652645Z   duration_ms: 98.810534
2026-10-09T20:25:01.5671768Z   type: 'test'
2026-10-09T20:25:01.5691707Z   ...
2026-10-09T20:25:01.5721840Z # Subtest: R294: CoEdIT whitespace_cleanup answers as the Rust solver does
2026-10-09T20:25:01.5743256Z ok 142 - R294: CoEdIT whitespace_cleanup answers as the Rust solver does
2026-10-09T20:25:01.5751810Z   ---
2026-10-09T20:25:01.5781798Z   duration_ms: 40.750388
2026-10-09T20:25:01.5811837Z   type: 'test'
2026-10-09T20:25:01.5833304Z   ...
2026-10-09T20:25:01.5852151Z # Subtest: R294: CoEdIT whitespace_cleanup answers as the Rust solver does
2026-10-09T20:25:01.5871815Z ok 143 - R294: CoEdIT whitespace_cleanup answers as the Rust solver does
2026-10-09T20:25:01.5901701Z   ---
2026-10-09T20:25:01.5902018Z   duration_ms: 51.405028
2026-10-09T20:25:01.5902354Z   type: 'test'
2026-10-09T20:25:01.5902611Z   ...
2026-10-09T20:25:01.5903013Z # Subtest: R294: EditEval reordering answers as the Rust solver does
2026-10-09T20:25:01.5903642Z ok 144 - R294: EditEval reordering answers as the Rust solver does
2026-10-09T20:25:01.5904132Z   ---
2026-10-09T20:25:01.5904403Z   duration_ms: 31.993335
2026-10-09T20:25:01.5904704Z   type: 'test'
2026-10-09T20:25:01.5904957Z   ...
2026-10-09T20:25:01.5905374Z # Subtest: R294: EditEval deduplication answers as the Rust solver does
2026-10-09T20:25:01.5906492Z ok 145 - R294: EditEval deduplication answers as the Rust solver does
2026-10-09T20:25:01.5906952Z   ---
2026-10-09T20:25:01.5907233Z   duration_ms: 44.812826
2026-10-09T20:25:01.5907523Z   type: 'test'
2026-10-09T20:25:01.5907795Z   ...
2026-10-09T20:25:01.5908194Z # Subtest: R294: EditEval sorting answers as the Rust solver does
2026-10-09T20:25:01.5923676Z ok 146 - R294: EditEval sorting answers as the Rust solver does
2026-10-09T20:25:01.5962987Z   ---
2026-10-09T20:25:01.5986908Z   duration_ms: 36.084826
2026-10-09T20:25:01.6013300Z   type: 'test'
2026-10-09T20:25:01.6025802Z   ...
2026-10-09T20:25:01.6053396Z # Subtest: R294: EditEval counting answers as the Rust solver does
2026-10-09T20:25:01.6082393Z ok 147 - R294: EditEval counting answers as the Rust solver does
2026-10-09T20:25:01.6103918Z   ---
2026-10-09T20:25:01.6111641Z   duration_ms: 77.246043
2026-10-09T20:25:01.6141562Z   type: 'test'
2026-10-09T20:25:01.6171701Z   ...
2026-10-09T20:25:01.6193229Z # Subtest: R294: EditEval extraction answers as the Rust solver does
2026-10-09T20:25:01.6201885Z ok 148 - R294: EditEval extraction answers as the Rust solver does
2026-10-09T20:25:01.6231770Z   ---
2026-10-09T20:25:01.6289939Z   duration_ms: 44.189461
2026-10-09T20:25:01.6291700Z   type: 'test'
2026-10-09T20:25:01.6321640Z   ...
2026-10-09T20:25:01.6351764Z # Subtest: R294: EditEval counting answers as the Rust solver does
2026-10-09T20:25:01.6352443Z ok 149 - R294: EditEval counting answers as the Rust solver does
2026-10-09T20:25:01.6381627Z   ---
2026-10-09T20:25:01.6421683Z   duration_ms: 50.861584
2026-10-09T20:25:01.6452277Z   type: 'test'
2026-10-09T20:25:01.6481678Z   ...
2026-10-09T20:25:01.6491808Z # Subtest: R294: InstrEditBench latex_edit answers as the Rust solver does
2026-10-09T20:25:01.6511924Z ok 150 - R294: InstrEditBench latex_edit answers as the Rust solver does
2026-10-09T20:25:01.6512437Z   ---
2026-10-09T20:25:01.6512705Z   duration_ms: 29.913411
2026-10-09T20:25:01.6513030Z   type: 'test'
2026-10-09T20:25:01.6513312Z   ...
2026-10-09T20:25:01.6513736Z # Subtest: R294: InstrEditBench comment_deletion answers as the Rust solver does
2026-10-09T20:25:01.6514437Z ok 151 - R294: InstrEditBench comment_deletion answers as the Rust solver does
2026-10-09T20:25:01.6514951Z   ---
2026-10-09T20:25:01.6515175Z   duration_ms: 84.298166
2026-10-09T20:25:01.6515473Z   type: 'test'
2026-10-09T20:25:01.6515726Z   ...
2026-10-09T20:25:01.6516116Z # Subtest: R294: InstrEditBench markdown_edit answers as the Rust solver does
2026-10-09T20:25:01.6516822Z ok 152 - R294: InstrEditBench markdown_edit answers as the Rust solver does
2026-10-09T20:25:01.6517316Z   ---
2026-10-09T20:25:01.6517577Z   duration_ms: 26.017579
2026-10-09T20:25:01.6517878Z   type: 'test'
2026-10-09T20:25:01.6518168Z   ...
2026-10-09T20:25:01.6518583Z # Subtest: R294: InstrEditBench token_insertion answers as the Rust solver does
2026-10-09T20:25:01.6519291Z ok 153 - R294: InstrEditBench token_insertion answers as the Rust solver does
2026-10-09T20:25:01.6519759Z   ---
2026-10-09T20:25:01.6520018Z   duration_ms: 34.403318
2026-10-09T20:25:01.6520305Z   type: 'test'
2026-10-09T20:25:01.6520553Z   ...
2026-10-09T20:25:01.6520963Z # Subtest: R294: InstrEditBench sql_cleanup answers as the Rust solver does
2026-10-09T20:25:01.6521777Z ok 154 - R294: InstrEditBench sql_cleanup answers as the Rust solver does
2026-10-09T20:25:01.6522251Z   ---
2026-10-09T20:25:01.6522497Z   duration_ms: 32.330997
2026-10-09T20:25:01.6522784Z   type: 'test'
2026-10-09T20:25:01.6523038Z   ...
2026-10-09T20:25:01.6531936Z # Subtest: R294: InstrEditBench import_sort answers as the Rust solver does
2026-10-09T20:25:01.6582017Z ok 155 - R294: InstrEditBench import_sort answers as the Rust solver does
2026-10-09T20:25:01.6591765Z   ---
2026-10-09T20:25:01.6592196Z   duration_ms: 36.319632
2026-10-09T20:25:01.6621817Z   type: 'test'
2026-10-09T20:25:01.6661806Z   ...
2026-10-09T20:25:01.6704005Z # Subtest: R294: CodeEditorBench operator_fix answers as the Rust solver does
2026-10-09T20:25:01.6711918Z ok 156 - R294: CodeEditorBench operator_fix answers as the Rust solver does
2026-10-09T20:25:01.6712491Z   ---
2026-10-09T20:25:01.6712756Z   duration_ms: 33.69257
2026-10-09T20:25:01.6713002Z   type: 'test'
2026-10-09T20:25:01.6713169Z   ...
2026-10-09T20:25:01.6713634Z # Subtest: R294: CodeEditorBench debug_print_removal answers as the Rust solver does
2026-10-09T20:25:01.6714114Z ok 157 - R294: CodeEditorBench debug_print_removal answers as the Rust solver does
2026-10-09T20:25:01.6714565Z   ---
2026-10-09T20:25:01.6714848Z   duration_ms: 65.766579
2026-10-09T20:25:01.6715201Z   type: 'test'
2026-10-09T20:25:01.6715484Z   ...
2026-10-09T20:25:01.6715894Z # Subtest: R294: CodeEditorBench requirement_switch answers as the Rust solver does
2026-10-09T20:25:01.6716803Z ok 158 - R294: CodeEditorBench requirement_switch answers as the Rust solver does
2026-10-09T20:25:01.6717128Z   ---
2026-10-09T20:25:01.6717330Z   duration_ms: 30.935623
2026-10-09T20:25:01.6717616Z   type: 'test'
2026-10-09T20:25:01.6717865Z   ...
2026-10-09T20:25:01.6718257Z # Subtest: R294: CodeEditorBench runtime_header answers as the Rust solver does
2026-10-09T20:25:01.6718837Z ok 159 - R294: CodeEditorBench runtime_header answers as the Rust solver does
2026-10-09T20:25:01.6719254Z   ---
2026-10-09T20:25:01.6719463Z   duration_ms: 35.429332
2026-10-09T20:25:01.6719725Z   type: 'test'
2026-10-09T20:25:01.6719943Z   ...
2026-10-09T20:25:01.6720291Z # Subtest: R294: CodeEditorBench formatting answers as the Rust solver does
2026-10-09T20:25:01.6720838Z ok 160 - R294: CodeEditorBench formatting answers as the Rust solver does
2026-10-09T20:25:01.6752668Z   ---
2026-10-09T20:25:01.6752956Z   duration_ms: 41.563639
2026-10-09T20:25:01.6753274Z   type: 'test'
2026-10-09T20:25:01.6753528Z   ...
2026-10-09T20:25:01.6753971Z # Subtest: R294: CodeEditorBench code_counting answers as the Rust solver does
2026-10-09T20:25:01.6754660Z ok 161 - R294: CodeEditorBench code_counting answers as the Rust solver does
2026-10-09T20:25:01.6755163Z   ---
2026-10-09T20:25:01.6755402Z   duration_ms: 98.659317
2026-10-09T20:25:01.6755691Z   type: 'test'
2026-10-09T20:25:01.6755940Z   ...
2026-10-09T20:25:01.6756323Z # Subtest: R294: CanItEdit identifier_rename answers as the Rust solver does
2026-10-09T20:25:01.6756952Z ok 162 - R294: CanItEdit identifier_rename answers as the Rust solver does
2026-10-09T20:25:01.6757416Z   ---
2026-10-09T20:25:01.6757666Z   duration_ms: 103.095049
2026-10-09T20:25:01.6757954Z   type: 'test'
2026-10-09T20:25:01.6758198Z   ...
2026-10-09T20:25:01.6758564Z # Subtest: R294: CanItEdit stub_removal answers as the Rust solver does
2026-10-09T20:25:01.6759161Z ok 163 - R294: CanItEdit stub_removal answers as the Rust solver does
2026-10-09T20:25:01.6759607Z   ---
2026-10-09T20:25:01.6759859Z   duration_ms: 45.420925
2026-10-09T20:25:01.6760147Z   type: 'test'
2026-10-09T20:25:01.6760392Z   ...
2026-10-09T20:25:01.6760773Z # Subtest: R294: CanItEdit comment_prefix answers as the Rust solver does
2026-10-09T20:25:01.6762307Z ok 164 - R294: CanItEdit comment_prefix answers as the Rust solver does
2026-10-09T20:25:01.6762776Z   ---
2026-10-09T20:25:01.6763019Z   duration_ms: 49.593874
2026-10-09T20:25:01.6763322Z   type: 'test'
2026-10-09T20:25:01.6763568Z   ...
2026-10-09T20:25:01.6763942Z # Subtest: R294: CanItEdit syntax_suffix answers as the Rust solver does
2026-10-09T20:25:01.6764543Z ok 165 - R294: CanItEdit syntax_suffix answers as the Rust solver does
2026-10-09T20:25:01.6765003Z   ---
2026-10-09T20:25:01.6765249Z   duration_ms: 59.481614
2026-10-09T20:25:01.6765538Z   type: 'test'
2026-10-09T20:25:01.6765784Z   ...
2026-10-09T20:25:01.6766246Z # Subtest: R294: CanItEdit symbol_normalization answers as the Rust solver does
2026-10-09T20:25:01.6766922Z ok 166 - R294: CanItEdit symbol_normalization answers as the Rust solver does
2026-10-09T20:25:01.6767413Z   ---
2026-10-09T20:25:01.6767652Z   duration_ms: 46.005535
2026-10-09T20:25:01.6767933Z   type: 'test'
2026-10-09T20:25:01.6768176Z   ...
2026-10-09T20:25:01.6768848Z # Subtest: R294: CanItEdit marker_emphasis answers as the Rust solver does
2026-10-09T20:25:01.6769467Z ok 167 - R294: CanItEdit marker_emphasis answers as the Rust solver does
2026-10-09T20:25:01.6769922Z   ---
2026-10-09T20:25:01.6770161Z   duration_ms: 42.29055
2026-10-09T20:25:01.6770439Z   type: 'test'
2026-10-09T20:25:01.6770690Z   ...
2026-10-09T20:25:01.6771057Z # Subtest: R294: EDIT-Bench api_migration answers as the Rust solver does
2026-10-09T20:25:01.6771793Z ok 168 - R294: EDIT-Bench api_migration answers as the Rust solver does
2026-10-09T20:25:01.6772236Z   ---
2026-10-09T20:25:01.6772481Z   duration_ms: 28.699073
2026-10-09T20:25:01.6772762Z   type: 'test'
2026-10-09T20:25:01.6773002Z   ...
2026-10-09T20:25:01.6773588Z # Subtest: R294: EDIT-Bench unused_import_removal answers as the Rust solver does
2026-10-09T20:25:01.6774251Z ok 169 - R294: EDIT-Bench unused_import_removal answers as the Rust solver does
2026-10-09T20:25:01.6774737Z   ---
2026-10-09T20:25:01.6774973Z   duration_ms: 48.794427
2026-10-09T20:25:01.6775263Z   type: 'test'
2026-10-09T20:25:01.6775504Z   ...
2026-10-09T20:25:01.6775884Z # Subtest: R294: EDIT-Bench statement_sort answers as the Rust solver does
2026-10-09T20:25:01.6776486Z ok 170 - R294: EDIT-Bench statement_sort answers as the Rust solver does
2026-10-09T20:25:01.6776934Z   ---
2026-10-09T20:25:01.6777173Z   duration_ms: 4709.952757
2026-10-09T20:25:01.6777476Z   type: 'test'
2026-10-09T20:25:01.6777713Z   ...
2026-10-09T20:25:01.6778120Z # Subtest: R294: EDIT-Bench duplicate_import_removal answers as the Rust solver does
2026-10-09T20:25:01.6778815Z ok 171 - R294: EDIT-Bench duplicate_import_removal answers as the Rust solver does
2026-10-09T20:25:01.6779322Z   ---
2026-10-09T20:25:01.6779557Z   duration_ms: 28.913728
2026-10-09T20:25:01.6779847Z   type: 'test'
2026-10-09T20:25:01.6780081Z   ...
2026-10-09T20:25:01.6780428Z # Subtest: R294: EDIT-Bench line_trim answers as the Rust solver does
2026-10-09T20:25:01.6781001Z ok 172 - R294: EDIT-Bench line_trim answers as the Rust solver does
2026-10-09T20:25:01.6792899Z   ---
2026-10-09T20:25:01.6793164Z   duration_ms: 31.85114
2026-10-09T20:25:01.6793455Z   type: 'test'
2026-10-09T20:25:01.6793716Z   ...
2026-10-09T20:25:01.6794116Z # Subtest: R294: EDIT-Bench markdown_formatting answers as the Rust solver does
2026-10-09T20:25:01.6794767Z ok 173 - R294: EDIT-Bench markdown_formatting answers as the Rust solver does
2026-10-09T20:25:01.6795244Z   ---
2026-10-09T20:25:01.6795489Z   duration_ms: 31.498836
2026-10-09T20:25:01.6795775Z   type: 'test'
2026-10-09T20:25:01.6796017Z   ...
2026-10-09T20:25:01.6796374Z # Subtest: R294: HumanEvalFix bug_fix answers as the Rust solver does
2026-10-09T20:25:01.6796955Z ok 174 - R294: HumanEvalFix bug_fix answers as the Rust solver does
2026-10-09T20:25:01.6797391Z   ---
2026-10-09T20:25:01.6797627Z   duration_ms: 26.015776
2026-10-09T20:25:01.6797913Z   type: 'test'
2026-10-09T20:25:01.6798159Z   ...
2026-10-09T20:25:01.6798550Z # Subtest: R294: HumanEvalFix off_by_one_fix answers as the Rust solver does
2026-10-09T20:25:01.6799184Z ok 175 - R294: HumanEvalFix off_by_one_fix answers as the Rust solver does
2026-10-09T20:25:01.6799649Z   ---
2026-10-09T20:25:01.6799886Z   duration_ms: 106.012014
2026-10-09T20:25:01.6800176Z   type: 'test'
2026-10-09T20:25:01.6800417Z   ...
2026-10-09T20:25:01.6800782Z # Subtest: R294: HumanEvalFix test_count answers as the Rust solver does
2026-10-09T20:25:01.6811915Z ok 176 - R294: HumanEvalFix test_count answers as the Rust solver does
2026-10-09T20:25:01.6812398Z   ---
2026-10-09T20:25:01.6812648Z   duration_ms: 80.771814
2026-10-09T20:25:01.6812937Z   type: 'test'
2026-10-09T20:25:01.6813179Z   ...
2026-10-09T20:25:01.6813585Z # Subtest: R294: HumanEvalFix negation_removal answers as the Rust solver does
2026-10-09T20:25:01.6814276Z ok 177 - R294: HumanEvalFix negation_removal answers as the Rust solver does
2026-10-09T20:25:01.6814754Z   ---
2026-10-09T20:25:01.6814978Z   duration_ms: 51.214234
2026-10-09T20:25:01.6815256Z   type: 'test'
2026-10-09T20:25:01.6815759Z   ...
2026-10-09T20:25:01.6816135Z # Subtest: R294: HumanEvalFix test_addition answers as the Rust solver does
2026-10-09T20:25:01.6816757Z ok 178 - R294: HumanEvalFix test_addition answers as the Rust solver does
2026-10-09T20:25:01.6817219Z   ---
2026-10-09T20:25:01.6817467Z   duration_ms: 32.786087
2026-10-09T20:25:01.6817744Z   type: 'test'
2026-10-09T20:25:01.6817985Z   ...
2026-10-09T20:25:01.6818375Z # Subtest: R294: HumanEvalFix fix_note_prefix answers as the Rust solver does
2026-10-09T20:25:01.6819030Z ok 179 - R294: HumanEvalFix fix_note_prefix answers as the Rust solver does
2026-10-09T20:25:01.6819498Z   ---
2026-10-09T20:25:01.6819731Z   duration_ms: 33.66579
2026-10-09T20:25:01.6820000Z   type: 'test'
2026-10-09T20:25:01.6820236Z   ...
2026-10-09T20:25:01.6820787Z # Subtest: R294: SWE-bench configuration_patch answers as the Rust solver does
2026-10-09T20:25:01.6821529Z ok 180 - R294: SWE-bench configuration_patch answers as the Rust solver does
2026-10-09T20:25:01.6822001Z   ---
2026-10-09T20:25:01.6822240Z   duration_ms: 29.557628
2026-10-09T20:25:01.6822520Z   type: 'test'
2026-10-09T20:25:01.6822754Z   ...
2026-10-09T20:25:01.6823132Z # Subtest: R294: SWE-bench test_marker_removal answers as the Rust solver does
2026-10-09T20:25:01.6823761Z ok 181 - R294: SWE-bench test_marker_removal answers as the Rust solver does
2026-10-09T20:25:01.6824223Z   ---
2026-10-09T20:25:01.6824469Z   duration_ms: 53.427414
2026-10-09T20:25:01.6824746Z   type: 'test'
2026-10-09T20:25:01.6824982Z   ...
2026-10-09T20:25:01.6825363Z # Subtest: R294: SWE-bench issue_text_cleanup answers as the Rust solver does
2026-10-09T20:25:01.6825992Z ok 182 - R294: SWE-bench issue_text_cleanup answers as the Rust solver does
2026-10-09T20:25:01.6826448Z   ---
2026-10-09T20:25:01.6826691Z   duration_ms: 43.37863
2026-10-09T20:25:01.6826969Z   type: 'test'
2026-10-09T20:25:01.6827209Z   ...
2026-10-09T20:25:01.6827599Z # Subtest: R294: SWE-bench trace_deduplication answers as the Rust solver does
2026-10-09T20:25:01.6828231Z ok 183 - R294: SWE-bench trace_deduplication answers as the Rust solver does
2026-10-09T20:25:01.6828696Z   ---
2026-10-09T20:25:01.6828931Z   duration_ms: 37.513101
2026-10-09T20:25:01.6829213Z   type: 'test'
2026-10-09T20:25:01.6829442Z   ...
2026-10-09T20:25:01.6829812Z # Subtest: R294: SWE-bench import_ordering answers as the Rust solver does
2026-10-09T20:25:01.6830417Z ok 184 - R294: SWE-bench import_ordering answers as the Rust solver does
2026-10-09T20:25:01.6830880Z   ---
2026-10-09T20:25:01.6831115Z   duration_ms: 30.665403
2026-10-09T20:25:01.6831519Z   type: 'test'
2026-10-09T20:25:01.6831758Z   ...
2026-10-09T20:25:01.6832097Z # Subtest: R294: SWE-bench log_count answers as the Rust solver does
2026-10-09T20:25:01.6832668Z ok 185 - R294: SWE-bench log_count answers as the Rust solver does
2026-10-09T20:25:01.6833099Z   ---
2026-10-09T20:25:01.6833335Z   duration_ms: 53.305118
2026-10-09T20:25:01.6833613Z   type: 'test'
2026-10-09T20:25:01.6833856Z   ...
2026-10-09T20:25:01.6834213Z # Subtest: R294: CoEdIT sentence_case answers as the Rust solver does
2026-10-09T20:25:01.6834778Z ok 186 - R294: CoEdIT sentence_case answers as the Rust solver does
2026-10-09T20:25:01.6835195Z   ---
2026-10-09T20:25:01.6835432Z   duration_ms: 46.699187
2026-10-09T20:25:01.6835702Z   type: 'test'
2026-10-09T20:25:01.6835938Z   ...
2026-10-09T20:25:01.6836279Z # Subtest: R294: EditEval word_count answers as the Rust solver does
2026-10-09T20:25:01.6836821Z ok 187 - R294: EditEval word_count answers as the Rust solver does
2026-10-09T20:25:01.6837255Z   ---
2026-10-09T20:25:01.6837496Z   duration_ms: 173.919782
2026-10-09T20:25:01.6837778Z   type: 'test'
2026-10-09T20:25:01.6838020Z   ...
2026-10-09T20:25:01.6838415Z # Subtest: R294: InstrEditBench url_extraction answers as the Rust solver does
2026-10-09T20:25:01.6839071Z ok 188 - R294: InstrEditBench url_extraction answers as the Rust solver does
2026-10-09T20:25:01.6839542Z   ---
2026-10-09T20:25:01.6839780Z   duration_ms: 44.824962
2026-10-09T20:25:01.6840253Z   type: 'test'
2026-10-09T20:25:01.6840505Z   ...
2026-10-09T20:25:01.6840895Z # Subtest: R294: CodeEditorBench comment_lines answers as the Rust solver does
2026-10-09T20:25:01.6882038Z ok 189 - R294: CodeEditorBench comment_lines answers as the Rust solver does
2026-10-09T20:25:01.6882554Z   ---
2026-10-09T20:25:01.6882779Z   duration_ms: 75.063197
2026-10-09T20:25:01.6883024Z   type: 'test'
2026-10-09T20:25:01.6883232Z   ...
2026-10-09T20:25:01.6883574Z # Subtest: R294: CanItEdit uncomment_lines answers as the Rust solver does
2026-10-09T20:25:01.6884164Z ok 190 - R294: CanItEdit uncomment_lines answers as the Rust solver does
2026-10-09T20:25:01.6884619Z   ---
2026-10-09T20:25:01.6884859Z   duration_ms: 81.931386
2026-10-09T20:25:01.6885122Z   type: 'test'
2026-10-09T20:25:01.6885576Z   ...
2026-10-09T20:25:01.6885940Z # Subtest: R294: EDIT-Bench reverse_lines answers as the Rust solver does
2026-10-09T20:25:01.6886500Z ok 191 - R294: EDIT-Bench reverse_lines answers as the Rust solver does
2026-10-09T20:25:01.6886942Z   ---
2026-10-09T20:25:01.6887178Z   duration_ms: 7370.46593
2026-10-09T20:25:01.6887465Z   type: 'test'
2026-10-09T20:25:01.6887695Z   ...
2026-10-09T20:25:01.6888089Z # Subtest: R294: HumanEvalFix number_extraction answers as the Rust solver does
2026-10-09T20:25:01.6888690Z ok 192 - R294: HumanEvalFix number_extraction answers as the Rust solver does
2026-10-09T20:25:01.6889144Z   ---
2026-10-09T20:25:01.6889373Z   duration_ms: 62.72554
2026-10-09T20:25:01.6889637Z   type: 'test'
2026-10-09T20:25:01.6889871Z   ...
2026-10-09T20:25:01.6890263Z # Subtest: R294: SWE-bench punctuation_cleanup answers as the Rust solver does
2026-10-09T20:25:01.6890871Z ok 193 - R294: SWE-bench punctuation_cleanup answers as the Rust solver does
2026-10-09T20:25:01.6891465Z   ---
2026-10-09T20:25:01.6891689Z   duration_ms: 76.619691
2026-10-09T20:25:01.6891969Z   type: 'test'
2026-10-09T20:25:01.6892212Z   ...
2026-10-09T20:25:01.6892536Z # Subtest: R294: EditEval sort_words answers as the Rust solver does
2026-10-09T20:25:01.6893060Z ok 194 - R294: EditEval sort_words answers as the Rust solver does
2026-10-09T20:25:01.6893453Z   ---
2026-10-09T20:25:01.6893684Z   duration_ms: 33.68487
2026-10-09T20:25:01.6893944Z   type: 'test'
2026-10-09T20:25:01.6895074Z   ...
2026-10-09T20:25:01.6895400Z # Subtest: R294: SWE-bench line_count answers as the Rust solver does
2026-10-09T20:25:01.6895903Z ok 195 - R294: SWE-bench line_count answers as the Rust solver does
2026-10-09T20:25:01.6896344Z   ---
2026-10-09T20:25:01.6896580Z   duration_ms: 8398.520836
2026-10-09T20:25:01.6896842Z   type: 'test'
2026-10-09T20:25:01.6897057Z   ...
2026-10-09T20:25:01.6897449Z # Subtest: R294: CoEdIT character_count answers as the Rust solver does
2026-10-09T20:25:01.6898053Z ok 196 - R294: CoEdIT character_count answers as the Rust solver does
2026-10-09T20:25:01.6898456Z   ---
2026-10-09T20:25:01.6898669Z   duration_ms: 42.86912
2026-10-09T20:25:01.6898923Z   type: 'test'
2026-10-09T20:25:01.6899136Z   ...
2026-10-09T20:25:01.6899543Z # Subtest: R294: issue_408_regression hello_world_replacement answers as the Rust solver does
2026-10-09T20:25:01.6900266Z ok 197 - R294: issue_408_regression hello_world_replacement answers as the Rust solver does
2026-10-09T20:25:01.6900787Z   ---
2026-10-09T20:25:01.6901007Z   duration_ms: 20.907922
2026-10-09T20:25:01.6901555Z   type: 'test'
2026-10-09T20:25:01.6901756Z   ...
2026-10-09T20:25:01.6902121Z # Subtest: R294: issue_408_regression native_replacement answers as the Rust solver does
2026-10-09T20:25:01.6902768Z ok 198 - R294: issue_408_regression native_replacement answers as the Rust solver does
2026-10-09T20:25:01.6903219Z   ---
2026-10-09T20:25:01.6903433Z   duration_ms: 71.765981
2026-10-09T20:25:01.6903677Z   type: 'test'
2026-10-09T20:25:01.6903896Z   ...
2026-10-09T20:25:01.7262974Z # Subtest: the browser worker answers pattern-inference requests (R403, R405)
2026-10-09T20:25:01.7291938Z     # Subtest: detects a repetition and predicts the next element
2026-10-09T20:25:01.7321779Z     ok 1 - detects a repetition and predicts the next element
2026-10-09T20:25:01.7351613Z       ---
2026-10-09T20:25:01.7424822Z       duration_ms: 879.389108
2026-10-09T20:25:01.7462219Z       type: 'test'
2026-10-09T20:25:01.7537542Z       ...
2026-10-09T20:25:01.7598889Z     # Subtest: reports a palindrome over letters
2026-10-09T20:25:01.7652100Z     ok 2 - reports a palindrome over letters
2026-10-09T20:25:01.7681783Z       ---
2026-10-09T20:25:01.7763179Z       duration_ms: 55.380338
2026-10-09T20:25:01.7792123Z       type: 'test'
2026-10-09T20:25:01.7844066Z       ...
2026-10-09T20:25:01.7868808Z     # Subtest: predicts the next element of a constant run
2026-10-09T20:25:01.7892222Z     ok 3 - predicts the next element of a constant run
2026-10-09T20:25:01.7892679Z       ---
2026-10-09T20:25:01.7893379Z       duration_ms: 45.586155
2026-10-09T20:25:01.7893703Z       type: 'test'
2026-10-09T20:25:01.7893960Z       ...
2026-10-09T20:25:01.7894244Z     # Subtest: infers the symmetry of a grid
2026-10-09T20:25:01.7894665Z     ok 4 - infers the symmetry of a grid
2026-10-09T20:25:01.7895010Z       ---
2026-10-09T20:25:01.7895275Z       duration_ms: 281.748546
2026-10-09T20:25:01.7895593Z       type: 'test'
2026-10-09T20:25:01.7895831Z       ...
2026-10-09T20:25:01.7896297Z     # Subtest: a definition question about the word pattern reaches the concept lookup, as natively
2026-10-09T20:25:01.7897135Z     ok 5 - a definition question about the word pattern reaches the concept lookup, as natively
2026-10-09T20:25:01.7897700Z       ---
2026-10-09T20:25:01.7897970Z       duration_ms: 187.586493
2026-10-09T20:25:01.7898287Z       type: 'test'
2026-10-09T20:25:01.7898563Z       ...
2026-10-09T20:25:01.7898935Z     # Subtest: leaves prompts without a run of atoms to other handlers
2026-10-09T20:25:01.7899519Z     ok 6 - leaves prompts without a run of atoms to other handlers
2026-10-09T20:25:01.7899958Z       ---
2026-10-09T20:25:01.7900208Z       duration_ms: 369.742829
2026-10-09T20:25:01.7900486Z       type: 'test'
2026-10-09T20:25:01.7900746Z       ...
2026-10-09T20:25:01.7901340Z     # Subtest: a response-language follow-up replays the report in every seeded language
2026-10-09T20:25:01.7902079Z     ok 7 - a response-language follow-up replays the report in every seeded language
2026-10-09T20:25:01.7902593Z       ---
2026-10-09T20:25:01.7902833Z       duration_ms: 546.117417
2026-10-09T20:25:01.7903158Z       type: 'test'
2026-10-09T20:25:01.7903402Z       ...
2026-10-09T20:25:01.7903972Z     # Subtest: the symmetry separator is the seeded template in every language (grid_symmetries_join_with_the_seeded_separator)
2026-10-09T20:25:01.7904978Z     ok 8 - the symmetry separator is the seeded template in every language (grid_symmetries_join_with_the_seeded_separator)
2026-10-09T20:25:01.7905669Z       ---
2026-10-09T20:25:01.7905920Z       duration_ms: 4.636877
2026-10-09T20:25:01.7906229Z       type: 'test'
2026-10-09T20:25:01.7906485Z       ...
2026-10-09T20:25:01.7906931Z     # Subtest: the Chinese grid report joins its symmetries with the Chinese list comma
2026-10-09T20:25:01.7907588Z     ok 9 - the Chinese grid report joins its symmetries with the Chinese list comma
2026-10-09T20:25:01.7908049Z       ---
2026-10-09T20:25:01.7908289Z       duration_ms: 460.746448
2026-10-09T20:25:01.7908590Z       type: 'test'
2026-10-09T20:25:01.7908840Z       ...
2026-10-09T20:25:01.7909072Z     1..9
2026-10-09T20:25:01.7909473Z ok 199 - the browser worker answers pattern-inference requests (R403, R405)
2026-10-09T20:25:01.7909964Z   ---
2026-10-09T20:25:01.7910208Z   duration_ms: 4754.016429
2026-10-09T20:25:01.7910507Z   type: 'suite'
2026-10-09T20:25:01.7910783Z   ...
2026-10-09T20:25:01.7911357Z # Subtest: the worker substrate (sequences/patterns_1d.rs, grid_2d.rs, compression.rs)
2026-10-09T20:25:01.7912156Z     # Subtest: classifies constant, repetition, periodic and aperiodic sequences
2026-10-09T20:25:01.7912825Z     ok 1 - classifies constant, repetition, periodic and aperiodic sequences
2026-10-09T20:25:01.7913328Z       ---
2026-10-09T20:25:01.7913859Z       duration_ms: 0.688223
2026-10-09T20:25:01.7914154Z       type: 'test'
2026-10-09T20:25:01.7914409Z       ...
2026-10-09T20:25:01.7914867Z     # Subtest: detects reversal and cyclic translation (patterns_1d.rs reversal_and_translation)
2026-10-09T20:25:01.7915573Z     ok 2 - detects reversal and cyclic translation (patterns_1d.rs reversal_and_translation)
2026-10-09T20:25:01.7916126Z       ---
2026-10-09T20:25:01.7916381Z       duration_ms: 0.399336
2026-10-09T20:25:01.7916685Z       type: 'test'
2026-10-09T20:25:01.7916945Z       ...
2026-10-09T20:25:01.7917395Z     # Subtest: finds the transform that maps one grid onto another (grid_2d.rs transform_onto_detects_analogy)
2026-10-09T20:25:01.7918326Z     ok 3 - finds the transform that maps one grid onto another (grid_2d.rs transform_onto_detects_analogy)
2026-10-09T20:25:01.7918877Z       ---
2026-10-09T20:25:01.7919077Z       duration_ms: 0.309319
2026-10-09T20:25:01.7919309Z       type: 'test'
2026-10-09T20:25:01.7919510Z       ...
2026-10-09T20:25:01.7919957Z     # Subtest: rotations round-trip and reflections and transposes move cells as the native grid does
2026-10-09T20:25:01.7920642Z     ok 4 - rotations round-trip and reflections and transposes move cells as the native grid does
2026-10-09T20:25:01.7931810Z       ---
2026-10-09T20:25:01.7932220Z       duration_ms: 0.490644
2026-10-09T20:25:01.7932551Z       type: 'test'
2026-10-09T20:25:01.7932811Z       ...
2026-10-09T20:25:01.7933322Z     # Subtest: a square grid symmetric on both diagonals is invariant under the whole dihedral group
2026-10-09T20:25:01.7934145Z     ok 5 - a square grid symmetric on both diagonals is invariant under the whole dihedral group
2026-10-09T20:25:01.7934708Z       ---
2026-10-09T20:25:01.7934959Z       duration_ms: 0.237159
2026-10-09T20:25:01.7935271Z       type: 'test'
2026-10-09T20:25:01.7935527Z       ...
2026-10-09T20:25:01.7936047Z     # Subtest: compression replaces the most frequent pair, ties to the smallest, and expands losslessly
2026-10-09T20:25:01.7936931Z     ok 6 - compression replaces the most frequent pair, ties to the smallest, and expands losslessly
2026-10-09T20:25:01.7937514Z       ---
2026-10-09T20:25:01.7937764Z       duration_ms: 0.37618
2026-10-09T20:25:01.7938205Z       type: 'test'
2026-10-09T20:25:01.7938462Z       ...
2026-10-09T20:25:01.7938793Z     # Subtest: ratios print as Rust prints an f64: ties to even
2026-10-09T20:25:01.7939299Z     ok 7 - ratios print as Rust prints an f64: ties to even
2026-10-09T20:25:01.7939695Z       ---
2026-10-09T20:25:01.7939954Z       duration_ms: 2.503895
2026-10-09T20:25:01.7940244Z       type: 'test'
2026-10-09T20:25:01.7940493Z       ...
2026-10-09T20:25:01.7940715Z     1..7
2026-10-09T20:25:01.7941295Z ok 200 - the worker substrate (sequences/patterns_1d.rs, grid_2d.rs, compression.rs)
2026-10-09T20:25:01.7941815Z   ---
2026-10-09T20:25:01.7942059Z   duration_ms: 8.415353
2026-10-09T20:25:01.7942347Z   type: 'suite'
2026-10-09T20:25:01.7942601Z   ...
2026-10-09T20:25:01.7943041Z # Subtest: the link-native sequence store in js/agentic/crate/sequences.mjs (R402)
2026-10-09T20:25:01.7943761Z     # Subtest: deduplicates pairs and keeps a self-pairing distinct from its point
2026-10-09T20:25:01.7944445Z     ok 1 - deduplicates pairs and keeps a self-pairing distinct from its point
2026-10-09T20:25:01.7944937Z       ---
2026-10-09T20:25:01.7945191Z       duration_ms: 0.260625
2026-10-09T20:25:01.7945494Z       type: 'test'
2026-10-09T20:25:01.7945742Z       ...
2026-10-09T20:25:01.7946006Z     # Subtest: markers are stable by name
2026-10-09T20:25:01.7946389Z     ok 2 - markers are stable by name
2026-10-09T20:25:01.7946719Z       ---
2026-10-09T20:25:01.7946964Z       duration_ms: 0.110187
2026-10-09T20:25:01.7947261Z       type: 'test'
2026-10-09T20:25:01.7947527Z       ...
2026-10-09T20:25:01.7947918Z     # Subtest: the balanced converter round-trips and reuses repeated halves
2026-10-09T20:25:01.7948547Z     ok 3 - the balanced converter round-trips and reuses repeated halves
2026-10-09T20:25:01.7949322Z       ---
2026-10-09T20:25:01.7949572Z       duration_ms: 0.286935
2026-10-09T20:25:01.7949860Z       type: 'test'
2026-10-09T20:25:01.7950108Z       ...
2026-10-09T20:25:01.7950512Z     # Subtest: compression is lossless and breaks ties toward the smallest pair
2026-10-09T20:25:01.7951290Z     ok 4 - compression is lossless and breaks ties toward the smallest pair
2026-10-09T20:25:01.7972042Z       ---
2026-10-09T20:25:01.7972324Z       duration_ms: 0.448519
2026-10-09T20:25:01.7972624Z       type: 'test'
2026-10-09T20:25:01.7972882Z       ...
2026-10-09T20:25:01.7973112Z     1..4
2026-10-09T20:25:01.7973527Z ok 201 - the link-native sequence store in js/agentic/crate/sequences.mjs (R402)
2026-10-09T20:25:01.7974030Z   ---
2026-10-09T20:25:01.7974554Z   duration_ms: 1.251587
2026-10-09T20:25:01.7974838Z   type: 'suite'
2026-10-09T20:25:01.7975087Z   ...
2026-10-09T20:25:01.7975555Z # Subtest: algorithm discovery in js/agentic/crate/algorithm_discovery.mjs (R531-19, R531-21)
2026-10-09T20:25:01.7976323Z     # Subtest: a repeated episode inside one log is discovered without trace boundaries
2026-10-09T20:25:01.7977013Z     ok 1 - a repeated episode inside one log is discovered without trace boundaries
2026-10-09T20:25:01.7977509Z       ---
2026-10-09T20:25:01.7977756Z       duration_ms: 3.847391
2026-10-09T20:25:01.7978051Z       type: 'test'
2026-10-09T20:25:01.7978299Z       ...
2026-10-09T20:25:01.7978704Z     # Subtest: held-out missing or changed steps reject an incomplete algorithm
2026-10-09T20:25:01.7979327Z     ok 2 - held-out missing or changed steps reject an incomplete algorithm
2026-10-09T20:25:01.7979776Z       ---
2026-10-09T20:25:01.7980013Z       duration_ms: 2.02565
2026-10-09T20:25:01.7980294Z       type: 'test'
2026-10-09T20:25:01.7980537Z       ...
2026-10-09T20:25:01.7980773Z     1..2
2026-10-09T20:25:01.8021623Z ok 202 - algorithm discovery in js/agentic/crate/algorithm_discovery.mjs (R531-19, R531-21)
2026-10-09T20:25:01.8022350Z   ---
2026-10-09T20:25:01.8022599Z   duration_ms: 5.980884
2026-10-09T20:25:01.8022902Z   type: 'suite'
2026-10-09T20:25:01.8023152Z   ...
2026-10-09T20:25:01.8023511Z # Subtest: the issue \#531 research record (R396-R401, R406, R531-25)
2026-10-09T20:25:01.8024124Z     # Subtest: the inventory names every integration point it surveys (R398)
2026-10-09T20:25:01.8024730Z     ok 1 - the inventory names every integration point it surveys (R398)
2026-10-09T20:25:01.8025154Z       ---
2026-10-09T20:25:01.8025378Z       duration_ms: 0.252874
2026-10-09T20:25:01.8025673Z       type: 'test'
2026-10-09T20:25:01.8025905Z       ...
2026-10-09T20:25:01.8026657Z     # Subtest: the converter research and the C\#/C++ max-frequency discrepancy are recorded with their sources (R399, R400)
2026-10-09T20:25:01.8027610Z     ok 2 - the converter research and the C\#/C++ max-frequency discrepancy are recorded with their sources (R399, R400)
2026-10-09T20:25:01.8028214Z       ---
2026-10-09T20:25:01.8028443Z       duration_ms: 0.251171
2026-10-09T20:25:01.8028715Z       type: 'test'
2026-10-09T20:25:01.8028954Z       ...
2026-10-09T20:25:01.8029364Z     # Subtest: Phase 7 defines the five benchmark directions and their fixtures exist (R406)
2026-10-09T20:25:01.8030027Z     ok 3 - Phase 7 defines the five benchmark directions and their fixtures exist (R406)
2026-10-09T20:25:01.8030484Z       ---
2026-10-09T20:25:01.8030702Z       duration_ms: 0.156888
2026-10-09T20:25:01.8030971Z       type: 'test'
2026-10-09T20:25:01.8031331Z       ...
2026-10-09T20:25:01.8031696Z     # Subtest: the README states what the learner does not synthesize (R531-25)
2026-10-09T20:25:01.8032267Z     ok 4 - the README states what the learner does not synthesize (R531-25)
2026-10-09T20:25:01.8032702Z       ---
2026-10-09T20:25:01.8032914Z       duration_ms: 0.106071
2026-10-09T20:25:01.8033179Z       type: 'test'
2026-10-09T20:25:01.8033404Z       ...
2026-10-09T20:25:01.8033603Z     1..4
2026-10-09T20:25:01.8033925Z ok 203 - the issue \#531 research record (R396-R401, R406, R531-25)
2026-10-09T20:25:01.8034618Z   ---
2026-10-09T20:25:01.8034842Z   duration_ms: 0.899273
2026-10-09T20:25:01.8035092Z   type: 'suite'
2026-10-09T20:25:01.8035329Z   ...
2026-10-09T20:25:01.8035681Z # Subtest: grammatical number has one normalized representation (R375)
2026-10-09T20:25:01.8036259Z     # Subtest: no seed file uses the legacy `facet grammatical_number` wrapper
2026-10-09T20:25:01.8036823Z     ok 1 - no seed file uses the legacy `facet grammatical_number` wrapper
2026-10-09T20:25:01.8037257Z       ---
2026-10-09T20:25:01.8037486Z       duration_ms: 71.442751
2026-10-09T20:25:01.8037770Z       type: 'test'
2026-10-09T20:25:01.8038006Z       ...
2026-10-09T20:25:01.8038490Z     # Subtest: every surface carries at most one grammatical_number line, and it names singular or plural
2026-10-09T20:25:01.8039488Z     ok 2 - every surface carries at most one grammatical_number line, and it names singular or plural
2026-10-09T20:25:01.8040046Z       ---
2026-10-09T20:25:01.8040288Z       duration_ms: 86.360267
2026-10-09T20:25:01.8040587Z       type: 'test'
2026-10-09T20:25:01.8040840Z       ...
2026-10-09T20:25:01.8041433Z     # Subtest: the tomato surfaces pair a singular and a plural in each language, as the issue asked
2026-10-09T20:25:01.8042124Z     ok 3 - the tomato surfaces pair a singular and a plural in each language, as the issue asked
2026-10-09T20:25:01.8042583Z       ---
2026-10-09T20:25:01.8042793Z       duration_ms: 1.346551
2026-10-09T20:25:01.8043037Z       type: 'test'
2026-10-09T20:25:01.8043246Z       ...
2026-10-09T20:25:01.8043457Z     1..3
2026-10-09T20:25:01.8043823Z ok 204 - grammatical number has one normalized representation (R375)
2026-10-09T20:25:01.8044263Z   ---
2026-10-09T20:25:01.8044498Z   duration_ms: 160.250026
2026-10-09T20:25:01.8044790Z   type: 'suite'
2026-10-09T20:25:01.8045039Z   ...
2026-10-09T20:25:01.8045297Z # Subtest: the issue \#538 case study (R377, R386)
2026-10-09T20:25:01.8045777Z     # Subtest: preserves the issue data, decomposition, plans and research
2026-10-09T20:25:01.8046320Z     ok 1 - preserves the issue data, decomposition, plans and research
2026-10-09T20:25:01.8046745Z       ---
2026-10-09T20:25:01.8046979Z       duration_ms: 0.298422
2026-10-09T20:25:01.8047245Z       type: 'test'
2026-10-09T20:25:01.8047476Z       ...
2026-10-09T20:25:01.8047800Z     # Subtest: records the single prepared pull request and its branch
2026-10-09T20:25:01.8048329Z     ok 2 - records the single prepared pull request and its branch
2026-10-09T20:25:01.8048726Z       ---
2026-10-09T20:25:01.8048941Z       duration_ms: 0.399135
2026-10-09T20:25:01.8049206Z       type: 'test'
2026-10-09T20:25:01.8049448Z       ...
2026-10-09T20:25:01.8049663Z     1..2
2026-10-09T20:25:01.8049917Z ok 205 - the issue \#538 case study (R377, R386)
2026-10-09T20:25:01.8050257Z   ---
2026-10-09T20:25:01.8050485Z   duration_ms: 0.881386
2026-10-09T20:25:01.8050762Z   type: 'suite'
2026-10-09T20:25:01.8051032Z   ...
2026-10-09T20:25:01.8071863Z # Subtest: relative_meta_logic.rs: truth values, tiers and assessments
2026-10-09T20:25:01.8072423Z     # Subtest: truth_value_clamps_and_rounds
2026-10-09T20:25:01.8072825Z     ok 1 - truth_value_clamps_and_rounds
2026-10-09T20:25:01.8073168Z       ---
2026-10-09T20:25:01.8073418Z       duration_ms: 0.940575
2026-10-09T20:25:01.8073711Z       type: 'test'
2026-10-09T20:25:01.8073974Z       ...
2026-10-09T20:25:01.8074246Z     # Subtest: truth_value_negate_is_complement
2026-10-09T20:25:01.8074653Z     ok 2 - truth_value_negate_is_complement
2026-10-09T20:25:01.8075004Z       ---
2026-10-09T20:25:01.8075252Z       duration_ms: 0.185081
2026-10-09T20:25:01.8075545Z       type: 'test'
2026-10-09T20:25:01.8075792Z       ...
2026-10-09T20:25:01.8076073Z     # Subtest: aggregators_have_expected_identities
2026-10-09T20:25:01.8076507Z     ok 3 - aggregators_have_expected_identities
2026-10-09T20:25:01.8076874Z       ---
2026-10-09T20:25:01.8077115Z       duration_ms: 0.273515
2026-10-09T20:25:01.8077401Z       type: 'test'
2026-10-09T20:25:01.8077651Z       ...
2026-10-09T20:25:01.8077932Z     # Subtest: aggregators_handle_the_empty_set
2026-10-09T20:25:01.8151964Z     ok 4 - aggregators_handle_the_empty_set
2026-10-09T20:25:01.8152374Z       ---
2026-10-09T20:25:01.8152640Z       duration_ms: 0.145801
2026-10-09T20:25:01.8152949Z       type: 'test'
2026-10-09T20:25:01.8153214Z       ...
2026-10-09T20:25:01.8153507Z     # Subtest: unoriginal_sources_are_ignored
2026-10-09T20:25:01.8153913Z     ok 5 - unoriginal_sources_are_ignored
2026-10-09T20:25:01.8154264Z       ---
2026-10-09T20:25:01.8154513Z       duration_ms: 4.819534
2026-10-09T20:25:01.8154809Z       type: 'test'
2026-10-09T20:25:01.8155075Z       ...
2026-10-09T20:25:01.8155340Z     # Subtest: neutral_evidence_is_ignored
2026-10-09T20:25:01.8155711Z     ok 6 - neutral_evidence_is_ignored
2026-10-09T20:25:01.8156337Z       ---
2026-10-09T20:25:01.8156595Z       duration_ms: 0.14509
2026-10-09T20:25:01.8156888Z       type: 'test'
2026-10-09T20:25:01.8157135Z       ...
2026-10-09T20:25:01.8157438Z     # Subtest: no_evidence_keeps_the_assumed_true_prior
2026-10-09T20:25:01.8157910Z     ok 7 - no_evidence_keeps_the_assumed_true_prior
2026-10-09T20:25:01.8158288Z       ---
2026-10-09T20:25:01.8158531Z       duration_ms: 0.442871
2026-10-09T20:25:01.8158824Z       type: 'test'
2026-10-09T20:25:01.8159077Z       ...
2026-10-09T20:25:01.8159374Z     # Subtest: trusted_support_raises_probability
2026-10-09T20:25:01.8159797Z     ok 8 - trusted_support_raises_probability
2026-10-09T20:25:01.8160153Z       ---
2026-10-09T20:25:01.8160396Z       duration_ms: 0.835326
2026-10-09T20:25:01.8160701Z       type: 'test'
2026-10-09T20:25:01.8160967Z       ...
2026-10-09T20:25:01.8161473Z     # Subtest: contradicting_original_evidence_lowers_probability
2026-10-09T20:25:01.8162025Z     ok 9 - contradicting_original_evidence_lowers_probability
2026-10-09T20:25:01.8162454Z       ---
2026-10-09T20:25:01.8162709Z       duration_ms: 0.538486
2026-10-09T20:25:01.8163004Z       type: 'test'
2026-10-09T20:25:01.8163235Z       ...
2026-10-09T20:25:01.8163479Z     # Subtest: unoriginal_reposts_do_not_move_probability
2026-10-09T20:25:01.8163884Z     ok 10 - unoriginal_reposts_do_not_move_probability
2026-10-09T20:25:01.8164258Z       ---
2026-10-09T20:25:01.8164476Z       duration_ms: 0.286925
2026-10-09T20:25:01.8164712Z       type: 'test'
2026-10-09T20:25:01.8164916Z       ...
2026-10-09T20:25:01.8165209Z     # Subtest: first_party_outweighs_corroboration_for_the_same_strength
2026-10-09T20:25:01.8165694Z     ok 11 - first_party_outweighs_corroboration_for_the_same_strength
2026-10-09T20:25:01.8166043Z       ---
2026-10-09T20:25:01.8166246Z       duration_ms: 0.137719
2026-10-09T20:25:01.8166472Z       type: 'test'
2026-10-09T20:25:01.8166673Z       ...
2026-10-09T20:25:01.8166954Z     # Subtest: independent_support_reinforces_rather_than_averages
2026-10-09T20:25:01.8167383Z     ok 12 - independent_support_reinforces_rather_than_averages
2026-10-09T20:25:01.8167710Z       ---
2026-10-09T20:25:01.8167905Z       duration_ms: 0.152421
2026-10-09T20:25:01.8168138Z       type: 'test'
2026-10-09T20:25:01.8168346Z       ...
2026-10-09T20:25:01.8168563Z     # Subtest: posterior_stays_within_bounds
2026-10-09T20:25:01.8168865Z     ok 13 - posterior_stays_within_bounds
2026-10-09T20:25:01.8169134Z       ---
2026-10-09T20:25:01.8169329Z       duration_ms: 0.11883
2026-10-09T20:25:01.8169567Z       type: 'test'
2026-10-09T20:25:01.8169768Z       ...
2026-10-09T20:25:01.8170018Z     # Subtest: tier_weights_are_the_published_percentages
2026-10-09T20:25:01.8170416Z     ok 14 - tier_weights_are_the_published_percentages
2026-10-09T20:25:01.8170807Z       ---
2026-10-09T20:25:01.8171032Z       duration_ms: 0.697377
2026-10-09T20:25:01.8181713Z       type: 'test'
2026-10-09T20:25:01.8181998Z       ...
2026-10-09T20:25:01.8182242Z     1..14
2026-10-09T20:25:01.8182649Z ok 206 - relative_meta_logic.rs: truth values, tiers and assessments
2026-10-09T20:25:01.8183117Z   ---
2026-10-09T20:25:01.8183364Z   duration_ms: 310.39629
2026-10-09T20:25:01.8183658Z   type: 'suite'
2026-10-09T20:25:01.8184194Z   ...
2026-10-09T20:25:01.8184528Z # Subtest: translation/formalization.rs: formalize_prompt
2026-10-09T20:25:01.8185066Z     # Subtest: relation_prompt_extracts_subject_predicate_object
2026-10-09T20:25:01.8185597Z     ok 1 - relation_prompt_extracts_subject_predicate_object
2026-10-09T20:25:01.8186023Z       ---
2026-10-09T20:25:01.8186282Z       duration_ms: 951.282355
2026-10-09T20:25:01.8186599Z       type: 'test'
2026-10-09T20:25:01.8186863Z       ...
2026-10-09T20:25:01.8187242Z     # Subtest: russian_translation_prompt_uses_multilingual_label_table
2026-10-09T20:25:01.8187860Z     ok 2 - russian_translation_prompt_uses_multilingual_label_table
2026-10-09T20:25:01.8188312Z       ---
2026-10-09T20:25:01.8188561Z       duration_ms: 1.37218
2026-10-09T20:25:01.8189031Z       type: 'test'
2026-10-09T20:25:01.8189308Z       ...
2026-10-09T20:25:01.8189718Z     # Subtest: source_first_translation_formalizes_only_the_source_proposition
2026-10-09T20:25:01.8190380Z     ok 3 - source_first_translation_formalizes_only_the_source_proposition
2026-10-09T20:25:01.8190863Z       ---
2026-10-09T20:25:01.8191127Z       duration_ms: 0.225833
2026-10-09T20:25:01.8191554Z       type: 'test'
2026-10-09T20:25:01.8191810Z       ...
2026-10-09T20:25:01.8192204Z     # Subtest: arbitrary_statement_maps_predicate_and_nouns_to_wikidata_ids
2026-10-09T20:25:01.8192840Z     ok 4 - arbitrary_statement_maps_predicate_and_nouns_to_wikidata_ids
2026-10-09T20:25:01.8193309Z       ---
2026-10-09T20:25:01.8193560Z       duration_ms: 1.574166
2026-10-09T20:25:01.8193856Z       type: 'test'
2026-10-09T20:25:01.8194110Z       ...
2026-10-09T20:25:01.8194559Z     # Subtest: an_ambiguous_copula_also_yields_the_subclass_reading (source-derived)
2026-10-09T20:25:01.8195249Z     ok 5 - an_ambiguous_copula_also_yields_the_subclass_reading (source-derived)
2026-10-09T20:25:01.8195755Z       ---
2026-10-09T20:25:01.8196014Z       duration_ms: 1.283796
2026-10-09T20:25:01.8196332Z       type: 'test'
2026-10-09T20:25:01.8196612Z       ...
2026-10-09T20:25:01.8197001Z     # Subtest: action_prompt_maps_translation_verb_to_wikidata_property
2026-10-09T20:25:01.8197585Z     ok 6 - action_prompt_maps_translation_verb_to_wikidata_property
2026-10-09T20:25:01.8198038Z       ---
2026-10-09T20:25:01.8198285Z       duration_ms: 0.816046
2026-10-09T20:25:01.8198581Z       type: 'test'
2026-10-09T20:25:01.8198831Z       ...
2026-10-09T20:25:01.8199309Z     # Subtest: supported_language_prompts_map_local_surfaces_to_same_language_independent_ids
2026-10-09T20:25:01.8200108Z     ok 7 - supported_language_prompts_map_local_surfaces_to_same_language_independent_ids
2026-10-09T20:25:01.8200660Z       ---
2026-10-09T20:25:01.8200905Z       duration_ms: 2.598049
2026-10-09T20:25:01.8201323Z       type: 'test'
2026-10-09T20:25:01.8231561Z       ...
2026-10-09T20:25:01.8231992Z     # Subtest: unmodeled_dictionary_terms_fall_back_to_wiktionary_surfaces
2026-10-09T20:25:01.8232627Z     ok 8 - unmodeled_dictionary_terms_fall_back_to_wiktionary_surfaces
2026-10-09T20:25:01.8233097Z       ---
2026-10-09T20:25:01.8233369Z       duration_ms: 21.537788
2026-10-09T20:25:01.8233677Z       type: 'test'
2026-10-09T20:25:01.8233940Z       ...
2026-10-09T20:25:01.8234349Z     # Subtest: unanchored_unknown_terms_are_flagged_for_later_translation_gaps
2026-10-09T20:25:01.8235008Z     ok 9 - unanchored_unknown_terms_are_flagged_for_later_translation_gaps
2026-10-09T20:25:01.8235483Z       ---
2026-10-09T20:25:01.8235726Z       duration_ms: 1.719887
2026-10-09T20:25:01.8236023Z       type: 'test'
2026-10-09T20:25:01.8236273Z       ...
2026-10-09T20:25:01.8236750Z     # Subtest: a_prompt_with_no_anchorable_surface_yields_the_empty_candidate (source-derived)
2026-10-09T20:25:01.8237516Z     ok 10 - a_prompt_with_no_anchorable_surface_yields_the_empty_candidate (source-derived)
2026-10-09T20:25:01.8238055Z       ---
2026-10-09T20:25:01.8238294Z       duration_ms: 6.510459
2026-10-09T20:25:01.8238598Z       type: 'test'
2026-10-09T20:25:01.8238849Z       ...
2026-10-09T20:25:01.8239073Z     1..10
2026-10-09T20:25:01.8239610Z ok 207 - translation/formalization.rs: formalize_prompt
2026-10-09T20:25:01.8240010Z   ---
2026-10-09T20:25:01.8240257Z   duration_ms: 989.362588
2026-10-09T20:25:01.8240545Z   type: 'suite'
2026-10-09T20:25:01.8240792Z   ...
2026-10-09T20:25:01.8241129Z # Subtest: summarization/dedup.rs: deduplicate (issue \#844)
2026-10-09T20:25:01.8242149Z     # Subtest: n_sources_asserting_one_fact_yield_one_statement_with_a_justification_link
2026-10-09T20:25:01.8242874Z     ok 1 - n_sources_asserting_one_fact_yield_one_statement_with_a_justification_link
2026-10-09T20:25:01.8243372Z       ---
2026-10-09T20:25:01.8243619Z       duration_ms: 5.407667
2026-10-09T20:25:01.8243920Z       type: 'test'
2026-10-09T20:25:01.8244172Z       ...
2026-10-09T20:25:01.8244704Z     # Subtest: wording_differences_merge_but_extra_content_does_not
2026-10-09T20:25:01.8245236Z     ok 2 - wording_differences_merge_but_extra_content_does_not
2026-10-09T20:25:01.8245648Z       ---
2026-10-09T20:25:01.8245901Z       duration_ms: 0.489241
2026-10-09T20:25:01.8246203Z       type: 'test'
2026-10-09T20:25:01.8246451Z       ...
2026-10-09T20:25:01.8246855Z     # Subtest: inflected_wordings_stay_separate_because_the_merge_does_not_stem
2026-10-09T20:25:01.8247510Z     ok 3 - inflected_wordings_stay_separate_because_the_merge_does_not_stem
2026-10-09T20:25:01.8247981Z       ---
2026-10-09T20:25:01.8248223Z       duration_ms: 0.368759
2026-10-09T20:25:01.8248518Z       type: 'test'
2026-10-09T20:25:01.8248784Z       ...
2026-10-09T20:25:01.8249095Z     # Subtest: a_merge_that_conflates_two_facts_can_be_split
2026-10-09T20:25:01.8249571Z     ok 4 - a_merge_that_conflates_two_facts_can_be_split
2026-10-09T20:25:01.8249953Z       ---
2026-10-09T20:25:01.8250204Z       duration_ms: 0.48144
2026-10-09T20:25:01.8250496Z       type: 'test'
2026-10-09T20:25:01.8250747Z       ...
2026-10-09T20:25:01.8251091Z     # Subtest: contradictions_pair_an_affirmed_fact_with_its_denial
2026-10-09T20:25:01.8251886Z     ok 5 - contradictions_pair_an_affirmed_fact_with_its_denial
2026-10-09T20:25:01.8252318Z       ---
2026-10-09T20:25:01.8252564Z       duration_ms: 169.480792
2026-10-09T20:25:01.8252862Z       type: 'test'
2026-10-09T20:25:01.8253107Z       ...
2026-10-09T20:25:01.8253621Z     # Subtest: a_repeated_sentence_from_one_source_adds_nothing_and_function_word_only_text_never_merges
2026-10-09T20:25:01.8254470Z     ok 6 - a_repeated_sentence_from_one_source_adds_nothing_and_function_word_only_text_never_merges
2026-10-09T20:25:01.8255044Z       ---
2026-10-09T20:25:01.8255285Z       duration_ms: 0.467729
2026-10-09T20:25:01.8255579Z       type: 'test'
2026-10-09T20:25:01.8255826Z       ...
2026-10-09T20:25:01.8256171Z     # Subtest: signature_order_is_utf8_byte_order (source-derived)
2026-10-09T20:25:01.8256692Z     ok 7 - signature_order_is_utf8_byte_order (source-derived)
2026-10-09T20:25:01.8257110Z       ---
2026-10-09T20:25:01.8257344Z       duration_ms: 0.115615
2026-10-09T20:25:01.8257627Z       type: 'test'
2026-10-09T20:25:01.8257876Z       ...
2026-10-09T20:25:01.8258103Z     1..7
2026-10-09T20:25:01.8258435Z ok 208 - summarization/dedup.rs: deduplicate (issue \#844)
2026-10-09T20:25:01.8258837Z   ---
2026-10-09T20:25:01.8259081Z   duration_ms: 177.139591
2026-10-09T20:25:01.8259372Z   type: 'suite'
2026-10-09T20:25:01.8259626Z   ...
2026-10-09T20:25:01.8259944Z # Subtest: summarization/importance.rs: rank (issue \#844)
2026-10-09T20:25:01.8260476Z     # Subtest: ranking_reflects_observed_frequency_and_source_stance
2026-10-09T20:25:01.8261021Z     ok 1 - ranking_reflects_observed_frequency_and_source_stance
2026-10-09T20:25:01.8261577Z       ---
2026-10-09T20:25:01.8261809Z       duration_ms: 1.709742
2026-10-09T20:25:01.8262098Z       type: 'test'
2026-10-09T20:25:01.8262350Z       ...
2026-10-09T20:25:01.8262655Z     # Subtest: an_unoriginal_mirror_adds_no_probability
2026-10-09T20:25:01.8263108Z     ok 2 - an_unoriginal_mirror_adds_no_probability
2026-10-09T20:25:01.8263469Z       ---
2026-10-09T20:25:01.8263713Z       duration_ms: 0.558998
2026-10-09T20:25:01.8264155Z       type: 'test'
2026-10-09T20:25:01.8264414Z       ...
2026-10-09T20:25:01.8264802Z     # Subtest: unoriginal_repetition_cannot_outrank_an_authoritative_source
2026-10-09T20:25:01.8265426Z     ok 3 - unoriginal_repetition_cannot_outrank_an_authoritative_source
2026-10-09T20:25:01.8265888Z       ---
2026-10-09T20:25:01.8266144Z       duration_ms: 0.653441
2026-10-09T20:25:01.8266429Z       type: 'test'
2026-10-09T20:25:01.8266677Z       ...
2026-10-09T20:25:01.8267092Z     # Subtest: blend_is_integer_arithmetic_capped_at_one_hundred (source-derived)
2026-10-09T20:25:01.8267767Z     ok 4 - blend_is_integer_arithmetic_capped_at_one_hundred (source-derived)
2026-10-09T20:25:01.8268252Z       ---
2026-10-09T20:25:01.8268498Z       duration_ms: 0.197419
2026-10-09T20:25:01.8268925Z       type: 'test'
2026-10-09T20:25:01.8269174Z       ...
2026-10-09T20:25:01.8269407Z     1..4
2026-10-09T20:25:01.8269731Z ok 209 - summarization/importance.rs: rank (issue \#844)
2026-10-09T20:25:01.8270124Z   ---
2026-10-09T20:25:01.8270360Z   duration_ms: 3.307113
2026-10-09T20:25:01.8270642Z   type: 'suite'
2026-10-09T20:25:01.8270888Z   ...
2026-10-09T20:25:01.8271488Z # Subtest: summarization/recheck.rs: the capture-independent preflight (issue \#844)
2026-10-09T20:25:01.8272180Z     # Subtest: a_statement_no_trusted_source_asserts_is_withheld_but_kept
2026-10-09T20:25:01.8272795Z     ok 1 - a_statement_no_trusted_source_asserts_is_withheld_but_kept
2026-10-09T20:25:01.8273239Z       ---
2026-10-09T20:25:01.8273475Z       duration_ms: 5.646048
2026-10-09T20:25:01.8273765Z       type: 'test'
2026-10-09T20:25:01.8274015Z       ...
2026-10-09T20:25:01.8274352Z     # Subtest: verdicts_follow_the_assessment (source-derived)
2026-10-09T20:25:01.8274859Z     ok 2 - verdicts_follow_the_assessment (source-derived)
2026-10-09T20:25:01.8275253Z       ---
2026-10-09T20:25:01.8275490Z       duration_ms: 0.617456
2026-10-09T20:25:01.8275785Z       type: 'test'
2026-10-09T20:25:01.8276032Z       ...
2026-10-09T20:25:01.8276526Z     # Subtest: the_grounding_query_condenses_whitespace_and_quotes_the_statement (source-derived)
2026-10-09T20:25:01.8277340Z     ok 3 - the_grounding_query_condenses_whitespace_and_quotes_the_statement (source-derived)
2026-10-09T20:25:01.8277906Z       ---
2026-10-09T20:25:01.8278151Z       duration_ms: 0.242428
2026-10-09T20:25:01.8278435Z       type: 'test'
2026-10-09T20:25:01.8278684Z       ...
2026-10-09T20:25:01.8278913Z     1..3
2026-10-09T20:25:01.8279359Z ok 210 - summarization/recheck.rs: the capture-independent preflight (issue \#844)
2026-10-09T20:25:01.8279877Z   ---
2026-10-09T20:25:01.8280121Z   duration_ms: 6.644692
2026-10-09T20:25:01.8280406Z   type: 'suite'
2026-10-09T20:25:01.8280656Z   ...
2026-10-09T20:25:01.8281310Z # Subtest: contradictionsIn (mirrors fn contradictions_in in rust/src/selection_heuristics/triz.rs)
2026-10-09T20:25:01.8282254Z     # Subtest: detects a technical contradiction when two satisfying candidates each win on a different dimension
2026-10-09T20:25:01.8283205Z     ok 1 - detects a technical contradiction when two satisfying candidates each win on a different dimension
2026-10-09T20:25:01.8283841Z       ---
2026-10-09T20:25:01.8284100Z       duration_ms: 665.744899
2026-10-09T20:25:01.8284403Z       type: 'test'
2026-10-09T20:25:01.8284658Z       ...
2026-10-09T20:25:01.8285118Z     # Subtest: returns an empty array when no two candidates each win on a different dimension
2026-10-09T20:25:01.8285863Z     ok 2 - returns an empty array when no two candidates each win on a different dimension
2026-10-09T20:25:01.8286382Z       ---
2026-10-09T20:25:01.8286622Z       duration_ms: 0.305223
2026-10-09T20:25:01.8286926Z       type: 'test'
2026-10-09T20:25:01.8287184Z       ...
2026-10-09T20:25:01.8287668Z     # Subtest: derives the selection value from requirement clauses when they state the trade-off
2026-10-09T20:25:01.8288461Z     ok 3 - derives the selection value from requirement clauses when they state the trade-off
2026-10-09T20:25:01.8289006Z       ---
2026-10-09T20:25:01.8289435Z       duration_ms: 0.770017
2026-10-09T20:25:01.8289730Z       type: 'test'
2026-10-09T20:25:01.8289995Z       ...
2026-10-09T20:25:01.8290429Z     # Subtest: reports underivable when no clause states the trade-off
2026-10-09T20:25:01.8291020Z     ok 4 - reports underivable when no clause states the trade-off
2026-10-09T20:25:01.8291680Z       ---
2026-10-09T20:25:01.8291930Z       duration_ms: 0.336059
2026-10-09T20:25:01.8292220Z       type: 'test'
2026-10-09T20:25:01.8292475Z       ...
2026-10-09T20:25:01.8292807Z     # Subtest: selection_basis_points is an integer in 0..=10000
2026-10-09T20:25:01.8293307Z     ok 5 - selection_basis_points is an integer in 0..=10000
2026-10-09T20:25:01.8293702Z       ---
2026-10-09T20:25:01.8294127Z       duration_ms: 0.752992
2026-10-09T20:25:01.8294427Z       type: 'test'
2026-10-09T20:25:01.8294677Z       ...
2026-10-09T20:25:01.8294905Z     1..5
2026-10-09T20:25:01.8295397Z ok 211 - contradictionsIn (mirrors fn contradictions_in in rust/src/selection_heuristics/triz.rs)
2026-10-09T20:25:01.8296003Z   ---
2026-10-09T20:25:01.8296251Z   duration_ms: 908.669028
2026-10-09T20:25:01.8296543Z   type: 'suite'
2026-10-09T20:25:01.8296793Z   ...
2026-10-09T20:25:01.8297311Z # Subtest: situationFor (mirrors situation detection in rust/src/draft_portfolio.rs and ranking.rs)
2026-10-09T20:25:01.8298069Z     # Subtest: returns contradiction_detected when a contradiction exists
2026-10-09T20:25:01.8298668Z     ok 1 - returns contradiction_detected when a contradiction exists
2026-10-09T20:25:01.8299115Z       ---
2026-10-09T20:25:01.8299369Z       duration_ms: 0.34257
2026-10-09T20:25:01.8299661Z       type: 'test'
2026-10-09T20:25:01.8299911Z       ...
2026-10-09T20:25:01.8300262Z     # Subtest: returns empty string when no contradiction exists
2026-10-09T20:25:01.8300823Z     ok 2 - returns empty string when no contradiction exists
2026-10-09T20:25:01.8301353Z       ---
2026-10-09T20:25:01.8301601Z       duration_ms: 0.221606
2026-10-09T20:25:01.8301885Z       type: 'test'
2026-10-09T20:25:01.8302139Z       ...
2026-10-09T20:25:01.8302367Z     1..2
2026-10-09T20:25:01.8302867Z ok 212 - situationFor (mirrors situation detection in rust/src/draft_portfolio.rs and ranking.rs)
2026-10-09T20:25:01.8303440Z   ---
2026-10-09T20:25:01.8303675Z   duration_ms: 0.935038
2026-10-09T20:25:01.8303952Z   type: 'suite'
2026-10-09T20:25:01.8304194Z   ...
2026-10-09T20:25:01.8304634Z # Subtest: rankWithHeuristic (mirrors fn rank_passing_drafts / rank_survivors R901-3)
2026-10-09T20:25:01.8305355Z     # Subtest: selects a different ranker when contradiction_detected vs no situation
2026-10-09T20:25:01.8306024Z     ok 1 - selects a different ranker when contradiction_detected vs no situation
2026-10-09T20:25:01.8306521Z       ---
2026-10-09T20:25:01.8306767Z       duration_ms: 1.938669
2026-10-09T20:25:01.8307063Z       type: 'test'
2026-10-09T20:25:01.8307316Z       ...
2026-10-09T20:25:01.8307729Z     # Subtest: keeps the same ordering for a non-contradicted pair regardless of situation
2026-10-09T20:25:01.8308414Z     ok 2 - keeps the same ordering for a non-contradicted pair regardless of situation
2026-10-09T20:25:01.8308893Z       ---
2026-10-09T20:25:01.8309138Z       duration_ms: 0.517614
2026-10-09T20:25:01.8309429Z       type: 'test'
2026-10-09T20:25:01.8309688Z       ...
2026-10-09T20:25:01.8310230Z     # Subtest: round-trip: situationFor + rankWithHeuristic routes through triz for the contradicted pair
2026-10-09T20:25:01.8311135Z     ok 3 - round-trip: situationFor + rankWithHeuristic routes through triz for the contradicted pair
2026-10-09T20:25:01.8311934Z       ---
2026-10-09T20:25:01.8312186Z       duration_ms: 0.262788
2026-10-09T20:25:01.8312480Z       type: 'test'
2026-10-09T20:25:01.8312730Z       ...
2026-10-09T20:25:01.8312963Z     1..3
2026-10-09T20:25:01.8313406Z ok 213 - rankWithHeuristic (mirrors fn rank_passing_drafts / rank_survivors R901-3)
2026-10-09T20:25:01.8313930Z   ---
2026-10-09T20:25:01.8314179Z   duration_ms: 3.035732
2026-10-09T20:25:01.8314615Z   type: 'suite'
2026-10-09T20:25:01.8314860Z   ...
2026-10-09T20:25:01.8315268Z # Subtest: the seeded catalog declares a triz rank row (R901-3 seed requirement)
2026-10-09T20:25:01.8315988Z     # Subtest: heuristic_triz is present at order 3 with applies_when contradiction_detected
2026-10-09T20:25:01.8316732Z     ok 1 - heuristic_triz is present at order 3 with applies_when contradiction_detected
2026-10-09T20:25:01.8317241Z       ---
2026-10-09T20:25:01.8317500Z       duration_ms: 2.778602
2026-10-09T20:25:01.8317797Z       type: 'test'
2026-10-09T20:25:01.8318054Z       ...
2026-10-09T20:25:01.8318281Z     1..1
2026-10-09T20:25:01.8318684Z ok 214 - the seeded catalog declares a triz rank row (R901-3 seed requirement)
2026-10-09T20:25:01.8319167Z   ---
2026-10-09T20:25:01.8319549Z   duration_ms: 2.885443
2026-10-09T20:25:01.8319824Z   type: 'suite'
2026-10-09T20:25:01.8320070Z   ...
2026-10-09T20:26:30.7470248Z # Subtest: R1021-3/4/5/9: shell requests on the agentic planner
2026-10-09T20:26:30.7471025Z     # Subtest: a command-naming noun is not an argument (\#866, \#867)
2026-10-09T20:26:30.7471901Z     ok 1 - a command-naming noun is not an argument (\#866, \#867)
2026-10-09T20:26:30.7472408Z       ---
2026-10-09T20:26:30.7472673Z       duration_ms: 1575.939296
2026-10-09T20:26:30.7473034Z       type: 'test'
2026-10-09T20:26:30.7473302Z       ...
2026-10-09T20:26:30.7473877Z     # Subtest: a prose listing request routes to ls in any word order, english, russian, hindi and spanish (\#865)
2026-10-09T20:26:30.7474766Z     ok 2 - a prose listing request routes to ls in any word order, english, russian, hindi and spanish (\#865)
2026-10-09T20:26:30.7475363Z       ---
2026-10-09T20:26:30.7475605Z       duration_ms: 6202.805413
2026-10-09T20:26:30.7475897Z       type: 'test'
2026-10-09T20:26:30.7476167Z       ...
2026-10-09T20:26:30.7476458Z     # Subtest: a bare command is the request (\#868)
2026-10-09T20:26:30.7476873Z     ok 3 - a bare command is the request (\#868)
2026-10-09T20:26:30.7477305Z       ---
2026-10-09T20:26:30.7480311Z       duration_ms: 749.442658
2026-10-09T20:26:30.7480847Z       type: 'test'
2026-10-09T20:26:30.7481133Z       ...
2026-10-09T20:26:30.7481775Z     # Subtest: a move between absolute or home-relative paths is performed; a traversal is not (\#824)
2026-10-09T20:26:30.7482590Z     ok 4 - a move between absolute or home-relative paths is performed; a traversal is not (\#824)
2026-10-09T20:26:30.7483136Z       ---
2026-10-09T20:26:30.7483394Z       duration_ms: 8455.552203
2026-10-09T20:26:30.7483691Z       type: 'test'
2026-10-09T20:26:30.7483932Z       ...
2026-10-09T20:26:30.7484270Z     # Subtest: a cue that names its object still takes a plain name
2026-10-09T20:26:30.7484770Z     ok 5 - a cue that names its object still takes a plain name
2026-10-09T20:26:30.7485131Z       ---
2026-10-09T20:26:30.7485362Z       duration_ms: 38833.767094
2026-10-09T20:26:30.7485650Z       type: 'test'
2026-10-09T20:26:30.7485901Z       ...
2026-10-09T20:26:30.7486119Z     1..5
2026-10-09T20:26:30.7486446Z ok 215 - R1021-3/4/5/9: shell requests on the agentic planner
2026-10-09T20:26:30.7486838Z   ---
2026-10-09T20:26:30.7487077Z   duration_ms: 57587.017822
2026-10-09T20:26:30.7487364Z   type: 'suite'
2026-10-09T20:26:30.7487584Z   ...
2026-10-09T20:26:30.7487904Z # Subtest: R1021-6/7: a named exercise is a program, not a file operation
2026-10-09T20:26:30.7488459Z     # Subtest: neither the exercise nor its Rosetta Code URL reaches the shell (\#862, \#863)
2026-10-09T20:26:30.7489067Z     ok 1 - neither the exercise nor its Rosetta Code URL reaches the shell (\#862, \#863)
2026-10-09T20:26:30.7489487Z       ---
2026-10-09T20:26:30.7489695Z       duration_ms: 41673.412022
2026-10-09T20:26:30.7489944Z       type: 'test'
2026-10-09T20:26:30.7490158Z       ...
2026-10-09T20:26:30.7490669Z     # Subtest: the exercise is answered as a catalogued program in english, russian, hindi, chinese and spanish
2026-10-09T20:26:30.7494801Z     ok 2 - the exercise is answered as a catalogued program in english, russian, hindi, chinese and spanish
2026-10-09T20:26:30.7495950Z       ---
2026-10-09T20:26:30.7496222Z       duration_ms: 588.844114
2026-10-09T20:26:30.7496608Z       type: 'test'
2026-10-09T20:26:30.7520520Z       ...
2026-10-09T20:26:30.7520944Z     # Subtest: the stdin answer pipes the input it was verified against into the run command
2026-10-09T20:26:30.7521653Z     ok 3 - the stdin answer pipes the input it was verified against into the run command
2026-10-09T20:26:30.7522060Z       ---
2026-10-09T20:26:30.7522265Z       duration_ms: 17.014948
2026-10-09T20:26:30.7522555Z       type: 'test'
2026-10-09T20:26:30.7522804Z       ...
2026-10-09T20:26:30.7533497Z     # Subtest: a task that reads no input keeps its plain run command
2026-10-09T20:26:30.7549374Z     ok 4 - a task that reads no input keeps its plain run command
2026-10-09T20:26:30.7550052Z       ---
2026-10-09T20:26:30.7550463Z       duration_ms: 18.839002
2026-10-09T20:26:30.7550924Z       type: 'test'
2026-10-09T20:26:30.7551597Z       ...
2026-10-09T20:26:30.7552002Z     1..4
2026-10-09T20:26:30.7552529Z ok 216 - R1021-6/7: a named exercise is a program, not a file operation
2026-10-09T20:26:30.7553133Z   ---
2026-10-09T20:26:30.7553540Z   duration_ms: 42298.64136
2026-10-09T20:26:30.7553996Z   type: 'suite'
2026-10-09T20:26:30.7554396Z   ...
2026-10-09T20:26:30.7554973Z # Subtest: R1021-8: a framework-named request is answered in that framework (\#723)
2026-10-09T20:26:30.7555874Z     # Subtest: Laravel is its own target; an uncatalogued framework falls back to its language
2026-10-09T20:26:30.7556772Z     ok 1 - Laravel is its own target; an uncatalogued framework falls back to its language
2026-10-09T20:26:30.7557447Z       ---
2026-10-09T20:26:30.7557842Z       duration_ms: 147.353124
2026-10-09T20:26:30.7558324Z       type: 'test'
2026-10-09T20:26:30.7558726Z       ...
2026-10-09T20:26:30.7559105Z     1..1
2026-10-09T20:26:30.7559652Z ok 217 - R1021-8: a framework-named request is answered in that framework (\#723)
2026-10-09T20:26:30.7560301Z   ---
2026-10-09T20:26:30.7560700Z   duration_ms: 147.487418
2026-10-09T20:26:30.7561137Z   type: 'suite'
2026-10-09T20:26:30.7561708Z   ...
2026-10-09T20:26:30.7562252Z # Subtest: R1021-31: asking for code is a coding request whatever the asking verb
2026-10-09T20:26:30.7563102Z     # Subtest: a named language is answered with its minimal script in every asking verb
2026-10-09T20:26:30.7563951Z     ok 1 - a named language is answered with its minimal script in every asking verb
2026-10-09T20:26:30.7564604Z       ---
2026-10-09T20:26:30.7565001Z       duration_ms: 136.394014
2026-10-09T20:26:30.7565452Z       type: 'test'
2026-10-09T20:26:30.7565854Z       ...
2026-10-09T20:26:30.7566566Z     # Subtest: code naming no language reaches the honest dead end in english, russian, hindi, chinese and spanish
2026-10-09T20:26:30.7567650Z     ok 2 - code naming no language reaches the honest dead end in english, russian, hindi, chinese and spanish
2026-10-09T20:26:30.7568405Z       ---
2026-10-09T20:26:30.7568807Z       duration_ms: 640.475605
2026-10-09T20:26:30.7569265Z       type: 'test'
2026-10-09T20:26:30.7569668Z       ...
2026-10-09T20:26:30.7570173Z     # Subtest: the dead end is worded in the language it was asked in
2026-10-09T20:26:30.7570866Z     ok 3 - the dead end is worded in the language it was asked in
2026-10-09T20:26:30.7571666Z       ---
2026-10-09T20:26:30.7572071Z       duration_ms: 92.904253
2026-10-09T20:26:30.7572523Z       type: 'test'
2026-10-09T20:26:30.7572928Z       ...
2026-10-09T20:26:30.7573514Z     # Subtest: an asking verb that names another subject is not a coding request
2026-10-09T20:26:30.7574292Z     ok 4 - an asking verb that names another subject is not a coding request
2026-10-09T20:26:30.7574920Z       ---
2026-10-09T20:26:30.7575322Z       duration_ms: 1566.605489
2026-10-09T20:26:30.7575784Z       type: 'test'
2026-10-09T20:26:30.7576181Z       ...
2026-10-09T20:26:30.7576558Z     1..4
2026-10-09T20:26:30.7577105Z ok 218 - R1021-31: asking for code is a coding request whatever the asking verb
2026-10-09T20:26:30.7577950Z   ---
2026-10-09T20:26:30.7578449Z   duration_ms: 2436.660338
2026-10-09T20:26:30.7578771Z   type: 'suite'
2026-10-09T20:26:30.7579017Z   ...
2026-10-09T20:26:30.9820322Z # Subtest: the real report of run 32454084765 names only the link that timed out
2026-10-09T20:26:30.9821036Z ok 219 - the real report of run 32454084765 names only the link that timed out
2026-10-09T20:26:30.9821763Z   ---
2026-10-09T20:26:30.9821999Z   duration_ms: 2.22347
2026-10-09T20:26:30.9822263Z   type: 'test'
2026-10-09T20:26:30.9822494Z   ...
2026-10-09T20:26:30.9822844Z # Subtest: no link lychee called a healthy redirect is reported broken
2026-10-09T20:26:30.9823390Z ok 220 - no link lychee called a healthy redirect is reported broken
2026-10-09T20:26:30.9824065Z   ---
2026-10-09T20:26:30.9824228Z   duration_ms: 0.532928
2026-10-09T20:26:30.9824412Z   type: 'test'
2026-10-09T20:26:30.9824568Z   ...
2026-10-09T20:26:30.9824806Z # Subtest: a section of an unrecognised category is reported, not dropped
2026-10-09T20:26:30.9825186Z ok 221 - a section of an unrecognised category is reported, not dropped
2026-10-09T20:26:30.9825450Z   ---
2026-10-09T20:26:30.9825607Z   duration_ms: 0.408209
2026-10-09T20:26:30.9825781Z   type: 'test'
2026-10-09T20:26:30.9825932Z   ...
2026-10-09T20:26:30.9826207Z # Subtest: browser projects every held-out verifiable task and stays explicitly unverified
2026-10-09T20:26:30.9826658Z ok 222 - browser projects every held-out verifiable task and stays explicitly unverified
2026-10-09T20:26:30.9826972Z   ---
2026-10-09T20:26:30.9827128Z   duration_ms: 3811.151215
2026-10-09T20:26:30.9827331Z   type: 'test'
2026-10-09T20:26:30.9827497Z   ...
2026-10-09T20:26:30.9827797Z # Subtest: the Telegram refused/granted table is complete and points at shared response intents
2026-10-09T20:26:30.9828274Z ok 223 - the Telegram refused/granted table is complete and points at shared response intents
2026-10-09T20:26:30.9828595Z   ---
2026-10-09T20:26:30.9828750Z   duration_ms: 1245.375287
2026-10-09T20:26:30.9828931Z   type: 'test'
2026-10-09T20:26:30.9829084Z   ...
2026-10-09T20:26:30.9829338Z # Subtest: the browser produces the same concept-graph identity as the native path
2026-10-09T20:26:30.9829737Z ok 224 - the browser produces the same concept-graph identity as the native path
2026-10-09T20:26:30.9830028Z   ---
2026-10-09T20:26:30.9830176Z   duration_ms: 4851.517374
2026-10-09T20:26:30.9830348Z   type: 'test'
2026-10-09T20:26:30.9830497Z   ...
2026-10-09T20:26:30.9830732Z # Subtest: every extracted procedure step the browser shows is unverified
2026-10-09T20:26:30.9831090Z ok 225 - every extracted procedure step the browser shows is unverified
2026-10-09T20:26:30.9831616Z   ---
2026-10-09T20:26:30.9831824Z   duration_ms: 2252.711633
2026-10-09T20:26:30.9832092Z   type: 'test'
2026-10-09T20:26:30.9832311Z   ...
2026-10-09T20:26:30.9832698Z # Subtest: R1161-4: the contract documents every declared relocation variable per client
2026-10-09T20:26:30.9833416Z ok 226 - R1161-4: the contract documents every declared relocation variable per client
2026-10-09T20:26:30.9833923Z   ---
2026-10-09T20:26:30.9834152Z   duration_ms: 3.455788
2026-10-09T20:26:30.9834442Z   type: 'test'
2026-10-09T20:26:30.9834677Z   ...
2026-10-09T20:26:30.9835053Z # Subtest: R1161-4: clients that declare no variable are named as declaring none
2026-10-09T20:26:30.9835694Z ok 227 - R1161-4: clients that declare no variable are named as declaring none
2026-10-09T20:26:30.9836158Z   ---
2026-10-09T20:26:30.9836389Z   duration_ms: 0.785671
2026-10-09T20:26:30.9836656Z   type: 'test'
2026-10-09T20:26:30.9836892Z   ...
2026-10-09T20:26:30.9837360Z # Subtest: R1161-4: the contract forbids relocating XDG_CONFIG_HOME or HOME and cites the incident
2026-10-09T20:26:30.9838168Z ok 228 - R1161-4: the contract forbids relocating XDG_CONFIG_HOME or HOME and cites the incident
2026-10-09T20:26:30.9838713Z   ---
2026-10-09T20:26:30.9838952Z   duration_ms: 1.475146
2026-10-09T20:26:30.9839222Z   type: 'test'
2026-10-09T20:26:30.9839751Z   ...
2026-10-09T20:26:30.9840109Z # Subtest: R1161-4: the Relocate via column lists every declared variable
2026-10-09T20:26:30.9840697Z ok 229 - R1161-4: the Relocate via column lists every declared variable
2026-10-09T20:26:30.9841288Z   ---
2026-10-09T20:26:30.9841520Z   duration_ms: 0.839793
2026-10-09T20:26:30.9841790Z   type: 'test'
2026-10-09T20:26:30.9842026Z   ...
2026-10-09T20:26:30.9842490Z # Subtest: R1161-6: every JSON-configured client Hive Mind launches keeps its *_DIR variable
2026-10-09T20:26:30.9843260Z ok 230 - R1161-6: every JSON-configured client Hive Mind launches keeps its *_DIR variable
2026-10-09T20:26:30.9843793Z   ---
2026-10-09T20:26:30.9844032Z   duration_ms: 0.531216
2026-10-09T20:26:30.9844313Z   type: 'test'
2026-10-09T20:26:30.9844547Z   ...
2026-10-09T20:26:30.9845133Z # Subtest: every capture is the recorded bytes and keeps the page's language tags
2026-10-09T20:26:30.9845806Z ok 231 - every capture is the recorded bytes and keeps the page's language tags
2026-10-09T20:26:30.9846303Z   ---
2026-10-09T20:26:30.9846534Z   duration_ms: 1476.211322
2026-10-09T20:26:30.9846812Z   type: 'test'
2026-10-09T20:26:30.9847045Z   ...
2026-10-09T20:26:30.9847459Z # Subtest: R1163-14: kotlinlang's numbered steps keep the compile and run commands
2026-10-09T20:26:30.9848132Z ok 232 - R1163-14: kotlinlang's numbered steps keep the compile and run commands
2026-10-09T20:26:30.9848604Z   ---
2026-10-09T20:26:30.9848834Z   duration_ms: 1.838357
2026-10-09T20:26:30.9849114Z   type: 'test'
2026-10-09T20:26:30.9849346Z   ...
2026-10-09T20:26:30.9849838Z # Subtest: R1163-11 offline half: the paragraph mentioning compiling introduces the kotlinc command
2026-10-09T20:26:30.9850672Z ok 233 - R1163-11 offline half: the paragraph mentioning compiling introduces the kotlinc command
2026-10-09T20:26:30.9851411Z   ---
2026-10-09T20:26:30.9851648Z   duration_ms: 2.870281
2026-10-09T20:26:30.9851909Z   type: 'test'
2026-10-09T20:26:30.9852140Z   ...
2026-10-09T20:26:30.9852455Z # Subtest: R1164-12: every captured Hello World page decomposes
2026-10-09T20:26:30.9852986Z ok 234 - R1164-12: every captured Hello World page decomposes
2026-10-09T20:26:30.9853384Z   ---
2026-10-09T20:26:30.9853622Z   duration_ms: 35.538901
2026-10-09T20:26:30.9853900Z   type: 'test'
2026-10-09T20:26:30.9854143Z   ...
2026-10-09T20:26:30.9854528Z # Subtest: R1165-1: a code block keeps its indentation, prose still collapses
2026-10-09T20:26:30.9855139Z ok 235 - R1165-1: a code block keeps its indentation, prose still collapses
2026-10-09T20:26:30.9855585Z   ---
2026-10-09T20:26:30.9855830Z   duration_ms: 7.740583
2026-10-09T20:26:30.9856110Z   type: 'test'
2026-10-09T20:26:30.9856345Z   ...
2026-10-09T20:26:30.9856818Z # Subtest: R1165-8: the counter reads every program quote spelling and leaves an expectation alone
2026-10-09T20:26:30.9857623Z ok 236 - R1165-8: the counter reads every program quote spelling and leaves an expectation alone
2026-10-09T20:26:30.9858168Z   ---
2026-10-09T20:26:30.9858403Z   duration_ms: 1.799869
2026-10-09T20:26:30.9858684Z   type: 'test'
2026-10-09T20:26:30.9858922Z   ...
2026-10-09T20:26:30.9859345Z # Subtest: R1165-8: data/ stores no more verbatim Hello World programs than the ratchet
2026-10-09T20:26:30.9860045Z ok 237 - R1165-8: data/ stores no more verbatim Hello World programs than the ratchet
2026-10-09T20:26:30.9860539Z   ---
2026-10-09T20:26:30.9860766Z   duration_ms: 625.690413
2026-10-09T20:26:30.9861055Z   type: 'test'
2026-10-09T20:26:30.9861520Z   ...
2026-10-09T20:26:30.9861977Z # Subtest: the cache path mirrors default_cache_path: the override, else the repository file
2026-10-09T20:26:30.9862750Z ok 238 - the cache path mirrors default_cache_path: the override, else the repository file
2026-10-09T20:26:30.9863289Z   ---
2026-10-09T20:26:30.9863556Z   duration_ms: 1354.245664
2026-10-09T20:26:30.9863842Z   type: 'test'
2026-10-09T20:26:30.9864083Z   ...
2026-10-09T20:26:30.9864510Z # Subtest: the committed cache has no rows, so an unmodified request stays the native miss
2026-10-09T20:26:30.9865459Z ok 239 - the committed cache has no rows, so an unmodified request stays the native miss
2026-10-09T20:26:30.9865980Z   ---
2026-10-09T20:26:30.9866223Z   duration_ms: 785.60086
2026-10-09T20:26:30.9866512Z   type: 'test'
2026-10-09T20:26:30.9866753Z   ...
2026-10-09T20:26:30.9867235Z # Subtest: a verified row answers the unmodified request with the cached entry and logs the hit
2026-10-09T20:26:30.9868028Z ok 240 - a verified row answers the unmodified request with the cached entry and logs the hit
2026-10-09T20:26:30.9868579Z   ---
2026-10-09T20:26:30.9868819Z   duration_ms: 58.488316
2026-10-09T20:26:30.9869109Z   type: 'test'
2026-10-09T20:26:30.9869346Z   ...
2026-10-09T20:26:30.9869673Z # Subtest: a row for another pair leaves this request a miss
2026-10-09T20:26:30.9870341Z ok 241 - a row for another pair leaves this request a miss
2026-10-09T20:26:30.9870752Z   ---
2026-10-09T20:26:30.9870989Z   duration_ms: 36.776375
2026-10-09T20:26:30.9871651Z   type: 'test'
2026-10-09T20:26:30.9872226Z   ...
2026-10-09T20:26:30.9890574Z # Subtest: a row whose content_id drifted is dropped on load, as in Rust
2026-10-09T20:26:30.9891342Z ok 242 - a row whose content_id drifted is dropped on load, as in Rust
2026-10-09T20:26:30.9891803Z   ---
2026-10-09T20:26:30.9892048Z   duration_ms: 31.914085
2026-10-09T20:26:30.9892343Z   type: 'test'
2026-10-09T20:26:30.9892592Z   ...
2026-10-09T20:26:30.9892946Z # Subtest: a customised request is never answered from the cache
2026-10-09T20:26:30.9893489Z ok 243 - a customised request is never answered from the cache
2026-10-09T20:26:30.9893916Z   ---
2026-10-09T20:26:30.9894155Z   duration_ms: 50.938171
2026-10-09T20:26:30.9894450Z   type: 'test'
2026-10-09T20:26:30.9894693Z   ...
2026-10-09T20:26:30.9895163Z # Subtest: R1165-1: a rediscovered row is recorded in the runtime cache and reused as a hit
2026-10-09T20:26:30.9895908Z ok 244 - R1165-1: a rediscovered row is recorded in the runtime cache and reused as a hit
2026-10-09T20:26:30.9896444Z   ---
2026-10-09T20:26:30.9896710Z   duration_ms: 71.279283
2026-10-09T20:26:30.9897002Z   type: 'test'
2026-10-09T20:26:30.9897246Z   ...
2026-10-09T20:26:30.9897557Z # Subtest: the committed cache is never written by a solve
2026-10-09T20:26:30.9898053Z ok 245 - the committed cache is never written by a solve
2026-10-09T20:26:30.9898441Z   ---
2026-10-09T20:26:30.9898682Z   duration_ms: 44.832066
2026-10-09T20:26:30.9898957Z   type: 'test'
2026-10-09T20:26:30.9899208Z   ...
2026-10-09T20:26:30.9899624Z # Subtest: the cache key is the native FNV-1a 64 of the URL
2026-10-09T20:26:30.9900110Z ok 246 - the cache key is the native FNV-1a 64 of the URL
2026-10-09T20:26:30.9900498Z   ---
2026-10-09T20:26:30.9900737Z   duration_ms: 1297.601395
2026-10-09T20:26:30.9901034Z   type: 'test'
2026-10-09T20:26:30.9901396Z   ...
2026-10-09T20:26:30.9901890Z # Subtest: R1168-1/2/3: online, every pin is read from its publisher and captured in the native layout
2026-10-09T20:26:30.9902701Z ok 247 - R1168-1/2/3: online, every pin is read from its publisher and captured in the native layout
2026-10-09T20:26:30.9903265Z   ---
2026-10-09T20:26:30.9903503Z   duration_ms: 9.498057
2026-10-09T20:26:30.9903777Z   type: 'test'
2026-10-09T20:26:30.9904018Z   ...
2026-10-09T20:26:30.9904411Z # Subtest: R1168-4: the resolution is recorded with each capture's provenance
2026-10-09T20:26:30.9905033Z ok 248 - R1168-4: the resolution is recorded with each capture's provenance
2026-10-09T20:26:30.9905492Z   ---
2026-10-09T20:26:30.9905752Z   duration_ms: 9.1246
2026-10-09T20:26:30.9906035Z   type: 'test'
2026-10-09T20:26:30.9906263Z   ...
2026-10-09T20:26:30.9906761Z # Subtest: R1168-5: unreachable, the cached capture answers and says so; with no cache, the baseline does
2026-10-09T20:26:30.9907636Z ok 249 - R1168-5: unreachable, the cached capture answers and says so; with no cache, the baseline does
2026-10-09T20:26:30.9908227Z   ---
2026-10-09T20:26:30.9908470Z   duration_ms: 252.925549
2026-10-09T20:26:30.9908757Z   type: 'test'
2026-10-09T20:26:30.9909001Z   ...
2026-10-09T20:26:30.9909663Z # Subtest: forGeneration reads the host source cache named by FORMAL_AI_SOURCE_CACHE_DIR
2026-10-09T20:26:30.9910420Z ok 250 - forGeneration reads the host source cache named by FORMAL_AI_SOURCE_CACHE_DIR
2026-10-09T20:26:30.9910941Z   ---
2026-10-09T20:26:30.9911332Z   duration_ms: 2.05814
2026-10-09T20:26:30.9911607Z   type: 'test'
2026-10-09T20:26:30.9911855Z   ...
2026-10-09T20:26:30.9912207Z # Subtest: \#1172 R10: the alias "us" does not fire inside "australia"
2026-10-09T20:26:30.9912758Z ok 251 - \#1172 R10: the alias "us" does not fire inside "australia"
2026-10-09T20:26:30.9913168Z   ---
2026-10-09T20:26:30.9913393Z   duration_ms: 2284.158676
2026-10-09T20:26:30.9913685Z   type: 'test'
2026-10-09T20:26:30.9913926Z   ...
2026-10-09T20:26:30.9914405Z # Subtest: \#1172 R10: a seeded alias still answers as a whole word
2026-10-09T20:26:30.9914918Z ok 252 - \#1172 R10: a seeded alias still answers as a whole word
2026-10-09T20:26:30.9915324Z   ---
2026-10-09T20:26:30.9915567Z   duration_ms: 146.960028
2026-10-09T20:26:30.9915862Z   type: 'test'
2026-10-09T20:26:30.9916103Z   ...
2026-10-09T20:26:30.9916518Z # Subtest: \#1173 R5: a canned search description degrades to web_search_unavailable
2026-10-09T20:26:30.9917185Z ok 253 - \#1173 R5: a canned search description degrades to web_search_unavailable
2026-10-09T20:26:30.9917670Z   ---
2026-10-09T20:26:30.9917909Z   duration_ms: 0.539919
2026-10-09T20:26:30.9918195Z   type: 'test'
2026-10-09T20:26:30.9918439Z   ...
2026-10-09T20:26:30.9918854Z # Subtest: \#1173 R5: an offline research prompt never answers with the canned description
2026-10-09T20:26:30.9919572Z ok 254 - \#1173 R5: an offline research prompt never answers with the canned description
2026-10-09T20:26:30.9920097Z   ---
2026-10-09T20:26:30.9920345Z   duration_ms: 93.30493
2026-10-09T20:26:30.9920622Z   type: 'test'
2026-10-09T20:26:30.9920865Z   ...
2026-10-09T20:26:30.9921433Z # Subtest: R1173-3: a yearly compounding problem reaches the interest handler
2026-10-09T20:26:30.9922094Z ok 255 - R1173-3: a yearly compounding problem reaches the interest handler
2026-10-09T20:26:30.9922559Z   ---
2026-10-09T20:26:30.9922791Z   duration_ms: 895.447269
2026-10-09T20:26:30.9923079Z   type: 'test'
2026-10-09T20:26:30.9923331Z   ...
2026-10-09T20:26:30.9923715Z # Subtest: R1173-3: a CSV table asked for as JSON reaches the format converter
2026-10-09T20:26:30.9924364Z ok 256 - R1173-3: a CSV table asked for as JSON reaches the format converter
2026-10-09T20:26:30.9924821Z   ---
2026-10-09T20:26:30.9925073Z   duration_ms: 127.862893
2026-10-09T20:26:30.9925355Z   type: 'test'
2026-10-09T20:26:30.9925592Z   ...
2026-10-09T20:26:30.9925942Z # Subtest: summarization keeps the statements the text depends on
2026-10-09T20:26:30.9926512Z ok 257 - summarization keeps the statements the text depends on
2026-10-09T20:26:30.9926943Z   ---
2026-10-09T20:26:30.9927188Z   duration_ms: 2738.118081
2026-10-09T20:26:30.9927477Z   type: 'test'
2026-10-09T20:26:30.9927720Z   ...
2026-10-09T20:26:30.9928070Z # Subtest: summarization traces every statement and duplicate
2026-10-09T20:26:30.9928595Z ok 258 - summarization traces every statement and duplicate
2026-10-09T20:26:30.9929002Z   ---
2026-10-09T20:26:30.9929243Z   duration_ms: 39.980076
2026-10-09T20:26:30.9929533Z   type: 'test'
2026-10-09T20:26:30.9929774Z   ...
2026-10-09T20:26:30.9930130Z # Subtest: the worker summarizer is the JavaScript root's own module
2026-10-09T20:26:30.9930701Z ok 259 - the worker summarizer is the JavaScript root's own module
2026-10-09T20:26:30.9931139Z   ---
2026-10-09T20:26:30.9931506Z   duration_ms: 0.935718
2026-10-09T20:26:30.9931782Z   type: 'test'
2026-10-09T20:26:30.9932024Z   ...
2026-10-09T20:26:30.9932341Z # Subtest: summarization declines a prompt without text
2026-10-09T20:26:30.9932840Z ok 260 - summarization declines a prompt without text
2026-10-09T20:26:30.9933222Z   ---
2026-10-09T20:26:30.9933456Z   duration_ms: 0.500058
2026-10-09T20:26:30.9933735Z   type: 'test'
2026-10-09T20:26:30.9933983Z   ...
2026-10-09T20:26:30.9934473Z # Subtest: summarization declines a single statement
2026-10-09T20:26:30.9934904Z ok 261 - summarization declines a single statement
2026-10-09T20:26:30.9935282Z   ---
2026-10-09T20:26:30.9935515Z   duration_ms: 0.642874
2026-10-09T20:26:30.9935791Z   type: 'test'
2026-10-09T20:26:30.9936025Z   ...
2026-10-09T20:26:30.9936342Z # Subtest: register rewrite substitutes every informal token
2026-10-09T20:26:30.9936843Z ok 262 - register rewrite substitutes every informal token
2026-10-09T20:26:30.9937243Z   ---
2026-10-09T20:26:30.9937482Z   duration_ms: 50.742277
2026-10-09T20:26:30.9937758Z   type: 'test'
2026-10-09T20:26:30.9937983Z   ...
2026-10-09T20:26:30.9938286Z # Subtest: register rewrite reports an already formal text
2026-10-09T20:26:30.9938979Z ok 263 - register rewrite reports an already formal text
2026-10-09T20:26:30.9939374Z   ---
2026-10-09T20:26:30.9939606Z   duration_ms: 49.137104
2026-10-09T20:26:30.9939884Z   type: 'test'
2026-10-09T20:26:30.9940124Z   ...
2026-10-09T20:26:30.9940467Z # Subtest: grammar correction re-agrees subjects and pluralizes
2026-10-09T20:26:30.9941002Z ok 264 - grammar correction re-agrees subjects and pluralizes
2026-10-09T20:26:30.9941527Z   ---
2026-10-09T20:26:30.9941768Z   duration_ms: 42.671414
2026-10-09T20:26:30.9942047Z   type: 'test'
2026-10-09T20:26:30.9942279Z   ...
2026-10-09T20:26:30.9942591Z # Subtest: grammar correction reports an already clean text
2026-10-09T20:26:30.9943089Z ok 265 - grammar correction reports an already clean text
2026-10-09T20:26:30.9943472Z   ---
2026-10-09T20:26:30.9943688Z   duration_ms: 51.089402
2026-10-09T20:26:30.9943994Z   type: 'test'
2026-10-09T20:26:30.9944234Z   ...
2026-10-09T20:26:30.9944543Z # Subtest: commit message composes the conventional line
2026-10-09T20:26:30.9945023Z ok 266 - commit message composes the conventional line
2026-10-09T20:26:30.9945395Z   ---
2026-10-09T20:26:30.9945629Z   duration_ms: 133.180723
2026-10-09T20:26:30.9945908Z   type: 'test'
2026-10-09T20:26:30.9946146Z   ...
2026-10-09T20:26:30.9946427Z # Subtest: commit message names its missing slots
2026-10-09T20:26:30.9946842Z ok 267 - commit message names its missing slots
2026-10-09T20:26:30.9947204Z   ---
2026-10-09T20:26:30.9947442Z   duration_ms: 117.617364
2026-10-09T20:26:30.9947722Z   type: 'test'
2026-10-09T20:26:30.9947953Z   ...
2026-10-09T20:26:30.9948224Z # Subtest: email composes every declared part
2026-10-09T20:26:30.9948635Z ok 268 - email composes every declared part
2026-10-09T20:26:30.9948981Z   ---
2026-10-09T20:26:30.9949211Z   duration_ms: 51.222194
2026-10-09T20:26:30.9949490Z   type: 'test'
2026-10-09T20:26:30.9949729Z   ...
2026-10-09T20:26:30.9950055Z # Subtest: the claim rows are read from the capability table
2026-10-09T20:26:30.9950557Z ok 269 - the claim rows are read from the capability table
2026-10-09T20:26:30.9950950Z   ---
2026-10-09T20:26:30.9951312Z   duration_ms: 1409.439817
2026-10-09T20:26:30.9951624Z   type: 'test'
2026-10-09T20:26:30.9951858Z   ...
2026-10-09T20:26:30.9952256Z # Subtest: every row names browser functions and evidence kinds the worker knows
2026-10-09T20:26:30.9952938Z ok 270 - every row names browser functions and evidence kinds the worker knows
2026-10-09T20:26:30.9953426Z   ---
2026-10-09T20:26:30.9953659Z   duration_ms: 0.722585
2026-10-09T20:26:30.9953930Z   type: 'test'
2026-10-09T20:26:30.9954164Z   ...
2026-10-09T20:26:30.9954518Z # Subtest: the native-only rows read the same structure in the worker
2026-10-09T20:26:30.9955092Z ok 271 - the native-only rows read the same structure in the worker
2026-10-09T20:26:30.9955524Z   ---
2026-10-09T20:26:30.9955783Z   duration_ms: 284.36982
2026-10-09T20:26:30.9956036Z   type: 'test'
2026-10-09T20:26:30.9956252Z   ...
2026-10-09T20:26:30.9956519Z # Subtest: a surface word alone is not admitted
2026-10-09T20:26:30.9956931Z ok 272 - a surface word alone is not admitted
2026-10-09T20:26:30.9957251Z   ---
2026-10-09T20:26:30.9957481Z   duration_ms: 51.483039
2026-10-09T20:26:30.9957746Z   type: 'test'
2026-10-09T20:26:30.9957983Z   ...
2026-10-09T20:26:30.9958462Z # Subtest: the structural evidence admits
2026-10-09T20:26:30.9958841Z ok 273 - the structural evidence admits
2026-10-09T20:26:30.9959173Z   ---
2026-10-09T20:26:30.9959406Z   duration_ms: 49.925198
2026-10-09T20:26:30.9959683Z   type: 'test'
2026-10-09T20:26:30.9959919Z   ...
2026-10-09T20:26:30.9960256Z # Subtest: a numeric handler answers only where its row admits
2026-10-09T20:26:30.9960771Z ok 274 - a numeric handler answers only where its row admits
2026-10-09T20:26:30.9961318Z   ---
2026-10-09T20:26:30.9961552Z   duration_ms: 37.663845
2026-10-09T20:26:30.9961825Z   type: 'test'
2026-10-09T20:26:30.9962065Z   ...
2026-10-09T20:26:30.9962373Z # Subtest: a handler with no claim row is admitted as before
2026-10-09T20:26:30.9963051Z ok 275 - a handler with no claim row is admitted as before
2026-10-09T20:26:30.9963449Z   ---
2026-10-09T20:26:30.9963689Z   duration_ms: 2.340677
2026-10-09T20:26:30.9963961Z   type: 'test'
2026-10-09T20:26:30.9964194Z   ...
2026-10-09T20:26:30.9964660Z # Subtest: R1175-3 refusal lane: a cued request without its operand keeps only its named refusal
2026-10-09T20:26:30.9965454Z ok 276 - R1175-3 refusal lane: a cued request without its operand keeps only its named refusal
2026-10-09T20:26:30.9966010Z   ---
2026-10-09T20:26:30.9966248Z   duration_ms: 550.326503
2026-10-09T20:26:30.9966528Z   type: 'test'
2026-10-09T20:26:30.9966766Z   ...
2026-10-09T20:26:30.9967168Z # Subtest: R1175-3: the refusal-group evidence reads the handlers' own operands
2026-10-09T20:26:30.9967814Z ok 277 - R1175-3: the refusal-group evidence reads the handlers' own operands
2026-10-09T20:26:30.9968279Z   ---
2026-10-09T20:26:30.9968511Z   duration_ms: 0.957331
2026-10-09T20:26:30.9968787Z   type: 'test'
2026-10-09T20:26:30.9969025Z   ...
2026-10-09T20:26:30.9969485Z # Subtest: R1175-3 class b: the dialogue evidence reads the earlier turns, never the prompt alone
2026-10-09T20:26:30.9970309Z ok 278 - R1175-3 class b: the dialogue evidence reads the earlier turns, never the prompt alone
2026-10-09T20:26:30.9970865Z   ---
2026-10-09T20:26:30.9971092Z   duration_ms: 2.774144
2026-10-09T20:26:30.9971488Z   type: 'test'
2026-10-09T20:26:30.9971720Z   ...
2026-10-09T20:26:30.9972209Z # Subtest: R1175-3 class c: a composer without its specification is admitted to its refusal lane only
2026-10-09T20:26:30.9973037Z ok 279 - R1175-3 class c: a composer without its specification is admitted to its refusal lane only
2026-10-09T20:26:30.9973594Z   ---
2026-10-09T20:26:30.9973823Z   duration_ms: 9.755967
2026-10-09T20:26:30.9974097Z   type: 'test'
2026-10-09T20:26:30.9974329Z   ...
2026-10-09T20:26:30.9974767Z # Subtest: R1175-3 class e: a lookup or policy admits on the subject or shape its reader extracts
2026-10-09T20:26:30.9975519Z ok 280 - R1175-3 class e: a lookup or policy admits on the subject or shape its reader extracts
2026-10-09T20:26:30.9976045Z   ---
2026-10-09T20:26:30.9976268Z   duration_ms: 6.20212
2026-10-09T20:26:30.9976531Z   type: 'test'
2026-10-09T20:26:30.9976759Z   ...
2026-10-09T20:26:30.9977273Z # Subtest: R1173-3: a trailing sentence that only shapes the answer leaves the question to the concept reader
2026-10-09T20:26:30.9978154Z ok 281 - R1173-3: a trailing sentence that only shapes the answer leaves the question to the concept reader
2026-10-09T20:26:30.9978735Z   ---
2026-10-09T20:26:30.9978965Z   duration_ms: 195.316699
2026-10-09T20:26:30.9979240Z   type: 'test'
2026-10-09T20:26:30.9979474Z   ...
2026-10-09T20:26:30.9979912Z # Subtest: R1173-3: the legality frame reads an act and the object class of its object phrase
2026-10-09T20:26:30.9980654Z ok 282 - R1173-3: the legality frame reads an act and the object class of its object phrase
2026-10-09T20:26:30.9981303Z   ---
2026-10-09T20:26:30.9981546Z   duration_ms: 42.446423
2026-10-09T20:26:30.9981835Z   type: 'test'
2026-10-09T20:26:30.9982070Z   ...
2026-10-09T20:26:30.9982416Z # Subtest: R1175-3: a class handler answers only where its row admits
2026-10-09T20:26:30.9982979Z ok 283 - R1175-3: a class handler answers only where its row admits
2026-10-09T20:26:30.9983581Z   ---
2026-10-09T20:26:30.9983817Z   duration_ms: 178.066743
2026-10-09T20:26:30.9984100Z   type: 'test'
2026-10-09T20:26:30.9984347Z   ...
2026-10-09T20:26:30.9984830Z # Subtest: R1175-3 follow-up round: a handler without its input is admitted to its refusal lane only
2026-10-09T20:26:30.9985638Z ok 284 - R1175-3 follow-up round: a handler without its input is admitted to its refusal lane only
2026-10-09T20:26:30.9986187Z   ---
2026-10-09T20:26:30.9986427Z   duration_ms: 36.549506
2026-10-09T20:26:30.9986705Z   type: 'test'
2026-10-09T20:26:30.9986941Z   ...
2026-10-09T20:26:30.9987366Z # Subtest: R1175-3 follow-up round: the assistant is the subject unless another is named
2026-10-09T20:26:30.9988246Z ok 285 - R1175-3 follow-up round: the assistant is the subject unless another is named
2026-10-09T20:26:30.9988758Z   ---
2026-10-09T20:26:30.9988990Z   duration_ms: 3.238769
2026-10-09T20:26:30.9989262Z   type: 'test'
2026-10-09T20:26:30.9989500Z   ...
2026-10-09T20:26:30.9989908Z # Subtest: R1173-3: a comma after the advice verb still reaches the advice handler
2026-10-09T20:26:30.9990563Z ok 286 - R1173-3: a comma after the advice verb still reaches the advice handler
2026-10-09T20:26:30.9991036Z   ---
2026-10-09T20:26:30.9991404Z   duration_ms: 62.035944
2026-10-09T20:26:30.9991689Z   type: 'test'
2026-10-09T20:26:30.9991924Z   ...
2026-10-09T20:26:30.9992306Z # Subtest: R1175-3 last five rows: every precedence handler carries a claim row
2026-10-09T20:26:30.9992947Z ok 287 - R1175-3 last five rows: every precedence handler carries a claim row
2026-10-09T20:26:30.9993419Z   ---
2026-10-09T20:26:30.9993649Z   duration_ms: 0.389721
2026-10-09T20:26:30.9993915Z   type: 'test'
2026-10-09T20:26:30.9994130Z   ...
2026-10-09T20:26:30.9994510Z # Subtest: R1175-3 last five rows: the documented method is read from the prompt
2026-10-09T20:26:30.9995129Z ok 288 - R1175-3 last five rows: the documented method is read from the prompt
2026-10-09T20:26:30.9995572Z   ---
2026-10-09T20:26:30.9995809Z   duration_ms: 151.498496
2026-10-09T20:26:30.9996089Z   type: 'test'
2026-10-09T20:26:30.9996329Z   ...
2026-10-09T20:26:30.9996711Z # Subtest: R1175-3 last five rows: the idiom claims only as the whole utterance
2026-10-09T20:26:30.9997330Z ok 289 - R1175-3 last five rows: the idiom claims only as the whole utterance
2026-10-09T20:26:30.9997784Z   ---
2026-10-09T20:26:30.9998013Z   duration_ms: 26.263215
2026-10-09T20:26:30.9998301Z   type: 'test'
2026-10-09T20:26:30.9998534Z   ...
2026-10-09T20:26:30.9998940Z # Subtest: R1175-3 last five rows: a source conflict names its attributed alternatives
2026-10-09T20:26:30.9999681Z ok 290 - R1175-3 last five rows: a source conflict names its attributed alternatives
2026-10-09T20:26:31.0000175Z   ---
2026-10-09T20:26:31.0000411Z   duration_ms: 17.744234
2026-10-09T20:26:31.0000687Z   type: 'test'
2026-10-09T20:26:31.0000923Z   ...
2026-10-09T20:26:31.0001474Z # Subtest: R1175-3 last five rows: a traffic answer names the repository the prompt names
2026-10-09T20:26:31.0002189Z ok 291 - R1175-3 last five rows: a traffic answer names the repository the prompt names
2026-10-09T20:26:31.0002691Z   ---
2026-10-09T20:26:31.0002914Z   duration_ms: 37.206321
2026-10-09T20:26:31.0003183Z   type: 'test'
2026-10-09T20:26:31.0003422Z   ...
2026-10-09T20:26:31.0003797Z # Subtest: R1175-3 last five rows: a formalization claims only with a statement
2026-10-09T20:26:31.0004415Z ok 292 - R1175-3 last five rows: a formalization claims only with a statement
2026-10-09T20:26:31.0004869Z   ---
2026-10-09T20:26:31.0005101Z   duration_ms: 34.83053
2026-10-09T20:26:31.0005370Z   type: 'test'
2026-10-09T20:26:31.0005599Z   ...
2026-10-09T20:26:31.0005903Z # Subtest: the four precedence rows bind worker functions
2026-10-09T20:26:31.0006388Z ok 293 - the four precedence rows bind worker functions
2026-10-09T20:26:31.0006772Z   ---
2026-10-09T20:26:31.0007008Z   duration_ms: 1307.063482
2026-10-09T20:26:31.0007296Z   type: 'test'
2026-10-09T20:26:31.0007530Z   ...
2026-10-09T20:26:31.0008087Z # Subtest: R1: brainstorming composes from the formalized topic
2026-10-09T20:26:31.0008633Z ok 294 - R1: brainstorming composes from the formalized topic
2026-10-09T20:26:31.0009043Z   ---
2026-10-09T20:26:31.0009277Z   duration_ms: 249.257423
2026-10-09T20:26:31.0009565Z   type: 'test'
2026-10-09T20:26:31.0009797Z   ...
2026-10-09T20:26:31.0010121Z # Subtest: R2: brainstorming states its metric and constraints
2026-10-09T20:26:31.0010633Z ok 295 - R2: brainstorming states its metric and constraints
2026-10-09T20:26:31.0011035Z   ---
2026-10-09T20:26:31.0011392Z   duration_ms: 2.933786
2026-10-09T20:26:31.0011660Z   type: 'test'
2026-10-09T20:26:31.0011892Z   ...
2026-10-09T20:26:31.0012172Z # Subtest: brainstorming honors the requested count
2026-10-09T20:26:31.0012819Z ok 296 - brainstorming honors the requested count
2026-10-09T20:26:31.0013189Z   ---
2026-10-09T20:26:31.0013411Z   duration_ms: 2.180635
2026-10-09T20:26:31.0013688Z   type: 'test'
2026-10-09T20:26:31.0013933Z   ...
2026-10-09T20:26:31.0014207Z # Subtest: brainstorming multilingual probes
2026-10-09T20:26:31.0014613Z ok 297 - brainstorming multilingual probes
2026-10-09T20:26:31.0014960Z   ---
2026-10-09T20:26:31.0015205Z   duration_ms: 18.037458
2026-10-09T20:26:31.0015488Z   type: 'test'
2026-10-09T20:26:31.0015724Z   ...
2026-10-09T20:26:31.0016085Z # Subtest: R3: a four-line poem about the sea passes its constraint check
2026-10-09T20:26:31.0016921Z ok 298 - R3: a four-line poem about the sea passes its constraint check
2026-10-09T20:26:31.0017362Z   ---
2026-10-09T20:26:31.0017595Z   duration_ms: 3.445953
2026-10-09T20:26:31.0017867Z   type: 'test'
2026-10-09T20:26:31.0018101Z   ...
2026-10-09T20:26:31.0018380Z # Subtest: R3: a violating poem is never returned
2026-10-09T20:26:31.0018812Z ok 299 - R3: a violating poem is never returned
2026-10-09T20:26:31.0019168Z   ---
2026-10-09T20:26:31.0019400Z   duration_ms: 2.767074
2026-10-09T20:26:31.0019678Z   type: 'test'
2026-10-09T20:26:31.0019911Z   ...
2026-10-09T20:26:31.0020271Z # Subtest: a haiku carries three lines and states its meter unverified
2026-10-09T20:26:31.0020840Z ok 300 - a haiku carries three lines and states its meter unverified
2026-10-09T20:26:31.0021406Z   ---
2026-10-09T20:26:31.0021636Z   duration_ms: 1.909975
2026-10-09T20:26:31.0021905Z   type: 'test'
2026-10-09T20:26:31.0022139Z   ...
2026-10-09T20:26:31.0022465Z # Subtest: R4: the non-English rhyme gap is stated, not guessed
2026-10-09T20:26:31.0022986Z ok 301 - R4: the non-English rhyme gap is stated, not guessed
2026-10-09T20:26:31.0023379Z   ---
2026-10-09T20:26:31.0023606Z   duration_ms: 13.43973
2026-10-09T20:26:31.0023874Z   type: 'test'
2026-10-09T20:26:31.0024116Z   ...
2026-10-09T20:26:31.0024407Z # Subtest: R5: the Rome itinerary is cited and feasible
2026-10-09T20:26:31.0024858Z ok 302 - R5: the Rome itinerary is cited and feasible
2026-10-09T20:26:31.0025230Z   ---
2026-10-09T20:26:31.0025455Z   duration_ms: 3.712697
2026-10-09T20:26:31.0025729Z   type: 'test'
2026-10-09T20:26:31.0025972Z   ...
2026-10-09T20:26:31.0026321Z # Subtest: R5: every scheduled window sits inside the day and in order
2026-10-09T20:26:31.0026882Z ok 303 - R5: every scheduled window sits inside the day and in order
2026-10-09T20:26:31.0027312Z   ---
2026-10-09T20:26:31.0027547Z   duration_ms: 1.937186
2026-10-09T20:26:31.0027813Z   type: 'test'
2026-10-09T20:26:31.0028046Z   ...
2026-10-09T20:26:31.0028379Z # Subtest: planning refuses an uncached destination honestly
2026-10-09T20:26:31.0028850Z ok 304 - planning refuses an uncached destination honestly
2026-10-09T20:26:31.0029251Z   ---
2026-10-09T20:26:31.0029469Z   duration_ms: 1.064813
2026-10-09T20:26:31.0029717Z   type: 'test'
2026-10-09T20:26:31.0029996Z   ...
2026-10-09T20:26:31.0030247Z # Subtest: planning multilingual probes
2026-10-09T20:26:31.0030602Z ok 305 - planning multilingual probes
2026-10-09T20:26:31.0030922Z   ---
2026-10-09T20:26:31.0031289Z   duration_ms: 3.27917
2026-10-09T20:26:31.0031561Z   type: 'test'
2026-10-09T20:26:31.0031990Z   ...
2026-10-09T20:26:31.0032277Z # Subtest: R6: advice is cited, graded and weighted
2026-10-09T20:26:31.0032716Z ok 306 - R6: advice is cited, graded and weighted
2026-10-09T20:26:31.0033079Z   ---
2026-10-09T20:26:31.0033310Z   duration_ms: 1.445672
2026-10-09T20:26:31.0033587Z   type: 'test'
2026-10-09T20:26:31.0033817Z   ...
2026-10-09T20:26:31.0034080Z # Subtest: advice multilingual probes
2026-10-09T20:26:31.0034442Z ok 307 - advice multilingual probes
2026-10-09T20:26:31.0034757Z   ---
2026-10-09T20:26:31.0034989Z   duration_ms: 2.156769
2026-10-09T20:26:31.0035264Z   type: 'test'
2026-10-09T20:26:31.0035496Z   ...
2026-10-09T20:26:31.0035806Z # Subtest: advice refuses an unformalized topic honestly
2026-10-09T20:26:31.0036425Z ok 308 - advice refuses an unformalized topic honestly
2026-10-09T20:26:31.0036809Z   ---
2026-10-09T20:26:31.0037053Z   duration_ms: 1.934803
2026-10-09T20:26:31.0037327Z   type: 'test'
2026-10-09T20:26:31.0037561Z   ...
2026-10-09T20:26:31.0037842Z # Subtest: R8: unrelated prompts are not claimed
2026-10-09T20:26:31.0038291Z ok 309 - R8: unrelated prompts are not claimed
2026-10-09T20:26:31.0038641Z   ---
2026-10-09T20:26:31.0038874Z   duration_ms: 2.69884
2026-10-09T20:26:31.0039141Z   type: 'test'
2026-10-09T20:26:31.0039388Z   ...
2026-10-09T20:26:31.0039775Z # Subtest: the full worker routes the four classes to their composition handlers
2026-10-09T20:26:31.0040425Z ok 310 - the full worker routes the four classes to their composition handlers
2026-10-09T20:26:31.0040898Z   ---
2026-10-09T20:26:31.0041132Z   duration_ms: 743.289374
2026-10-09T20:26:31.0041556Z   type: 'test'
2026-10-09T20:26:31.0041792Z   ...
2026-10-09T20:26:31.0042207Z # Subtest: issue bodies formalize into requirement statements and dated transitions
2026-10-09T20:26:31.0042921Z ok 311 - issue bodies formalize into requirement statements and dated transitions
2026-10-09T20:26:31.0043425Z   ---
2026-10-09T20:26:31.0043661Z   duration_ms: 1349.922957
2026-10-09T20:26:31.0043942Z   type: 'test'
2026-10-09T20:26:31.0044184Z   ...
2026-10-09T20:26:31.0044584Z # Subtest: comments, reviews and CI runs import as the Rust importer maps them
2026-10-09T20:26:31.0045229Z ok 312 - comments, reviews and CI runs import as the Rust importer maps them
2026-10-09T20:26:31.0045702Z   ---
2026-10-09T20:26:31.0045931Z   duration_ms: 1.037282
2026-10-09T20:26:31.0046210Z   type: 'test'
2026-10-09T20:26:31.0046442Z   ...
2026-10-09T20:26:31.0046719Z # Subtest: lineage subjects need a cue and a path
2026-10-09T20:26:31.0047137Z ok 313 - lineage subjects need a cue and a path
2026-10-09T20:26:31.0047479Z   ---
2026-10-09T20:26:31.0047710Z   duration_ms: 0.597145
2026-10-09T20:26:31.0047972Z   type: 'test'
2026-10-09T20:26:31.0048199Z   ...
2026-10-09T20:26:31.0048632Z # Subtest: the lineage answer names the commits, the issue and an unrecorded pull request
2026-10-09T20:26:31.0049364Z ok 314 - the lineage answer names the commits, the issue and an unrecorded pull request
2026-10-09T20:26:31.0049871Z   ---
2026-10-09T20:26:31.0050117Z   duration_ms: 223.974182
2026-10-09T20:26:31.0050390Z   type: 'test'
2026-10-09T20:26:31.0050633Z   ...
2026-10-09T20:26:31.0050930Z # Subtest: the seed names the status rule and the census
2026-10-09T20:26:31.0051555Z ok 315 - the seed names the status rule and the census
2026-10-09T20:26:31.0051917Z   ---
2026-10-09T20:26:31.0052149Z   duration_ms: 1317.503151
2026-10-09T20:26:31.0052433Z   type: 'test'
2026-10-09T20:26:31.0052662Z   ...
2026-10-09T20:26:31.0052920Z # Subtest: a cue alone never names a subject
2026-10-09T20:26:31.0053294Z ok 316 - a cue alone never names a subject
2026-10-09T20:26:31.0053635Z   ---
2026-10-09T20:26:31.0053859Z   duration_ms: 0.464484
2026-10-09T20:26:31.0054121Z   type: 'test'
2026-10-09T20:26:31.0054352Z   ...
2026-10-09T20:26:31.0054685Z # Subtest: the documentation comment above the item is quoted
2026-10-09T20:26:31.0055188Z ok 317 - the documentation comment above the item is quoted
2026-10-09T20:26:31.0055577Z   ---
2026-10-09T20:26:31.0055806Z   duration_ms: 0.297431
2026-10-09T20:26:31.0056241Z   type: 'test'
2026-10-09T20:26:31.0056477Z   ...
2026-10-09T20:26:31.0056915Z # Subtest: the census locates evaluate_calculation and the answer quotes its documentation
2026-10-09T20:26:31.0057654Z ok 318 - the census locates evaluate_calculation and the answer quotes its documentation
2026-10-09T20:26:31.0058166Z   ---
2026-10-09T20:26:31.0058403Z   duration_ms: 244.105184
2026-10-09T20:26:31.0058677Z   type: 'test'
2026-10-09T20:26:31.0058910Z   ...
2026-10-09T20:26:31.0059277Z # Subtest: the status answer reads the floor and the target from the ledger
2026-10-09T20:26:31.0059897Z ok 319 - the status answer reads the floor and the target from the ledger
2026-10-09T20:26:31.0060355Z   ---
2026-10-09T20:26:31.0060587Z   duration_ms: 0.835236
2026-10-09T20:26:31.0060998Z   type: 'test'
2026-10-09T20:26:31.0061383Z   ...
2026-10-09T20:26:31.0061770Z # Subtest: a served answer links, appends and persists its derivation record
2026-10-09T20:26:31.0062389Z ok 320 - a served answer links, appends and persists its derivation record
2026-10-09T20:26:31.0062849Z   ---
2026-10-09T20:26:31.0063079Z   duration_ms: 3157.133486
2026-10-09T20:26:31.0063371Z   type: 'test'
2026-10-09T20:26:31.0063605Z   ...
2026-10-09T20:26:31.0063966Z # Subtest: the explain request prints the persisted record in either format
2026-10-09T20:26:31.0064590Z ok 321 - the explain request prints the persisted record in either format
2026-10-09T20:26:31.0065026Z   ---
2026-10-09T20:26:31.0065253Z   duration_ms: 501.451085
2026-10-09T20:26:31.0065537Z   type: 'test'
2026-10-09T20:26:31.0065777Z   ...
2026-10-09T20:26:31.0066114Z # Subtest: an unknown or unusable id is the seed miss with exit 1
2026-10-09T20:26:31.0066632Z ok 322 - an unknown or unusable id is the seed miss with exit 1
2026-10-09T20:26:31.0067043Z   ---
2026-10-09T20:26:31.0067271Z   duration_ms: 204.17241
2026-10-09T20:26:31.0067549Z   type: 'test'
2026-10-09T20:26:31.0067782Z   ...
2026-10-09T20:26:31.0068104Z # Subtest: a refused write is reported, never silently dropped
2026-10-09T20:26:31.0068614Z ok 323 - a refused write is reported, never silently dropped
2026-10-09T20:26:31.0069001Z   ---
2026-10-09T20:26:31.0069235Z   duration_ms: 0.610165
2026-10-09T20:26:31.0069503Z   type: 'test'
2026-10-09T20:26:31.0069735Z   ...
2026-10-09T20:26:31.0070160Z # Subtest: every web UI answer links, records and hands its derivation to the memory store
2026-10-09T20:26:31.0070880Z ok 324 - every web UI answer links, records and hands its derivation to the memory store
2026-10-09T20:26:31.0071546Z   ---
2026-10-09T20:26:31.0071785Z   duration_ms: 3809.837127
2026-10-09T20:26:31.0072068Z   type: 'test'
2026-10-09T20:26:31.0072315Z   ...
2026-10-09T20:26:31.0072737Z # Subtest: the worker projects the same record as the crate module for the same log
2026-10-09T20:26:31.0073424Z ok 325 - the worker projects the same record as the crate module for the same log
2026-10-09T20:26:31.0073912Z   ---
2026-10-09T20:26:31.0074146Z   duration_ms: 6.184454
2026-10-09T20:26:31.0074434Z   type: 'test'
2026-10-09T20:26:31.0074670Z   ...
2026-10-09T20:26:31.0075057Z # Subtest: explain <answer id> prints the stored record as text and as links
2026-10-09T20:26:31.0075679Z ok 326 - explain <answer id> prints the stored record as text and as links
2026-10-09T20:26:31.0076149Z   ---
2026-10-09T20:26:31.0076381Z   duration_ms: 65.334534
2026-10-09T20:26:31.0076659Z   type: 'test'
2026-10-09T20:26:31.0076896Z   ...
2026-10-09T20:26:31.0077251Z # Subtest: explain of an unrecorded answer id is the seed miss text
2026-10-09T20:26:31.0077808Z ok 327 - explain of an unrecorded answer id is the seed miss text
2026-10-09T20:26:31.0078230Z   ---
2026-10-09T20:26:31.0078466Z   duration_ms: 300.258138
2026-10-09T20:26:31.0078748Z   type: 'test'
2026-10-09T20:26:31.0078993Z   ...
2026-10-09T20:26:31.0079376Z # Subtest: stopNote names the unresolved need and carries the attempt chain
2026-10-09T20:26:31.0080004Z ok 328 - stopNote names the unresolved need and carries the attempt chain
2026-10-09T20:26:31.0080667Z   ---
2026-10-09T20:26:31.0080912Z   duration_ms: 2505.784739
2026-10-09T20:26:31.0081313Z   type: 'test'
2026-10-09T20:26:31.0081550Z   ...
2026-10-09T20:26:31.0081922Z # Subtest: stopNote reports the spent ladder and is silent without a rung
2026-10-09T20:26:31.0082574Z ok 329 - stopNote reports the spent ladder and is silent without a rung
2026-10-09T20:26:31.0083028Z   ---
2026-10-09T20:26:31.0083264Z   duration_ms: 3.571242
2026-10-09T20:26:31.0083536Z   type: 'test'
2026-10-09T20:26:31.0083780Z   ...
2026-10-09T20:26:31.0084205Z # Subtest: a Russian interval riddle returns formal reasoning, not the unknown fallback
2026-10-09T20:26:31.0084930Z ok 330 - a Russian interval riddle returns formal reasoning, not the unknown fallback
2026-10-09T20:26:31.0085437Z   ---
2026-10-09T20:26:31.0085841Z   duration_ms: 1016.188964
2026-10-09T20:26:31.0086132Z   type: 'test'
2026-10-09T20:26:31.0086375Z   ...
2026-10-09T20:26:31.0086740Z # Subtest: the solved statement is the seed's canonical proof statement
2026-10-09T20:26:31.0087330Z ok 331 - the solved statement is the seed's canonical proof statement
2026-10-09T20:26:31.0087777Z   ---
2026-10-09T20:26:31.0088010Z   duration_ms: 88.649054
2026-10-09T20:26:31.0088289Z   type: 'test'
2026-10-09T20:26:31.0088521Z   ...
2026-10-09T20:26:31.0095001Z # Subtest: an exclusive bound at i64::MAX has no solution and says so
2026-10-09T20:26:31.0095621Z ok 332 - an exclusive bound at i64::MAX has no solution and says so
2026-10-09T20:26:31.0096069Z   ---
2026-10-09T20:26:31.0096315Z   duration_ms: 92.054609
2026-10-09T20:26:31.0096615Z   type: 'test'
2026-10-09T20:26:31.0096864Z   ...
2026-10-09T20:26:31.0097330Z # Subtest: actual failed CI operand retains the complete immutable issue982 contract session
2026-10-09T20:26:31.0098123Z ok 333 - actual failed CI operand retains the complete immutable issue982 contract session
2026-10-09T20:26:31.0098684Z   ---
2026-10-09T20:26:31.0098933Z   duration_ms: 6.457668
2026-10-09T20:26:31.0099289Z   type: 'test'
2026-10-09T20:26:31.0099540Z   ...
2026-10-09T20:26:31.0100059Z # Subtest: actual native command observations refuse false completion or changed original target bytes
2026-10-09T20:26:31.0100953Z ok 334 - actual native command observations refuse false completion or changed original target bytes
2026-10-09T20:26:31.0101676Z   ---
2026-10-09T20:26:31.0101896Z   duration_ms: 2.380127
2026-10-09T20:26:31.0102144Z   type: 'test'
2026-10-09T20:26:31.0102388Z   ...
2026-10-09T20:26:31.0102840Z # Subtest: rollback remains explicitly uncaptured after the actual first assertion failure
2026-10-09T20:26:31.0103565Z ok 335 - rollback remains explicitly uncaptured after the actual first assertion failure
2026-10-09T20:26:31.0104094Z   ---
2026-10-09T20:26:31.0104336Z   duration_ms: 0.253714
2026-10-09T20:26:31.0104618Z   type: 'test'
2026-10-09T20:26:31.0104851Z   ...
2026-10-09T20:26:31.0105242Z # Subtest: the browser worker reads the how-to services out of the seed registry
2026-10-09T20:26:31.0105901Z ok 336 - the browser worker reads the how-to services out of the seed registry
2026-10-09T20:26:31.0106370Z   ---
2026-10-09T20:26:31.0106604Z   duration_ms: 1728.550007
2026-10-09T20:26:31.0106883Z   type: 'test'
2026-10-09T20:26:31.0107119Z   ...
2026-10-09T20:26:31.0107457Z # Subtest: settings opt-outs stay authoritative in the browser
2026-10-09T20:26:31.0107973Z ok 337 - settings opt-outs stay authoritative in the browser
2026-10-09T20:26:31.0108385Z   ---
2026-10-09T20:26:31.0108614Z   duration_ms: 1247.289839
2026-10-09T20:26:31.0108903Z   type: 'test'
2026-10-09T20:26:31.0109136Z   ...
2026-10-09T20:26:31.0109513Z # Subtest: the committed captures synthesise a provenance-carrying guide
2026-10-09T20:26:31.0110119Z ok 338 - the committed captures synthesise a provenance-carrying guide
2026-10-09T20:26:31.0110576Z   ---
2026-10-09T20:26:31.0110808Z   duration_ms: 1220.801203
2026-10-09T20:26:31.0111084Z   type: 'test'
2026-10-09T20:26:31.0111464Z   ...
2026-10-09T20:26:31.0111811Z # Subtest: insufficient evidence is reported instead of invented
2026-10-09T20:26:31.0112564Z ok 339 - insufficient evidence is reported instead of invented
2026-10-09T20:26:31.0112975Z   ---
2026-10-09T20:26:31.0113211Z   duration_ms: 1281.50077
2026-10-09T20:26:31.0113491Z   type: 'test'
2026-10-09T20:26:31.0113752Z   ...
2026-10-09T20:26:31.0114142Z # Subtest: per-service accessibility is remembered for at least seven days
2026-10-09T20:26:31.0114773Z ok 340 - per-service accessibility is remembered for at least seven days
2026-10-09T20:26:31.0115230Z   ---
2026-10-09T20:26:31.0115483Z   duration_ms: 1212.796524
2026-10-09T20:26:31.0115769Z   type: 'test'
2026-10-09T20:26:31.0116012Z   ...
2026-10-09T20:26:31.0116415Z # Subtest: copies and contradictions follow the issue \#709 source-tier policy
2026-10-09T20:26:31.0117223Z ok 341 - copies and contradictions follow the issue \#709 source-tier policy
2026-10-09T20:26:31.0117700Z   ---
2026-10-09T20:26:31.0117937Z   duration_ms: 1378.103585
2026-10-09T20:26:31.0118219Z   type: 'test'
2026-10-09T20:26:31.0118456Z   ...
2026-10-09T20:26:31.0118846Z # Subtest: the browser worker and the Rust solver synthesise the same guide
2026-10-09T20:26:31.0119428Z ok 342 - the browser worker and the Rust solver synthesise the same guide
2026-10-09T20:26:31.0119821Z   ---
2026-10-09T20:26:31.0120035Z   duration_ms: 1553.203214
2026-10-09T20:26:31.0120283Z   type: 'test'
2026-10-09T20:26:31.0120483Z   ...
2026-10-09T20:26:31.0120872Z # Subtest: the procedural how-to answer is the synthesised guide when it is sufficient
2026-10-09T20:26:31.0121683Z ok 343 - the procedural how-to answer is the synthesised guide when it is sufficient
2026-10-09T20:26:31.0122177Z   ---
2026-10-09T20:26:31.0122408Z   duration_ms: 1476.559009
2026-10-09T20:26:31.0140269Z   type: 'test'
2026-10-09T20:26:31.0140493Z   ...
2026-10-09T20:26:31.0140767Z # Subtest: unchanged T2379 writes and independently verifies both artifacts
2026-10-09T20:26:31.0141258Z ok 344 - unchanged T2379 writes and independently verifies both artifacts
2026-10-09T20:26:31.0141547Z   ---
2026-10-09T20:26:31.0141724Z   duration_ms: 2733.390729
2026-10-09T20:26:31.0141913Z   type: 'test'
2026-10-09T20:26:31.0142074Z   ...
2026-10-09T20:26:31.0142337Z # Subtest: quoted operation and teaching keywords remain literal in every obligation
2026-10-09T20:26:31.0142771Z ok 345 - quoted operation and teaching keywords remain literal in every obligation
2026-10-09T20:26:31.0143065Z   ---
2026-10-09T20:26:31.0143219Z   duration_ms: 596.744689
2026-10-09T20:26:31.0143402Z   type: 'test'
2026-10-09T20:26:31.0143555Z   ...
2026-10-09T20:26:31.0143815Z # Subtest: a first-file receipt cannot certify a second file or its failed readback
2026-10-09T20:26:31.0144209Z ok 346 - a first-file receipt cannot certify a second file or its failed readback
2026-10-09T20:26:31.0144495Z   ---
2026-10-09T20:26:31.0144648Z   duration_ms: 77.542684
2026-10-09T20:26:31.0144832Z   type: 'test'
2026-10-09T20:26:31.0144989Z   ...
2026-10-09T20:26:31.0145260Z # Subtest: write-only delivery retains first target and reports verification unavailable
2026-10-09T20:26:31.0145700Z ok 347 - write-only delivery retains first target and reports verification unavailable
2026-10-09T20:26:31.0146020Z   ---
2026-10-09T20:26:31.0146177Z   duration_ms: 191.440187
2026-10-09T20:26:31.0146362Z   type: 'test'
2026-10-09T20:26:31.0146517Z   ...
2026-10-09T20:26:31.0146737Z # Subtest: read-only clients cannot mutate either literal target
2026-10-09T20:26:31.0147061Z ok 348 - read-only clients cannot mutate either literal target
2026-10-09T20:26:31.0147312Z   ---
2026-10-09T20:26:31.0147471Z   duration_ms: 1221.618032
2026-10-09T20:26:31.0147652Z   type: 'test'
2026-10-09T20:26:31.0147819Z   ...
2026-10-09T20:26:31.0148068Z # Subtest: a successful artifact never hides an underivable mandatory clause
2026-10-09T20:26:31.0148454Z ok 349 - a successful artifact never hides an underivable mandatory clause
2026-10-09T20:26:31.0148734Z   ---
2026-10-09T20:26:31.0148891Z   duration_ms: 208.639648
2026-10-09T20:26:31.0149169Z   type: 'test'
2026-10-09T20:26:31.0149615Z   ...
2026-10-09T20:26:31.0150009Z # Subtest: all seeded enumeration surfaces inside literal operands remain payload
2026-10-09T20:26:31.0150672Z ok 350 - all seeded enumeration surfaces inside literal operands remain payload
2026-10-09T20:26:31.0151337Z   ---
2026-10-09T20:26:31.0151581Z   duration_ms: 25.616935
2026-10-09T20:26:31.0151858Z   type: 'test'
2026-10-09T20:26:31.0152086Z   ...
2026-10-09T20:26:31.0152459Z # Subtest: every seeded outer cue preserves two complete literals and exact UTF8 spans
2026-10-09T20:26:31.0153028Z ok 351 - every seeded outer cue preserves two complete literals and exact UTF8 spans
2026-10-09T20:26:31.0153474Z   ---
2026-10-09T20:26:31.0153697Z   duration_ms: 18.361381
2026-10-09T20:26:31.0153972Z   type: 'test'
2026-10-09T20:26:31.0154352Z   ...
2026-10-09T20:26:31.0154780Z # Subtest: closed twelve-character fence with internal instructions has one exact readback
2026-10-09T20:26:31.0155468Z ok 352 - closed twelve-character fence with internal instructions has one exact readback
2026-10-09T20:26:31.0155937Z   ---
2026-10-09T20:26:31.0156144Z   duration_ms: 153.042751
2026-10-09T20:26:31.0156391Z   type: 'test'
2026-10-09T20:26:31.0156599Z   ...
2026-10-09T20:26:31.0157029Z # Subtest: independent outer artifacts retain nested enumeration bytes and receipts
2026-10-09T20:26:31.0157724Z ok 353 - independent outer artifacts retain nested enumeration bytes and receipts
2026-10-09T20:26:31.0158205Z   ---
2026-10-09T20:26:31.0158438Z   duration_ms: 580.795624
2026-10-09T20:26:31.0158710Z   type: 'test'
2026-10-09T20:26:31.0158958Z   ...
2026-10-09T20:26:31.0159455Z # Subtest: platform compilation retains every integration target, source filter and runtime assertion
2026-10-09T20:26:31.0160293Z ok 354 - platform compilation retains every integration target, source filter and runtime assertion
2026-10-09T20:26:31.0160877Z   ---
2026-10-09T20:26:31.0161121Z   duration_ms: 4.94763
2026-10-09T20:26:31.0161514Z   type: 'test'
2026-10-09T20:26:31.0161768Z   ...
2026-10-09T20:26:31.0162301Z # Subtest: actual profile stamp accepts identical contract and refuses each independent profile mutation
2026-10-09T20:26:31.0163192Z ok 355 - actual profile stamp accepts identical contract and refuses each independent profile mutation
2026-10-09T20:26:31.0163768Z   ---
2026-10-09T20:26:31.0164015Z   duration_ms: 82.263644
2026-10-09T20:26:31.0164285Z   type: 'test'
2026-10-09T20:26:31.0164521Z   ...
2026-10-09T20:26:31.0165026Z # Subtest: one fresh merge imports through a minimal bundle with exact source/tree/input validation
2026-10-09T20:26:31.0165851Z ok 356 - one fresh merge imports through a minimal bundle with exact source/tree/input validation
2026-10-09T20:26:31.0166399Z   ---
2026-10-09T20:26:31.0166653Z   duration_ms: 446.679161
2026-10-09T20:26:31.0166917Z   type: 'test'
2026-10-09T20:26:31.0167168Z   ...
2026-10-09T20:26:31.0167596Z # Subtest: selection refuses wrong run/head, altered JSON and damaged merge-bundle bytes
2026-10-09T20:26:31.0168335Z ok 357 - selection refuses wrong run/head, altered JSON and damaged merge-bundle bytes
2026-10-09T20:26:31.0168852Z   ---
2026-10-09T20:26:31.0169066Z   duration_ms: 250.524582
2026-10-09T20:26:31.0169348Z   type: 'test'
2026-10-09T20:26:31.0169575Z   ...
2026-10-09T20:26:31.0170015Z # Subtest: tag selection has no synthetic bundle and refuses uncommitted compilation inputs
2026-10-09T20:26:31.0170760Z ok 358 - tag selection has no synthetic bundle and refuses uncommitted compilation inputs
2026-10-09T20:26:31.0171381Z   ---
2026-10-09T20:26:31.0171596Z   duration_ms: 242.178572
2026-10-09T20:26:31.0171888Z   type: 'test'
2026-10-09T20:26:31.0172121Z   ...
2026-10-09T20:26:31.0172585Z # Subtest: exact native executable receipt rejects every independent build-contract mismatch
2026-10-09T20:26:31.0173363Z ok 359 - exact native executable receipt rejects every independent build-contract mismatch
2026-10-09T20:26:31.0173936Z   ---
2026-10-09T20:26:31.0174172Z   duration_ms: 214.915392
2026-10-09T20:26:31.0174428Z   type: 'test'
2026-10-09T20:26:31.0174838Z   ...
2026-10-09T20:26:31.0175382Z # Subtest: producer refuses unexpected flags, compiler, host or feature policy before recording success
2026-10-09T20:26:31.0176254Z ok 360 - producer refuses unexpected flags, compiler, host or feature policy before recording success
2026-10-09T20:26:31.0176819Z   ---
2026-10-09T20:26:31.0177044Z   duration_ms: 181.771543
2026-10-09T20:26:31.0177320Z   type: 'test'
2026-10-09T20:26:31.0177548Z   ...
2026-10-09T20:26:31.0178063Z # Subtest: altered compiler provenance, extra artifact files and a substituted executable name refuse
2026-10-09T20:26:31.0178929Z ok 361 - altered compiler provenance, extra artifact files and a substituted executable name refuse
2026-10-09T20:26:31.0179510Z   ---
2026-10-09T20:26:31.0179736Z   duration_ms: 167.170464
2026-10-09T20:26:31.0180150Z   type: 'test'
2026-10-09T20:26:31.0180378Z   ...
2026-10-09T20:26:31.0180795Z # Subtest: ignored physical build inputs refuse before sealing any native source identity
2026-10-09T20:26:31.0181669Z ok 362 - ignored physical build inputs refuse before sealing any native source identity
2026-10-09T20:26:31.0182183Z   ---
2026-10-09T20:26:31.0182430Z   duration_ms: 288.97116
2026-10-09T20:26:31.0182687Z   type: 'test'
2026-10-09T20:26:31.0182906Z   ...
2026-10-09T20:26:31.0183368Z # Subtest: tracked legacy seeds and Cargo configuration bind source identity and refuse dirty bytes
2026-10-09T20:26:31.0184184Z ok 363 - tracked legacy seeds and Cargo configuration bind source identity and refuse dirty bytes
2026-10-09T20:26:31.0184690Z   ---
2026-10-09T20:26:31.0184911Z   duration_ms: 295.877498
2026-10-09T20:26:31.0185159Z   type: 'test'
2026-10-09T20:26:31.0185429Z   ...
2026-10-09T20:26:31.0185826Z # Subtest: extracted archives preserve the verified executable name, length and SHA
2026-10-09T20:26:31.0186253Z ok 364 - extracted archives preserve the verified executable name, length and SHA
2026-10-09T20:26:31.0186554Z   ---
2026-10-09T20:26:31.0186743Z   duration_ms: 203.948092
2026-10-09T20:26:31.0187001Z   type: 'test'
2026-10-09T20:26:31.0187237Z   ...
2026-10-09T20:26:31.0187642Z # Subtest: checked actual Node harness process retains original source, complete answer, actual PID and distinct channels
2026-10-09T20:26:31.0188674Z ok 365 - checked actual Node harness process retains original source, complete answer, actual PID and distinct channels
2026-10-09T20:26:31.0189322Z   ---
2026-10-09T20:26:31.0189539Z   duration_ms: 179.651738
2026-10-09T20:26:31.0189791Z   type: 'test'
2026-10-09T20:26:31.0190006Z   ...
2026-10-09T20:26:31.0190391Z # Subtest: actual missing outcome preserves failure instead of accepting printed success
2026-10-09T20:26:31.0191057Z ok 366 - actual missing outcome preserves failure instead of accepting printed success
2026-10-09T20:26:31.0191671Z   ---
2026-10-09T20:26:31.0191889Z   duration_ms: 151.052214
2026-10-09T20:26:31.0192143Z   type: 'test'
2026-10-09T20:26:31.0192376Z   ...
2026-10-09T20:26:31.0192827Z # Subtest: actual observer-error outcome preserves failure instead of accepting printed success
2026-10-09T20:26:31.0193547Z ok 367 - actual observer-error outcome preserves failure instead of accepting printed success
2026-10-09T20:26:31.0194059Z   ---
2026-10-09T20:26:31.0194274Z   duration_ms: 213.144873
2026-10-09T20:26:31.0194516Z   type: 'test'
2026-10-09T20:26:31.0194727Z   ...
2026-10-09T20:26:31.0195092Z # Subtest: actual exit1 outcome preserves failure instead of accepting printed success
2026-10-09T20:26:31.0195715Z ok 368 - actual exit1 outcome preserves failure instead of accepting printed success
2026-10-09T20:26:31.0196152Z   ---
2026-10-09T20:26:31.0196355Z   duration_ms: 210.587467
2026-10-09T20:26:31.0196598Z   type: 'test'
2026-10-09T20:26:31.0196810Z   ...
2026-10-09T20:26:31.0197182Z # Subtest: actual signal outcome preserves failure instead of accepting printed success
2026-10-09T20:26:31.0197836Z ok 369 - actual signal outcome preserves failure instead of accepting printed success
2026-10-09T20:26:31.0198278Z   ---
2026-10-09T20:26:31.0198476Z   duration_ms: 177.822987
2026-10-09T20:26:31.0198963Z   type: 'test'
2026-10-09T20:26:31.0199175Z   ...
2026-10-09T20:26:31.0199494Z # Subtest: ambiguous original function listing refuses execution
2026-10-09T20:26:31.0199986Z ok 370 - ambiguous original function listing refuses execution
2026-10-09T20:26:31.0200355Z   ---
2026-10-09T20:26:31.0200570Z   duration_ms: 92.746023
2026-10-09T20:26:31.0200833Z   type: 'test'
2026-10-09T20:26:31.0201043Z   ...
2026-10-09T20:26:31.0201688Z # Subtest: altered executable is refused before original process dispatch
2026-10-09T20:26:31.0202237Z ok 371 - altered executable is refused before original process dispatch
2026-10-09T20:26:31.0202677Z   ---
2026-10-09T20:26:31.0202900Z   duration_ms: 60.809344
2026-10-09T20:26:31.0203159Z   type: 'test'
2026-10-09T20:26:31.0203552Z   ...
2026-10-09T20:26:31.0203943Z # Subtest: actual modified rust/src/lib.rs cannot share original producer identity
2026-10-09T20:26:31.0204604Z ok 372 - actual modified rust/src/lib.rs cannot share original producer identity
2026-10-09T20:26:31.0205067Z   ---
2026-10-09T20:26:31.0205284Z   duration_ms: 59.397914
2026-10-09T20:26:31.0205546Z   type: 'test'
2026-10-09T20:26:31.0205766Z   ...
2026-10-09T20:26:31.0206209Z # Subtest: actual modified rust/tests/unit/original.rs cannot share original producer identity
2026-10-09T20:26:31.0206962Z ok 373 - actual modified rust/tests/unit/original.rs cannot share original producer identity
2026-10-09T20:26:31.0207457Z   ---
2026-10-09T20:26:31.0207677Z   duration_ms: 64.299188
2026-10-09T20:26:31.0207920Z   type: 'test'
2026-10-09T20:26:31.0208134Z   ...
2026-10-09T20:26:31.0208517Z # Subtest: actual modified fixture-data.txt cannot share original producer identity
2026-10-09T20:26:31.0209157Z ok 374 - actual modified fixture-data.txt cannot share original producer identity
2026-10-09T20:26:31.0209628Z   ---
2026-10-09T20:26:31.0209833Z   duration_ms: 77.593065
2026-10-09T20:26:31.0210077Z   type: 'test'
2026-10-09T20:26:31.0210289Z   ...
2026-10-09T20:26:31.0210543Z # Subtest: ignored actual native input is refused
2026-10-09T20:26:31.0210941Z ok 375 - ignored actual native input is refused
2026-10-09T20:26:31.0211401Z   ---
2026-10-09T20:26:31.0211623Z   duration_ms: 60.00883
2026-10-09T20:26:31.0211890Z   type: 'test'
2026-10-09T20:26:31.0212120Z   ...
2026-10-09T20:26:31.0212358Z # Subtest: untracked test helper is refused
2026-10-09T20:26:31.0212695Z ok 376 - untracked test helper is refused
2026-10-09T20:26:31.0213032Z   ---
2026-10-09T20:26:31.0213232Z   duration_ms: 61.169386
2026-10-09T20:26:31.0213474Z   type: 'test'
2026-10-09T20:26:31.0213679Z   ...
2026-10-09T20:26:31.0214176Z # Subtest: target, encoded flags and actual profile overrides are retained without feature/profile substitution
2026-10-09T20:26:31.0215062Z ok 377 - target, encoded flags and actual profile overrides are retained without feature/profile substitution
2026-10-09T20:26:31.0215656Z   ---
2026-10-09T20:26:31.0215882Z   duration_ms: 71.64964
2026-10-09T20:26:31.0216141Z   type: 'test'
2026-10-09T20:26:31.0216374Z   ...
2026-10-09T20:26:31.0216805Z # Subtest: unrelated same-leaf listing cannot replace or make ambiguous the exact registered caller
2026-10-09T20:26:31.0217530Z ok 378 - unrelated same-leaf listing cannot replace or make ambiguous the exact registered caller
2026-10-09T20:26:31.0218022Z   ---
2026-10-09T20:26:31.0218234Z   duration_ms: 187.60827
2026-10-09T20:26:31.0218505Z   type: 'test'
2026-10-09T20:26:31.0218732Z   ...
2026-10-09T20:26:31.0219073Z # Subtest: actual wrong-namespace source/listing refuses original dispatch
2026-10-09T20:26:31.0219719Z ok 379 - actual wrong-namespace source/listing refuses original dispatch
2026-10-09T20:26:31.0220170Z   ---
2026-10-09T20:26:31.0220397Z   duration_ms: 130.584342
2026-10-09T20:26:31.0220665Z   type: 'test'
2026-10-09T20:26:31.0220897Z   ...
2026-10-09T20:26:31.0221372Z # Subtest: actual unregistered source/listing refuses original dispatch
2026-10-09T20:26:31.0221958Z ok 380 - actual unregistered source/listing refuses original dispatch
2026-10-09T20:26:31.0222575Z   ---
2026-10-09T20:26:31.0222797Z   duration_ms: 85.584073
2026-10-09T20:26:31.0223055Z   type: 'test'
2026-10-09T20:26:31.0223284Z   ...
2026-10-09T20:26:31.0223605Z # Subtest: actual opaque source/listing refuses original dispatch
2026-10-09T20:26:31.0224079Z ok 381 - actual opaque source/listing refuses original dispatch
2026-10-09T20:26:31.0224433Z   ---
2026-10-09T20:26:31.0224597Z   duration_ms: 79.867226
2026-10-09T20:26:31.0224767Z   type: 'test'
2026-10-09T20:26:31.0224912Z   ...
2026-10-09T20:26:31.0225156Z # Subtest: same build identity and bytes execute the exact registered testcase
2026-10-09T20:26:31.0225536Z ok 382 - same build identity and bytes execute the exact registered testcase
2026-10-09T20:26:31.0225818Z   ---
2026-10-09T20:26:31.0226099Z   duration_ms: 14.292394
2026-10-09T20:26:31.0226287Z   type: 'test'
2026-10-09T20:26:31.0226449Z   ...
2026-10-09T20:26:31.0226716Z # Subtest: foreign source tree and build variants refuse before executing artifact bytes
2026-10-09T20:26:31.0227145Z ok 383 - foreign source tree and build variants refuse before executing artifact bytes
2026-10-09T20:26:31.0227446Z   ---
2026-10-09T20:26:31.0227601Z   duration_ms: 11.495335
2026-10-09T20:26:31.0227775Z   type: 'test'
2026-10-09T20:26:31.0227925Z   ...
2026-10-09T20:26:31.0228163Z # Subtest: tampered unit or runtime binary bytes are rejected before execution
2026-10-09T20:26:31.0228545Z ok 384 - tampered unit or runtime binary bytes are rejected before execution
2026-10-09T20:26:31.0228821Z   ---
2026-10-09T20:26:31.0228967Z   duration_ms: 2.839674
2026-10-09T20:26:31.0229140Z   type: 'test'
2026-10-09T20:26:31.0229293Z   ...
2026-10-09T20:26:31.0229560Z # Subtest: missing testcase and noncanonical receipt cannot silently run a different test
2026-10-09T20:26:31.0229997Z ok 385 - missing testcase and noncanonical receipt cannot silently run a different test
2026-10-09T20:26:31.0230304Z   ---
2026-10-09T20:26:31.0230456Z   duration_ms: 4.594865
2026-10-09T20:26:31.0230623Z   type: 'test'
2026-10-09T20:26:31.0230783Z   ...
2026-10-09T20:26:31.0231045Z # Subtest: original literal matrices preserve target bytes after observed auxiliary I/O
2026-10-09T20:26:31.0231676Z ok 386 - original literal matrices preserve target bytes after observed auxiliary I/O
2026-10-09T20:26:31.0231987Z   ---
2026-10-09T20:26:31.0232141Z   duration_ms: 7831.115284
2026-10-09T20:26:31.0232324Z   type: 'test'
2026-10-09T20:26:31.0232482Z   ...
2026-10-09T20:26:31.0232677Z # Subtest: original verification outcome: explicit error
2026-10-09T20:26:31.0232957Z ok 387 - original verification outcome: explicit error
2026-10-09T20:26:31.0233185Z   ---
2026-10-09T20:26:31.0233336Z   duration_ms: 170.162194
2026-10-09T20:26:31.0233518Z   type: 'test'
2026-10-09T20:26:31.0233665Z   ...
2026-10-09T20:26:31.0233854Z # Subtest: original verification outcome: nonzero status
2026-10-09T20:26:31.0234125Z ok 388 - original verification outcome: nonzero status
2026-10-09T20:26:31.0234352Z   ---
2026-10-09T20:26:31.0234501Z   duration_ms: 91.705389
2026-10-09T20:26:31.0234678Z   type: 'test'
2026-10-09T20:26:31.0234827Z   ...
2026-10-09T20:26:31.0235009Z # Subtest: original verification outcome: wrong bytes
2026-10-09T20:26:31.0235271Z ok 389 - original verification outcome: wrong bytes
2026-10-09T20:26:31.0235494Z   ---
2026-10-09T20:26:31.0235637Z   duration_ms: 122.207232
2026-10-09T20:26:31.0235809Z   type: 'test'
2026-10-09T20:26:31.0235875Z   ...
2026-10-09T20:26:31.0235984Z # Subtest: original verification outcome: matching bytes
2026-10-09T20:26:31.0236083Z ok 390 - original verification outcome: matching bytes
2026-10-09T20:26:31.0236164Z   ---
2026-10-09T20:26:31.0236234Z   duration_ms: 114.706936
2026-10-09T20:26:31.0236302Z   type: 'test'
2026-10-09T20:26:31.0236367Z   ...
2026-10-09T20:26:31.0236544Z # Subtest: target write is retried once after an actual missing-target read, then stops
2026-10-09T20:26:31.0236714Z ok 391 - target write is retried once after an actual missing-target read, then stops
2026-10-09T20:26:31.0236909Z   ---
2026-10-09T20:26:31.0236976Z   duration_ms: 103.096984
2026-10-09T20:26:31.0237048Z   type: 'test'
2026-10-09T20:26:31.0237107Z   ...
2026-10-09T20:26:31.0237291Z # Subtest: write-only target succeeds with an explicit missing auxiliary receipt
2026-10-09T20:26:31.0237455Z ok 392 - write-only target succeeds with an explicit missing auxiliary receipt
2026-10-09T20:26:31.0237515Z   ---
2026-10-09T20:26:31.0237589Z   duration_ms: 23.674932
2026-10-09T20:26:31.0237656Z   type: 'test'
2026-10-09T20:26:31.0237716Z   ...
2026-10-09T20:26:31.0237893Z # Subtest: write-only actual target error is terminal and never becomes completion
2026-10-09T20:26:31.0238049Z ok 393 - write-only actual target error is terminal and never becomes completion
2026-10-09T20:26:31.0238115Z   ---
2026-10-09T20:26:31.0238282Z   duration_ms: 27.993431
2026-10-09T20:26:31.0238349Z   type: 'test'
2026-10-09T20:26:31.0238415Z   ...
2026-10-09T20:26:31.0238624Z # Subtest: shell-only event persistence uses actual command stdout before target verification
2026-10-09T20:26:31.0238818Z ok 394 - shell-only event persistence uses actual command stdout before target verification
2026-10-09T20:26:31.0238886Z   ---
2026-10-09T20:26:31.0238957Z   duration_ms: 158.193599
2026-10-09T20:26:31.0239020Z   type: 'test'
2026-10-09T20:26:31.0239086Z   ...
2026-10-09T20:26:31.0239259Z # Subtest: digest normalization preserves Unicode and line-ending byte identities
2026-10-09T20:26:31.0239427Z ok 395 - digest normalization preserves Unicode and line-ending byte identities
2026-10-09T20:26:31.0239492Z   ---
2026-10-09T20:26:31.0239561Z   duration_ms: 1968.245699
2026-10-09T20:26:31.0239628Z   type: 'test'
2026-10-09T20:26:31.0239692Z   ...
2026-10-09T20:26:31.0239863Z # Subtest: failed receipts cannot verify even when stdout contains the exact digest
2026-10-09T20:26:31.0240023Z ok 396 - failed receipts cannot verify even when stdout contains the exact digest
2026-10-09T20:26:31.0240087Z   ---
2026-10-09T20:26:31.0240156Z   duration_ms: 0.4818
2026-10-09T20:26:31.0240226Z   type: 'test'
2026-10-09T20:26:31.0240285Z   ...
2026-10-09T20:26:31.0240489Z # Subtest: grounded workspace edit verifies receipt payload, preserving actual failed status
2026-10-09T20:26:31.0240684Z ok 397 - grounded workspace edit verifies receipt payload, preserving actual failed status
2026-10-09T20:26:31.0240747Z   ---
2026-10-09T20:26:31.0240821Z   duration_ms: 545.294992
2026-10-09T20:26:31.0240890Z   type: 'test'
2026-10-09T20:26:31.0240950Z   ...
2026-10-09T20:26:31.0241126Z # Subtest: checkout uses the trusted triggering ref before verification or execution
2026-10-09T20:26:31.0241493Z ok 398 - checkout uses the trusted triggering ref before verification or execution
2026-10-09T20:26:31.0241559Z   ---
2026-10-09T20:26:31.0241631Z   duration_ms: 1.036141
2026-10-09T20:26:31.0241699Z   type: 'test'
2026-10-09T20:26:31.0241764Z   ...
2026-10-09T20:26:31.0241949Z # Subtest: ref validation rejects missing values and shell payloads; accepts a full SHA
2026-10-09T20:26:31.0242116Z ok 399 - ref validation rejects missing values and shell payloads; accepts a full SHA
2026-10-09T20:26:31.0242183Z   ---
2026-10-09T20:26:31.0242256Z   duration_ms: 23.970581
2026-10-09T20:26:31.0242320Z   type: 'test'
2026-10-09T20:26:31.0242385Z   ...
2026-10-09T20:26:31.0242594Z # Subtest: a changed branch or arbitrary input fails before build; matching release commit passes
2026-10-09T20:26:31.0242796Z ok 400 - a changed branch or arbitrary input fails before build; matching release commit passes
2026-10-09T20:26:31.0242862Z   ---
2026-10-09T20:26:31.0242930Z   duration_ms: 9.734158
2026-10-09T20:26:31.0243000Z   type: 'test'
2026-10-09T20:26:31.0243066Z   ...
2026-10-09T20:26:31.0243280Z # Subtest: original full artifact is physically written, read completely and executed by the library
2026-10-09T20:26:31.0243488Z ok 401 - original full artifact is physically written, read completely and executed by the library
2026-10-09T20:26:31.0243553Z   ---
2026-10-09T20:26:31.0243624Z   duration_ms: 2505.341444
2026-10-09T20:26:31.0243808Z   type: 'test'
2026-10-09T20:26:31.0243867Z   ...
2026-10-09T20:26:31.0244015Z # Subtest: original artifact is not certified with explicit nonzero
2026-10-09T20:26:31.0244154Z ok 402 - original artifact is not certified with explicit nonzero
2026-10-09T20:26:31.0244215Z   ---
2026-10-09T20:26:31.0244289Z   duration_ms: 9.331343
2026-10-09T20:26:31.0244359Z   type: 'test'
2026-10-09T20:26:31.0244420Z   ...
2026-10-09T20:26:31.0244560Z # Subtest: original artifact is not certified with provider denial
2026-10-09T20:26:31.0244686Z ok 403 - original artifact is not certified with provider denial
2026-10-09T20:26:31.0244757Z   ---
2026-10-09T20:26:31.0244832Z   duration_ms: 15.600674
2026-10-09T20:26:31.0244896Z   type: 'test'
2026-10-09T20:26:31.0244962Z   ...
2026-10-09T20:26:31.0245188Z # Subtest: original artifact is not certified with incomplete
2026-10-09T20:26:31.0245306Z ok 404 - original artifact is not certified with incomplete
2026-10-09T20:26:31.0245372Z   ---
2026-10-09T20:26:31.0245449Z   duration_ms: 12.862595
2026-10-09T20:26:31.0245515Z   type: 'test'
2026-10-09T20:26:31.0245582Z   ...
2026-10-09T20:26:31.0245702Z # Subtest: original artifact is not certified with truncated
2026-10-09T20:26:31.0245817Z ok 405 - original artifact is not certified with truncated
2026-10-09T20:26:31.0245882Z   ---
2026-10-09T20:26:31.0245950Z   duration_ms: 13.407541
2026-10-09T20:26:31.0246018Z   type: 'test'
2026-10-09T20:26:31.0246082Z   ...
2026-10-09T20:26:31.0246192Z # Subtest: original artifact is not certified with timeout
2026-10-09T20:26:31.0246303Z ok 406 - original artifact is not certified with timeout
2026-10-09T20:26:31.0246363Z   ---
2026-10-09T20:26:31.0246439Z   duration_ms: 11.937672
2026-10-09T20:26:31.0246511Z   type: 'test'
2026-10-09T20:26:31.0246574Z   ...
2026-10-09T20:26:31.0246711Z # Subtest: original artifact is not certified with foreign command
2026-10-09T20:26:31.0246834Z ok 407 - original artifact is not certified with foreign command
2026-10-09T20:26:31.0246894Z   ---
2026-10-09T20:26:31.0246971Z   duration_ms: 23.315968
2026-10-09T20:26:31.0247034Z   type: 'test'
2026-10-09T20:26:31.0247100Z   ...
2026-10-09T20:26:31.0247249Z # Subtest: original artifact is not certified with bare actual artifact
2026-10-09T20:26:31.0247383Z ok 408 - original artifact is not certified with bare actual artifact
2026-10-09T20:26:31.0247450Z   ---
2026-10-09T20:26:31.0247521Z   duration_ms: 17.862262
2026-10-09T20:26:31.0247584Z   type: 'test'
2026-10-09T20:26:31.0247651Z   ...
2026-10-09T20:26:31.0247837Z # Subtest: original artifact is not certified with operation cannot replace process read
2026-10-09T20:26:31.0248007Z ok 409 - original artifact is not certified with operation cannot replace process read
2026-10-09T20:26:31.0248071Z   ---
2026-10-09T20:26:31.0248141Z   duration_ms: 24.355338
2026-10-09T20:26:31.0248213Z   type: 'test'
2026-10-09T20:26:31.0248282Z   ...
2026-10-09T20:26:31.0248394Z # Subtest: current tool provider veto {"is_error":true}
2026-10-09T20:26:31.0248503Z ok 410 - current tool provider veto {"is_error":true}
2026-10-09T20:26:31.0248572Z   ---
2026-10-09T20:26:31.0248641Z   duration_ms: 15.306809
2026-10-09T20:26:31.0248711Z   type: 'test'
2026-10-09T20:26:31.0248772Z   ...
2026-10-09T20:26:31.0248910Z # Subtest: current tool provider veto {"name":"foreign-provider"}
2026-10-09T20:26:31.0249039Z ok 411 - current tool provider veto {"name":"foreign-provider"}
2026-10-09T20:26:31.0249100Z   ---
2026-10-09T20:26:31.0249174Z   duration_ms: 14.556141
2026-10-09T20:26:31.0249242Z   type: 'test'
2026-10-09T20:26:31.0249301Z   ...
2026-10-09T20:26:31.0249504Z # Subtest: exact conformance requires genuine operation boundary {"operation_success":false}
2026-10-09T20:26:31.0249697Z ok 412 - exact conformance requires genuine operation boundary {"operation_success":false}
2026-10-09T20:26:31.0249758Z   ---
2026-10-09T20:26:31.0249831Z   duration_ms: 26.30271
2026-10-09T20:26:31.0249895Z   type: 'test'
2026-10-09T20:26:31.0249960Z   ...
2026-10-09T20:26:31.0250130Z # Subtest: exact conformance requires genuine operation boundary {"exit_code":0}
2026-10-09T20:26:31.0250373Z ok 413 - exact conformance requires genuine operation boundary {"exit_code":0}
2026-10-09T20:26:31.0250441Z   ---
2026-10-09T20:26:31.0250514Z   duration_ms: 21.935936
2026-10-09T20:26:31.0250579Z   type: 'test'
2026-10-09T20:26:31.0250646Z   ...
2026-10-09T20:26:31.0250816Z # Subtest: exact conformance requires genuine operation boundary {"error":"denied"}
2026-10-09T20:26:31.0250985Z ok 414 - exact conformance requires genuine operation boundary {"error":"denied"}
2026-10-09T20:26:31.0251051Z   ---
2026-10-09T20:26:31.0251118Z   duration_ms: 21.710601
2026-10-09T20:26:31.0251350Z   type: 'test'
2026-10-09T20:26:31.0251441Z   ...
2026-10-09T20:26:31.0251881Z # Subtest: exact conformance requires genuine operation boundary {"complete":false}
2026-10-09T20:26:31.0252148Z ok 415 - exact conformance requires genuine operation boundary {"complete":false}
2026-10-09T20:26:31.0252237Z   ---
2026-10-09T20:26:31.0252336Z   duration_ms: 23.972643
2026-10-09T20:26:31.0252440Z   type: 'test'
2026-10-09T20:26:31.0252523Z   ...
2026-10-09T20:26:31.0252798Z # Subtest: exact conformance requires genuine operation boundary {"truncated":true}
2026-10-09T20:26:31.0253007Z ok 416 - exact conformance requires genuine operation boundary {"truncated":true}
2026-10-09T20:26:31.0253068Z   ---
2026-10-09T20:26:31.0253144Z   duration_ms: 16.932543
2026-10-09T20:26:31.0253212Z   type: 'test'
2026-10-09T20:26:31.0253273Z   ...
2026-10-09T20:26:31.0253588Z # Subtest: exact conformance requires genuine operation boundary {"command":"formal-ai procedure conformance --artifact foreign.lino"}
2026-10-09T20:26:31.0253886Z ok 417 - exact conformance requires genuine operation boundary {"command":"formal-ai procedure conformance --artifact foreign.lino"}
2026-10-09T20:26:31.0253948Z   ---
2026-10-09T20:26:31.0254020Z   duration_ms: 19.126639
2026-10-09T20:26:31.0254083Z   type: 'test'
2026-10-09T20:26:31.0254150Z   ...
2026-10-09T20:26:31.0254320Z # Subtest: exact conformance requires genuine operation boundary {"stdout":"wrong"}
2026-10-09T20:26:31.0254479Z ok 418 - exact conformance requires genuine operation boundary {"stdout":"wrong"}
2026-10-09T20:26:31.0254545Z   ---
2026-10-09T20:26:31.0254615Z   duration_ms: 17.146947
2026-10-09T20:26:31.0254679Z   type: 'test'
2026-10-09T20:26:31.0254742Z   ...
2026-10-09T20:26:31.0254955Z # Subtest: exact conformance requires genuine operation boundary {"schema":"foreign-operation/v1"}
2026-10-09T20:26:31.0255161Z ok 419 - exact conformance requires genuine operation boundary {"schema":"foreign-operation/v1"}
2026-10-09T20:26:31.0255228Z   ---
2026-10-09T20:26:31.0255296Z   duration_ms: 20.253997
2026-10-09T20:26:31.0255363Z   type: 'test'
2026-10-09T20:26:31.0255429Z   ...
2026-10-09T20:26:31.0255597Z # Subtest: old request and unrelated process calls cannot certify current procedure
2026-10-09T20:26:31.0255760Z ok 420 - old request and unrelated process calls cannot certify current procedure
2026-10-09T20:26:31.0255829Z   ---
2026-10-09T20:26:31.0255895Z   duration_ms: 18.867099
2026-10-09T20:26:31.0255963Z   type: 'test'
2026-10-09T20:26:31.0256022Z   ...
2026-10-09T20:26:31.0256259Z # Subtest: all unchanged native multilingual prime proof requests retain every original proof assertion
2026-10-09T20:26:31.0256477Z ok 421 - all unchanged native multilingual prime proof requests retain every original proof assertion
2026-10-09T20:26:31.0256537Z   ---
2026-10-09T20:26:31.0256608Z   duration_ms: 2318.5084
2026-10-09T20:26:31.0256676Z   type: 'test'
2026-10-09T20:26:31.0256735Z   ...
2026-10-09T20:26:31.0256924Z # Subtest: an arbitrary greeting before a known directive remains one substantive request
2026-10-09T20:26:31.0257102Z ok 422 - an arbitrary greeting before a known directive remains one substantive request
2026-10-09T20:26:31.0257164Z   ---
2026-10-09T20:26:31.0257238Z   duration_ms: 634.631323
2026-10-09T20:26:31.0257302Z   type: 'test'
2026-10-09T20:26:31.0257367Z   ...
2026-10-09T20:26:31.0257580Z # Subtest: multiple explicit questions and greeting-prefixed procedural questions still compose
2026-10-09T20:26:31.0257894Z ok 423 - multiple explicit questions and greeting-prefixed procedural questions still compose
2026-10-09T20:26:31.0257959Z   ---
2026-10-09T20:26:31.0258032Z   duration_ms: 416.683027
2026-10-09T20:26:31.0258098Z   type: 'test'
2026-10-09T20:26:31.0258161Z   ...
2026-10-09T20:26:31.0258345Z # Subtest: the raw courtesy boundary supports unspaced CJK without accepting dotted words
2026-10-09T20:26:31.0258515Z ok 424 - the raw courtesy boundary supports unspaced CJK without accepting dotted words
2026-10-09T20:26:31.0258581Z   ---
2026-10-09T20:26:31.0258649Z   duration_ms: 1.223474
2026-10-09T20:26:31.0258718Z   type: 'test'
2026-10-09T20:26:31.0258783Z   ...
2026-10-09T20:26:31.0258983Z # Subtest: an addition to a file never becomes its whole content
2026-10-09T20:26:31.0259128Z     # Subtest: "Add <description> to <file>" is not a whole-file write
2026-10-09T20:26:31.0259257Z     ok 1 - "Add <description> to <file>" is not a whole-file write
2026-10-09T20:26:31.0259325Z       ---
2026-10-09T20:26:31.0259403Z       duration_ms: 936.631391
2026-10-09T20:26:31.0259477Z       type: 'test'
2026-10-09T20:26:31.0259539Z       ...
2026-10-09T20:26:31.0259671Z     # Subtest: content a content lead introduces is still the file
2026-10-09T20:26:31.0259788Z     ok 2 - content a content lead introduces is still the file
2026-10-09T20:26:31.0259857Z       ---
2026-10-09T20:26:31.0259932Z       duration_ms: 252.523285
2026-10-09T20:26:31.0259997Z       type: 'test'
2026-10-09T20:26:31.0260064Z       ...
2026-10-09T20:26:31.0260209Z     # Subtest: a write verb that is not an addition still writes the file
2026-10-09T20:26:31.0260339Z     ok 3 - a write verb that is not an addition still writes the file
2026-10-09T20:26:31.0260406Z       ---
2026-10-09T20:26:31.0260479Z       duration_ms: 5.071988
2026-10-09T20:26:31.0260548Z       type: 'test'
2026-10-09T20:26:31.0260615Z       ...
2026-10-09T20:26:31.0260676Z     1..3
2026-10-09T20:26:31.0260802Z ok 425 - an addition to a file never becomes its whole content
2026-10-09T20:26:31.0260866Z   ---
2026-10-09T20:26:31.0260937Z   duration_ms: 1446.945765
2026-10-09T20:26:31.0261009Z   type: 'suite'
2026-10-09T20:26:31.0261068Z   ...
2026-10-09T20:26:31.0261384Z # Subtest: a request that declares the file it writes creates it unread (T310)
2026-10-09T20:26:31.0261586Z     # Subtest: a file noun before the path and the content after it write first, whatever the verb
2026-10-09T20:26:31.0261763Z     ok 1 - a file noun before the path and the content after it write first, whatever the verb
2026-10-09T20:26:31.0261831Z       ---
2026-10-09T20:26:31.0261907Z       duration_ms: 3349.630952
2026-10-09T20:26:31.0261971Z       type: 'test'
2026-10-09T20:26:31.0262042Z       ...
2026-10-09T20:26:31.0262202Z     # Subtest: a destination ahead of the file noun keeps the read-first guard
2026-10-09T20:26:31.0262340Z     ok 2 - a destination ahead of the file noun keeps the read-first guard
2026-10-09T20:26:31.0262410Z       ---
2026-10-09T20:26:31.0262481Z       duration_ms: 60.900423
2026-10-09T20:26:31.0262550Z       type: 'test'
2026-10-09T20:26:31.0262613Z       ...
2026-10-09T20:26:31.0262673Z     1..2
2026-10-09T20:26:31.0262827Z ok 426 - a request that declares the file it writes creates it unread (T310)
2026-10-09T20:26:31.0262891Z   ---
2026-10-09T20:26:31.0262958Z   duration_ms: 3770.222507
2026-10-09T20:26:31.0263026Z   type: 'suite'
2026-10-09T20:26:31.0263088Z   ...
2026-10-09T20:26:31.0263276Z # Subtest: an explicit grep runs as written; a search request is the workspace search (T311)
2026-10-09T20:26:31.0263405Z     # Subtest: execute grep TODO note.txt is the command itself
2026-10-09T20:26:31.0263517Z     ok 1 - execute grep TODO note.txt is the command itself
2026-10-09T20:26:31.0263585Z       ---
2026-10-09T20:26:31.0263659Z       duration_ms: 67.852059
2026-10-09T20:26:31.0263722Z       type: 'test'
2026-10-09T20:26:31.0263786Z       ...
2026-10-09T20:26:31.0263932Z     # Subtest: a local search request greps the workspace for the whole word
2026-10-09T20:26:31.0264176Z     ok 2 - a local search request greps the workspace for the whole word
2026-10-09T20:26:31.0264243Z       ---
2026-10-09T20:26:31.0264310Z       duration_ms: 79.449919
2026-10-09T20:26:31.0264379Z       type: 'test'
2026-10-09T20:26:31.0264444Z       ...
2026-10-09T20:26:31.0264504Z     1..2
2026-10-09T20:26:31.0264689Z ok 427 - an explicit grep runs as written; a search request is the workspace search (T311)
2026-10-09T20:26:31.0264754Z   ---
2026-10-09T20:26:31.0264820Z   duration_ms: 147.66555
2026-10-09T20:26:31.0264888Z   type: 'suite'
2026-10-09T20:26:31.0264952Z   ...
2026-10-09T20:26:31.0265096Z # Subtest: an article after a place preposition is no directory (T312)
2026-10-09T20:26:31.0265643Z     # Subtest: qué hay en la carpeta actual lists the current directory
2026-10-09T20:26:31.0265831Z     ok 1 - qué hay en la carpeta actual lists the current directory
2026-10-09T20:26:31.0265903Z       ---
2026-10-09T20:26:31.0265990Z       duration_ms: 868.574837
2026-10-09T20:26:31.0266057Z       type: 'test'
2026-10-09T20:26:31.0266124Z       ...
2026-10-09T20:26:31.0266223Z     # Subtest: a named directory is still listed
2026-10-09T20:26:31.0266311Z     ok 2 - a named directory is still listed
2026-10-09T20:26:31.0266376Z       ---
2026-10-09T20:26:31.0266445Z       duration_ms: 253.652344
2026-10-09T20:26:31.0266514Z       type: 'test'
2026-10-09T20:26:31.0266577Z       ...
2026-10-09T20:26:31.0266638Z     1..2
2026-10-09T20:26:31.0266786Z ok 428 - an article after a place preposition is no directory (T312)
2026-10-09T20:26:31.0266851Z   ---
2026-10-09T20:26:31.0266921Z   duration_ms: 1122.735771
2026-10-09T20:26:31.0266990Z   type: 'suite'
2026-10-09T20:26:31.0267050Z   ...
2026-10-09T20:26:31.0267194Z # Subtest: a dialogue act is answered by the engine, not searched
2026-10-09T20:26:31.0267322Z     # Subtest: the seed names dialogue roles, each with surfaces
2026-10-09T20:26:31.0267434Z     ok 1 - the seed names dialogue roles, each with surfaces
2026-10-09T20:26:31.0267504Z       ---
2026-10-09T20:26:31.0267577Z       duration_ms: 688.639473
2026-10-09T20:26:31.0267639Z       type: 'test'
2026-10-09T20:26:31.0267703Z       ...
2026-10-09T20:26:31.0267881Z     # Subtest: every surface of social_greeting plans no tool call over a full toolset
2026-10-09T20:26:31.0268037Z     ok 2 - every surface of social_greeting plans no tool call over a full toolset
2026-10-09T20:26:31.0268103Z       ---
2026-10-09T20:26:31.0268173Z       duration_ms: 6502.191902
2026-10-09T20:26:31.0268242Z       type: 'test'
2026-10-09T20:26:31.0268307Z       ...
2026-10-09T20:26:31.0268468Z     # Subtest: every surface of social_farewell plans no tool call over a full toolset
2026-10-09T20:26:31.0268621Z     ok 3 - every surface of social_farewell plans no tool call over a full toolset
2026-10-09T20:26:31.0268688Z       ---
2026-10-09T20:26:31.0268754Z       duration_ms: 4327.032661
2026-10-09T20:26:31.0268824Z       type: 'test'
2026-10-09T20:26:31.0268893Z       ...
2026-10-09T20:26:31.0269083Z     # Subtest: every surface of social_courtesy_response plans no tool call over a full toolset
2026-10-09T20:26:31.0269260Z     ok 4 - every surface of social_courtesy_response plans no tool call over a full toolset
2026-10-09T20:26:31.0269323Z       ---
2026-10-09T20:26:31.0269395Z       duration_ms: 5433.14671
2026-10-09T20:26:31.0269476Z       type: 'test'
2026-10-09T20:26:31.0269537Z       ...
2026-10-09T20:26:31.0269672Z     # Subtest: the engine answers the greeting the planner left to it
2026-10-09T20:26:31.0269795Z     ok 5 - the engine answers the greeting the planner left to it
2026-10-09T20:26:31.0269856Z       ---
2026-10-09T20:26:31.0269931Z       duration_ms: 16.544216
2026-10-09T20:26:31.0270000Z       type: 'test'
2026-10-09T20:26:31.0270064Z       ...
2026-10-09T20:26:31.0270194Z     # Subtest: a request beyond the greeting still reaches research
2026-10-09T20:26:31.0270309Z     ok 6 - a request beyond the greeting still reaches research
2026-10-09T20:26:31.0270456Z       ---
2026-10-09T20:26:31.0270529Z       duration_ms: 705.862767
2026-10-09T20:26:31.0270593Z       type: 'test'
2026-10-09T20:26:31.0270657Z       ...
2026-10-09T20:26:31.0270724Z     1..6
2026-10-09T20:26:31.0270843Z ok 429 - a dialogue act is answered by the engine, not searched
2026-10-09T20:26:31.0270907Z   ---
2026-10-09T20:26:31.0270976Z   duration_ms: 17993.741731
2026-10-09T20:26:31.0271045Z   type: 'suite'
2026-10-09T20:26:31.0271110Z   ...
2026-10-09T20:26:31.0271416Z # Subtest: calendar day evidence requires a whole word outside CJK
2026-10-09T20:26:31.0271549Z ok 430 - calendar day evidence requires a whole word outside CJK
2026-10-09T20:26:31.0271617Z   ---
2026-10-09T20:26:31.0271689Z   duration_ms: 8.571411
2026-10-09T20:26:31.0271861Z   type: 'test'
2026-10-09T20:26:31.0271923Z   ...
2026-10-09T20:26:31.0272037Z # Subtest: Wikipedia summary is not a calendar request
2026-10-09T20:26:31.0272143Z ok 431 - Wikipedia summary is not a calendar request
2026-10-09T20:26:31.0272206Z   ---
2026-10-09T20:26:31.0272281Z   duration_ms: 89.18796
2026-10-09T20:26:31.0272349Z   type: 'test'
2026-10-09T20:26:31.0272409Z   ...
2026-10-09T20:26:31.0272533Z # Subtest: lines under a request keep their structure (G16)
2026-10-09T20:26:31.0272697Z     # Subtest: an unfenced block is rebased on the anchor line, as its siblings
2026-10-09T20:26:31.0272839Z     ok 1 - an unfenced block is rebased on the anchor line, as its siblings
2026-10-09T20:26:31.0272905Z       ---
2026-10-09T20:26:31.0272975Z       duration_ms: 1330.33631
2026-10-09T20:26:31.0273045Z       type: 'test'
2026-10-09T20:26:31.0273112Z       ...
2026-10-09T20:26:31.0273206Z     # Subtest: a fenced block is inserted as written
2026-10-09T20:26:31.0273302Z     ok 2 - a fenced block is inserted as written
2026-10-09T20:26:31.0273368Z       ---
2026-10-09T20:26:31.0273437Z       duration_ms: 100.966283
2026-10-09T20:26:31.0273505Z       type: 'test'
2026-10-09T20:26:31.0273566Z       ...
2026-10-09T20:26:31.0273712Z     # Subtest: appended lines keep an indentation the file already uses
2026-10-09T20:26:31.0273843Z     ok 3 - appended lines keep an indentation the file already uses
2026-10-09T20:26:31.0273904Z       ---
2026-10-09T20:26:31.0273977Z       duration_ms: 114.195205
2026-10-09T20:26:31.0274044Z       type: 'test'
2026-10-09T20:26:31.0274104Z       ...
2026-10-09T20:26:31.0274316Z     # Subtest: inserted lines keep an indentation the file already uses, whatever the anchor's (G93)
2026-10-09T20:26:31.0274509Z     ok 4 - inserted lines keep an indentation the file already uses, whatever the anchor's (G93)
2026-10-09T20:26:31.0274571Z       ---
2026-10-09T20:26:31.0274646Z       duration_ms: 94.958308
2026-10-09T20:26:31.0274708Z       type: 'test'
2026-10-09T20:26:31.0274774Z       ...
2026-10-09T20:26:31.0275019Z     # Subtest: lines under a request are its payload: a delivery or a path inside them is not acted on (G94, G95)
2026-10-09T20:26:31.0275234Z     ok 5 - lines under a request are its payload: a delivery or a path inside them is not acted on (G94, G95)
2026-10-09T20:26:31.0275303Z       ---
2026-10-09T20:26:31.0275376Z       duration_ms: 102.210519
2026-10-09T20:26:31.0275441Z       type: 'test'
2026-10-09T20:26:31.0275508Z       ...
2026-10-09T20:26:31.0275583Z     1..5
2026-10-09T20:26:31.0275700Z ok 432 - lines under a request keep their structure (G16)
2026-10-09T20:26:31.0275766Z   ---
2026-10-09T20:26:31.0275837Z   duration_ms: 2095.783878
2026-10-09T20:26:31.0275906Z   type: 'suite'
2026-10-09T20:26:31.0275970Z   ...
2026-10-09T20:26:31.0276058Z # Subtest: a line named by its ordinal (G19)
2026-10-09T20:26:31.0276205Z     # Subtest: first, last and a counted line, in every registered language
2026-10-09T20:26:31.0276338Z     ok 1 - first, last and a counted line, in every registered language
2026-10-09T20:26:31.0276399Z       ---
2026-10-09T20:26:31.0276472Z       duration_ms: 212.876958
2026-10-09T20:26:31.0276534Z       type: 'test'
2026-10-09T20:26:31.0276599Z       ...
2026-10-09T20:26:31.0276693Z     # Subtest: an ordinal is an insertion anchor
2026-10-09T20:26:31.0276943Z     ok 2 - an ordinal is an insertion anchor
2026-10-09T20:26:31.0277013Z       ---
2026-10-09T20:26:31.0277089Z       duration_ms: 44.185555
2026-10-09T20:26:31.0277153Z       type: 'test'
2026-10-09T20:26:31.0277218Z       ...
2026-10-09T20:26:31.0277279Z     1..2
2026-10-09T20:26:31.0277371Z ok 433 - a line named by its ordinal (G19)
2026-10-09T20:26:31.0277435Z   ---
2026-10-09T20:26:31.0277505Z   duration_ms: 257.492164
2026-10-09T20:26:31.0277574Z   type: 'suite'
2026-10-09T20:26:31.0277638Z   ...
2026-10-09T20:26:31.0277779Z # Subtest: the answer is in the language the request is written in (G20)
2026-10-09T20:26:31.0277942Z     # Subtest: a Spanish request without a Spanish marker is answered in Spanish
2026-10-09T20:26:31.0278165Z     ok 1 - a Spanish request without a Spanish marker is answered in Spanish
2026-10-09T20:26:31.0278230Z       ---
2026-10-09T20:26:31.0278305Z       duration_ms: 59.908048
2026-10-09T20:26:31.0278367Z       type: 'test'
2026-10-09T20:26:31.0278439Z       ...
2026-10-09T20:26:31.0278535Z     # Subtest: an English request stays English
2026-10-09T20:26:31.0278620Z     ok 2 - an English request stays English
2026-10-09T20:26:31.0278686Z       ---
2026-10-09T20:26:31.0278758Z       duration_ms: 32.264315
2026-10-09T20:26:31.0278822Z       type: 'test'
2026-10-09T20:26:31.0278885Z       ...
2026-10-09T20:26:31.0278944Z     1..2
2026-10-09T20:26:31.0279080Z ok 434 - the answer is in the language the request is written in (G20)
2026-10-09T20:26:31.0279145Z   ---
2026-10-09T20:26:31.0279213Z   duration_ms: 92.520972
2026-10-09T20:26:31.0279283Z   type: 'suite'
2026-10-09T20:26:31.0279346Z   ...
2026-10-09T20:26:31.0279468Z # Subtest: a quoted path-shaped anchor is not the file (G21)
2026-10-09T20:26:31.0279599Z     # Subtest: the line goes after the path line in the named file
2026-10-09T20:26:31.0279709Z     ok 1 - the line goes after the path line in the named file
2026-10-09T20:26:31.0279776Z       ---
2026-10-09T20:26:31.0279851Z       duration_ms: 42.369713
2026-10-09T20:26:31.0279915Z       type: 'test'
2026-10-09T20:26:31.0279979Z       ...
2026-10-09T20:26:31.0280044Z     1..1
2026-10-09T20:26:31.0280156Z ok 435 - a quoted path-shaped anchor is not the file (G21)
2026-10-09T20:26:31.0280220Z   ---
2026-10-09T20:26:31.0280288Z   duration_ms: 42.521213
2026-10-09T20:26:31.0280357Z   type: 'suite'
2026-10-09T20:26:31.0280420Z   ...
2026-10-09T20:26:31.0280592Z # Subtest: a new clause that describes lines takes the lines under the request (G22)
2026-10-09T20:26:31.0280712Z     # Subtest: the block replaces the line, at its indentation
2026-10-09T20:26:31.0280816Z     ok 1 - the block replaces the line, at its indentation
2026-10-09T20:26:31.0280878Z       ---
2026-10-09T20:26:31.0280956Z       duration_ms: 125.084753
2026-10-09T20:26:31.0281025Z       type: 'test'
2026-10-09T20:26:31.0281085Z       ...
2026-10-09T20:26:31.0281324Z     1..1
2026-10-09T20:26:31.0281570Z ok 436 - a new clause that describes lines takes the lines under the request (G22)
2026-10-09T20:26:31.0281668Z   ---
2026-10-09T20:26:31.0281770Z   duration_ms: 125.22191
2026-10-09T20:26:31.0281862Z   type: 'suite'
2026-10-09T20:26:31.0281946Z   ...
2026-10-09T20:26:31.0282025Z # Subtest: renames (G24, G28)
2026-10-09T20:26:31.0282197Z     # Subtest: a file renamed to a path is no edit of its bytes; the verified move runs
2026-10-09T20:26:31.0282354Z     ok 1 - a file renamed to a path is no edit of its bytes; the verified move runs
2026-10-09T20:26:31.0282415Z       ---
2026-10-09T20:26:31.0282490Z       duration_ms: 998.704065
2026-10-09T20:26:31.0282560Z       type: 'test'
2026-10-09T20:26:31.0282619Z       ...
2026-10-09T20:26:31.0282751Z     # Subtest: a function renamed to a name containing the old one
2026-10-09T20:26:31.0282874Z     ok 2 - a function renamed to a name containing the old one
2026-10-09T20:26:31.0282936Z       ---
2026-10-09T20:26:31.0283012Z       duration_ms: 1548.396895
2026-10-09T20:26:31.0283078Z       type: 'test'
2026-10-09T20:26:31.0283266Z       ...
2026-10-09T20:26:31.0283332Z     1..2
2026-10-09T20:26:31.0283406Z ok 437 - renames (G24, G28)
2026-10-09T20:26:31.0283471Z   ---
2026-10-09T20:26:31.0283546Z   duration_ms: 2547.314944
2026-10-09T20:26:31.0283611Z   type: 'suite'
2026-10-09T20:26:31.0283674Z   ...
2026-10-09T20:26:31.0283786Z # Subtest: an empty line beside an anchor line (G31)
2026-10-09T20:26:31.0283876Z     # Subtest: before and after the named line
2026-10-09T20:26:31.0283964Z     ok 1 - before and after the named line
2026-10-09T20:26:31.0284025Z       ---
2026-10-09T20:26:31.0284101Z       duration_ms: 88.85828
2026-10-09T20:26:31.0284170Z       type: 'test'
2026-10-09T20:26:31.0284230Z       ...
2026-10-09T20:26:31.0284294Z     1..1
2026-10-09T20:26:31.0284485Z ok 438 - an empty line beside an anchor line (G31)
2026-10-09T20:26:31.0284548Z   ---
2026-10-09T20:26:31.0284623Z   duration_ms: 88.99641
2026-10-09T20:26:31.0284688Z   type: 'suite'
2026-10-09T20:26:31.0284753Z   ...
2026-10-09T20:26:31.0284867Z # Subtest: a quoted anchor line holding an escape (G96)
2026-10-09T20:26:31.0285052Z     # Subtest: the escape is its two characters when the file holds them so inside the line
2026-10-09T20:26:31.0285219Z     ok 1 - the escape is its two characters when the file holds them so inside the line
2026-10-09T20:26:31.0285284Z       ---
2026-10-09T20:26:31.0285355Z       duration_ms: 121.67901
2026-10-09T20:26:31.0285422Z       type: 'test'
2026-10-09T20:26:31.0285482Z       ...
2026-10-09T20:26:31.0285639Z     # Subtest: the escape stays a line break when the file holds the two lines
2026-10-09T20:26:31.0285780Z     ok 2 - the escape stays a line break when the file holds the two lines
2026-10-09T20:26:31.0285841Z       ---
2026-10-09T20:26:31.0285914Z       duration_ms: 34.332692
2026-10-09T20:26:31.0285984Z       type: 'test'
2026-10-09T20:26:31.0286044Z       ...
2026-10-09T20:26:31.0286111Z     1..2
2026-10-09T20:26:31.0286220Z ok 439 - a quoted anchor line holding an escape (G96)
2026-10-09T20:26:31.0286280Z   ---
2026-10-09T20:26:31.0286355Z   duration_ms: 156.20182
2026-10-09T20:26:31.0286419Z   type: 'suite'
2026-10-09T20:26:31.0286483Z   ...
2026-10-09T20:26:31.0286610Z # Subtest: a path names a file, not the answer language (G97)
2026-10-09T20:26:31.0286839Z     # Subtest: an English request naming a file whose name starts with a Spanish marker is answered in English
2026-10-09T20:26:31.0287052Z     ok 1 - an English request naming a file whose name starts with a Spanish marker is answered in English
2026-10-09T20:26:31.0287119Z       ---
2026-10-09T20:26:31.0287187Z       duration_ms: 57.234496
2026-10-09T20:26:31.0287254Z       type: 'test'
2026-10-09T20:26:31.0287319Z       ...
2026-10-09T20:26:31.0287380Z     1..1
2026-10-09T20:26:31.0287500Z ok 440 - a path names a file, not the answer language (G97)
2026-10-09T20:26:31.0287561Z   ---
2026-10-09T20:26:31.0287634Z   duration_ms: 57.359044
2026-10-09T20:26:31.0287700Z   type: 'suite'
2026-10-09T20:26:31.0287760Z   ...
2026-10-09T20:26:31.0287919Z # Subtest: an article between the target cues is no part of the new text (G98)
2026-10-09T20:26:31.0288095Z     # Subtest: the file clause runs back over the seeded function words to its first cue
2026-10-09T20:26:31.0288248Z     ok 1 - the file clause runs back over the seeded function words to its first cue
2026-10-09T20:26:31.0288314Z       ---
2026-10-09T20:26:31.0288382Z       duration_ms: 9.946346
2026-10-09T20:26:31.0288450Z       type: 'test'
2026-10-09T20:26:31.0288515Z       ...
2026-10-09T20:26:31.0288607Z     # Subtest: the edit writes the new text alone
2026-10-09T20:26:31.0288699Z     ok 2 - the edit writes the new text alone
2026-10-09T20:26:31.0288765Z       ---
2026-10-09T20:26:31.0288841Z       duration_ms: 53.897437
2026-10-09T20:26:31.0288910Z       type: 'test'
2026-10-09T20:26:31.0288978Z       ...
2026-10-09T20:26:31.0289039Z     1..2
2026-10-09T20:26:31.0289191Z ok 441 - an article between the target cues is no part of the new text (G98)
2026-10-09T20:26:31.0289250Z   ---
2026-10-09T20:26:31.0289448Z   duration_ms: 64.026271
2026-10-09T20:26:31.0289518Z   type: 'suite'
2026-10-09T20:26:31.0289578Z   ...
2026-10-09T20:26:31.0289718Z # Subtest: one quoted literal in any pair of quotes is the content
2026-10-09T20:26:31.0289848Z ok 442 - one quoted literal in any pair of quotes is the content
2026-10-09T20:26:31.0289909Z   ---
2026-10-09T20:26:31.0289982Z   duration_ms: 1563.578126
2026-10-09T20:26:31.0290045Z   type: 'test'
2026-10-09T20:26:31.0290109Z   ...
2026-10-09T20:26:31.0290243Z # Subtest: content that is more than one literal keeps its quotes
2026-10-09T20:26:31.0290365Z ok 443 - content that is more than one literal keeps its quotes
2026-10-09T20:26:31.0290429Z   ---
2026-10-09T20:26:31.0290502Z   duration_ms: 1.42433
2026-10-09T20:26:31.0290565Z   type: 'test'
2026-10-09T20:26:31.0290700Z   ...
2026-10-09T20:26:31.0290820Z # Subtest: a fenced block is its lines, without the info string
2026-10-09T20:26:31.0290939Z ok 444 - a fenced block is its lines, without the info string
2026-10-09T20:26:31.0291007Z   ---
2026-10-09T20:26:31.0291074Z   duration_ms: 1.495547
2026-10-09T20:26:31.0291257Z   type: 'test'
2026-10-09T20:26:31.0291323Z   ...
2026-10-09T20:26:31.0291442Z # Subtest: G60: a quoted line is the whole line that equals it
2026-10-09T20:26:31.0291644Z     # Subtest: `Delete the line 'x'` removes the line that is x, not every line holding the letter
2026-10-09T20:26:31.0291830Z     ok 1 - `Delete the line 'x'` removes the line that is x, not every line holding the letter
2026-10-09T20:26:31.0291895Z       ---
2026-10-09T20:26:31.0291974Z       duration_ms: 1134.239108
2026-10-09T20:26:31.0292038Z       type: 'test'
2026-10-09T20:26:31.0292105Z       ...
2026-10-09T20:26:31.0292258Z     # Subtest: with no equal line and several containing it, nothing is removed
2026-10-09T20:26:31.0292398Z     ok 2 - with no equal line and several containing it, nothing is removed
2026-10-09T20:26:31.0292465Z       ---
2026-10-09T20:26:31.0292540Z       duration_ms: 32.571411
2026-10-09T20:26:31.0292603Z       type: 'test'
2026-10-09T20:26:31.0292670Z       ...
2026-10-09T20:26:31.0292827Z     # Subtest: the seeded containment cue removes every line containing the text
2026-10-09T20:26:31.0292973Z     ok 3 - the seeded containment cue removes every line containing the text
2026-10-09T20:26:31.0293038Z       ---
2026-10-09T20:26:31.0293107Z       duration_ms: 127.212655
2026-10-09T20:26:31.0293177Z       type: 'test'
2026-10-09T20:26:31.0293241Z       ...
2026-10-09T20:26:31.0293301Z     1..3
2026-10-09T20:26:31.0293418Z ok 445 - G60: a quoted line is the whole line that equals it
2026-10-09T20:26:31.0293481Z   ---
2026-10-09T20:26:31.0293550Z   duration_ms: 1614.440143
2026-10-09T20:26:31.0293618Z   type: 'suite'
2026-10-09T20:26:31.0293677Z   ...
2026-10-09T20:26:31.0293826Z # Subtest: G61: a payload that quotes a single-quoted literal of its own
2026-10-09T20:26:31.0293928Z     # Subtest: the outer quote pair is the payload
2026-10-09T20:26:31.0294015Z     ok 1 - the outer quote pair is the payload
2026-10-09T20:26:31.0294084Z       ---
2026-10-09T20:26:31.0294157Z       duration_ms: 0.351693
2026-10-09T20:26:31.0294221Z       type: 'test'
2026-10-09T20:26:31.0294287Z       ...
2026-10-09T20:26:31.0294385Z     # Subtest: the line is appended; no file is moved
2026-10-09T20:26:31.0294480Z     ok 2 - the line is appended; no file is moved
2026-10-09T20:26:31.0294544Z       ---
2026-10-09T20:26:31.0294612Z       duration_ms: 118.956882
2026-10-09T20:26:31.0294681Z       type: 'test'
2026-10-09T20:26:31.0294746Z       ...
2026-10-09T20:26:31.0294806Z     1..2
2026-10-09T20:26:31.0294942Z ok 446 - G61: a payload that quotes a single-quoted literal of its own
2026-10-09T20:26:31.0295001Z   ---
2026-10-09T20:26:31.0295075Z   duration_ms: 119.568388
2026-10-09T20:26:31.0295154Z   type: 'suite'
2026-10-09T20:26:31.0295215Z   ...
2026-10-09T20:26:31.0295365Z # Subtest: G53, G54: several quoted line literals are lines, each as written
2026-10-09T20:26:31.0295510Z     # Subtest: an insert keeps a backslash-n inside one of several literals
2026-10-09T20:26:31.0295750Z     ok 1 - an insert keeps a backslash-n inside one of several literals
2026-10-09T20:26:31.0295819Z       ---
2026-10-09T20:26:31.0295894Z       duration_ms: 56.126385
2026-10-09T20:26:31.0295957Z       type: 'test'
2026-10-09T20:26:31.0296022Z       ...
2026-10-09T20:26:31.0296224Z     # Subtest: an append of a list of literals appends each as its own line, never a whole-file write
2026-10-09T20:26:31.0296414Z     ok 2 - an append of a list of literals appends each as its own line, never a whole-file write
2026-10-09T20:26:31.0296479Z       ---
2026-10-09T20:26:31.0296546Z       duration_ms: 116.965513
2026-10-09T20:26:31.0296614Z       type: 'test'
2026-10-09T20:26:31.0296677Z       ...
2026-10-09T20:26:31.0296737Z     1..2
2026-10-09T20:26:31.0296971Z ok 447 - G53, G54: several quoted line literals are lines, each as written
2026-10-09T20:26:31.0297037Z   ---
2026-10-09T20:26:31.0297108Z   duration_ms: 174.017692
2026-10-09T20:26:31.0297175Z   type: 'suite'
2026-10-09T20:26:31.0297239Z   ...
2026-10-09T20:26:31.0297411Z # Subtest: G65: a replace whose needle quotes an escape the file holds as written
2026-10-09T20:26:31.0297580Z     # Subtest: the needle is the text as written when the file has no unescaped match
2026-10-09T20:26:31.0297730Z     ok 1 - the needle is the text as written when the file has no unescaped match
2026-10-09T20:26:31.0297797Z       ---
2026-10-09T20:26:31.0297869Z       duration_ms: 55.214573
2026-10-09T20:26:31.0297934Z       type: 'test'
2026-10-09T20:26:31.0298003Z       ...
2026-10-09T20:26:31.0298125Z     # Subtest: an escape that names a real line break still does
2026-10-09T20:26:31.0298239Z     ok 2 - an escape that names a real line break still does
2026-10-09T20:26:31.0298305Z       ---
2026-10-09T20:26:31.0298376Z       duration_ms: 41.06801
2026-10-09T20:26:31.0298443Z       type: 'test'
2026-10-09T20:26:31.0298505Z       ...
2026-10-09T20:26:31.0298564Z     1..2
2026-10-09T20:26:31.0298754Z ok 448 - G65: a replace whose needle quotes an escape the file holds as written
2026-10-09T20:26:31.0298832Z   ---
2026-10-09T20:26:31.0298903Z   duration_ms: 96.507303
2026-10-09T20:26:31.0298975Z   type: 'suite'
2026-10-09T20:26:31.0299036Z   ...
2026-10-09T20:26:31.0299162Z # Subtest: G50, G51: another file's contents are the text placed
2026-10-09T20:26:31.0299387Z     # Subtest: `Append the contents of a.txt to the end of b.txt.` reads a.txt and appends its lines; no cat
2026-10-09T20:26:31.0299584Z     ok 1 - `Append the contents of a.txt to the end of b.txt.` reads a.txt and appends its lines; no cat
2026-10-09T20:26:31.0299656Z       ---
2026-10-09T20:26:31.0299731Z       duration_ms: 64.054923
2026-10-09T20:26:31.0299796Z       type: 'test'
2026-10-09T20:26:31.0299865Z       ...
2026-10-09T20:26:31.0300024Z     # Subtest: an insert places the source after the anchor its context names
2026-10-09T20:26:31.0300163Z     ok 2 - an insert places the source after the anchor its context names
2026-10-09T20:26:31.0300233Z       ---
2026-10-09T20:26:31.0300305Z       duration_ms: 59.88975
2026-10-09T20:26:31.0300377Z       type: 'test'
2026-10-09T20:26:31.0300444Z       ...
2026-10-09T20:26:31.0300600Z     # Subtest: a block under the request may also name the line its anchor follows
2026-10-09T20:26:31.0300748Z     ok 3 - a block under the request may also name the line its anchor follows
2026-10-09T20:26:31.0300817Z       ---
2026-10-09T20:26:31.0300890Z       duration_ms: 127.696519
2026-10-09T20:26:31.0300961Z       type: 'test'
2026-10-09T20:26:31.0301021Z       ...
2026-10-09T20:26:31.0301091Z     1..3
2026-10-09T20:26:31.0301307Z ok 449 - G50, G51: another file's contents are the text placed
2026-10-09T20:26:31.0301371Z   ---
2026-10-09T20:26:31.0301449Z   duration_ms: 251.889888
2026-10-09T20:26:31.0301523Z   type: 'suite'
2026-10-09T20:26:31.0301583Z   ...
2026-10-09T20:26:31.0301690Z # Subtest: G33: a line slice answers only those lines
2026-10-09T20:26:31.0301784Z     # Subtest: Show the last 2 lines of n.txt.
2026-10-09T20:26:31.0302022Z     ok 1 - Show the last 2 lines of n.txt.
2026-10-09T20:26:31.0302091Z       ---
2026-10-09T20:26:31.0302161Z       duration_ms: 744.239667
2026-10-09T20:26:31.0302233Z       type: 'test'
2026-10-09T20:26:31.0302300Z       ...
2026-10-09T20:26:31.0302392Z     # Subtest: Show the first 2 lines of n.txt.
2026-10-09T20:26:31.0302482Z     ok 2 - Show the first 2 lines of n.txt.
2026-10-09T20:26:31.0302550Z       ---
2026-10-09T20:26:31.0302620Z       duration_ms: 191.402522
2026-10-09T20:26:31.0302691Z       type: 'test'
2026-10-09T20:26:31.0302751Z       ...
2026-10-09T20:26:31.0302839Z     # Subtest: Show lines 2-3 of n.txt.
2026-10-09T20:26:31.0302924Z     ok 3 - Show lines 2-3 of n.txt.
2026-10-09T20:26:31.0302987Z       ---
2026-10-09T20:26:31.0303162Z       duration_ms: 184.894428
2026-10-09T20:26:31.0303236Z       type: 'test'
2026-10-09T20:26:31.0303298Z       ...
2026-10-09T20:26:31.0303386Z     # Subtest: Show the last line of n.txt.
2026-10-09T20:26:31.0303466Z     ok 4 - Show the last line of n.txt.
2026-10-09T20:26:31.0303540Z       ---
2026-10-09T20:26:31.0303617Z       duration_ms: 4739.909337
2026-10-09T20:26:31.0303747Z       type: 'test'
2026-10-09T20:26:31.0303880Z       ...
2026-10-09T20:26:31.0304030Z     # Subtest: a read that names no lines still shows the file
2026-10-09T20:26:31.0304406Z     ok 5 - a read that names no lines still shows the file
2026-10-09T20:26:31.0304537Z       ---
2026-10-09T20:26:31.0304642Z       duration_ms: 586.568776
2026-10-09T20:26:31.0304778Z       type: 'test'
2026-10-09T20:26:31.0304936Z       ...
2026-10-09T20:26:31.0305045Z     1..5
2026-10-09T20:26:31.0305244Z ok 450 - G33: a line slice answers only those lines
2026-10-09T20:26:31.0305343Z   ---
2026-10-09T20:26:31.0305483Z   duration_ms: 6447.371201
2026-10-09T20:26:31.0305643Z   type: 'suite'
2026-10-09T20:26:31.0305752Z   ...
2026-10-09T20:26:31.0305942Z # Subtest: G35: an insert at one end of a Markdown section
2026-10-09T20:26:31.0306232Z     # Subtest: the end of a section is its last line before the next heading of the same or a higher level
2026-10-09T20:26:31.0306472Z     ok 1 - the end of a section is its last line before the next heading of the same or a higher level
2026-10-09T20:26:31.0306627Z       ---
2026-10-09T20:26:31.0306811Z       duration_ms: 93.906135
2026-10-09T20:26:31.0306914Z       type: 'test'
2026-10-09T20:26:31.0307045Z       ...
2026-10-09T20:26:31.0321907Z     # Subtest: the start of a section is under its heading
2026-10-09T20:26:31.0322070Z     ok 2 - the start of a section is under its heading
2026-10-09T20:26:31.0322142Z       ---
2026-10-09T20:26:31.0322228Z       duration_ms: 75.927017
2026-10-09T20:26:31.0322299Z       type: 'test'
2026-10-09T20:26:31.0322367Z       ...
2026-10-09T20:26:31.0322528Z     # Subtest: a heading inside fenced code does not end the section
2026-10-09T20:26:31.0322655Z     ok 3 - a heading inside fenced code does not end the section
2026-10-09T20:26:31.0322726Z       ---
2026-10-09T20:26:31.0322806Z       duration_ms: 59.639444
2026-10-09T20:26:31.0322877Z       type: 'test'
2026-10-09T20:26:31.0322944Z       ...
2026-10-09T20:26:31.0323007Z     1..3
2026-10-09T20:26:31.0323131Z ok 451 - G35: an insert at one end of a Markdown section
2026-10-09T20:26:31.0323200Z   ---
2026-10-09T20:26:31.0323273Z   duration_ms: 229.730447
2026-10-09T20:26:31.0323345Z   type: 'suite'
2026-10-09T20:26:31.0323411Z   ...
2026-10-09T20:26:31.0323541Z # Subtest: G37: a rename with both paths quoted moves the file
2026-10-09T20:26:31.0323644Z     # Subtest: Rename the file 'a.txt' to 'b.txt'.
2026-10-09T20:26:31.0323732Z     ok 1 - Rename the file 'a.txt' to 'b.txt'.
2026-10-09T20:26:31.0323805Z       ---
2026-10-09T20:26:31.0323886Z       duration_ms: 1544.827674
2026-10-09T20:26:31.0323954Z       type: 'test'
2026-10-09T20:26:31.0324025Z       ...
2026-10-09T20:26:31.0324118Z     # Subtest: Rename the file a.txt to b.txt.
2026-10-09T20:26:31.0324202Z     ok 2 - Rename the file a.txt to b.txt.
2026-10-09T20:26:31.0324271Z       ---
2026-10-09T20:26:31.0324350Z       duration_ms: 1258.44792
2026-10-09T20:26:31.0324572Z       type: 'test'
2026-10-09T20:26:31.0324638Z       ...
2026-10-09T20:26:31.0324730Z     # Subtest: Rename the file "a.txt" to "b.txt".
2026-10-09T20:26:31.0324820Z     ok 3 - Rename the file "a.txt" to "b.txt".
2026-10-09T20:26:31.0324887Z       ---
2026-10-09T20:26:31.0324958Z       duration_ms: 1538.704644
2026-10-09T20:26:31.0325027Z       type: 'test'
2026-10-09T20:26:31.0325093Z       ...
2026-10-09T20:26:31.0325194Z     # Subtest: a rename inside a file still edits it
2026-10-09T20:26:31.0325292Z     ok 4 - a rename inside a file still edits it
2026-10-09T20:26:31.0325354Z       ---
2026-10-09T20:26:31.0325433Z       duration_ms: 76.205493
2026-10-09T20:26:31.0325505Z       type: 'test'
2026-10-09T20:26:31.0325567Z       ...
2026-10-09T20:26:31.0325730Z     1..4
2026-10-09T20:26:31.0325858Z ok 452 - G37: a rename with both paths quoted moves the file
2026-10-09T20:26:31.0325922Z   ---
2026-10-09T20:26:31.0325999Z   duration_ms: 4418.540617
2026-10-09T20:26:31.0326068Z   type: 'suite'
2026-10-09T20:26:31.0326135Z   ...
2026-10-09T20:26:31.0326263Z # Subtest: G62: a backticked compound command runs as written
2026-10-09T20:26:31.0326429Z     # Subtest: `Run \\`a && b\\`` runs the one compound command, never reads its operands
2026-10-09T20:26:31.0326590Z     ok 1 - `Run \\`a && b\\`` runs the one compound command, never reads its operands
2026-10-09T20:26:31.0326659Z       ---
2026-10-09T20:26:31.0326733Z       duration_ms: 50.796882
2026-10-09T20:26:31.0326807Z       type: 'test'
2026-10-09T20:26:31.0326875Z       ...
2026-10-09T20:26:31.0326937Z     1..1
2026-10-09T20:26:31.0327066Z ok 453 - G62: a backticked compound command runs as written
2026-10-09T20:26:31.0327126Z   ---
2026-10-09T20:26:31.0327203Z   duration_ms: 50.944245
2026-10-09T20:26:31.0327277Z   type: 'suite'
2026-10-09T20:26:31.0327340Z   ...
2026-10-09T20:26:31.0327514Z # Subtest: G52 (not reproduced; pinned): a replace inside a 7000-character line
2026-10-09T20:26:31.0327657Z     # Subtest: the needle is found, edited once and the digest matches
2026-10-09T20:26:31.0327788Z     ok 1 - the needle is found, edited once and the digest matches
2026-10-09T20:26:31.0327860Z       ---
2026-10-09T20:26:31.0327937Z       duration_ms: 155.517083
2026-10-09T20:26:31.0328010Z       type: 'test'
2026-10-09T20:26:31.0328075Z       ...
2026-10-09T20:26:31.0328137Z     1..1
2026-10-09T20:26:31.0328306Z ok 454 - G52 (not reproduced; pinned): a replace inside a 7000-character line
2026-10-09T20:26:31.0328373Z   ---
2026-10-09T20:26:31.0328446Z   duration_ms: 155.691348
2026-10-09T20:26:31.0328518Z   type: 'suite'
2026-10-09T20:26:31.0328580Z   ...
2026-10-09T20:26:31.0328740Z # Subtest: R1017: "How many words are in 'the quick brown fox'?" derives "4"
2026-10-09T20:26:31.0328892Z ok 455 - R1017: "How many words are in 'the quick brown fox'?" derives "4"
2026-10-09T20:26:31.0328953Z   ---
2026-10-09T20:26:31.0329031Z   duration_ms: 2249.470519
2026-10-09T20:26:31.0329103Z   type: 'test'
2026-10-09T20:26:31.0329165Z   ...
2026-10-09T20:26:31.0329315Z # Subtest: R1017: "How many lines are in this text: 'a\\nb'" derives "2"
2026-10-09T20:26:31.0329447Z ok 456 - R1017: "How many lines are in this text: 'a\\nb'" derives "2"
2026-10-09T20:26:31.0329509Z   ---
2026-10-09T20:26:31.0329587Z   duration_ms: 135.556753
2026-10-09T20:26:31.0329654Z   type: 'test'
2026-10-09T20:26:31.0329722Z   ...
2026-10-09T20:26:31.0329856Z # Subtest: R1017: "How many characters are in 'abc'?" derives "3"
2026-10-09T20:26:31.0329974Z ok 457 - R1017: "How many characters are in 'abc'?" derives "3"
2026-10-09T20:26:31.0330043Z   ---
2026-10-09T20:26:31.0330117Z   duration_ms: 81.38992
2026-10-09T20:26:31.0330183Z   type: 'test'
2026-10-09T20:26:31.0330250Z   ...
2026-10-09T20:26:31.0330388Z # Subtest: R1017: "How many unique words are in 'a b a c'?" derives "3"
2026-10-09T20:26:31.0330517Z ok 458 - R1017: "How many unique words are in 'a b a c'?" derives "3"
2026-10-09T20:26:31.0330585Z   ---
2026-10-09T20:26:31.0330656Z   duration_ms: 53.231617
2026-10-09T20:26:31.0330816Z   type: 'test'
2026-10-09T20:26:31.0330881Z   ...
2026-10-09T20:26:31.0331246Z # Subtest: R1017: "Сколько слов в 'раз два три'?" derives "3"
2026-10-09T20:26:31.0331400Z ok 459 - R1017: "Сколько слов в 'раз два три'?" derives "3"
2026-10-09T20:26:31.0331469Z   ---
2026-10-09T20:26:31.0331542Z   duration_ms: 69.890088
2026-10-09T20:26:31.0331614Z   type: 'test'
2026-10-09T20:26:31.0331676Z   ...
2026-10-09T20:26:31.0331820Z # Subtest: R1017: "How many characters are in 'two words'?" derives "9"
2026-10-09T20:26:31.0331948Z ok 460 - R1017: "How many characters are in 'two words'?" derives "9"
2026-10-09T20:26:31.0332010Z   ---
2026-10-09T20:26:31.0332084Z   duration_ms: 85.703727
2026-10-09T20:26:31.0332153Z   type: 'test'
2026-10-09T20:26:31.0332214Z   ...
2026-10-09T20:26:31.0332516Z # Subtest: R1017: "Keep only the lines that start with x: 'x1\\ny2\\nx3'" derives "x1\\nx3"
2026-10-09T20:26:31.0332690Z ok 461 - R1017: "Keep only the lines that start with x: 'x1\\ny2\\nx3'" derives "x1\\nx3"
2026-10-09T20:26:31.0332765Z   ---
2026-10-09T20:26:31.0332840Z   duration_ms: 58.060026
2026-10-09T20:26:31.0332906Z   type: 'test'
2026-10-09T20:26:31.0332974Z   ...
2026-10-09T20:26:31.0333148Z # Subtest: R1017: "How many lines start with x in this text: 'x1\\ny2\\nx3'" derives "2"
2026-10-09T20:26:31.0333309Z ok 462 - R1017: "How many lines start with x in this text: 'x1\\ny2\\nx3'" derives "2"
2026-10-09T20:26:31.0333380Z   ---
2026-10-09T20:26:31.0333458Z   duration_ms: 148.200108
2026-10-09T20:26:31.0333522Z   type: 'test'
2026-10-09T20:26:31.0333590Z   ...
2026-10-09T20:26:31.0333771Z # Subtest: R1017: "Keep the lines starting with '\#': '\#a\\nb\\n\#c'" derives "\#a\\n\#c"
2026-10-09T20:26:31.0333941Z ok 463 - R1017: "Keep the lines starting with '\#': '\#a\\nb\\n\#c'" derives "\#a\\n\#c"
2026-10-09T20:26:31.0334009Z   ---
2026-10-09T20:26:31.0334078Z   duration_ms: 62.298571
2026-10-09T20:26:31.0334146Z   type: 'test'
2026-10-09T20:26:31.0334211Z   ...
2026-10-09T20:26:31.0334428Z # Subtest: R1017: "Сколько строк начинается с x в тексте: 'x1\\ny2\\nx3'" derives "2"
2026-10-09T20:26:31.0334631Z ok 464 - R1017: "Сколько строк начинается с x в тексте: 'x1\\ny2\\nx3'" derives "2"
2026-10-09T20:26:31.0334698Z   ---
2026-10-09T20:26:31.0334767Z   duration_ms: 84.004722
2026-10-09T20:26:31.0334836Z   type: 'test'
2026-10-09T20:26:31.0334897Z   ...
2026-10-09T20:26:31.0335111Z # Subtest: R1017: "x से शुरू होने वाली पंक्तियाँ रखें: 'x1\\ny2\\nx3'" derives "x1\\nx3"
2026-10-09T20:26:31.0335297Z ok 465 - R1017: "x से शुरू होने वाली पंक्तियाँ रखें: 'x1\\ny2\\nx3'" derives "x1\\nx3"
2026-10-09T20:26:31.0335359Z   ---
2026-10-09T20:26:31.0335433Z   duration_ms: 63.425048
2026-10-09T20:26:31.0335503Z   type: 'test'
2026-10-09T20:26:31.0335565Z   ...
2026-10-09T20:26:31.0335704Z # Subtest: R1017: "Count the vowels in 'formal'" derives "2"
2026-10-09T20:26:31.0335813Z ok 466 - R1017: "Count the vowels in 'formal'" derives "2"
2026-10-09T20:26:31.0335880Z   ---
2026-10-09T20:26:31.0335952Z   duration_ms: 79.554907
2026-10-09T20:26:31.0336024Z   type: 'test'
2026-10-09T20:26:31.0336091Z   ...
2026-10-09T20:26:31.0336230Z # Subtest: R1017: "How many vowels are in 'Formal Area'?" derives "5"
2026-10-09T20:26:31.0336354Z ok 467 - R1017: "How many vowels are in 'Formal Area'?" derives "5"
2026-10-09T20:26:31.0336421Z   ---
2026-10-09T20:26:31.0336489Z   duration_ms: 84.723331
2026-10-09T20:26:31.0336561Z   type: 'test'
2026-10-09T20:26:31.0336627Z   ...
2026-10-09T20:26:31.0336797Z # Subtest: R1017: a counting question without a quoted payload is not a text count
2026-10-09T20:26:31.0336958Z ok 468 - R1017: a counting question without a quoted payload is not a text count
2026-10-09T20:26:31.0337024Z   ---
2026-10-09T20:26:31.0337099Z   duration_ms: 136.1552
2026-10-09T20:26:31.0337174Z   type: 'test'
2026-10-09T20:26:31.0337241Z   ...
2026-10-09T20:26:31.0337362Z # Subtest: R1017: 'many' without a counting cue still sorts
2026-10-09T20:26:31.0337475Z ok 469 - R1017: 'many' without a counting cue still sorts
2026-10-09T20:26:31.0337646Z   ---
2026-10-09T20:26:31.0337719Z   duration_ms: 25.399249
2026-10-09T20:26:31.0337788Z   type: 'test'
2026-10-09T20:26:31.0337849Z   ...
2026-10-09T20:26:31.0338020Z # Subtest: R1017: format conversion keeps payload keys that name count units
2026-10-09T20:26:31.0338172Z ok 470 - R1017: format conversion keeps payload keys that name count units
2026-10-09T20:26:31.0338233Z   ---
2026-10-09T20:26:31.0338307Z   duration_ms: 56.08999
2026-10-09T20:26:31.0338371Z   type: 'test'
2026-10-09T20:26:31.0338436Z   ...
2026-10-09T20:26:31.0338656Z # Subtest: R1017: an inline line count is a text operation ("Count the lines in this text: 'a\\nb\\nc'")
2026-10-09T20:26:31.0338919Z ok 471 - R1017: an inline line count is a text operation ("Count the lines in this text: 'a\\nb\\nc'")
2026-10-09T20:26:31.0338988Z   ---
2026-10-09T20:26:31.0339065Z   duration_ms: 2116.793376
2026-10-09T20:26:31.0339129Z   type: 'test'
2026-10-09T20:26:31.0339197Z   ...
2026-10-09T20:26:31.0339365Z # Subtest: R1017: an inline line count is a text operation ("Count lines: 'a\\nb\\nc'")
2026-10-09T20:26:31.0339526Z ok 472 - R1017: an inline line count is a text operation ("Count lines: 'a\\nb\\nc'")
2026-10-09T20:26:31.0339592Z   ---
2026-10-09T20:26:31.0339661Z   duration_ms: 66.442612
2026-10-09T20:26:31.0339731Z   type: 'test'
2026-10-09T20:26:31.0339796Z   ...
2026-10-09T20:26:31.0339984Z # Subtest: R1017: an inline line count is a text operation ("Line count of this text: 'a\\nb\\nc'")
2026-10-09T20:26:31.0340168Z ok 473 - R1017: an inline line count is a text operation ("Line count of this text: 'a\\nb\\nc'")
2026-10-09T20:26:31.0340234Z   ---
2026-10-09T20:26:31.0340303Z   duration_ms: 49.056899
2026-10-09T20:26:31.0340374Z   type: 'test'
2026-10-09T20:26:31.0340440Z   ...
2026-10-09T20:26:31.0340594Z # Subtest: R1017: the shell composer steps aside for an inline text payload
2026-10-09T20:26:31.0340739Z ok 474 - R1017: the shell composer steps aside for an inline text payload
2026-10-09T20:26:31.0340801Z   ---
2026-10-09T20:26:31.0340878Z   duration_ms: 2.609415
2026-10-09T20:26:31.0340947Z   type: 'test'
2026-10-09T20:26:31.0341007Z   ...
2026-10-09T20:26:31.0341226Z # Subtest: R1017: a file operand still composes a shell command
2026-10-09T20:26:31.0341347Z ok 475 - R1017: a file operand still composes a shell command
2026-10-09T20:26:31.0341409Z   ---
2026-10-09T20:26:31.0341484Z   duration_ms: 89.885215
2026-10-09T20:26:31.0341550Z   type: 'test'
2026-10-09T20:26:31.0341617Z   ...
2026-10-09T20:26:31.0341817Z # Subtest: R1017: the weekday of a stated date is computed (What day of the week was 2024-02-29?)
2026-10-09T20:26:31.0341996Z ok 476 - R1017: the weekday of a stated date is computed (What day of the week was 2024-02-29?)
2026-10-09T20:26:31.0342063Z   ---
2026-10-09T20:26:31.0342143Z   duration_ms: 2083.833402
2026-10-09T20:26:31.0342211Z   type: 'test'
2026-10-09T20:26:31.0342277Z   ...
2026-10-09T20:26:31.0342450Z # Subtest: R1017: the weekday of a stated date is computed (What weekday is 2025-12-25?)
2026-10-09T20:26:31.0342610Z ok 477 - R1017: the weekday of a stated date is computed (What weekday is 2025-12-25?)
2026-10-09T20:26:31.0342676Z   ---
2026-10-09T20:26:31.0342745Z   duration_ms: 91.064685
2026-10-09T20:26:31.0342815Z   type: 'test'
2026-10-09T20:26:31.0342880Z   ...
2026-10-09T20:26:31.0343083Z # Subtest: R1017: the weekday of a stated date is computed (What day of the week was 1 January 2000?)
2026-10-09T20:26:31.0343274Z ok 478 - R1017: the weekday of a stated date is computed (What day of the week was 1 January 2000?)
2026-10-09T20:26:31.0343341Z   ---
2026-10-09T20:26:31.0343410Z   duration_ms: 56.405221
2026-10-09T20:26:31.0343479Z   type: 'test'
2026-10-09T20:26:31.0343545Z   ...
2026-10-09T20:26:31.0343733Z # Subtest: R1017: the weekday of a stated date is computed (Which day of the week is July 4, 1776?)
2026-10-09T20:26:31.0343918Z ok 479 - R1017: the weekday of a stated date is computed (Which day of the week is July 4, 1776?)
2026-10-09T20:26:31.0343980Z   ---
2026-10-09T20:26:31.0344054Z   duration_ms: 44.823208
2026-10-09T20:26:31.0344231Z   type: 'test'
2026-10-09T20:26:31.0344291Z   ...
2026-10-09T20:26:31.0344494Z # Subtest: R1017: the weekday of a stated date is computed (What day of the week was 1969-12-31?)
2026-10-09T20:26:31.0344680Z ok 480 - R1017: the weekday of a stated date is computed (What day of the week was 1969-12-31?)
2026-10-09T20:26:31.0344742Z   ---
2026-10-09T20:26:31.0344817Z   duration_ms: 49.843201
2026-10-09T20:26:31.0344888Z   type: 'test'
2026-10-09T20:26:31.0344949Z   ...
2026-10-09T20:26:31.0345089Z # Subtest: R1017: the date weekday shows its day count from the epoch
2026-10-09T20:26:31.0345217Z ok 481 - R1017: the date weekday shows its day count from the epoch
2026-10-09T20:26:31.0345286Z   ---
2026-10-09T20:26:31.0345452Z   duration_ms: 132.804113
2026-10-09T20:26:31.0345520Z   type: 'test'
2026-10-09T20:26:31.0345590Z   ...
2026-10-09T20:26:31.0345777Z # Subtest: R1017: an impossible date or an offset question is not read as a date weekday
2026-10-09T20:26:31.0345947Z ok 482 - R1017: an impossible date or an offset question is not read as a date weekday
2026-10-09T20:26:31.0346015Z   ---
2026-10-09T20:26:31.0346084Z   duration_ms: 132.794093
2026-10-09T20:26:31.0346156Z   type: 'test'
2026-10-09T20:26:31.0346220Z   ...
2026-10-09T20:26:31.0346391Z # Subtest: R1017: primality of one stated number is decided by trial division
2026-10-09T20:26:31.0346541Z ok 483 - R1017: primality of one stated number is decided by trial division
2026-10-09T20:26:31.0346603Z   ---
2026-10-09T20:26:31.0346677Z   duration_ms: 305.790438
2026-10-09T20:26:31.0346746Z   type: 'test'
2026-10-09T20:26:31.0346806Z   ...
2026-10-09T20:26:31.0347165Z # Subtest: R1017: a prime question about a range or an ordinal is not read as one number
2026-10-09T20:26:31.0347341Z ok 484 - R1017: a prime question about a range or an ordinal is not read as one number
2026-10-09T20:26:31.0347401Z   ---
2026-10-09T20:26:31.0347473Z   duration_ms: 504.971627
2026-10-09T20:26:31.0347543Z   type: 'test'
2026-10-09T20:26:31.0347605Z   ...
2026-10-09T20:26:31.0347809Z # Subtest: R1017: a spelled function application is computed (What is the square root of 144?)
2026-10-09T20:26:31.0347991Z ok 485 - R1017: a spelled function application is computed (What is the square root of 144?)
2026-10-09T20:26:31.0348056Z   ---
2026-10-09T20:26:31.0348129Z   duration_ms: 75.74172
2026-10-09T20:26:31.0348194Z   type: 'test'
2026-10-09T20:26:31.0348258Z   ...
2026-10-09T20:26:31.0348447Z # Subtest: R1017: a spelled function application is computed (Calculate the square root of 81)
2026-10-09T20:26:31.0348622Z ok 486 - R1017: a spelled function application is computed (Calculate the square root of 81)
2026-10-09T20:26:31.0348686Z   ---
2026-10-09T20:26:31.0348761Z   duration_ms: 49.038877
2026-10-09T20:26:31.0348827Z   type: 'test'
2026-10-09T20:26:31.0348892Z   ...
2026-10-09T20:26:31.0349200Z # Subtest: R1017: a spelled function application is computed (Сколько будет квадратный корень из 144?)
2026-10-09T20:26:31.0349457Z ok 487 - R1017: a spelled function application is computed (Сколько будет квадратный корень из 144?)
2026-10-09T20:26:31.0349531Z   ---
2026-10-09T20:26:31.0349599Z   duration_ms: 65.079319
2026-10-09T20:26:31.0349667Z   type: 'test'
2026-10-09T20:26:31.0349730Z   ...
2026-10-09T20:26:31.0349891Z # Subtest: R1017: a spelled function application is computed (What is sqrt(144)?)
2026-10-09T20:26:31.0350046Z ok 488 - R1017: a spelled function application is computed (What is sqrt(144)?)
2026-10-09T20:26:31.0350107Z   ---
2026-10-09T20:26:31.0350179Z   duration_ms: 74.973275
2026-10-09T20:26:31.0350248Z   type: 'test'
2026-10-09T20:26:31.0350307Z   ...
2026-10-09T20:26:31.0350489Z # Subtest: R1017: a spelled function application is computed (What is the square root of 2?)
2026-10-09T20:26:31.0350675Z ok 489 - R1017: a spelled function application is computed (What is the square root of 2?)
2026-10-09T20:26:31.0350737Z   ---
2026-10-09T20:26:31.0350808Z   duration_ms: 69.814035
2026-10-09T20:26:31.0350876Z   type: 'test'
2026-10-09T20:26:31.0351032Z   ...
2026-10-09T20:26:31.0351324Z # Subtest: R1017: a statement about a function value is not rewritten into a calculation
2026-10-09T20:26:31.0351492Z ok 490 - R1017: a statement about a function value is not rewritten into a calculation
2026-10-09T20:26:31.0351556Z   ---
2026-10-09T20:26:31.0351628Z   duration_ms: 1.017923
2026-10-09T20:26:31.0351691Z   type: 'test'
2026-10-09T20:26:31.0351756Z   ...
2026-10-09T20:26:31.0351912Z # Subtest: R1017: a list transformation without code answers with the result
2026-10-09T20:26:31.0352048Z ok 491 - R1017: a list transformation without code answers with the result
2026-10-09T20:26:31.0352114Z   ---
2026-10-09T20:26:31.0352188Z   duration_ms: 8280.101227
2026-10-09T20:26:31.0352253Z   type: 'test'
2026-10-09T20:26:31.0352433Z   ...
2026-10-09T20:26:31.0352594Z # Subtest: R999: every worker module has a budget shard with a written rationale
2026-10-09T20:26:31.0352748Z ok 492 - R999: every worker module has a budget shard with a written rationale
2026-10-09T20:26:31.0352815Z   ---
2026-10-09T20:26:31.0352883Z   duration_ms: 5.229677
2026-10-09T20:26:31.0352952Z   type: 'test'
2026-10-09T20:26:31.0353017Z   ...
2026-10-09T20:26:31.0353146Z # Subtest: R999: no worker module grows past its reviewed ceiling
2026-10-09T20:26:31.0353271Z ok 493 - R999: no worker module grows past its reviewed ceiling
2026-10-09T20:26:31.0353332Z   ---
2026-10-09T20:26:31.0353406Z   duration_ms: 14.760042
2026-10-09T20:26:31.0353475Z   type: 'test'
2026-10-09T20:26:31.0353535Z   ...
2026-10-09T20:26:31.0353692Z # Subtest: R999: a ceiling raised under the amendment names the handler it twins
2026-10-09T20:26:31.0353839Z ok 494 - R999: a ceiling raised under the amendment names the handler it twins
2026-10-09T20:26:31.0353900Z   ---
2026-10-09T20:26:31.0353976Z   duration_ms: 10.214312
2026-10-09T20:26:31.0354045Z   type: 'test'
2026-10-09T20:26:31.0354106Z   ...
2026-10-09T20:26:31.0354264Z # Subtest: the detector counts a waiting fragment on main as a pipeline change
2026-10-09T20:26:31.0354411Z ok 495 - the detector counts a waiting fragment on main as a pipeline change
2026-10-09T20:26:31.0354477Z   ---
2026-10-09T20:26:31.0354550Z   duration_ms: 1.097774
2026-10-09T20:26:31.0354612Z   type: 'test'
2026-10-09T20:26:31.0354676Z   ...
2026-10-09T20:26:31.0354886Z # Subtest: the release workflow opts in, and Auto Release's prerequisites follow any-code-changed
2026-10-09T20:26:31.0355077Z ok 496 - the release workflow opts in, and Auto Release's prerequisites follow any-code-changed
2026-10-09T20:26:31.0355142Z   ---
2026-10-09T20:26:31.0355209Z   duration_ms: 3.851998
2026-10-09T20:26:31.0355278Z   type: 'test'
2026-10-09T20:26:31.0355341Z   ...
2026-10-09T20:26:31.0355472Z # Subtest: the other workflows that run the detector do not opt in
2026-10-09T20:26:31.0355605Z ok 497 - the other workflows that run the detector do not opt in
2026-10-09T20:26:31.0355670Z   ---
2026-10-09T20:26:31.0355737Z   duration_ms: 0.298222
2026-10-09T20:26:31.0355806Z   type: 'test'
2026-10-09T20:26:31.0355872Z   ...
2026-10-09T20:26:31.0356085Z # Subtest: live Node SWE-bench, solve and ladder callers observe source, named tests and shared trace
2026-10-09T20:26:31.0356289Z ok 498 - live Node SWE-bench, solve and ladder callers observe source, named tests and shared trace
2026-10-09T20:26:31.0356349Z   ---
2026-10-09T20:26:31.0356426Z   duration_ms: 3481.617208
2026-10-09T20:26:31.0356493Z   type: 'test'
2026-10-09T20:26:31.0356554Z   ...
2026-10-09T20:26:31.0356757Z # Subtest: Node file ports refuse parent escapes and internal or broken symlinks before a write
2026-10-09T20:26:31.0356951Z ok 499 - Node file ports refuse parent escapes and internal or broken symlinks before a write
2026-10-09T20:26:31.0357012Z   ---
2026-10-09T20:26:31.0357085Z   duration_ms: 30.064016
2026-10-09T20:26:31.0357155Z   type: 'test'
2026-10-09T20:26:31.0357215Z   ...
2026-10-09T20:26:31.0357422Z # Subtest: bounded Node processes distinguish missing executables and real deadline exhaustion
2026-10-09T20:26:31.0357612Z ok 500 - bounded Node processes distinguish missing executables and real deadline exhaustion
2026-10-09T20:26:31.0357844Z   ---
2026-10-09T20:26:31.0357917Z   duration_ms: 103.883128
2026-10-09T20:26:31.0357981Z   type: 'test'
2026-10-09T20:26:31.0358046Z   ...
2026-10-09T20:26:31.0358298Z # Subtest: clone-at-base materializes only a tiny local fixture and refuses moving references before creation
2026-10-09T20:26:31.0358525Z ok 501 - clone-at-base materializes only a tiny local fixture and refuses moving references before creation
2026-10-09T20:26:31.0358589Z   ---
2026-10-09T20:26:31.0358662Z   duration_ms: 414.442985
2026-10-09T20:26:31.0358725Z   type: 'test'
2026-10-09T20:26:31.0358788Z   ...
2026-10-09T20:26:31.0359086Z # Subtest: bounded process output retains UTF-8 characters split across stdout and stderr chunks
2026-10-09T20:26:31.0359293Z ok 502 - bounded process output retains UTF-8 characters split across stdout and stderr chunks
2026-10-09T20:26:31.0359360Z   ---
2026-10-09T20:26:31.0359430Z   duration_ms: 87.513552
2026-10-09T20:26:31.0359505Z   type: 'test'
2026-10-09T20:26:31.0359569Z   ...
2026-10-09T20:26:31.0359724Z # Subtest: bounded output overflow never reports a successful process exit
2026-10-09T20:26:31.0359872Z ok 503 - bounded output overflow never reports a successful process exit
2026-10-09T20:26:31.0359933Z   ---
2026-10-09T20:26:31.0360005Z   duration_ms: 66.536132
2026-10-09T20:26:31.0360075Z   type: 'test'
2026-10-09T20:26:31.0360135Z   ...
2026-10-09T20:26:31.0360336Z # Subtest: a requirement-listing request answers the extracted requirements, one per line
2026-10-09T20:26:31.0360522Z ok 504 - a requirement-listing request answers the extracted requirements, one per line
2026-10-09T20:26:31.0360582Z   ---
2026-10-09T20:26:31.0360659Z   duration_ms: 2331.69297
2026-10-09T20:26:31.0360727Z   type: 'test'
2026-10-09T20:26:31.0360787Z   ...
2026-10-09T20:26:31.0360966Z # Subtest: without a payload, or with a payload stating no requirement, the rule declines
2026-10-09T20:26:31.0361129Z ok 505 - without a payload, or with a payload stating no requirement, the rule declines
2026-10-09T20:26:31.0361290Z   ---
2026-10-09T20:26:31.0361366Z   duration_ms: 295.972234
2026-10-09T20:26:31.0361430Z   type: 'test'
2026-10-09T20:26:31.0361496Z   ...
2026-10-09T20:26:31.0361679Z # Subtest: a listing phrase inside the pasted text never routes: the command head decides
2026-10-09T20:26:31.0361846Z ok 506 - a listing phrase inside the pasted text never routes: the command head decides
2026-10-09T20:26:31.0361912Z   ---
2026-10-09T20:26:31.0361983Z   duration_ms: 99.275469
2026-10-09T20:26:31.0362047Z   type: 'test'
2026-10-09T20:26:31.0362111Z   ...
2026-10-09T20:26:31.0362316Z # Subtest: the full-width colon of CJK text ends a command head, and CJK characters count as words
2026-10-09T20:26:31.0362513Z ok 507 - the full-width colon of CJK text ends a command head, and CJK characters count as words
2026-10-09T20:26:31.0362578Z   ---
2026-10-09T20:26:31.0362649Z   duration_ms: 0.409952
2026-10-09T20:26:31.0362721Z   type: 'test'
2026-10-09T20:26:31.0362785Z   ...
2026-10-09T20:26:31.0362957Z # Subtest: the worker extractor is the crate extractor over the whole benchmark corpus
2026-10-09T20:26:31.0363125Z ok 508 - the worker extractor is the crate extractor over the whole benchmark corpus
2026-10-09T20:26:31.0363192Z   ---
2026-10-09T20:26:31.0363262Z   duration_ms: 1747.908422
2026-10-09T20:26:31.0363332Z   type: 'test'
2026-10-09T20:26:31.0363392Z   ...
2026-10-09T20:26:31.0363537Z # Subtest: the round trip chooses among the surfaces Wiktionary offers
2026-10-09T20:26:31.0363674Z ok 509 - the round trip chooses among the surfaces Wiktionary offers
2026-10-09T20:26:31.0363735Z   ---
2026-10-09T20:26:31.0363808Z   duration_ms: 1775.458145
2026-10-09T20:26:31.0363875Z   type: 'test'
2026-10-09T20:26:31.0363937Z   ...
2026-10-09T20:26:31.0364111Z # Subtest: the chat translation answers with the surface whose meaning comes back
2026-10-09T20:26:31.0364268Z ok 510 - the chat translation answers with the surface whose meaning comes back
2026-10-09T20:26:31.0364440Z   ---
2026-10-09T20:26:31.0364515Z   duration_ms: 378.703716
2026-10-09T20:26:31.0364578Z   type: 'test'
2026-10-09T20:26:31.0364646Z   ...
2026-10-09T20:26:31.0364819Z # Subtest: where the round trip cannot tell the surfaces apart, the first one stands
2026-10-09T20:26:31.0364981Z ok 511 - where the round trip cannot tell the surfaces apart, the first one stands
2026-10-09T20:26:31.0365045Z   ---
2026-10-09T20:26:31.0365118Z   duration_ms: 23.599752
2026-10-09T20:26:31.0365182Z   type: 'test'
2026-10-09T20:26:31.0365247Z   ...
2026-10-09T20:26:31.0365345Z # Subtest: a stock phrase keeps its first form
2026-10-09T20:26:31.0365439Z ok 512 - a stock phrase keeps its first form
2026-10-09T20:26:31.0365505Z   ---
2026-10-09T20:26:31.0365665Z   duration_ms: 28.469653
2026-10-09T20:26:31.0365738Z   type: 'test'
2026-10-09T20:26:31.0365802Z   ...
2026-10-09T20:26:31.0366086Z # Subtest: every original assertion executes from actual native source: natural_language_skill_compiles_to_reusable_package
2026-10-09T20:26:31.0366357Z ok 513 - every original assertion executes from actual native source: natural_language_skill_compiles_to_reusable_package
2026-10-09T20:26:31.0366418Z   ---
2026-10-09T20:26:31.0366494Z   duration_ms: 2560.852338
2026-10-09T20:26:31.0366562Z   type: 'test'
2026-10-09T20:26:31.0366622Z   ...
2026-10-09T20:26:31.0366911Z # Subtest: every original assertion executes from actual native source: natural_language_skill_compiles_supported_language_shapes
2026-10-09T20:26:31.0367188Z ok 514 - every original assertion executes from actual native source: natural_language_skill_compiles_supported_language_shapes
2026-10-09T20:26:31.0367248Z   ---
2026-10-09T20:26:31.0367321Z   duration_ms: 1637.318408
2026-10-09T20:26:31.0367391Z   type: 'test'
2026-10-09T20:26:31.0367451Z   ...
2026-10-09T20:26:31.0367773Z # Subtest: every original assertion executes from actual native source: compiled_package_replays_deterministically_and_exports_links_notation
2026-10-09T20:26:31.0368086Z ok 515 - every original assertion executes from actual native source: compiled_package_replays_deterministically_and_exports_links_notation
2026-10-09T20:26:31.0368147Z   ---
2026-10-09T20:26:31.0368219Z   duration_ms: 1720.281093
2026-10-09T20:26:31.0368281Z   type: 'test'
2026-10-09T20:26:31.0368348Z   ...
2026-10-09T20:26:31.0368651Z # Subtest: every original assertion executes from actual native source: solver_prefers_compiled_skill_from_history_and_records_cache_hit
2026-10-09T20:26:31.0368938Z ok 516 - every original assertion executes from actual native source: solver_prefers_compiled_skill_from_history_and_records_cache_hit
2026-10-09T20:26:31.0369003Z   ---
2026-10-09T20:26:31.0369076Z   duration_ms: 3788.751078
2026-10-09T20:26:31.0369142Z   type: 'test'
2026-10-09T20:26:31.0369211Z   ...
2026-10-09T20:26:31.0369492Z # Subtest: every original assertion executes from actual native source: behavior_rules_count_includes_dialog_local_runtime_rules
2026-10-09T20:26:31.0369757Z ok 517 - every original assertion executes from actual native source: behavior_rules_count_includes_dialog_local_runtime_rules
2026-10-09T20:26:31.0369825Z   ---
2026-10-09T20:26:31.0369898Z   duration_ms: 3819.622596
2026-10-09T20:26:31.0369962Z   type: 'test'
2026-10-09T20:26:31.0370028Z   ...
2026-10-09T20:26:31.0370238Z # Subtest: arbitrary local record names and imported compiler aliases use one typed loop mechanism
2026-10-09T20:26:31.0370439Z ok 518 - arbitrary local record names and imported compiler aliases use one typed loop mechanism
2026-10-09T20:26:31.0370504Z   ---
2026-10-09T20:26:31.0370573Z   duration_ms: 1.721569
2026-10-09T20:26:31.0370640Z   type: 'test'
2026-10-09T20:26:31.0370703Z   ...
2026-10-09T20:26:31.0370857Z # Subtest: wrong assertions fail and stop before later original operations
2026-10-09T20:26:31.0371006Z ok 519 - wrong assertions fail and stop before later original operations
2026-10-09T20:26:31.0371066Z   ---
2026-10-09T20:26:31.0371233Z   duration_ms: 1969.988495
2026-10-09T20:26:31.0371436Z   type: 'test'
2026-10-09T20:26:31.0371496Z   ...
2026-10-09T20:26:31.0371697Z # Subtest: unknown fields and effects reject the entire case rather than dropping assertions
2026-10-09T20:26:31.0371885Z ok 520 - unknown fields and effects reject the entire case rather than dropping assertions
2026-10-09T20:26:31.0371945Z   ---
2026-10-09T20:26:31.0372019Z   duration_ms: 0.598647
2026-10-09T20:26:31.0372087Z   type: 'test'
2026-10-09T20:26:31.0372146Z   ...
2026-10-09T20:26:31.0372291Z # Subtest: Result and Option expectations execute genuine failure states
2026-10-09T20:26:31.0372429Z ok 521 - Result and Option expectations execute genuine failure states
2026-10-09T20:26:31.0372496Z   ---
2026-10-09T20:26:31.0372568Z   duration_ms: 1.983306
2026-10-09T20:26:31.0372724Z   type: 'test'
2026-10-09T20:26:31.0372792Z   ...
2026-10-09T20:26:31.0372947Z # Subtest: engine, offline and misleading helper bodies remain unsupported
2026-10-09T20:26:31.0373084Z ok 522 - engine, offline and misleading helper bodies remain unsupported
2026-10-09T20:26:31.0373155Z   ---
2026-10-09T20:26:31.0373226Z   duration_ms: 1.027828
2026-10-09T20:26:31.0373289Z   type: 'test'
2026-10-09T20:26:31.0373354Z   ...
2026-10-09T20:26:31.0373554Z # Subtest: actual earlier answers enter history and newest user packages preserve dedup controls
2026-10-09T20:26:31.0373750Z ok 523 - actual earlier answers enter history and newest user packages preserve dedup controls
2026-10-09T20:26:31.0373815Z   ---
2026-10-09T20:26:31.0373886Z   duration_ms: 2004.318018
2026-10-09T20:26:31.0373955Z   type: 'test'
2026-10-09T20:26:31.0374020Z   ...
2026-10-09T20:26:31.0374194Z # Subtest: native source identity and fixture freshness cannot be invented by callers
2026-10-09T20:26:31.0374367Z ok 524 - native source identity and fixture freshness cannot be invented by callers
2026-10-09T20:26:31.0374433Z   ---
2026-10-09T20:26:31.0374500Z   duration_ms: 1.592283
2026-10-09T20:26:31.0374567Z   type: 'test'
2026-10-09T20:26:31.0374628Z   ...
2026-10-09T20:26:31.0374785Z # Subtest: effectful array elements execute in native left-to-right order
2026-10-09T20:26:31.0374931Z ok 525 - effectful array elements execute in native left-to-right order
2026-10-09T20:26:31.0374992Z   ---
2026-10-09T20:26:31.0375067Z   duration_ms: 17.804413
2026-10-09T20:26:31.0375134Z   type: 'test'
2026-10-09T20:26:31.0375193Z   ...
2026-10-09T20:26:31.0375337Z # Subtest: diagnostic field chains cannot hide an unexecuted effect
2026-10-09T20:26:31.0375474Z ok 526 - diagnostic field chains cannot hide an unexecuted effect
2026-10-09T20:26:31.0375536Z   ---
2026-10-09T20:26:31.0375606Z   duration_ms: 0.482722
2026-10-09T20:26:31.0375670Z   type: 'test'
2026-10-09T20:26:31.0375734Z   ...
2026-10-09T20:26:31.0376029Z # Subtest: semantic goals stay unsupported without overwriting prose Implement a resolver in output.mjs with meaningful tests.
2026-10-09T20:26:31.0376296Z ok 527 - semantic goals stay unsupported without overwriting prose Implement a resolver in output.mjs with meaningful tests.
2026-10-09T20:26:31.0376363Z   ---
2026-10-09T20:26:31.0376437Z   duration_ms: 2486.540839
2026-10-09T20:26:31.0376500Z   type: 'test'
2026-10-09T20:26:31.0376564Z   ...
2026-10-09T20:26:31.0377056Z # Subtest: semantic goals stay unsupported without overwriting prose Implement a resolver in output.mjs with meaningful tests. Note «meaningful tests.» elsewhere.
2026-10-09T20:26:31.0377492Z ok 528 - semantic goals stay unsupported without overwriting prose Implement a resolver in output.mjs with meaningful tests. Note «meaningful tests.» elsewhere.
2026-10-09T20:26:31.0377559Z   ---
2026-10-09T20:26:31.0377628Z   duration_ms: 80.096081
2026-10-09T20:26:31.0377697Z   type: 'test'
2026-10-09T20:26:31.0377761Z   ...
2026-10-09T20:26:31.0378350Z # Subtest: semantic goals stay unsupported without overwriting prose Implement a helper in folder/方法-α.mjs with source-backed symlinks initially.
2026-10-09T20:26:31.0378775Z ok 529 - semantic goals stay unsupported without overwriting prose Implement a helper in folder/方法-α.mjs with source-backed symlinks initially.
2026-10-09T20:26:31.0378939Z   ---
2026-10-09T20:26:31.0379012Z   duration_ms: 1671.093935
2026-10-09T20:26:31.0379083Z   type: 'test'
2026-10-09T20:26:31.0379148Z   ...
2026-10-09T20:26:31.0379455Z # Subtest: semantic goals stay unsupported without overwriting prose Implement a helper in output.mjs. Do not invent source links.
2026-10-09T20:26:31.0379742Z ok 530 - semantic goals stay unsupported without overwriting prose Implement a helper in output.mjs. Do not invent source links.
2026-10-09T20:26:31.0379807Z   ---
2026-10-09T20:26:31.0379874Z   duration_ms: 49.993088
2026-10-09T20:26:31.0379942Z   type: 'test'
2026-10-09T20:26:31.0380002Z   ...
2026-10-09T20:26:31.0380285Z # Subtest: worker/root literal bytes agree Create output.mjs with exactly this content: hello
2026-10-09T20:26:31.0380480Z ok 531 - worker/root literal bytes agree Create output.mjs with exactly this content: hello
2026-10-09T20:26:31.0380540Z   ---
2026-10-09T20:26:31.0380615Z   duration_ms: 344.74654
2026-10-09T20:26:31.0380689Z   type: 'test'
2026-10-09T20:26:31.0380748Z   ...
2026-10-09T20:26:31.0381022Z # Subtest: worker/root literal bytes agree Implement a resolver in output.mjs with «const x = 1;».
2026-10-09T20:26:31.0381394Z ok 532 - worker/root literal bytes agree Implement a resolver in output.mjs with «const x = 1;».
2026-10-09T20:26:31.0381456Z   ---
2026-10-09T20:26:31.0381531Z   duration_ms: 7.399606
2026-10-09T20:26:31.0381596Z   type: 'test'
2026-10-09T20:26:31.0381663Z   ...
2026-10-09T20:26:31.0381910Z # Subtest: worker/root literal bytes agree Implement a resolver in output.mjs with exactly this content: hello
2026-10-09T20:26:31.0382135Z ok 533 - worker/root literal bytes agree Implement a resolver in output.mjs with exactly this content: hello
2026-10-09T20:26:31.0382211Z   ---
2026-10-09T20:26:31.0382284Z   duration_ms: 10.20651
2026-10-09T20:26:31.0382349Z   type: 'test'
2026-10-09T20:26:31.0382420Z   ...
2026-10-09T20:26:31.0382729Z # Subtest: worker/root literal bytes agree Note İK𐐷 😀 café.\\nCreate file x.txt containing «hello».
2026-10-09T20:26:31.0383029Z ok 534 - worker/root literal bytes agree Note İK𐐷 😀 café.\\nCreate file x.txt containing «hello».
2026-10-09T20:26:31.0383095Z   ---
2026-10-09T20:26:31.0383165Z   duration_ms: 7.274897
2026-10-09T20:26:31.0383232Z   type: 'test'
2026-10-09T20:26:31.0383292Z   ...
2026-10-09T20:26:31.0383554Z # Subtest: worker/root literal bytes agree Create rows.txt with content «  seed\\n    row true\\n».
2026-10-09T20:26:31.0383806Z ok 535 - worker/root literal bytes agree Create rows.txt with content «  seed\\n    row true\\n».
2026-10-09T20:26:31.0383867Z   ---
2026-10-09T20:26:31.0383943Z   duration_ms: 6.197263
2026-10-09T20:26:31.0384010Z   type: 'test'
2026-10-09T20:26:31.0384068Z   ...
2026-10-09T20:26:31.0384291Z # Subtest: worker/root literal bytes agree Create punctuation.txt containing exactly: symbols \#!?
2026-10-09T20:26:31.0384494Z ok 536 - worker/root literal bytes agree Create punctuation.txt containing exactly: symbols \#!?
2026-10-09T20:26:31.0384562Z   ---
2026-10-09T20:26:31.0384636Z   duration_ms: 15.456198
2026-10-09T20:26:31.0384699Z   type: 'test'
2026-10-09T20:26:31.0384765Z   ...
2026-10-09T20:26:31.0385353Z # Subtest: positive owned recipe survives Translate the entire source code of our system to the links / meta language and back to source, and record the whole-repository source-to-links projection in Links Notation so we can recompile ourselves.
2026-10-09T20:26:31.0385895Z ok 537 - positive owned recipe survives Translate the entire source code of our system to the links / meta language and back to source, and record the whole-repository source-to-links projection in Links Notation so we can recompile ourselves.
2026-10-09T20:26:31.0385961Z   ---
2026-10-09T20:26:31.0386035Z   duration_ms: 8.743843
2026-10-09T20:26:31.0386099Z   type: 'test'
2026-10-09T20:26:31.0386165Z   ...
2026-10-09T20:26:31.0386385Z # Subtest: positive owned recipe survives recompile yourself: project the whole source graph to links
2026-10-09T20:26:31.0386723Z ok 538 - positive owned recipe survives recompile yourself: project the whole source graph to links
2026-10-09T20:26:31.0386789Z   ---
2026-10-09T20:26:31.0386860Z   duration_ms: 6.40639
2026-10-09T20:26:31.0386923Z   type: 'test'
2026-10-09T20:26:31.0386986Z   ...
2026-10-09T20:26:31.0387193Z # Subtest: positive owned recipe survives translate the entire source of the system to links and back
2026-10-09T20:26:31.0387396Z ok 539 - positive owned recipe survives translate the entire source of the system to links and back
2026-10-09T20:26:31.0387460Z   ---
2026-10-09T20:26:31.0387526Z   duration_ms: 1.820389
2026-10-09T20:26:31.0387594Z   type: 'test'
2026-10-09T20:26:31.0387659Z   ...
2026-10-09T20:26:31.0387885Z # Subtest: positive owned recipe survives source links
2026-10-09T20:26:31.0387995Z ok 540 - positive owned recipe survives source links
2026-10-09T20:26:31.0388058Z   ---
2026-10-09T20:26:31.0388124Z   duration_ms: 0.892252
2026-10-09T20:26:31.0388193Z   type: 'test'
2026-10-09T20:26:31.0388255Z   ...
2026-10-09T20:26:31.0388408Z # Subtest: positive owned recipe survives Create a source graph report.
2026-10-09T20:26:31.0388546Z ok 541 - positive owned recipe survives Create a source graph report.
2026-10-09T20:26:31.0388606Z   ---
2026-10-09T20:26:31.0388677Z   duration_ms: 0.616524
2026-10-09T20:26:31.0388743Z   type: 'test'
2026-10-09T20:26:31.0388802Z   ...
2026-10-09T20:26:31.0389041Z # Subtest: positive owned recipe survives Translate all source to links and back without overwriting source.
2026-10-09T20:26:31.0389261Z ok 542 - positive owned recipe survives Translate all source to links and back without overwriting source.
2026-10-09T20:26:31.0389325Z   ---
2026-10-09T20:26:31.0389396Z   duration_ms: 4.293689
2026-10-09T20:26:31.0389461Z   type: 'test'
2026-10-09T20:26:31.0389526Z   ...
2026-10-09T20:26:31.0389717Z # Subtest: positive owned recipe survives Пересобери исходный код.
2026-10-09T20:26:31.0389878Z ok 543 - positive owned recipe survives Пересобери исходный код.
2026-10-09T20:26:31.0389949Z   ---
2026-10-09T20:26:31.0390022Z   duration_ms: 0.564646
2026-10-09T20:26:31.0390085Z   type: 'test'
2026-10-09T20:26:31.0390149Z   ...
2026-10-09T20:26:31.0390315Z # Subtest: positive owned recipe survives पुनः संकलित करो स्रोत।
2026-10-09T20:26:31.0390478Z ok 544 - positive owned recipe survives पुनः संकलित करो स्रोत।
2026-10-09T20:26:31.0390542Z   ---
2026-10-09T20:26:31.0390608Z   duration_ms: 0.308728
2026-10-09T20:26:31.0390676Z   type: 'test'
2026-10-09T20:26:31.0390740Z   ...
2026-10-09T20:26:31.0390899Z # Subtest: positive owned recipe survives 重新编译源码。
2026-10-09T20:26:31.0391034Z ok 545 - positive owned recipe survives 重新编译源码。
2026-10-09T20:26:31.0391095Z   ---
2026-10-09T20:26:31.0391255Z   duration_ms: 0.379755
2026-10-09T20:26:31.0391333Z   type: 'test'
2026-10-09T20:26:31.0391394Z   ...
2026-10-09T20:26:31.0391587Z # Subtest: positive owned recipe survives Recompila el código fuente.
2026-10-09T20:26:31.0391765Z ok 546 - positive owned recipe survives Recompila el código fuente.
2026-10-09T20:26:31.0391834Z   ---
2026-10-09T20:26:31.0391905Z   duration_ms: 0.298082
2026-10-09T20:26:31.0391968Z   type: 'test'
2026-10-09T20:26:31.0392034Z   ...
2026-10-09T20:26:31.0392289Z # Subtest: unowned quote/path/negative/identifier cue refuses recipe Initially inspect source-backed symlinks.
2026-10-09T20:26:31.0392521Z ok 547 - unowned quote/path/negative/identifier cue refuses recipe Initially inspect source-backed symlinks.
2026-10-09T20:26:31.0392586Z   ---
2026-10-09T20:26:31.0392658Z   duration_ms: 5.150948
2026-10-09T20:26:31.0392721Z   type: 'test'
2026-10-09T20:26:31.0392785Z   ...
2026-10-09T20:26:31.0393023Z # Subtest: unowned quote/path/negative/identifier cue refuses recipe Inspect callback links in all-source.mjs.
2026-10-09T20:26:31.0393251Z ok 548 - unowned quote/path/negative/identifier cue refuses recipe Inspect callback links in all-source.mjs.
2026-10-09T20:26:31.0393317Z   ---
2026-10-09T20:26:31.0393388Z   duration_ms: 0.892813
2026-10-09T20:26:31.0393450Z   type: 'test'
2026-10-09T20:26:31.0393629Z   ...
2026-10-09T20:26:31.0393825Z # Subtest: unowned quote/path/negative/identifier cue refuses recipe Read source-links.mjs.
2026-10-09T20:26:31.0394015Z ok 549 - unowned quote/path/negative/identifier cue refuses recipe Read source-links.mjs.
2026-10-09T20:26:31.0394080Z   ---
2026-10-09T20:26:31.0394146Z   duration_ms: 3.837366
2026-10-09T20:26:31.0394214Z   type: 'test'
2026-10-09T20:26:31.0394277Z   ...
2026-10-09T20:26:31.0394506Z # Subtest: unowned quote/path/negative/identifier cue refuses recipe Read tools/source-links/manifest.txt.
2026-10-09T20:26:31.0394732Z ok 550 - unowned quote/path/negative/identifier cue refuses recipe Read tools/source-links/manifest.txt.
2026-10-09T20:26:31.0394797Z   ---
2026-10-09T20:26:31.0394955Z   duration_ms: 0.608913
2026-10-09T20:26:31.0395025Z   type: 'test'
2026-10-09T20:26:31.0395085Z   ...
2026-10-09T20:26:31.0395377Z # Subtest: unowned quote/path/negative/identifier cue refuses recipe Implement a resolver in output.mjs using source links.
2026-10-09T20:26:31.0395655Z ok 551 - unowned quote/path/negative/identifier cue refuses recipe Implement a resolver in output.mjs using source links.
2026-10-09T20:26:31.0395716Z   ---
2026-10-09T20:26:31.0395788Z   duration_ms: 1.265548
2026-10-09T20:26:31.0395854Z   type: 'test'
2026-10-09T20:26:31.0395913Z   ...
2026-10-09T20:26:31.0396168Z # Subtest: unowned quote/path/negative/identifier cue refuses recipe Implement source links support in output.mjs.
2026-10-09T20:26:31.0396420Z ok 552 - unowned quote/path/negative/identifier cue refuses recipe Implement source links support in output.mjs.
2026-10-09T20:26:31.0396479Z   ---
2026-10-09T20:26:31.0396550Z   duration_ms: 1.258398
2026-10-09T20:26:31.0396612Z   type: 'test'
2026-10-09T20:26:31.0396677Z   ...
2026-10-09T20:26:31.0397001Z # Subtest: unowned quote/path/negative/identifier cue refuses recipe Create file x.txt containing «source links».
2026-10-09T20:26:31.0397299Z ok 553 - unowned quote/path/negative/identifier cue refuses recipe Create file x.txt containing «source links».
2026-10-09T20:26:31.0397369Z   ---
2026-10-09T20:26:31.0397440Z   duration_ms: 0.73208
2026-10-09T20:26:31.0397503Z   type: 'test'
2026-10-09T20:26:31.0397566Z   ...
2026-10-09T20:26:31.0397961Z # Subtest: unowned quote/path/negative/identifier cue refuses recipe Create file x.txt containing «Translate all source to links and back».
2026-10-09T20:26:31.0398325Z ok 554 - unowned quote/path/negative/identifier cue refuses recipe Create file x.txt containing «Translate all source to links and back».
2026-10-09T20:26:31.0398389Z   ---
2026-10-09T20:26:31.0398456Z   duration_ms: 0.705269
2026-10-09T20:26:31.0398524Z   type: 'test'
2026-10-09T20:26:31.0398626Z   ...
2026-10-09T20:26:31.0398928Z # Subtest: unowned quote/path/negative/identifier cue refuses recipe Translate all source. Links and back are discussed separately.
2026-10-09T20:26:31.0399216Z ok 555 - unowned quote/path/negative/identifier cue refuses recipe Translate all source. Links and back are discussed separately.
2026-10-09T20:26:31.0399292Z   ---
2026-10-09T20:26:31.0399368Z   duration_ms: 1.533825
2026-10-09T20:26:31.0399441Z   type: 'test'
2026-10-09T20:26:31.0399507Z   ...
2026-10-09T20:26:31.0399824Z # Subtest: unowned quote/path/negative/identifier cue refuses recipe Do not invent fetch timestamps, source links or topic-specific records.
2026-10-09T20:26:31.0400127Z ok 556 - unowned quote/path/negative/identifier cue refuses recipe Do not invent fetch timestamps, source links or topic-specific records.
2026-10-09T20:26:31.0400194Z   ---
2026-10-09T20:26:31.0400263Z   duration_ms: 0.911692
2026-10-09T20:26:31.0400333Z   type: 'test'
2026-10-09T20:26:31.0400394Z   ...
2026-10-09T20:26:31.0400611Z # Subtest: unowned quote/path/negative/identifier cue refuses recipe Never recompile the source.
2026-10-09T20:26:31.0400814Z ok 557 - unowned quote/path/negative/identifier cue refuses recipe Never recompile the source.
2026-10-09T20:26:31.0400875Z   ---
2026-10-09T20:26:31.0400949Z   duration_ms: 0.801715
2026-10-09T20:26:31.0401105Z   type: 'test'
2026-10-09T20:26:31.0401250Z   ...
2026-10-09T20:26:31.0401511Z # Subtest: unowned quote/path/negative/identifier cue refuses recipe Не создавай source links.
2026-10-09T20:26:31.0401762Z ok 558 - unowned quote/path/negative/identifier cue refuses recipe Не создавай source links.
2026-10-09T20:26:31.0401825Z   ---
2026-10-09T20:26:31.0401900Z   duration_ms: 0.942639
2026-10-09T20:26:31.0401965Z   type: 'test'
2026-10-09T20:26:31.0402034Z   ...
2026-10-09T20:26:31.0402300Z # Subtest: unowned quote/path/negative/identifier cue refuses recipe 不要生成 source links。
2026-10-09T20:26:31.0402522Z ok 559 - unowned quote/path/negative/identifier cue refuses recipe 不要生成 source links。
2026-10-09T20:26:31.0402591Z   ---
2026-10-09T20:26:31.0402774Z   duration_ms: 0.89735
2026-10-09T20:26:31.0402842Z   type: 'test'
2026-10-09T20:26:31.0402910Z   ...
2026-10-09T20:26:31.0403106Z # Subtest: unowned quote/path/negative/identifier cue refuses recipe No crees source links.
2026-10-09T20:26:31.0403303Z ok 560 - unowned quote/path/negative/identifier cue refuses recipe No crees source links.
2026-10-09T20:26:31.0403369Z   ---
2026-10-09T20:26:31.0403439Z   duration_ms: 0.797739
2026-10-09T20:26:31.0403509Z   type: 'test'
2026-10-09T20:26:31.0403576Z   ...
2026-10-09T20:26:31.0403751Z # Subtest: unowned quote/path/negative/identifier cue refuses recipe source linksHelper
2026-10-09T20:26:31.0403923Z ok 561 - unowned quote/path/negative/identifier cue refuses recipe source linksHelper
2026-10-09T20:26:31.0403988Z   ---
2026-10-09T20:26:31.0404057Z   duration_ms: 0.761565
2026-10-09T20:26:31.0404126Z   type: 'test'
2026-10-09T20:26:31.0404187Z   ...
2026-10-09T20:26:31.0404431Z # Subtest: unowned quote/path/negative/identifier cue refuses recipe RecompileHelper reads a source graph.
2026-10-09T20:26:31.0404661Z ok 562 - unowned quote/path/negative/identifier cue refuses recipe RecompileHelper reads a source graph.
2026-10-09T20:26:31.0404722Z   ---
2026-10-09T20:26:31.0404796Z   duration_ms: 0.958243
2026-10-09T20:26:31.0404868Z   type: 'test'
2026-10-09T20:26:31.0404929Z   ...
2026-10-09T20:26:31.0405150Z # Subtest: unowned quote/path/negative/identifier cue refuses recipe Explain what recompile means.
2026-10-09T20:26:31.0405357Z ok 563 - unowned quote/path/negative/identifier cue refuses recipe Explain what recompile means.
2026-10-09T20:26:31.0405419Z   ---
2026-10-09T20:26:31.0405494Z   duration_ms: 0.96325
2026-10-09T20:26:31.0405558Z   type: 'test'
2026-10-09T20:26:31.0405626Z   ...
2026-10-09T20:26:31.0405775Z # Subtest: negation elsewhere does not erase real positive instruction
2026-10-09T20:26:31.0405912Z ok 564 - negation elsewhere does not erase real positive instruction
2026-10-09T20:26:31.0405978Z   ---
2026-10-09T20:26:31.0406050Z   duration_ms: 1.710913
2026-10-09T20:26:31.0406116Z   type: 'test'
2026-10-09T20:26:31.0406183Z   ...
2026-10-09T20:26:31.0406320Z # Subtest: a source read is independent of semantic implementation
2026-10-09T20:26:31.0406450Z ok 565 - a source read is independent of semantic implementation
2026-10-09T20:26:31.0406518Z   ---
2026-10-09T20:26:31.0406591Z   duration_ms: 918.326625
2026-10-09T20:26:31.0406662Z   type: 'test'
2026-10-09T20:26:31.0406727Z   ...
2026-10-09T20:26:31.0406888Z # Subtest: raw literal source physically preserves semicolon and quoted cues
2026-10-09T20:26:31.0407041Z ok 566 - raw literal source physically preserves semicolon and quoted cues
2026-10-09T20:26:31.0407108Z   ---
2026-10-09T20:26:31.0407178Z   duration_ms: 108.328914
2026-10-09T20:26:31.0407248Z   type: 'test'
2026-10-09T20:26:31.0407309Z   ...
2026-10-09T20:26:31.0407426Z # Subtest: without consent the import keeps every event
2026-10-09T20:26:31.0407537Z ok 567 - without consent the import keeps every event
2026-10-09T20:26:31.0407598Z   ---
2026-10-09T20:26:31.0407674Z   duration_ms: 4.919496
2026-10-09T20:26:31.0407744Z   type: 'test'
2026-10-09T20:26:31.0407807Z   ...
2026-10-09T20:26:31.0407957Z # Subtest: a declined choice keeps every event and is not "never asked"
2026-10-09T20:26:31.0408233Z ok 568 - a declined choice keeps every event and is not "never asked"
2026-10-09T20:26:31.0408298Z   ---
2026-10-09T20:26:31.0408370Z   duration_ms: 1.198277
2026-10-09T20:26:31.0408435Z   type: 'test'
2026-10-09T20:26:31.0408501Z   ...
2026-10-09T20:26:31.0408674Z # Subtest: with consent the import purges a deleted conversation, marker included
2026-10-09T20:26:31.0408830Z ok 569 - with consent the import purges a deleted conversation, marker included
2026-10-09T20:26:31.0408899Z   ---
2026-10-09T20:26:31.0408975Z   duration_ms: 26.707853
2026-10-09T20:26:31.0409039Z   type: 'test'
2026-10-09T20:26:31.0409104Z   ...
2026-10-09T20:26:31.0409231Z # Subtest: the preference sidecar sits next to the memory file
2026-10-09T20:26:31.0409429Z ok 570 - the preference sidecar sits next to the memory file
2026-10-09T20:26:31.0409497Z   ---
2026-10-09T20:26:31.0409567Z   duration_ms: 0.328528
2026-10-09T20:26:31.0409638Z   type: 'test'
2026-10-09T20:26:31.0409704Z   ...
2026-10-09T20:26:31.0409935Z # Subtest: duplicate recomputable records keep the most-used copy and leave a reconstruction record
2026-10-09T20:26:31.0410144Z ok 571 - duplicate recomputable records keep the most-used copy and leave a reconstruction record
2026-10-09T20:26:31.0410205Z   ---
2026-10-09T20:26:31.0410279Z   duration_ms: 8.492653
2026-10-09T20:26:31.0410347Z   type: 'test'
2026-10-09T20:26:31.0410407Z   ...
2026-10-09T20:26:31.0410578Z # Subtest: pressure eviction stops at the target and never touches raw experience
2026-10-09T20:26:31.0410738Z ok 572 - pressure eviction stops at the target and never touches raw experience
2026-10-09T20:26:31.0410799Z   ---
2026-10-09T20:26:31.0410874Z   duration_ms: 12.813923
2026-10-09T20:26:31.0410942Z   type: 'test'
2026-10-09T20:26:31.0411004Z   ...
2026-10-09T20:26:31.0411274Z # Subtest: the planner keeps raw messages and learning out of every action
2026-10-09T20:26:31.0411415Z ok 573 - the planner keeps raw messages and learning out of every action
2026-10-09T20:26:31.0411482Z   ---
2026-10-09T20:26:31.0411559Z   duration_ms: 0.838852
2026-10-09T20:26:31.0411625Z   type: 'test'
2026-10-09T20:26:31.0411691Z   ...
2026-10-09T20:26:31.0411806Z # Subtest: the Debug rendering escapes like Rust `str`
2026-10-09T20:26:31.0411909Z ok 574 - the Debug rendering escapes like Rust `str`
2026-10-09T20:26:31.0411975Z   ---
2026-10-09T20:26:31.0412044Z   duration_ms: 0.339514
2026-10-09T20:26:31.0412114Z   type: 'test'
2026-10-09T20:26:31.0412179Z   ...
2026-10-09T20:26:31.0412382Z # Subtest: consented freeing bakes the learned amendment and forgets the covered specifics first
2026-10-09T20:26:31.0412580Z ok 575 - consented freeing bakes the learned amendment and forgets the covered specifics first
2026-10-09T20:26:31.0412644Z   ---
2026-10-09T20:26:31.0412719Z   duration_ms: 2932.411248
2026-10-09T20:26:31.0412788Z   type: 'test'
2026-10-09T20:26:31.0412853Z   ...
2026-10-09T20:26:31.0413032Z # Subtest: a repeated tool procedure becomes a held-out-validated algorithm proposal
2026-10-09T20:26:31.0413211Z ok 576 - a repeated tool procedure becomes a held-out-validated algorithm proposal
2026-10-09T20:26:31.0413273Z   ---
2026-10-09T20:26:31.0413347Z   duration_ms: 3.973833
2026-10-09T20:26:31.0413415Z   type: 'test'
2026-10-09T20:26:31.0413476Z   ...
2026-10-09T20:26:31.0413616Z # Subtest: the prompt link is the one the Rust server answers with
2026-10-09T20:26:31.0413742Z ok 577 - the prompt link is the one the Rust server answers with
2026-10-09T20:26:31.0413803Z   ---
2026-10-09T20:26:31.0413878Z   duration_ms: 1403.679461
2026-10-09T20:26:31.0413942Z   type: 'test'
2026-10-09T20:26:31.0414009Z   ...
2026-10-09T20:26:31.0414214Z # Subtest: event ids hash kind, position and payload exactly as EventLog::append
2026-10-09T20:26:31.0414373Z ok 578 - event ids hash kind, position and payload exactly as EventLog::append
2026-10-09T20:26:31.0414439Z   ---
2026-10-09T20:26:31.0414510Z   duration_ms: 0.794304
2026-10-09T20:26:31.0414575Z   type: 'test'
2026-10-09T20:26:31.0414641Z   ...
2026-10-09T20:26:31.0414910Z # Subtest: every arm shape of build_evidence_links
2026-10-09T20:26:31.0415006Z ok 579 - every arm shape of build_evidence_links
2026-10-09T20:26:31.0415072Z   ---
2026-10-09T20:26:31.0415142Z   duration_ms: 0.33678
2026-10-09T20:26:31.0415211Z   type: 'test'
2026-10-09T20:26:31.0415275Z   ...
2026-10-09T20:26:31.0415404Z # Subtest: the Responses evidence projects the worker's native log
2026-10-09T20:26:31.0415530Z ok 580 - the Responses evidence projects the worker's native log
2026-10-09T20:26:31.0415596Z   ---
2026-10-09T20:26:31.0415668Z   duration_ms: 862.431635
2026-10-09T20:26:31.0415737Z   type: 'test'
2026-10-09T20:26:31.0415799Z   ...
2026-10-09T20:26:31.0415930Z # Subtest: execution_report renders the recorded toolchain run
2026-10-09T20:26:31.0416149Z ok 581 - execution_report renders the recorded toolchain run
2026-10-09T20:26:31.0416213Z   ---
2026-10-09T20:26:31.0416290Z   duration_ms: 20.428377
2026-10-09T20:26:31.0416360Z   type: 'test'
2026-10-09T20:26:31.0416422Z   ...
2026-10-09T20:26:31.0416612Z # Subtest: a rediscovered program reports its page, not the language's recorded run
2026-10-09T20:26:31.0416781Z ok 582 - a rediscovered program reports its page, not the language's recorded run
2026-10-09T20:26:31.0416843Z   ---
2026-10-09T20:26:31.0416916Z   duration_ms: 767.779655
2026-10-09T20:26:31.0416983Z   type: 'test'
2026-10-09T20:26:31.0417049Z   ...
2026-10-09T20:26:31.0417199Z # Subtest: a follow-up program edit carries the native execution report
2026-10-09T20:26:31.0417333Z ok 583 - a follow-up program edit carries the native execution report
2026-10-09T20:26:31.0417400Z   ---
2026-10-09T20:26:31.0417475Z   duration_ms: 205.002433
2026-10-09T20:26:31.0417541Z   type: 'test'
2026-10-09T20:26:31.0417605Z   ...
2026-10-09T20:26:31.0417758Z # Subtest: the readable schema range is 1..2 and the target is 2 (R982-2)
2026-10-09T20:26:31.0417900Z ok 584 - the readable schema range is 1..2 and the target is 2 (R982-2)
2026-10-09T20:26:31.0417966Z   ---
2026-10-09T20:26:31.0418034Z   duration_ms: 1.483569
2026-10-09T20:26:31.0418105Z   type: 'test'
2026-10-09T20:26:31.0418170Z   ...
2026-10-09T20:26:31.0418407Z # Subtest: a fixture exists for every readable schema and preflight reads it without writing (R982-1, R982-9)
2026-10-09T20:26:31.0418632Z ok 585 - a fixture exists for every readable schema and preflight reads it without writing (R982-1, R982-9)
2026-10-09T20:26:31.0418702Z   ---
2026-10-09T20:26:31.0418775Z   duration_ms: 3.182514
2026-10-09T20:26:31.0418843Z   type: 'test'
2026-10-09T20:26:31.0418919Z   ...
2026-10-09T20:26:31.0419101Z # Subtest: preflight of a missing path reports "missing" and creates nothing (R982-1)
2026-10-09T20:26:31.0419272Z ok 586 - preflight of a missing path reports "missing" and creates nothing (R982-1)
2026-10-09T20:26:31.0419337Z   ---
2026-10-09T20:26:31.0419410Z   duration_ms: 0.455501
2026-10-09T20:26:31.0419480Z   type: 'test'
2026-10-09T20:26:31.0419542Z   ...
2026-10-09T20:26:31.0419786Z # Subtest: /health reports detected, minimum, maximum and target schema without migrating (R982-2, R982-3)
2026-10-09T20:26:31.0420022Z ok 587 - /health reports detected, minimum, maximum and target schema without migrating (R982-2, R982-3)
2026-10-09T20:26:31.0420091Z   ---
2026-10-09T20:26:31.0420166Z   duration_ms: 1.340913
2026-10-09T20:26:31.0420232Z   type: 'test'
2026-10-09T20:26:31.0420300Z   ...
2026-10-09T20:26:31.0420527Z # Subtest: an ordinary write keeps the released schema, unknown metadata and event order (R982-3, R982-7)
2026-10-09T20:26:31.0420739Z ok 588 - an ordinary write keeps the released schema, unknown metadata and event order (R982-3, R982-7)
2026-10-09T20:26:31.0420810Z   ---
2026-10-09T20:26:31.0420883Z   duration_ms: 2.749597
2026-10-09T20:26:31.0420951Z   type: 'test'
2026-10-09T20:26:31.0421021Z   ...
2026-10-09T20:26:31.0421303Z # Subtest: unknown fields, evidence and ids round-trip through parse and export (R982-7)
2026-10-09T20:26:31.0421483Z ok 589 - unknown fields, evidence and ids round-trip through parse and export (R982-7)
2026-10-09T20:26:31.0421658Z   ---
2026-10-09T20:26:31.0421726Z   duration_ms: 0.556674
2026-10-09T20:26:31.0421796Z   type: 'test'
2026-10-09T20:26:31.0421860Z   ...
2026-10-09T20:26:31.0422010Z # Subtest: the first write to a new store uses the target schema (R982-3)
2026-10-09T20:26:31.0422153Z ok 590 - the first write to a new store uses the target schema (R982-3)
2026-10-09T20:26:31.0422218Z   ---
2026-10-09T20:26:31.0422286Z   duration_ms: 1.839007
2026-10-09T20:26:31.0422355Z   type: 'test'
2026-10-09T20:26:31.0422416Z   ...
2026-10-09T20:26:31.0422625Z # Subtest: a future schema is refused and never modified, even by a server write (R982-4, R982-9)
2026-10-09T20:26:31.0422820Z ok 591 - a future schema is refused and never modified, even by a server write (R982-4, R982-9)
2026-10-09T20:26:31.0422973Z   ---
2026-10-09T20:26:31.0423051Z   duration_ms: 17.370778
2026-10-09T20:26:31.0423120Z   type: 'test'
2026-10-09T20:26:31.0423183Z   ...
2026-10-09T20:26:31.0423332Z # Subtest: malformed memory is incompatible and never modified (R982-4)
2026-10-09T20:26:31.0423477Z ok 592 - malformed memory is incompatible and never modified (R982-4)
2026-10-09T20:26:31.0423539Z   ---
2026-10-09T20:26:31.0423612Z   duration_ms: 1.500445
2026-10-09T20:26:31.0423676Z   type: 'test'
2026-10-09T20:26:31.0423741Z   ...
2026-10-09T20:26:31.0423842Z # Subtest: fixtures cover every readable schema
2026-10-09T20:26:31.0423936Z ok 593 - fixtures cover every readable schema
2026-10-09T20:26:31.0424002Z   ---
2026-10-09T20:26:31.0424076Z   duration_ms: 697.624494
2026-10-09T20:26:31.0424141Z   type: 'test'
2026-10-09T20:26:31.0424205Z   ...
2026-10-09T20:26:31.0424432Z # Subtest: upgrade-status prints the full machine-readable status and mutates nothing (R982-1, R982-2)
2026-10-09T20:26:31.0424650Z ok 594 - upgrade-status prints the full machine-readable status and mutates nothing (R982-1, R982-2)
2026-10-09T20:26:31.0424717Z   ---
2026-10-09T20:26:31.0424786Z   duration_ms: 330.841806
2026-10-09T20:26:31.0424855Z   type: 'test'
2026-10-09T20:26:31.0424924Z   ...
2026-10-09T20:26:31.0425100Z # Subtest: released writer escapes are valid upgrade input and round-trip losslessly
2026-10-09T20:26:31.0425271Z ok 595 - released writer escapes are valid upgrade input and round-trip losslessly
2026-10-09T20:26:31.0425337Z   ---
2026-10-09T20:26:31.0425407Z   duration_ms: 43.047814
2026-10-09T20:26:31.0425476Z   type: 'test'
2026-10-09T20:26:31.0425537Z   ...
2026-10-09T20:26:31.0425682Z # Subtest: upgrade-status for a missing path creates nothing
2026-10-09T20:26:31.0425802Z ok 596 - upgrade-status for a missing path creates nothing
2026-10-09T20:26:31.0425863Z   ---
2026-10-09T20:26:31.0425937Z   duration_ms: 339.624117
2026-10-09T20:26:31.0426004Z   type: 'test'
2026-10-09T20:26:31.0426066Z   ...
2026-10-09T20:26:31.0426206Z # Subtest: a released zero-byte store is readable and upgradeable
2026-10-09T20:26:31.0426329Z ok 597 - a released zero-byte store is readable and upgradeable
2026-10-09T20:26:31.0426399Z   ---
2026-10-09T20:26:31.0426474Z   duration_ms: 90.939117
2026-10-09T20:26:31.0426542Z   type: 'test'
2026-10-09T20:26:31.0426608Z   ...
2026-10-09T20:26:31.0426824Z # Subtest: migration is atomic, lossless, receipted, idempotent and rollback-safe (R982-5 to R982-8)
2026-10-09T20:26:31.0427027Z ok 598 - migration is atomic, lossless, receipted, idempotent and rollback-safe (R982-5 to R982-8)
2026-10-09T20:26:31.0427093Z   ---
2026-10-09T20:26:31.0427168Z   duration_ms: 958.74552
2026-10-09T20:26:31.0427232Z   type: 'test'
2026-10-09T20:26:31.0427300Z   ...
2026-10-09T20:26:31.0427503Z # Subtest: an interrupted migration keeps the original byte-identical and is retryable (R982-6)
2026-10-09T20:26:31.0427700Z ok 599 - an interrupted migration keeps the original byte-identical and is retryable (R982-6)
2026-10-09T20:26:31.0427768Z   ---
2026-10-09T20:26:31.0427837Z   duration_ms: 88.455213
2026-10-09T20:26:31.0427905Z   type: 'test'
2026-10-09T20:26:31.0427970Z   ...
2026-10-09T20:26:31.0428184Z # Subtest: a conflicting backup is refused and the default backup is content-addressed (R982-5, R982-6)
2026-10-09T20:26:31.0428477Z ok 600 - a conflicting backup is refused and the default backup is content-addressed (R982-5, R982-6)
2026-10-09T20:26:31.0428545Z   ---
2026-10-09T20:26:31.0428616Z   duration_ms: 126.825899
2026-10-09T20:26:31.0428686Z   type: 'test'
2026-10-09T20:26:31.0428747Z   ...
2026-10-09T20:26:31.0428944Z # Subtest: a live writer lock causes a machine-readable refusal without modification (R982-4)
2026-10-09T20:26:31.0429129Z ok 601 - a live writer lock causes a machine-readable refusal without modification (R982-4)
2026-10-09T20:26:31.0429190Z   ---
2026-10-09T20:26:31.0429265Z   duration_ms: 400.651795
2026-10-09T20:26:31.0429334Z   type: 'test'
2026-10-09T20:26:31.0429395Z   ...
2026-10-09T20:26:31.0429626Z # Subtest: a future schema is refused nonzero and never modified (R982-4, R982-9)
2026-10-09T20:26:31.0429783Z ok 602 - a future schema is refused nonzero and never modified (R982-4, R982-9)
2026-10-09T20:26:31.0429845Z   ---
2026-10-09T20:26:31.0429921Z   duration_ms: 678.481451
2026-10-09T20:26:31.0429985Z   type: 'test'
2026-10-09T20:26:31.0430052Z   ...
2026-10-09T20:26:31.0430186Z # Subtest: malformed memory is refused nonzero and never modified
2026-10-09T20:26:31.0430311Z ok 603 - malformed memory is refused nonzero and never modified
2026-10-09T20:26:31.0430379Z   ---
2026-10-09T20:26:31.0430453Z   duration_ms: 705.045601
2026-10-09T20:26:31.0430517Z   type: 'test'
2026-10-09T20:26:31.0430582Z   ...
2026-10-09T20:26:31.0430745Z # Subtest: take_learned merges pending chunks in word order and empties the set
2026-10-09T20:26:31.0430906Z ok 604 - take_learned merges pending chunks in word order and empties the set
2026-10-09T20:26:31.0430971Z   ---
2026-10-09T20:26:31.0431040Z   duration_ms: 4.191843
2026-10-09T20:26:31.0431113Z   type: 'test'
2026-10-09T20:26:31.0431271Z   ...
2026-10-09T20:26:31.0431441Z # Subtest: recording an exchange appends the learned chunk event in Rust's shape
2026-10-09T20:26:31.0431600Z ok 605 - recording an exchange appends the learned chunk event in Rust's shape
2026-10-09T20:26:31.0431670Z   ---
2026-10-09T20:26:31.0431738Z   duration_ms: 8.439331
2026-10-09T20:26:31.0431807Z   type: 'test'
2026-10-09T20:26:31.0431868Z   ...
2026-10-09T20:26:31.0432029Z # Subtest: opening the store imports its chunks into the worker's meta reasoner
2026-10-09T20:26:31.0432177Z ok 606 - opening the store imports its chunks into the worker's meta reasoner
2026-10-09T20:26:31.0432240Z   ---
2026-10-09T20:26:31.0432317Z   duration_ms: 1381.433607
2026-10-09T20:26:31.0432385Z   type: 'test'
2026-10-09T20:26:31.0432446Z   ...
2026-10-09T20:26:31.0432638Z # Subtest: source catalog excludes commented/string exports and keeps full Unicode spans
2026-10-09T20:26:31.0432817Z ok 607 - source catalog excludes commented/string exports and keeps full Unicode spans
2026-10-09T20:26:31.0432883Z   ---
2026-10-09T20:26:31.0432957Z   duration_ms: 3.089523
2026-10-09T20:26:31.0433022Z   type: 'test'
2026-10-09T20:26:31.0433086Z   ...
2026-10-09T20:26:31.0433283Z # Subtest: source catalog resolves actual import/export aliases and refuses unobserved origin
2026-10-09T20:26:31.0433465Z ok 608 - source catalog resolves actual import/export aliases and refuses unobserved origin
2026-10-09T20:26:31.0433532Z   ---
2026-10-09T20:26:31.0433605Z   duration_ms: 0.97643
2026-10-09T20:26:31.0433670Z   type: 'test'
2026-10-09T20:26:31.0433737Z   ...
2026-10-09T20:26:31.0433920Z # Subtest: source catalog does not certify types/effects or silently bind shadowed aliases
2026-10-09T20:26:31.0434094Z ok 609 - source catalog does not certify types/effects or silently bind shadowed aliases
2026-10-09T20:26:31.0434159Z   ---
2026-10-09T20:26:31.0434228Z   duration_ms: 0.913865
2026-10-09T20:26:31.0434305Z   type: 'test'
2026-10-09T20:26:31.0434438Z   ...
2026-10-09T20:26:31.0434763Z # Subtest: real formalization callables retain observed bodies and unknown composition contracts
2026-10-09T20:26:31.0435091Z ok 610 - real formalization callables retain observed bodies and unknown composition contracts
2026-10-09T20:26:31.0435317Z   ---
2026-10-09T20:26:31.0435422Z   duration_ms: 25.169286
2026-10-09T20:26:31.0435532Z   type: 'test'
2026-10-09T20:26:31.0435604Z   ...
2026-10-09T20:26:31.0435786Z # Subtest: projection scope reuses universal quantifier identity across statements
2026-10-09T20:26:31.0435994Z ok 611 - projection scope reuses universal quantifier identity across statements
2026-10-09T20:26:31.0436063Z   ---
2026-10-09T20:26:31.0436139Z   duration_ms: 2081.298558
2026-10-09T20:26:31.0436214Z   type: 'test'
2026-10-09T20:26:31.0436274Z   ...
2026-10-09T20:26:31.0436449Z # Subtest: projection format preserves the canonical link identity in plural forms
2026-10-09T20:26:31.0436769Z ok 612 - projection format preserves the canonical link identity in plural forms
2026-10-09T20:26:31.0436870Z   ---
2026-10-09T20:26:31.0436971Z   duration_ms: 0.236989
2026-10-09T20:26:31.0437067Z   type: 'test'
2026-10-09T20:26:31.0437155Z   ...
2026-10-09T20:26:31.0437376Z # Subtest: reused meanings keep positive source projection ownership
2026-10-09T20:26:31.0437594Z ok 613 - reused meanings keep positive source projection ownership
2026-10-09T20:26:31.0437692Z   ---
2026-10-09T20:26:31.0437799Z   duration_ms: 195.717549
2026-10-09T20:26:31.0437893Z   type: 'test'
2026-10-09T20:26:31.0437982Z   ...
2026-10-09T20:26:31.0438210Z # Subtest: a cue in data, a path, negation or another sentence grants no recipe
2026-10-09T20:26:31.0438450Z ok 614 - a cue in data, a path, negation or another sentence grants no recipe
2026-10-09T20:26:31.0438545Z   ---
2026-10-09T20:26:31.0438646Z   duration_ms: 6.418358
2026-10-09T20:26:31.0438748Z   type: 'test'
2026-10-09T20:26:31.0438840Z   ...
2026-10-09T20:26:31.0439122Z # Subtest: actual offline cache absence never invokes fetch or poisons service health
2026-10-09T20:26:31.0439402Z ok 615 - actual offline cache absence never invokes fetch or poisons service health
2026-10-09T20:26:31.0439499Z   ---
2026-10-09T20:26:31.0439605Z   duration_ms: 1537.062856
2026-10-09T20:26:31.0439707Z   type: 'test'
2026-10-09T20:26:31.0439796Z   ...
2026-10-09T20:26:31.0440062Z # Subtest: actual offline cached body is read byte-exact with no network request
2026-10-09T20:26:31.0440348Z ok 616 - actual offline cached body is read byte-exact with no network request
2026-10-09T20:26:31.0440443Z   ---
2026-10-09T20:26:31.0440539Z   duration_ms: 1337.347418
2026-10-09T20:26:31.0440631Z   type: 'test'
2026-10-09T20:26:31.0440718Z   ...
2026-10-09T20:26:31.0441006Z # Subtest: offline missing follow capture retains the prior successful service observation
2026-10-09T20:26:31.0441404Z ok 617 - offline missing follow capture retains the prior successful service observation
2026-10-09T20:26:31.0441482Z   ---
2026-10-09T20:26:31.0441558Z   duration_ms: 1314.605226
2026-10-09T20:26:31.0441629Z   type: 'test'
2026-10-09T20:26:31.0441697Z   ...
2026-10-09T20:26:31.0441832Z # Subtest: live transport prose cannot declare offline policy
2026-10-09T20:26:31.0441953Z ok 618 - live transport prose cannot declare offline policy
2026-10-09T20:26:31.0442024Z   ---
2026-10-09T20:26:31.0442099Z   duration_ms: 1268.986188
2026-10-09T20:26:31.0442165Z   type: 'test'
2026-10-09T20:26:31.0442230Z   ...
2026-10-09T20:26:31.0442345Z # Subtest: actual live HTTP503 remains a service failure
2026-10-09T20:26:31.0442454Z ok 619 - actual live HTTP503 remains a service failure
2026-10-09T20:26:31.0442522Z   ---
2026-10-09T20:26:31.0442594Z   duration_ms: 1289.088277
2026-10-09T20:26:31.0442664Z   type: 'test'
2026-10-09T20:26:31.0442731Z   ...
2026-10-09T20:26:31.0442893Z # Subtest: system diagrams (rust/tests/unit/agentic-coding/system_diagrams.rs)
2026-10-09T20:26:31.0442999Z     # Subtest: committed_parts_are_the_generated_parts
2026-10-09T20:26:31.0443101Z     ok 1 - committed_parts_are_the_generated_parts
2026-10-09T20:26:31.0443174Z       ---
2026-10-09T20:26:31.0443252Z       duration_ms: 29.405687
2026-10-09T20:26:31.0443321Z       type: 'test'
2026-10-09T20:26:31.0443387Z       ...
2026-10-09T20:26:31.0443497Z     # Subtest: every_handler_appears_in_precedence_order
2026-10-09T20:26:31.0443749Z     ok 2 - every_handler_appears_in_precedence_order
2026-10-09T20:26:31.0443818Z       ---
2026-10-09T20:26:31.0443890Z       duration_ms: 22.367847
2026-10-09T20:26:31.0443964Z       type: 'test'
2026-10-09T20:26:31.0444031Z       ...
2026-10-09T20:26:31.0444128Z     # Subtest: every_promotion_appears_in_rank_order
2026-10-09T20:26:31.0444227Z     ok 3 - every_promotion_appears_in_rank_order
2026-10-09T20:26:31.0444296Z       ---
2026-10-09T20:26:31.0444366Z       duration_ms: 19.115442
2026-10-09T20:26:31.0444436Z       type: 'test'
2026-10-09T20:26:31.0444502Z       ...
2026-10-09T20:26:31.0444588Z     # Subtest: every_route_and_path_appears
2026-10-09T20:26:31.0444772Z     ok 4 - every_route_and_path_appears
2026-10-09T20:26:31.0444838Z       ---
2026-10-09T20:26:31.0444912Z       duration_ms: 11.743583
2026-10-09T20:26:31.0444989Z       type: 'test'
2026-10-09T20:26:31.0445053Z       ...
2026-10-09T20:26:31.0445139Z     # Subtest: every_subcommand_appears
2026-10-09T20:26:31.0445229Z     ok 5 - every_subcommand_appears
2026-10-09T20:26:31.0445292Z       ---
2026-10-09T20:26:31.0445369Z       duration_ms: 7.893062
2026-10-09T20:26:31.0445439Z       type: 'test'
2026-10-09T20:26:31.0445506Z       ...
2026-10-09T20:26:31.0445651Z     # Subtest: an_edge_naming_a_vanished_subcommand_fails_the_renderer
2026-10-09T20:26:31.0445776Z     ok 6 - an_edge_naming_a_vanished_subcommand_fails_the_renderer
2026-10-09T20:26:31.0445843Z       ---
2026-10-09T20:26:31.0445917Z       duration_ms: 8.666635
2026-10-09T20:26:31.0445982Z       type: 'test'
2026-10-09T20:26:31.0446050Z       ...
2026-10-09T20:26:31.0446152Z     # Subtest: a_new_seed_handler_reaches_the_diagram
2026-10-09T20:26:31.0446252Z     ok 7 - a_new_seed_handler_reaches_the_diagram
2026-10-09T20:26:31.0446320Z       ---
2026-10-09T20:26:31.0446389Z       duration_ms: 14.776635
2026-10-09T20:26:31.0446458Z       type: 'test'
2026-10-09T20:26:31.0446523Z       ...
2026-10-09T20:26:31.0446645Z     # Subtest: the --check gate passes on the committed parts
2026-10-09T20:26:31.0446757Z     ok 8 - the --check gate passes on the committed parts
2026-10-09T20:26:31.0446826Z       ---
2026-10-09T20:26:31.0446895Z       duration_ms: 74.873605
2026-10-09T20:26:31.0446964Z       type: 'test'
2026-10-09T20:26:31.0447025Z       ...
2026-10-09T20:26:31.0447094Z     1..8
2026-10-09T20:26:31.0447258Z ok 620 - system diagrams (rust/tests/unit/agentic-coding/system_diagrams.rs)
2026-10-09T20:26:31.0447321Z   ---
2026-10-09T20:26:31.0447395Z   duration_ms: 190.475562
2026-10-09T20:26:31.0447468Z   type: 'suite'
2026-10-09T20:26:31.0447529Z   ...
2026-10-09T20:26:31.0447735Z # Subtest: canonical spacing: one space between leaves, delimiters spaced, empty groups tight
2026-10-09T20:26:31.0447924Z ok 621 - canonical spacing: one space between leaves, delimiters spaced, empty groups tight
2026-10-09T20:26:31.0447990Z   ---
2026-10-09T20:26:31.0448065Z   duration_ms: 1.718315
2026-10-09T20:26:31.0448131Z   type: 'test'
2026-10-09T20:26:31.0448200Z   ...
2026-10-09T20:26:31.0448344Z # Subtest: the canonical rendering drops comments and a shebang line
2026-10-09T20:26:31.0448473Z ok 622 - the canonical rendering drops comments and a shebang line
2026-10-09T20:26:31.0448540Z   ---
2026-10-09T20:26:31.0448610Z   duration_ms: 0.364903
2026-10-09T20:26:31.0448681Z   type: 'test'
2026-10-09T20:26:31.0448746Z   ...
2026-10-09T20:26:31.0448896Z # Subtest: regex versus division follows the previous significant token
2026-10-09T20:26:31.0449037Z ok 623 - regex versus division follows the previous significant token
2026-10-09T20:26:31.0449104Z   ---
2026-10-09T20:26:31.0449173Z   duration_ms: 0.367858
2026-10-09T20:26:31.0449242Z   type: 'test'
2026-10-09T20:26:31.0449312Z   ...
2026-10-09T20:26:31.0449487Z # Subtest: templates keep chunks verbatim and render interpolations canonically
2026-10-09T20:26:31.0449648Z ok 624 - templates keep chunks verbatim and render interpolations canonically
2026-10-09T20:26:31.0449710Z   ---
2026-10-09T20:26:31.0449866Z   duration_ms: 0.377172
2026-10-09T20:26:31.0449935Z   type: 'test'
2026-10-09T20:26:31.0449996Z   ...
2026-10-09T20:26:31.0450143Z # Subtest: numbers, optional chaining before a digit, and private names
2026-10-09T20:26:31.0450279Z ok 625 - numbers, optional chaining before a digit, and private names
2026-10-09T20:26:31.0450341Z   ---
2026-10-09T20:26:31.0450413Z   duration_ms: 0.284691
2026-10-09T20:26:31.0450477Z   type: 'test'
2026-10-09T20:26:31.0450542Z   ...
2026-10-09T20:26:31.0450735Z # Subtest: the translation keeps the source layout: lines, indentation, comments, shebang
2026-10-09T20:26:31.0450907Z ok 626 - the translation keeps the source layout: lines, indentation, comments, shebang
2026-10-09T20:26:31.0450974Z   ---
2026-10-09T20:26:31.0451116Z   duration_ms: 3.883425
2026-10-09T20:26:31.0451330Z   type: 'test'
2026-10-09T20:26:31.0451399Z   ...
2026-10-09T20:26:31.0451602Z # Subtest: the layout has one slot per token, delimiter and interpolation close, plus the tail
2026-10-09T20:26:31.0451785Z ok 627 - the layout has one slot per token, delimiter and interpolation close, plus the tail
2026-10-09T20:26:31.0451851Z   ---
2026-10-09T20:26:31.0451920Z   duration_ms: 0.845421
2026-10-09T20:26:31.0451992Z   type: 'test'
2026-10-09T20:26:31.0452056Z   ...
2026-10-09T20:26:31.0452214Z # Subtest: every committed js source renders back to itself through the pivot
2026-10-09T20:26:31.0452371Z ok 628 - every committed js source renders back to itself through the pivot
2026-10-09T20:26:31.0452437Z   ---
2026-10-09T20:26:31.0452509Z   duration_ms: 84.889404
2026-10-09T20:26:31.0452579Z   type: 'test'
2026-10-09T20:26:31.0452639Z   ...
2026-10-09T20:26:31.0452746Z # Subtest: non-ascii identifiers stay whole tokens
2026-10-09T20:26:31.0452865Z ok 629 - non-ascii identifiers stay whole tokens
2026-10-09T20:26:31.0452928Z   ---
2026-10-09T20:26:31.0453002Z   duration_ms: 0.675644
2026-10-09T20:26:31.0453079Z   type: 'test'
2026-10-09T20:26:31.0453144Z   ...
2026-10-09T20:26:31.0453262Z # Subtest: unbalanced input is refused, never guessed
2026-10-09T20:26:31.0453369Z ok 630 - unbalanced input is refused, never guessed
2026-10-09T20:26:31.0453433Z   ---
2026-10-09T20:26:31.0453510Z   duration_ms: 1.03625
2026-10-09T20:26:31.0453576Z   type: 'test'
2026-10-09T20:26:31.0453646Z   ...
2026-10-09T20:26:31.0453795Z # Subtest: the agentic ES modules mirror into ts/agentic as .mts twins
2026-10-09T20:26:31.0453926Z ok 631 - the agentic ES modules mirror into ts/agentic as .mts twins
2026-10-09T20:26:31.0453997Z   ---
2026-10-09T20:26:31.0454074Z   duration_ms: 28.724235
2026-10-09T20:26:31.0454141Z   type: 'test'
2026-10-09T20:26:31.0454211Z   ...
2026-10-09T20:26:31.0454333Z # Subtest: every JSX file binds the factory the bundler calls
2026-10-09T20:26:31.0454464Z     # Subtest: the heuristic sees the files known to write JSX
2026-10-09T20:26:31.0454580Z     ok 1 - the heuristic sees the files known to write JSX
2026-10-09T20:26:31.0454646Z       ---
2026-10-09T20:26:31.0454729Z       duration_ms: 1.825808
2026-10-09T20:26:31.0454805Z       type: 'test'
2026-10-09T20:26:31.0454868Z       ...
2026-10-09T20:26:31.0454961Z     # Subtest: application.jsx binds h
2026-10-09T20:26:31.0455051Z     ok 2 - application.jsx binds h
2026-10-09T20:26:31.0455118Z       ---
2026-10-09T20:26:31.0455198Z       duration_ms: 0.268206
2026-10-09T20:26:31.0455266Z       type: 'test'
2026-10-09T20:26:31.0455336Z       ...
2026-10-09T20:26:31.0455430Z     # Subtest: debugger-view.jsx binds h
2026-10-09T20:26:31.0455514Z     ok 3 - debugger-view.jsx binds h
2026-10-09T20:26:31.0455584Z       ---
2026-10-09T20:26:31.0455662Z       duration_ms: 0.151299
2026-10-09T20:26:31.0455731Z       type: 'test'
2026-10-09T20:26:31.0455802Z       ...
2026-10-09T20:26:31.0455898Z     # Subtest: debugger-view.jsx binds Fragment
2026-10-09T20:26:31.0455994Z     ok 4 - debugger-view.jsx binds Fragment
2026-10-09T20:26:31.0456065Z       ---
2026-10-09T20:26:31.0456136Z       duration_ms: 0.286514
2026-10-09T20:26:31.0456207Z       type: 'test'
2026-10-09T20:26:31.0456393Z       ...
2026-10-09T20:26:31.0456479Z     # Subtest: desktop-bridge.jsx binds h
2026-10-09T20:26:31.0456566Z     ok 5 - desktop-bridge.jsx binds h
2026-10-09T20:26:31.0456630Z       ---
2026-10-09T20:26:31.0456712Z       duration_ms: 0.117999
2026-10-09T20:26:31.0456784Z       type: 'test'
2026-10-09T20:26:31.0456848Z       ...
2026-10-09T20:26:31.0456936Z     # Subtest: glyphs.jsx binds h
2026-10-09T20:26:31.0457018Z     ok 6 - glyphs.jsx binds h
2026-10-09T20:26:31.0457084Z       ---
2026-10-09T20:26:31.0457160Z       duration_ms: 0.080692
2026-10-09T20:26:31.0457225Z       type: 'test'
2026-10-09T20:26:31.0457296Z       ...
2026-10-09T20:26:31.0457377Z     # Subtest: main.jsx binds h
2026-10-09T20:26:31.0457448Z     ok 7 - main.jsx binds h
2026-10-09T20:26:31.0457617Z       ---
2026-10-09T20:26:31.0457696Z       duration_ms: 0.091218
2026-10-09T20:26:31.0457764Z       type: 'test'
2026-10-09T20:26:31.0457833Z       ...
2026-10-09T20:26:31.0457919Z     # Subtest: message-view.jsx binds h
2026-10-09T20:26:31.0458011Z     ok 8 - message-view.jsx binds h
2026-10-09T20:26:31.0458080Z       ---
2026-10-09T20:26:31.0458150Z       duration_ms: 0.168335
2026-10-09T20:26:31.0458224Z       type: 'test'
2026-10-09T20:26:31.0458296Z       ...
2026-10-09T20:26:31.0458382Z     # Subtest: sidebar-section.jsx binds h
2026-10-09T20:26:31.0458469Z     ok 9 - sidebar-section.jsx binds h
2026-10-09T20:26:31.0458530Z       ---
2026-10-09T20:26:31.0458608Z       duration_ms: 0.273675
2026-10-09T20:26:31.0458678Z       type: 'test'
2026-10-09T20:26:31.0458739Z       ...
2026-10-09T20:26:31.0458828Z     # Subtest: toolbar-icons.jsx binds h
2026-10-09T20:26:31.0458975Z     ok 10 - toolbar-icons.jsx binds h
2026-10-09T20:26:31.0471454Z       ---
2026-10-09T20:26:31.0471572Z       duration_ms: 0.370201
2026-10-09T20:26:31.0471651Z       type: 'test'
2026-10-09T20:26:31.0471717Z       ...
2026-10-09T20:26:31.0471782Z     1..10
2026-10-09T20:26:31.0471920Z ok 632 - every JSX file binds the factory the bundler calls
2026-10-09T20:26:31.0471987Z   ---
2026-10-09T20:26:31.0472064Z   duration_ms: 5.074901
2026-10-09T20:26:31.0472137Z   type: 'suite'
2026-10-09T20:26:31.0472199Z   ...
2026-10-09T20:26:31.0472397Z # Subtest: shipped bootstrap responses equal their actual canonical seed projection
2026-10-09T20:26:31.0472585Z ok 633 - shipped bootstrap responses equal their actual canonical seed projection
2026-10-09T20:26:31.0472649Z   ---
2026-10-09T20:26:31.0472729Z   duration_ms: 51.030803
2026-10-09T20:26:31.0472796Z   type: 'test'
2026-10-09T20:26:31.0472862Z   ...
2026-10-09T20:26:31.0473050Z # Subtest: bootstrap generator follows changed seed data without source phrase branches
2026-10-09T20:26:31.0473225Z ok 634 - bootstrap generator follows changed seed data without source phrase branches
2026-10-09T20:26:31.0473293Z   ---
2026-10-09T20:26:31.0473367Z   duration_ms: 2.526049
2026-10-09T20:26:31.0473434Z   type: 'test'
2026-10-09T20:26:31.0473501Z   ...
2026-10-09T20:26:31.0473668Z # Subtest: offline worker entry and mirror use the same seeded language responses
2026-10-09T20:26:31.0473837Z ok 635 - offline worker entry and mirror use the same seeded language responses
2026-10-09T20:26:31.0473903Z   ---
2026-10-09T20:26:31.0473976Z   duration_ms: 165.159897
2026-10-09T20:26:31.0474046Z   type: 'test'
2026-10-09T20:26:31.0474110Z   ...
2026-10-09T20:26:31.0474308Z # Subtest: unchanged native JavaScript request is refused before execution in chat mode
2026-10-09T20:26:31.0474491Z ok 636 - unchanged native JavaScript request is refused before execution in chat mode
2026-10-09T20:26:31.0474559Z   ---
2026-10-09T20:26:31.0474632Z   duration_ms: 2212.001275
2026-10-09T20:26:31.0474703Z   type: 'test'
2026-10-09T20:26:31.0474765Z   ...
2026-10-09T20:26:31.0474930Z # Subtest: refused user source causes no observable worker-global effect
2026-10-09T20:26:31.0475084Z ok 637 - refused user source causes no observable worker-global effect
2026-10-09T20:26:31.0475146Z   ---
2026-10-09T20:26:31.0475224Z   duration_ms: 1.931117
2026-10-09T20:26:31.0475460Z   type: 'test'
2026-10-09T20:26:31.0475522Z   ...
2026-10-09T20:26:31.0475694Z # Subtest: explicit server agent mode uses the real existing worker executor
2026-10-09T20:26:31.0475845Z ok 638 - explicit server agent mode uses the real existing worker executor
2026-10-09T20:26:31.0475911Z   ---
2026-10-09T20:26:31.0475991Z   duration_ms: 42.530305
2026-10-09T20:26:31.0476055Z   type: 'test'
2026-10-09T20:26:31.0476122Z   ...
2026-10-09T20:26:31.0476278Z # Subtest: explicit server chat mode overrides a retained agent preference
2026-10-09T20:26:31.0476419Z ok 639 - explicit server chat mode overrides a retained agent preference
2026-10-09T20:26:31.0476485Z   ---
2026-10-09T20:26:31.0476559Z   duration_ms: 48.987663
2026-10-09T20:26:31.0476720Z   type: 'test'
2026-10-09T20:26:31.0476788Z   ...
2026-10-09T20:26:31.0476941Z # Subtest: the committed module list is exactly the worker mirror directory
2026-10-09T20:26:31.0477091Z ok 640 - the committed module list is exactly the worker mirror directory
2026-10-09T20:26:31.0477161Z   ---
2026-10-09T20:26:31.0477234Z   duration_ms: 886.855412
2026-10-09T20:26:31.0477305Z   type: 'test'
2026-10-09T20:26:31.0477370Z   ...
2026-10-09T20:26:31.0477516Z # Subtest: worker modules are named after their subject, never numbered
2026-10-09T20:26:31.0477659Z ok 641 - worker modules are named after their subject, never numbered
2026-10-09T20:26:31.0477720Z   ---
2026-10-09T20:26:31.0477796Z   duration_ms: 184.77251
2026-10-09T20:26:31.0477864Z   type: 'test'
2026-10-09T20:26:31.0477925Z   ...
2026-10-09T20:26:31.0478027Z # Subtest: the worker modules load in any order
2026-10-09T20:26:31.0478123Z ok 642 - the worker modules load in any order
2026-10-09T20:26:31.0478185Z   ---
2026-10-09T20:26:31.0478261Z   duration_ms: 1851.94215
2026-10-09T20:26:31.0478331Z   type: 'test'
2026-10-09T20:26:31.0478393Z   ...
2026-10-09T20:26:31.0478535Z # Subtest: every coding handler executes the shared meta-algorithm
2026-10-09T20:26:31.0478663Z ok 643 - every coding handler executes the shared meta-algorithm
2026-10-09T20:26:31.0478731Z   ---
2026-10-09T20:26:31.0478805Z   duration_ms: 6553.892744
2026-10-09T20:26:31.0478869Z   type: 'test'
2026-10-09T20:26:31.0478935Z   ...
2026-10-09T20:26:31.0479117Z # Subtest: source-derived recurrences render and evaluate without a task template
2026-10-09T20:26:31.0479280Z ok 644 - source-derived recurrences render and evaluate without a task template
2026-10-09T20:26:31.0479345Z   ---
2026-10-09T20:26:31.0479414Z   duration_ms: 53.991764
2026-10-09T20:26:31.0479486Z   type: 'test'
2026-10-09T20:26:31.0479550Z   ...
2026-10-09T20:26:31.0479678Z # Subtest: prompt normalization collapses whitespace and case
2026-10-09T20:26:31.0479802Z ok 645 - prompt normalization collapses whitespace and case
2026-10-09T20:26:31.0479871Z   ---
2026-10-09T20:26:31.0479942Z   duration_ms: 14.668132
2026-10-09T20:26:31.0480011Z   type: 'test'
2026-10-09T20:26:31.0480071Z   ...
2026-10-09T20:26:31.0480202Z # Subtest: language detection recognises each supported script
2026-10-09T20:26:31.0480328Z ok 646 - language detection recognises each supported script
2026-10-09T20:26:31.0480393Z   ---
2026-10-09T20:26:31.0480467Z   duration_ms: 704.885732
2026-10-09T20:26:31.0480537Z   type: 'test'
2026-10-09T20:26:31.0480596Z   ...
2026-10-09T20:26:31.0480722Z # Subtest: arithmetic is answered from the calculation handler
2026-10-09T20:26:31.0480838Z ok 647 - arithmetic is answered from the calculation handler
2026-10-09T20:26:31.0480900Z   ---
2026-10-09T20:26:31.0480973Z   duration_ms: 41.500551
2026-10-09T20:26:31.0481039Z   type: 'test'
2026-10-09T20:26:31.0481107Z   ...
2026-10-09T20:26:31.0481404Z # Subtest: greetings are answered in the language they were written in
2026-10-09T20:26:31.0481546Z ok 648 - greetings are answered in the language they were written in
2026-10-09T20:26:31.0481613Z   ---
2026-10-09T20:26:31.0481686Z   duration_ms: 40.655821
2026-10-09T20:26:31.0481751Z   type: 'test'
2026-10-09T20:26:31.0481816Z   ...
2026-10-09T20:26:31.0481945Z # Subtest: identity questions answer from the seeded agent info
2026-10-09T20:26:31.0482185Z ok 649 - identity questions answer from the seeded agent info
2026-10-09T20:26:31.0482254Z   ---
2026-10-09T20:26:31.0482321Z   duration_ms: 59.067336
2026-10-09T20:26:31.0482390Z   type: 'test'
2026-10-09T20:26:31.0482455Z   ...
2026-10-09T20:26:31.0482594Z # Subtest: an unknown prompt says so instead of inventing an answer
2026-10-09T20:26:31.0482723Z ok 650 - an unknown prompt says so instead of inventing an answer
2026-10-09T20:26:31.0482794Z   ---
2026-10-09T20:26:31.0482866Z   duration_ms: 68.935429
2026-10-09T20:26:31.0482938Z   type: 'test'
2026-10-09T20:26:31.0483001Z   ...
2026-10-09T20:26:31.0483319Z # Subtest: every answer carries a full impulse → formalize → deformalize trace
2026-10-09T20:26:31.0483629Z ok 651 - every answer carries a full impulse → formalize → deformalize trace
2026-10-09T20:26:31.0483699Z   ---
2026-10-09T20:26:31.0483779Z   duration_ms: 120.627431
2026-10-09T20:26:31.0483852Z   type: 'test'
2026-10-09T20:26:31.0483920Z   ...
2026-10-09T20:26:31.0484083Z # Subtest: the formalization records the subject, verb and object it derived
2026-10-09T20:26:31.0484230Z ok 652 - the formalization records the subject, verb and object it derived
2026-10-09T20:26:31.0484296Z   ---
2026-10-09T20:26:31.0484370Z   duration_ms: 17.478031
2026-10-09T20:26:31.0484436Z   type: 'test'
2026-10-09T20:26:31.0484503Z   ...
2026-10-09T20:26:31.0484665Z # Subtest: at temperature 0 the same prompt always projects the same answer
2026-10-09T20:26:31.0484807Z ok 653 - at temperature 0 the same prompt always projects the same answer
2026-10-09T20:26:31.0484875Z   ---
2026-10-09T20:26:31.0484951Z   duration_ms: 118.236547
2026-10-09T20:26:31.0485017Z   type: 'test'
2026-10-09T20:26:31.0485082Z   ...
2026-10-09T20:26:31.0485222Z # Subtest: above temperature 0 a repeated greeting stays a greeting
2026-10-09T20:26:31.0485354Z ok 654 - above temperature 0 a repeated greeting stays a greeting
2026-10-09T20:26:31.0485422Z   ---
2026-10-09T20:26:31.0485498Z   duration_ms: 1054.727913
2026-10-09T20:26:31.0485569Z   type: 'test'
2026-10-09T20:26:31.0485635Z   ...
2026-10-09T20:26:31.0485779Z # Subtest: the worker exposes its handlers through a single dispatch step
2026-10-09T20:26:31.0485922Z ok 655 - the worker exposes its handlers through a single dispatch step
2026-10-09T20:26:31.0485984Z   ---
2026-10-09T20:26:31.0486059Z   duration_ms: 18.648845
2026-10-09T20:26:31.0486129Z   type: 'test'
2026-10-09T20:26:31.0486191Z   ...
2026-10-09T20:26:31.0486325Z # Subtest: the seed corpus is hydrated from the shipped .lino files
2026-10-09T20:26:31.0486451Z ok 656 - the seed corpus is hydrated from the shipped .lino files
2026-10-09T20:26:31.0486513Z   ---
2026-10-09T20:26:31.0486587Z   duration_ms: 9.107674
2026-10-09T20:26:31.0486656Z   type: 'test'
2026-10-09T20:26:31.0486724Z   ...
2026-10-09T20:26:31.0486891Z # Subtest: the web-search component falls back when its bundle is unavailable
2026-10-09T20:26:31.0487037Z ok 657 - the web-search component falls back when its bundle is unavailable
2026-10-09T20:26:31.0487106Z   ---
2026-10-09T20:26:31.0487178Z   duration_ms: 28.022223
2026-10-09T20:26:31.0487244Z   type: 'test'
2026-10-09T20:26:31.0487313Z   ...
2026-10-09T20:26:31.0487527Z # Subtest: issue 989 dialog controls and associative-memory inspection preempt generic routes
2026-10-09T20:26:31.0487716Z ok 658 - issue 989 dialog controls and associative-memory inspection preempt generic routes
2026-10-09T20:26:31.0487782Z   ---
2026-10-09T20:26:31.0487853Z   duration_ms: 623.691029
2026-10-09T20:26:31.0487924Z   type: 'test'
2026-10-09T20:26:31.0487990Z   ...
2026-10-09T20:26:31.0488052Z 1..658
2026-10-09T20:26:31.0488123Z # tests 802
2026-10-09T20:26:31.0488193Z # suites 58
2026-10-09T20:26:31.0488260Z # pass 801
2026-10-09T20:26:31.0488333Z # fail 1
2026-10-09T20:26:31.0488401Z # cancelled 0
2026-10-09T20:26:31.0488472Z # skipped 0
2026-10-09T20:26:31.0488539Z # todo 0
2026-10-09T20:26:31.0488611Z # duration_ms 123395.920068
2026-10-09T20:26:31.0488854Z JavaScript suites shard 2/4 took 124s of its 360s execution budget.
2026-10-09T20:26:31.0497957Z ##[error]Process completed with exit code 1.
2026-10-09T20:26:31.0594794Z Post job cleanup.
2026-10-09T20:26:31.1291250Z [command]/usr/bin/git version
2026-10-09T20:26:31.1327829Z git version 2.55.0
2026-10-09T20:26:31.1358664Z Temporarily overriding HOME='/home/runner/work/_temp/3d0809bd-b123-4ad1-9596-95bb61375984' before making global git config changes
2026-10-09T20:26:31.1358989Z Adding repository directory to the temporary git global config as a safe directory
2026-10-09T20:26:31.1363853Z [command]/usr/bin/git config --global --add safe.directory /home/runner/work/formal-ai/formal-ai/.rml
2026-10-09T20:26:31.1393545Z Removing SSH command configuration
2026-10-09T20:26:31.1398902Z [command]/usr/bin/git config --local --name-only --get-regexp core\.sshCommand
2026-10-09T20:26:31.1429158Z [command]/usr/bin/git submodule foreach --recursive sh -c "git config --local --name-only --get-regexp 'core\.sshCommand' && git config --local --unset-all 'core.sshCommand' || :"
2026-10-09T20:26:31.1635386Z Removing HTTP extra header
2026-10-09T20:26:31.1647346Z [command]/usr/bin/git config --local --name-only --get-regexp http\.https\:\/\/github\.com\/\.extraheader
2026-10-09T20:26:31.1673908Z [command]/usr/bin/git submodule foreach --recursive sh -c "git config --local --name-only --get-regexp 'http\.https\:\/\/github\.com\/\.extraheader' && git config --local --unset-all 'http.https://github.com/.extraheader' || :"
2026-10-09T20:26:31.1875610Z Removing includeIf entries pointing to credentials config files
2026-10-09T20:26:31.1881976Z [command]/usr/bin/git config --local --name-only --get-regexp ^includeIf\.gitdir:
2026-10-09T20:26:31.1917889Z [command]/usr/bin/git submodule foreach --recursive git config --local --show-origin --name-only --get-regexp remote.origin.url
2026-10-09T20:26:31.2264160Z Post job cleanup.
2026-10-09T20:26:31.2953422Z [command]/usr/bin/git version
2026-10-09T20:26:31.2989448Z git version 2.55.0
2026-10-09T20:26:31.3019917Z Temporarily overriding HOME='/home/runner/work/_temp/1894055e-adb1-4519-8b16-e3452809f942' before making global git config changes
2026-10-09T20:26:31.3020221Z Adding repository directory to the temporary git global config as a safe directory
2026-10-09T20:26:31.3024612Z [command]/usr/bin/git config --global --add safe.directory /home/runner/work/formal-ai/formal-ai
2026-10-09T20:26:31.3050218Z Removing SSH command configuration
2026-10-09T20:26:31.3055559Z [command]/usr/bin/git config --local --name-only --get-regexp core\.sshCommand
2026-10-09T20:26:31.3083321Z [command]/usr/bin/git submodule foreach --recursive sh -c "git config --local --name-only --get-regexp 'core\.sshCommand' && git config --local --unset-all 'core.sshCommand' || :"
2026-10-09T20:26:31.3313084Z Removing HTTP extra header
2026-10-09T20:26:31.3317653Z [command]/usr/bin/git config --local --name-only --get-regexp http\.https\:\/\/github\.com\/\.extraheader
2026-10-09T20:26:31.3347084Z [command]/usr/bin/git submodule foreach --recursive sh -c "git config --local --name-only --get-regexp 'http\.https\:\/\/github\.com\/\.extraheader' && git config --local --unset-all 'http.https://github.com/.extraheader' || :"
2026-10-09T20:26:31.3585327Z Removing includeIf entries pointing to credentials config files
2026-10-09T20:26:31.3592029Z [command]/usr/bin/git config --local --name-only --get-regexp ^includeIf\.gitdir:
2026-10-09T20:26:31.3623114Z [command]/usr/bin/git submodule foreach --recursive git config --local --show-origin --name-only --get-regexp remote.origin.url
2026-10-09T20:26:31.3989329Z Cleaning up orphan processes
