2026-10-09T21:35:11.3300751Z Current runner version: '2.337.0'
2026-10-09T21:35:11.3329636Z ##[group]Runner Image Provisioner
2026-10-09T21:35:11.3330686Z Hosted Compute Agent
2026-10-09T21:35:11.3331593Z Version: 20261002.596
2026-10-09T21:35:11.3332600Z Commit: c3d12f3313a95f25162a1503be624f3b0617f8c0
2026-10-09T21:35:11.3333567Z Build Date: 2026-10-02T22:28:27Z
2026-10-09T21:35:11.3334453Z Worker ID: {075c7040-4de4-4d41-96f1-7aa379e17b41}
2026-10-09T21:35:11.3335335Z Region: eastus
2026-10-09T21:35:11.3336087Z Cloud: Azure
2026-10-09T21:35:11.3336781Z ##[endgroup]
2026-10-09T21:35:11.3338398Z ##[group]Operating System
2026-10-09T21:35:11.3339131Z Ubuntu
2026-10-09T21:35:11.3339699Z 24.04.5
2026-10-09T21:35:11.3340390Z LTS
2026-10-09T21:35:11.3341045Z ##[endgroup]
2026-10-09T21:35:11.3341815Z ##[group]Runner Image
2026-10-09T21:35:11.3342813Z Image: ubuntu-24.04
2026-10-09T21:35:11.3343489Z Version: 20261004.327.1
2026-10-09T21:35:11.3345039Z Included Software: https://github.com/actions/runner-images/blob/ubuntu24/20261004.327/images/ubuntu/Ubuntu2404-Readme.md
2026-10-09T21:35:11.3347199Z Image Release: https://github.com/actions/runner-images/releases/tag/ubuntu24%2F20261004.327
2026-10-09T21:35:11.3348451Z ##[endgroup]
2026-10-09T21:35:11.3349697Z ##[group]GITHUB_TOKEN Permissions
2026-10-09T21:35:11.3351910Z Contents: read
2026-10-09T21:35:11.3352903Z Metadata: read
2026-10-09T21:35:11.3353672Z ##[endgroup]
2026-10-09T21:35:11.3356425Z Secret source: Actions
2026-10-09T21:35:11.3357512Z Cache mode: write
2026-10-09T21:35:11.3358434Z Prepare workflow directory
2026-10-09T21:35:11.3970067Z Prepare all required actions
2026-10-09T21:35:11.4027210Z Getting action download info
2026-10-09T21:35:11.5982847Z Download action repository 'actions/checkout@v7' (SHA:3d3c42e5aac5ba805825da76410c181273ba90b1)
2026-10-09T21:35:11.7487127Z Download action repository 'dtolnay/rust-toolchain@stable' (SHA:686976e191b89faba57d3206551f0f330d8cb249)
2026-10-09T21:35:11.8286532Z Download action repository 'oven-sh/setup-bun@v2' (SHA:0c5077e51419868618aeaa5fe8019c62421857d6)
2026-10-09T21:35:11.9241123Z Download action repository 'actions/upload-artifact@v7' (SHA:cf430e030ddbb5b0abf93d22962f4752f3646cd9)
2026-10-09T21:35:12.1229898Z Download action repository 'actions/setup-node@v7' (SHA:949feb2413d6458794dcd2491c4babbbce0c15c1)
2026-10-09T21:35:12.4669874Z Complete job name: Lint and Format Check (lane 1)
2026-10-09T21:35:12.5530793Z ##[group]Run actions/checkout@v7
2026-10-09T21:35:12.5531912Z with:
2026-10-09T21:35:12.5532767Z   persist-credentials: false
2026-10-09T21:35:12.5533599Z   fetch-depth: 0
2026-10-09T21:35:12.5534354Z   repository: link-assistant/formal-ai
2026-10-09T21:35:12.5541384Z   token: ***
2026-10-09T21:35:12.5542269Z   ssh-strict: true
2026-10-09T21:35:12.5543067Z   ssh-user: git
2026-10-09T21:35:12.5543766Z   clean: true
2026-10-09T21:35:12.5544494Z   sparse-checkout-cone-mode: true
2026-10-09T21:35:12.5545334Z   fetch-tags: false
2026-10-09T21:35:12.5546048Z   show-progress: true
2026-10-09T21:35:12.5546786Z   lfs: false
2026-10-09T21:35:12.5547501Z   submodules: false
2026-10-09T21:35:12.5548236Z   set-safe-directory: true
2026-10-09T21:35:12.5549050Z   allow-unsafe-pr-checkout: false
2026-10-09T21:35:12.5550171Z env:
2026-10-09T21:35:12.5550822Z   GIT_CONFIG_COUNT: 1
2026-10-09T21:35:12.5551589Z   GIT_CONFIG_KEY_0: init.defaultBranch
2026-10-09T21:35:12.5552726Z   GIT_CONFIG_VALUE_0: main
2026-10-09T21:35:12.5553538Z   CARGO_NET_RETRY: 10
2026-10-09T21:35:12.5554298Z   CARGO_HTTP_MULTIPLEXING: false
2026-10-09T21:35:12.5555124Z   CARGO_TERM_COLOR: always
2026-10-09T21:35:12.5555913Z   FORMAL_AI_CI_VERBOSE: false
2026-10-09T21:35:12.5556726Z   FORMAL_AI_NON_LINUX_CI: run
2026-10-09T21:35:12.5557553Z   RUSTFLAGS: -Dwarnings
2026-10-09T21:35:12.5558550Z   CARGO_REGISTRY_TOKEN: ***
2026-10-09T21:35:12.5559469Z   CARGO_TOKEN: ***
2026-10-09T21:35:12.5560288Z   GHCR_IMAGE: ghcr.io/link-assistant/formal-ai
2026-10-09T21:35:12.5561253Z   DOCKERHUB_IMAGE: konard/formal-ai
2026-10-09T21:35:12.5562074Z ##[endgroup]
2026-10-09T21:35:12.6424339Z Syncing repository: link-assistant/formal-ai
2026-10-09T21:35:12.6427306Z ##[group]Getting Git version info
2026-10-09T21:35:12.6428868Z Working directory is '/home/runner/work/formal-ai/formal-ai'
2026-10-09T21:35:12.6431450Z [command]/usr/bin/git version
2026-10-09T21:35:12.6523119Z git version 2.55.0
2026-10-09T21:35:12.6542030Z ##[endgroup]
2026-10-09T21:35:12.6556584Z Temporarily overriding HOME='/home/runner/work/_temp/d8478e03-b1d5-42c0-8f9e-0ad4fa824100' before making global git config changes
2026-10-09T21:35:12.6559848Z Adding repository directory to the temporary git global config as a safe directory
2026-10-09T21:35:12.6565857Z [command]/usr/bin/git config --global --add safe.directory /home/runner/work/formal-ai/formal-ai
2026-10-09T21:35:12.6603890Z Deleting the contents of '/home/runner/work/formal-ai/formal-ai'
2026-10-09T21:35:12.6609006Z ##[group]Determining repository object format
2026-10-09T21:35:12.6611261Z ##[endgroup]
2026-10-09T21:35:12.6613346Z ##[group]Initializing the repository
2026-10-09T21:35:12.6615048Z [command]/usr/bin/git init /home/runner/work/formal-ai/formal-ai
2026-10-09T21:35:12.7625606Z Initialized empty Git repository in /home/runner/work/formal-ai/formal-ai/.git/
2026-10-09T21:35:12.7634709Z [command]/usr/bin/git remote add origin https://github.com/link-assistant/formal-ai
2026-10-09T21:35:12.8915211Z ##[endgroup]
2026-10-09T21:35:12.8915729Z ##[group]Disabling automatic garbage collection
2026-10-09T21:35:12.8919927Z [command]/usr/bin/git config --local gc.auto 0
2026-10-09T21:35:12.8954143Z ##[endgroup]
2026-10-09T21:35:12.8954567Z ##[group]Setting up auth
2026-10-09T21:35:12.8954867Z Removing SSH command configuration
2026-10-09T21:35:12.8959168Z [command]/usr/bin/git config --local --name-only --get-regexp core\.sshCommand
2026-10-09T21:35:12.8990204Z [command]/usr/bin/git submodule foreach --recursive sh -c "git config --local --name-only --get-regexp 'core\.sshCommand' && git config --local --unset-all 'core.sshCommand' || :"
2026-10-09T21:35:12.9303833Z Removing HTTP extra header
2026-10-09T21:35:12.9308014Z [command]/usr/bin/git config --local --name-only --get-regexp http\.https\:\/\/github\.com\/\.extraheader
2026-10-09T21:35:12.9338057Z [command]/usr/bin/git submodule foreach --recursive sh -c "git config --local --name-only --get-regexp 'http\.https\:\/\/github\.com\/\.extraheader' && git config --local --unset-all 'http.https://github.com/.extraheader' || :"
2026-10-09T21:35:12.9524690Z Removing includeIf entries pointing to credentials config files
2026-10-09T21:35:12.9528679Z [command]/usr/bin/git config --local --name-only --get-regexp ^includeIf\.gitdir:
2026-10-09T21:35:12.9557608Z [command]/usr/bin/git submodule foreach --recursive git config --local --show-origin --name-only --get-regexp remote.origin.url
2026-10-09T21:35:12.9749537Z [command]/usr/bin/git config --file /home/runner/work/_temp/git-credentials-c06a0e2e-a58e-4245-ac4a-2be09319779b.config http.https://github.com/.extraheader AUTHORIZATION: basic ***
2026-10-09T21:35:12.9783127Z [command]/usr/bin/git config --local includeIf.gitdir:/home/runner/work/formal-ai/formal-ai/.git.path /home/runner/work/_temp/git-credentials-c06a0e2e-a58e-4245-ac4a-2be09319779b.config
2026-10-09T21:35:12.9812891Z [command]/usr/bin/git config --local includeIf.gitdir:/home/runner/work/formal-ai/formal-ai/.git/worktrees/*.path /home/runner/work/_temp/git-credentials-c06a0e2e-a58e-4245-ac4a-2be09319779b.config
2026-10-09T21:35:12.9845508Z [command]/usr/bin/git config --local includeIf.gitdir:/github/workspace/.git.path /github/runner_temp/git-credentials-c06a0e2e-a58e-4245-ac4a-2be09319779b.config
2026-10-09T21:35:12.9875178Z [command]/usr/bin/git config --local includeIf.gitdir:/github/workspace/.git/worktrees/*.path /github/runner_temp/git-credentials-c06a0e2e-a58e-4245-ac4a-2be09319779b.config
2026-10-09T21:35:12.9901592Z ##[endgroup]
2026-10-09T21:35:12.9902041Z ##[group]Fetching the repository
2026-10-09T21:35:12.9907081Z [command]/usr/bin/git -c protocol.version=2 fetch --no-tags --prune --no-recurse-submodules origin +refs/heads/*:refs/remotes/origin/* +refs/tags/*:refs/tags/* +b3953871e7aa9a10936447fd3a64b30903c9e852:refs/remotes/pull/1188/merge
2026-10-09T21:35:33.8967093Z From https://github.com/link-assistant/formal-ai
2026-10-09T21:35:33.8967848Z  * [new branch]          ci-docker-layer-cache   -> origin/ci-docker-layer-cache
2026-10-09T21:35:33.8968511Z  * [new branch]          codex-issue-1138-final  -> origin/codex-issue-1138-final
2026-10-09T21:35:33.8969118Z  * [new branch]          coverage-budget-5400    -> origin/coverage-budget-5400
2026-10-09T21:35:33.8969840Z  * [new branch]          fix-781-mcp-research-precedence -> origin/fix-781-mcp-research-precedence
2026-10-09T21:35:33.8970687Z  * [new branch]          formal-ai/issue-1091-34197555355 -> origin/formal-ai/issue-1091-34197555355
2026-10-09T21:35:33.8971416Z  * [new branch]          formal-ai/issue-1091-34197711738 -> origin/formal-ai/issue-1091-34197711738
2026-10-09T21:35:33.8972376Z  * [new branch]          formal-ai/issue-1091-34206087424 -> origin/formal-ai/issue-1091-34206087424
2026-10-09T21:35:33.8973205Z  * [new branch]          formal-ai/issue-1091-34223865082 -> origin/formal-ai/issue-1091-34223865082
2026-10-09T21:35:33.8974041Z  * [new branch]          formal-ai/issue-1091-34231781135 -> origin/formal-ai/issue-1091-34231781135
2026-10-09T21:35:33.8974947Z  * [new branch]          formal-ai/issue-1091-34234113904 -> origin/formal-ai/issue-1091-34234113904
2026-10-09T21:35:33.8975766Z  * [new branch]          formal-ai/issue-1091-34241163195 -> origin/formal-ai/issue-1091-34241163195
2026-10-09T21:35:33.8976561Z  * [new branch]          formal-ai/issue-1091-34247939598 -> origin/formal-ai/issue-1091-34247939598
2026-10-09T21:35:33.8977398Z  * [new branch]          formal-ai/issue-1091-34294396281 -> origin/formal-ai/issue-1091-34294396281
2026-10-09T21:35:33.8978290Z  * [new branch]          formal-ai/issue-1113-34520854975 -> origin/formal-ai/issue-1113-34520854975
2026-10-09T21:35:33.8979183Z  * [new branch]          formal-ai/issue-1120-34530199973 -> origin/formal-ai/issue-1120-34530199973
2026-10-09T21:35:33.8980044Z  * [new branch]          formal-ai/issue-1120-34530973176 -> origin/formal-ai/issue-1120-34530973176
2026-10-09T21:35:33.8980856Z  * [new branch]          formal-ai/issue-1123-34542617225 -> origin/formal-ai/issue-1123-34542617225
2026-10-09T21:35:33.8982253Z  * [new branch]          gh-pages                -> origin/gh-pages
2026-10-09T21:35:33.8982942Z  * [new branch]          issue-1-040a21d753ca    -> origin/issue-1-040a21d753ca
2026-10-09T21:35:33.8983437Z  * [new branch]          issue-1-70671eb0ba20    -> origin/issue-1-70671eb0ba20
2026-10-09T21:35:33.8983855Z  * [new branch]          issue-10-528ad8299bfa   -> origin/issue-10-528ad8299bfa
2026-10-09T21:35:33.8984266Z  * [new branch]          issue-1001-e53f7675d6f4 -> origin/issue-1001-e53f7675d6f4
2026-10-09T21:35:33.8984671Z  * [new branch]          issue-1012-f43e3a18da30 -> origin/issue-1012-f43e3a18da30
2026-10-09T21:35:33.8985081Z  * [new branch]          issue-1014-fa915643117e -> origin/issue-1014-fa915643117e
2026-10-09T21:35:33.8985546Z  * [new branch]          issue-1017-fcfc7331ff54 -> origin/issue-1017-fcfc7331ff54
2026-10-09T21:35:33.8985996Z  * [new branch]          issue-1021-bdff51c09742 -> origin/issue-1021-bdff51c09742
2026-10-09T21:35:33.8986797Z  * [new branch]          issue-1028-agent-ladder-isolated-runner -> origin/issue-1028-agent-ladder-isolated-runner
2026-10-09T21:35:33.8987821Z  * [new branch]          issue-1028-apt-escalating-deadlines -> origin/issue-1028-apt-escalating-deadlines
2026-10-09T21:35:33.8988750Z  * [new branch]          issue-103-89b7776b0010  -> origin/issue-103-89b7776b0010
2026-10-09T21:35:33.8989463Z  * [new branch]          issue-105-43de79808581  -> origin/issue-105-43de79808581
2026-10-09T21:35:33.8990228Z  * [new branch]          issue-1064-release-deferral-visibility -> origin/issue-1064-release-deferral-visibility
2026-10-09T21:35:33.8990773Z  * [new branch]          issue-1069-05d4ea1feb9b -> origin/issue-1069-05d4ea1feb9b
2026-10-09T21:35:33.8991518Z  * [new branch]          issue-107-c995aabb2aac  -> origin/issue-107-c995aabb2aac
2026-10-09T21:35:33.8992342Z  * [new branch]          issue-1073-98ed56b4431c -> origin/issue-1073-98ed56b4431c
2026-10-09T21:35:33.8993025Z  * [new branch]          issue-1075-9e9c96124ed3 -> origin/issue-1075-9e9c96124ed3
2026-10-09T21:35:33.8993723Z  * [new branch]          issue-1076-e89a27662479 -> origin/issue-1076-e89a27662479
2026-10-09T21:35:33.8994381Z  * [new branch]          issue-1079-92eb3dd8a0fa -> origin/issue-1079-92eb3dd8a0fa
2026-10-09T21:35:33.8994985Z  * [new branch]          issue-108-e4fa776bf7e7  -> origin/issue-108-e4fa776bf7e7
2026-10-09T21:35:33.8995409Z  * [new branch]          issue-1081-374fa6ac9934 -> origin/issue-1081-374fa6ac9934
2026-10-09T21:35:33.8995822Z  * [new branch]          issue-1085-9c2f4e7a1b3d -> origin/issue-1085-9c2f4e7a1b3d
2026-10-09T21:35:33.8996231Z  * [new branch]          issue-110-2af174f3ddb8  -> origin/issue-110-2af174f3ddb8
2026-10-09T21:35:33.8996672Z  * [new branch]          issue-1111-linux-only-ci -> origin/issue-1111-linux-only-ci
2026-10-09T21:35:33.8997109Z  * [new branch]          issue-1113-pr-visibility -> origin/issue-1113-pr-visibility
2026-10-09T21:35:33.8997521Z  * [new branch]          issue-112-248769046c3f  -> origin/issue-112-248769046c3f
2026-10-09T21:35:33.8998002Z  * [new branch]          issue-1126-drop-kernel-terminology -> origin/issue-1126-drop-kernel-terminology
2026-10-09T21:35:33.8998534Z  * [new branch]          issue-1133-hive-mind-2026-09-13 -> origin/issue-1133-hive-mind-2026-09-13
2026-10-09T21:35:33.8999099Z  * [new branch]          issue-1138-session-evidence -> origin/issue-1138-session-evidence
2026-10-09T21:35:33.8999633Z  * [new branch]          issue-115-f9977aca33fe  -> origin/issue-115-f9977aca33fe
2026-10-09T21:35:33.9000095Z  * [new branch]          issue-117-65eb42b6b7fe  -> origin/issue-117-65eb42b6b7fe
2026-10-09T21:35:33.9000550Z  * [new branch]          issue-12-8475693e3ce5   -> origin/issue-12-8475693e3ce5
2026-10-09T21:35:33.9001026Z  * [new branch]          issue-121-2ec52977d59a  -> origin/issue-121-2ec52977d59a
2026-10-09T21:35:33.9001493Z  * [new branch]          issue-123-448321a27278  -> origin/issue-123-448321a27278
2026-10-09T21:35:33.9001938Z  * [new branch]          issue-125-1ca670a84080  -> origin/issue-125-1ca670a84080
2026-10-09T21:35:33.9002743Z  * [new branch]          issue-125-ee624abc83ec  -> origin/issue-125-ee624abc83ec
2026-10-09T21:35:33.9003199Z  * [new branch]          issue-127-02b97a60aa65  -> origin/issue-127-02b97a60aa65
2026-10-09T21:35:33.9003668Z  * [new branch]          issue-127-1af8cef2ecfb  -> origin/issue-127-1af8cef2ecfb
2026-10-09T21:35:33.9004234Z  * [new branch]          issue-129-9c664282dfea  -> origin/issue-129-9c664282dfea
2026-10-09T21:35:33.9004731Z  * [new branch]          issue-133-3a851f322caa  -> origin/issue-133-3a851f322caa
2026-10-09T21:35:33.9005187Z  * [new branch]          issue-135-e32feaf9ccfd  -> origin/issue-135-e32feaf9ccfd
2026-10-09T21:35:33.9005822Z  * [new branch]          issue-136-977a3d386e2a  -> origin/issue-136-977a3d386e2a
2026-10-09T21:35:33.9006297Z  * [new branch]          issue-14-cea6df691135   -> origin/issue-14-cea6df691135
2026-10-09T21:35:33.9006878Z  * [new branch]          issue-140-f298777c7c24  -> origin/issue-140-f298777c7c24
2026-10-09T21:35:33.9007387Z  * [new branch]          issue-144-c99ce65d1915  -> origin/issue-144-c99ce65d1915
2026-10-09T21:35:33.9007857Z  * [new branch]          issue-145-45527c76ca24  -> origin/issue-145-45527c76ca24
2026-10-09T21:35:33.9008347Z  * [new branch]          issue-146-3f926558fe76  -> origin/issue-146-3f926558fe76
2026-10-09T21:35:33.9008813Z  * [new branch]          issue-149-47706e450c61  -> origin/issue-149-47706e450c61
2026-10-09T21:35:33.9009292Z  * [new branch]          issue-152-3916072d4278  -> origin/issue-152-3916072d4278
2026-10-09T21:35:33.9009765Z  * [new branch]          issue-153-9ae03e768324  -> origin/issue-153-9ae03e768324
2026-10-09T21:35:33.9010241Z  * [new branch]          issue-156-70f6dbdff452  -> origin/issue-156-70f6dbdff452
2026-10-09T21:35:33.9010876Z  * [new branch]          issue-157-172082bc75f4  -> origin/issue-157-172082bc75f4
2026-10-09T21:35:33.9011332Z  * [new branch]          issue-159-b2a5bc9f5a56  -> origin/issue-159-b2a5bc9f5a56
2026-10-09T21:35:33.9011917Z  * [new branch]          issue-16-f76f85f72657   -> origin/issue-16-f76f85f72657
2026-10-09T21:35:33.9012671Z  * [new branch]          issue-160-53f4d46ed2df  -> origin/issue-160-53f4d46ed2df
2026-10-09T21:35:33.9013157Z  * [new branch]          issue-161-b6fba3b370ea  -> origin/issue-161-b6fba3b370ea
2026-10-09T21:35:33.9013717Z  * [new branch]          issue-162-3046a51f4c24  -> origin/issue-162-3046a51f4c24
2026-10-09T21:35:33.9014189Z  * [new branch]          issue-163-d536717f895a  -> origin/issue-163-d536717f895a
2026-10-09T21:35:33.9014821Z  * [new branch]          issue-164-9a34163b931c  -> origin/issue-164-9a34163b931c
2026-10-09T21:35:33.9015294Z  * [new branch]          issue-165-ae9e3865656f  -> origin/issue-165-ae9e3865656f
2026-10-09T21:35:33.9015761Z  * [new branch]          issue-168-74facaae132a  -> origin/issue-168-74facaae132a
2026-10-09T21:35:33.9016202Z  * [new branch]          issue-169-40f964916dd2  -> origin/issue-169-40f964916dd2
2026-10-09T21:35:33.9016656Z  * [new branch]          issue-172-6f05b8d7064b  -> origin/issue-172-6f05b8d7064b
2026-10-09T21:35:33.9017102Z  * [new branch]          issue-18-65b2eb796b44   -> origin/issue-18-65b2eb796b44
2026-10-09T21:35:33.9017558Z  * [new branch]          issue-180-d9c09fe7795a  -> origin/issue-180-d9c09fe7795a
2026-10-09T21:35:33.9017998Z  * [new branch]          issue-182-7747bbca426b  -> origin/issue-182-7747bbca426b
2026-10-09T21:35:33.9018439Z  * [new branch]          issue-183-3f4b24d7b276  -> origin/issue-183-3f4b24d7b276
2026-10-09T21:35:33.9018894Z  * [new branch]          issue-184-8c29f506aef9  -> origin/issue-184-8c29f506aef9
2026-10-09T21:35:33.9019343Z  * [new branch]          issue-185-5e92ccc6162c  -> origin/issue-185-5e92ccc6162c
2026-10-09T21:35:33.9019798Z  * [new branch]          issue-187-79bc77f3d485  -> origin/issue-187-79bc77f3d485
2026-10-09T21:35:33.9020288Z  * [new branch]          issue-190-8c706a31ad6a  -> origin/issue-190-8c706a31ad6a
2026-10-09T21:35:33.9020849Z  * [new branch]          issue-192-12a50e1d9874  -> origin/issue-192-12a50e1d9874
2026-10-09T21:35:33.9021466Z  * [new branch]          issue-193-64742fb93b00  -> origin/issue-193-64742fb93b00
2026-10-09T21:35:33.9021929Z  * [new branch]          issue-195-bed514694604  -> origin/issue-195-bed514694604
2026-10-09T21:35:33.9022565Z  * [new branch]          issue-196-baa4327fc44a  -> origin/issue-196-baa4327fc44a
2026-10-09T21:35:33.9023023Z  * [new branch]          issue-20-4275e3280a5a   -> origin/issue-20-4275e3280a5a
2026-10-09T21:35:33.9023475Z  * [new branch]          issue-205-904afe68fe09  -> origin/issue-205-904afe68fe09
2026-10-09T21:35:33.9023922Z  * [new branch]          issue-207-40aa862c0b6e  -> origin/issue-207-40aa862c0b6e
2026-10-09T21:35:33.9024394Z  * [new branch]          issue-209-490a73a6457c  -> origin/issue-209-490a73a6457c
2026-10-09T21:35:33.9024843Z  * [new branch]          issue-21-0c5ffd5a0979   -> origin/issue-21-0c5ffd5a0979
2026-10-09T21:35:33.9025286Z  * [new branch]          issue-210-4d285057dbda  -> origin/issue-210-4d285057dbda
2026-10-09T21:35:33.9025742Z  * [new branch]          issue-212-982e59cd9627  -> origin/issue-212-982e59cd9627
2026-10-09T21:35:33.9026195Z  * [new branch]          issue-213-ccac1dba5ff0  -> origin/issue-213-ccac1dba5ff0
2026-10-09T21:35:33.9026645Z  * [new branch]          issue-218-71bece6bcc84  -> origin/issue-218-71bece6bcc84
2026-10-09T21:35:33.9027088Z  * [new branch]          issue-221-77aad836fb28  -> origin/issue-221-77aad836fb28
2026-10-09T21:35:33.9027534Z  * [new branch]          issue-223-2a1e41a20542  -> origin/issue-223-2a1e41a20542
2026-10-09T21:35:33.9027976Z  * [new branch]          issue-224-cf105bcf1a6e  -> origin/issue-224-cf105bcf1a6e
2026-10-09T21:35:33.9028436Z  * [new branch]          issue-226-d5af2957ea35  -> origin/issue-226-d5af2957ea35
2026-10-09T21:35:33.9028989Z  * [new branch]          issue-228-f1e6cdaa38f0  -> origin/issue-228-f1e6cdaa38f0
2026-10-09T21:35:33.9029439Z  * [new branch]          issue-230-a9436b51254d  -> origin/issue-230-a9436b51254d
2026-10-09T21:35:33.9029891Z  * [new branch]          issue-232-b9341e555308  -> origin/issue-232-b9341e555308
2026-10-09T21:35:33.9030337Z  * [new branch]          issue-24-7fe6ff27055d   -> origin/issue-24-7fe6ff27055d
2026-10-09T21:35:33.9030804Z  * [new branch]          issue-24-9083bf15af21   -> origin/issue-24-9083bf15af21
2026-10-09T21:35:33.9031268Z  * [new branch]          issue-242-589b8e1d2946  -> origin/issue-242-589b8e1d2946
2026-10-09T21:35:33.9031715Z  * [new branch]          issue-244-75334b422fcf  -> origin/issue-244-75334b422fcf
2026-10-09T21:35:33.9032254Z  * [new branch]          issue-246-61ab4f8b4f3e  -> origin/issue-246-61ab4f8b4f3e
2026-10-09T21:35:33.9032704Z  * [new branch]          issue-247-810952870ab9  -> origin/issue-247-810952870ab9
2026-10-09T21:35:33.9033155Z  * [new branch]          issue-248-ea3e948d0229  -> origin/issue-248-ea3e948d0229
2026-10-09T21:35:33.9033608Z  * [new branch]          issue-249-6136f9213c76  -> origin/issue-249-6136f9213c76
2026-10-09T21:35:33.9034059Z  * [new branch]          issue-250-be761bc3dbee  -> origin/issue-250-be761bc3dbee
2026-10-09T21:35:33.9034503Z  * [new branch]          issue-251-7d593ac4bba8  -> origin/issue-251-7d593ac4bba8
2026-10-09T21:35:33.9034946Z  * [new branch]          issue-252-b1f65d416f4a  -> origin/issue-252-b1f65d416f4a
2026-10-09T21:35:33.9035385Z  * [new branch]          issue-253-59df91a538ab  -> origin/issue-253-59df91a538ab
2026-10-09T21:35:33.9035834Z  * [new branch]          issue-254-7e0bf261bbbe  -> origin/issue-254-7e0bf261bbbe
2026-10-09T21:35:33.9036275Z  * [new branch]          issue-255-4873634aa505  -> origin/issue-255-4873634aa505
2026-10-09T21:35:33.9036713Z  * [new branch]          issue-256-585dd1cf5c16  -> origin/issue-256-585dd1cf5c16
2026-10-09T21:35:33.9037161Z  * [new branch]          issue-257-a276337dd027  -> origin/issue-257-a276337dd027
2026-10-09T21:35:33.9037600Z  * [new branch]          issue-258-d31b6cd36328  -> origin/issue-258-d31b6cd36328
2026-10-09T21:35:33.9038161Z  * [new branch]          issue-259-8addd79af1e5  -> origin/issue-259-8addd79af1e5
2026-10-09T21:35:33.9038612Z  * [new branch]          issue-262-ffbf4f8b62fc  -> origin/issue-262-ffbf4f8b62fc
2026-10-09T21:35:33.9039062Z  * [new branch]          issue-27-2a30a20dbe1d   -> origin/issue-27-2a30a20dbe1d
2026-10-09T21:35:33.9039508Z  * [new branch]          issue-272-faddf6c692f2  -> origin/issue-272-faddf6c692f2
2026-10-09T21:35:33.9039949Z  * [new branch]          issue-278-f318cd644af7  -> origin/issue-278-f318cd644af7
2026-10-09T21:35:33.9040403Z  * [new branch]          issue-279-5ba4c6826050  -> origin/issue-279-5ba4c6826050
2026-10-09T21:35:33.9040849Z  * [new branch]          issue-280-a5568cffb278  -> origin/issue-280-a5568cffb278
2026-10-09T21:35:33.9041301Z  * [new branch]          issue-281-adb3f644d22f  -> origin/issue-281-adb3f644d22f
2026-10-09T21:35:33.9041743Z  * [new branch]          issue-282-87c4ef549aa1  -> origin/issue-282-87c4ef549aa1
2026-10-09T21:35:33.9042369Z  * [new branch]          issue-283-61f53327e75b  -> origin/issue-283-61f53327e75b
2026-10-09T21:35:33.9042833Z  * [new branch]          issue-284-ca54d46aaebc  -> origin/issue-284-ca54d46aaebc
2026-10-09T21:35:33.9043287Z  * [new branch]          issue-286-61cbbdcba27e  -> origin/issue-286-61cbbdcba27e
2026-10-09T21:35:33.9043736Z  * [new branch]          issue-288-6acac66b9387  -> origin/issue-288-6acac66b9387
2026-10-09T21:35:33.9044185Z  * [new branch]          issue-29-13a9db91b72a   -> origin/issue-29-13a9db91b72a
2026-10-09T21:35:33.9044627Z  * [new branch]          issue-292-da9aaf96e0f3  -> origin/issue-292-da9aaf96e0f3
2026-10-09T21:35:33.9045079Z  * [new branch]          issue-298-2417e4679aef  -> origin/issue-298-2417e4679aef
2026-10-09T21:35:33.9045658Z  * [new branch]          issue-299-30d5d978e553  -> origin/issue-299-30d5d978e553
2026-10-09T21:35:33.9046113Z  * [new branch]          issue-30-267957d5e55e   -> origin/issue-30-267957d5e55e
2026-10-09T21:35:33.9046563Z  * [new branch]          issue-300-873cc5bb18f5  -> origin/issue-300-873cc5bb18f5
2026-10-09T21:35:33.9047018Z  * [new branch]          issue-301-ef74e93466aa  -> origin/issue-301-ef74e93466aa
2026-10-09T21:35:33.9047486Z  * [new branch]          issue-302-e7083056c95e  -> origin/issue-302-e7083056c95e
2026-10-09T21:35:33.9047959Z  * [new branch]          issue-303-2e2d9313f8e1  -> origin/issue-303-2e2d9313f8e1
2026-10-09T21:35:33.9048420Z  * [new branch]          issue-304-23e843eb0d56  -> origin/issue-304-23e843eb0d56
2026-10-09T21:35:33.9048875Z  * [new branch]          issue-31-5ef83b6717f8   -> origin/issue-31-5ef83b6717f8
2026-10-09T21:35:33.9049325Z  * [new branch]          issue-312-d1d44d5118bd  -> origin/issue-312-d1d44d5118bd
2026-10-09T21:35:33.9049774Z  * [new branch]          issue-313-ece61791ba00  -> origin/issue-313-ece61791ba00
2026-10-09T21:35:33.9050236Z  * [new branch]          issue-314-ed19d11ac015  -> origin/issue-314-ed19d11ac015
2026-10-09T21:35:33.9050680Z  * [new branch]          issue-315-2ed7e2a5be22  -> origin/issue-315-2ed7e2a5be22
2026-10-09T21:35:33.9051129Z  * [new branch]          issue-316-df2ecc9c1366  -> origin/issue-316-df2ecc9c1366
2026-10-09T21:35:33.9051576Z  * [new branch]          issue-317-a2983c165b4d  -> origin/issue-317-a2983c165b4d
2026-10-09T21:35:33.9052015Z  * [new branch]          issue-324-cf8043055ef7  -> origin/issue-324-cf8043055ef7
2026-10-09T21:35:33.9052554Z  * [new branch]          issue-326-502fcf4d3a9f  -> origin/issue-326-502fcf4d3a9f
2026-10-09T21:35:33.9053000Z  * [new branch]          issue-327-ca9bee51ff14  -> origin/issue-327-ca9bee51ff14
2026-10-09T21:35:33.9053457Z  * [new branch]          issue-330-64d71bce5b77  -> origin/issue-330-64d71bce5b77
2026-10-09T21:35:33.9053907Z  * [new branch]          issue-332-f94cd78ff46b  -> origin/issue-332-f94cd78ff46b
2026-10-09T21:35:33.9054367Z  * [new branch]          issue-333-d89656a09a4c  -> origin/issue-333-d89656a09a4c
2026-10-09T21:35:33.9054822Z  * [new branch]          issue-334-229eab37b96b  -> origin/issue-334-229eab37b96b
2026-10-09T21:35:33.9055374Z  * [new branch]          issue-335-3a1d301bdab8  -> origin/issue-335-3a1d301bdab8
2026-10-09T21:35:33.9055822Z  * [new branch]          issue-336-d38364ae9aa3  -> origin/issue-336-d38364ae9aa3
2026-10-09T21:35:33.9056274Z  * [new branch]          issue-337-af94e05dd18c  -> origin/issue-337-af94e05dd18c
2026-10-09T21:35:33.9056727Z  * [new branch]          issue-338-f2a015abaa68  -> origin/issue-338-f2a015abaa68
2026-10-09T21:35:33.9057176Z  * [new branch]          issue-339-5582ebca4a27  -> origin/issue-339-5582ebca4a27
2026-10-09T21:35:33.9057619Z  * [new branch]          issue-340-dbe3f3891f1b  -> origin/issue-340-dbe3f3891f1b
2026-10-09T21:35:33.9058063Z  * [new branch]          issue-341-7e64bf1210ad  -> origin/issue-341-7e64bf1210ad
2026-10-09T21:35:33.9058529Z  * [new branch]          issue-342-95cece15bf3e  -> origin/issue-342-95cece15bf3e
2026-10-09T21:35:33.9058984Z  * [new branch]          issue-343-5a84780aaa50  -> origin/issue-343-5a84780aaa50
2026-10-09T21:35:33.9059429Z  * [new branch]          issue-347-4cd6329090e8  -> origin/issue-347-4cd6329090e8
2026-10-09T21:35:33.9059876Z  * [new branch]          issue-349-4243100887a0  -> origin/issue-349-4243100887a0
2026-10-09T21:35:33.9060318Z  * [new branch]          issue-35-9545df8b8566   -> origin/issue-35-9545df8b8566
2026-10-09T21:35:33.9060765Z  * [new branch]          issue-353-dfccdb39bce4  -> origin/issue-353-dfccdb39bce4
2026-10-09T21:35:33.9061206Z  * [new branch]          issue-355-344578359227  -> origin/issue-355-344578359227
2026-10-09T21:35:33.9061658Z  * [new branch]          issue-356-5b81630408a3  -> origin/issue-356-5b81630408a3
2026-10-09T21:35:33.9062200Z  * [new branch]          issue-357-d87d54ecc72c  -> origin/issue-357-d87d54ecc72c
2026-10-09T21:35:33.9062776Z  * [new branch]          issue-358-4e868b49d9a1  -> origin/issue-358-4e868b49d9a1
2026-10-09T21:35:33.9063230Z  * [new branch]          issue-359-5b5fb0777ee6  -> origin/issue-359-5b5fb0777ee6
2026-10-09T21:35:33.9063687Z  * [new branch]          issue-360-38fd6ba803ec  -> origin/issue-360-38fd6ba803ec
2026-10-09T21:35:33.9064143Z  * [new branch]          issue-361-434488134615  -> origin/issue-361-434488134615
2026-10-09T21:35:33.9064585Z  * [new branch]          issue-362-7993455d57fb  -> origin/issue-362-7993455d57fb
2026-10-09T21:35:33.9065020Z  * [new branch]          issue-363-9f47b54135b1  -> origin/issue-363-9f47b54135b1
2026-10-09T21:35:33.9065460Z  * [new branch]          issue-364-55959348860a  -> origin/issue-364-55959348860a
2026-10-09T21:35:33.9065899Z  * [new branch]          issue-365-e5527612acd6  -> origin/issue-365-e5527612acd6
2026-10-09T21:35:33.9066353Z  * [new branch]          issue-368-485e22098964  -> origin/issue-368-485e22098964
2026-10-09T21:35:33.9066799Z  * [new branch]          issue-37-43a07241273c   -> origin/issue-37-43a07241273c
2026-10-09T21:35:33.9067255Z  * [new branch]          issue-386-0f7c7e8a730c  -> origin/issue-386-0f7c7e8a730c
2026-10-09T21:35:33.9067693Z  * [new branch]          issue-388-874e3e436c91  -> origin/issue-388-874e3e436c91
2026-10-09T21:35:33.9068145Z  * [new branch]          issue-39-4fae946b6130   -> origin/issue-39-4fae946b6130
2026-10-09T21:35:33.9068591Z  * [new branch]          issue-39-953cf7f12db2   -> origin/issue-39-953cf7f12db2
2026-10-09T21:35:33.9069048Z  * [new branch]          issue-390-77cb1ef33735  -> origin/issue-390-77cb1ef33735
2026-10-09T21:35:33.9069494Z  * [new branch]          issue-392-773e82f8f031  -> origin/issue-392-773e82f8f031
2026-10-09T21:35:33.9069945Z  * [new branch]          issue-394-ffc1c872e3ab  -> origin/issue-394-ffc1c872e3ab
2026-10-09T21:35:33.9070391Z  * [new branch]          issue-395-3c3ab62d4f7c  -> origin/issue-395-3c3ab62d4f7c
2026-10-09T21:35:33.9070836Z  * [new branch]          issue-398-b349f91c312f  -> origin/issue-398-b349f91c312f
2026-10-09T21:35:33.9071303Z  * [new branch]          issue-4-1e8c9b0d59e2    -> origin/issue-4-1e8c9b0d59e2
2026-10-09T21:35:33.9071764Z  * [new branch]          issue-40-6687579f7e2e   -> origin/issue-40-6687579f7e2e
2026-10-09T21:35:33.9072454Z  * [new branch]          issue-400-a85a0ce9c93a  -> origin/issue-400-a85a0ce9c93a
2026-10-09T21:35:33.9072908Z  * [new branch]          issue-402-3f2cf0c98030  -> origin/issue-402-3f2cf0c98030
2026-10-09T21:35:33.9073352Z  * [new branch]          issue-403-f628f7845685  -> origin/issue-403-f628f7845685
2026-10-09T21:35:33.9073797Z  * [new branch]          issue-404-070ec3986707  -> origin/issue-404-070ec3986707
2026-10-09T21:35:33.9074237Z  * [new branch]          issue-406-6b5da8d41f69  -> origin/issue-406-6b5da8d41f69
2026-10-09T21:35:33.9074682Z  * [new branch]          issue-407-b35aacab285c  -> origin/issue-407-b35aacab285c
2026-10-09T21:35:33.9075127Z  * [new branch]          issue-408-336291b4b4ef  -> origin/issue-408-336291b4b4ef
2026-10-09T21:35:33.9075581Z  * [new branch]          issue-409-e4c182d83efd  -> origin/issue-409-e4c182d83efd
2026-10-09T21:35:33.9076028Z  * [new branch]          issue-41-a76143723c45   -> origin/issue-41-a76143723c45
2026-10-09T21:35:33.9076467Z  * [new branch]          issue-410-e318f1ae5275  -> origin/issue-410-e318f1ae5275
2026-10-09T21:35:33.9076916Z  * [new branch]          issue-411-1e4094a180fd  -> origin/issue-411-1e4094a180fd
2026-10-09T21:35:33.9077357Z  * [new branch]          issue-412-1f5f93827186  -> origin/issue-412-1f5f93827186
2026-10-09T21:35:33.9077793Z  * [new branch]          issue-42-591c9157cbbf   -> origin/issue-42-591c9157cbbf
2026-10-09T21:35:33.9078242Z  * [new branch]          issue-423-85026fdc955a  -> origin/issue-423-85026fdc955a
2026-10-09T21:35:33.9078690Z  * [new branch]          issue-425-ff7d3c7e0567  -> origin/issue-425-ff7d3c7e0567
2026-10-09T21:35:33.9079140Z  * [new branch]          issue-426-b91222c50d0a  -> origin/issue-426-b91222c50d0a
2026-10-09T21:35:33.9079691Z  * [new branch]          issue-427-f23ead64bdf7  -> origin/issue-427-f23ead64bdf7
2026-10-09T21:35:33.9080154Z  * [new branch]          issue-428-7778bb0172a9  -> origin/issue-428-7778bb0172a9
2026-10-09T21:35:33.9080605Z  * [new branch]          issue-43-8dcfd820555c   -> origin/issue-43-8dcfd820555c
2026-10-09T21:35:33.9081058Z  * [new branch]          issue-433-6671aae1da9e  -> origin/issue-433-6671aae1da9e
2026-10-09T21:35:33.9081501Z  * [new branch]          issue-436-e9e553c5e92f  -> origin/issue-436-e9e553c5e92f
2026-10-09T21:35:33.9081950Z  * [new branch]          issue-438-9da4a07cbf9a  -> origin/issue-438-9da4a07cbf9a
2026-10-09T21:35:33.9082578Z  * [new branch]          issue-439-416e69e14603  -> origin/issue-439-416e69e14603
2026-10-09T21:35:33.9083031Z  * [new branch]          issue-44-932b1a8ae8ee   -> origin/issue-44-932b1a8ae8ee
2026-10-09T21:35:33.9083501Z  * [new branch]          issue-440-23eab54bc87e  -> origin/issue-440-23eab54bc87e
2026-10-09T21:35:33.9083943Z  * [new branch]          issue-441-c2ce86f18d5d  -> origin/issue-441-c2ce86f18d5d
2026-10-09T21:35:33.9084412Z  * [new branch]          issue-442-8434c56ac949  -> origin/issue-442-8434c56ac949
2026-10-09T21:35:33.9084867Z  * [new branch]          issue-444-647f06dbb5f1  -> origin/issue-444-647f06dbb5f1
2026-10-09T21:35:33.9085315Z  * [new branch]          issue-445-a0710028427b  -> origin/issue-445-a0710028427b
2026-10-09T21:35:33.9085758Z  * [new branch]          issue-446-710c1b9886ed  -> origin/issue-446-710c1b9886ed
2026-10-09T21:35:33.9086197Z  * [new branch]          issue-447-2d79997f934e  -> origin/issue-447-2d79997f934e
2026-10-09T21:35:33.9086646Z  * [new branch]          issue-449-2895c0132690  -> origin/issue-449-2895c0132690
2026-10-09T21:35:33.9087084Z  * [new branch]          issue-451-b816faff56ec  -> origin/issue-451-b816faff56ec
2026-10-09T21:35:33.9087522Z  * [new branch]          issue-454-6c17bf95f9df  -> origin/issue-454-6c17bf95f9df
2026-10-09T21:35:33.9087963Z  * [new branch]          issue-456-c244f4ec8908  -> origin/issue-456-c244f4ec8908
2026-10-09T21:35:33.9088405Z  * [new branch]          issue-457-84121c7f4721  -> origin/issue-457-84121c7f4721
2026-10-09T21:35:33.9088861Z  * [new branch]          issue-458-1fb70f7869d0  -> origin/issue-458-1fb70f7869d0
2026-10-09T21:35:33.9089421Z  * [new branch]          issue-459-bf5fa6e29c78  -> origin/issue-459-bf5fa6e29c78
2026-10-09T21:35:33.9089878Z  * [new branch]          issue-460-150e2353fa44  -> origin/issue-460-150e2353fa44
2026-10-09T21:35:33.9090324Z  * [new branch]          issue-461-f8a1ead1bd9b  -> origin/issue-461-f8a1ead1bd9b
2026-10-09T21:35:33.9090791Z  * [new branch]          issue-462-81111843e5e4  -> origin/issue-462-81111843e5e4
2026-10-09T21:35:33.9091237Z  * [new branch]          issue-464-006f0aa809a9  -> origin/issue-464-006f0aa809a9
2026-10-09T21:35:33.9091716Z  * [new branch]          issue-465-7f26da0327bb  -> origin/issue-465-7f26da0327bb
2026-10-09T21:35:33.9092248Z  * [new branch]          issue-466-1d0e1e61a36c  -> origin/issue-466-1d0e1e61a36c
2026-10-09T21:35:33.9092713Z  * [new branch]          issue-467-6f9c4b38431a  -> origin/issue-467-6f9c4b38431a
2026-10-09T21:35:33.9093146Z  * [new branch]          issue-468-87c52b65bec9  -> origin/issue-468-87c52b65bec9
2026-10-09T21:35:33.9093595Z  * [new branch]          issue-476-d3746a602770  -> origin/issue-476-d3746a602770
2026-10-09T21:35:33.9094041Z  * [new branch]          issue-477-9f87005e360d  -> origin/issue-477-9f87005e360d
2026-10-09T21:35:33.9094475Z  * [new branch]          issue-478-44b0ac622612  -> origin/issue-478-44b0ac622612
2026-10-09T21:35:33.9094912Z  * [new branch]          issue-479-33639d61f4f0  -> origin/issue-479-33639d61f4f0
2026-10-09T21:35:33.9095348Z  * [new branch]          issue-479-51f54bbe54b1  -> origin/issue-479-51f54bbe54b1
2026-10-09T21:35:33.9095804Z  * [new branch]          issue-479-845c9fad1bb5  -> origin/issue-479-845c9fad1bb5
2026-10-09T21:35:33.9096250Z  * [new branch]          issue-479-8f9cd81c8ee9  -> origin/issue-479-8f9cd81c8ee9
2026-10-09T21:35:33.9097026Z  * [new branch]          issue-479-ff9c709d56dc  -> origin/issue-479-ff9c709d56dc
2026-10-09T21:35:33.9097566Z  * [new branch]          issue-481-0f9ca0b86ab0  -> origin/issue-481-0f9ca0b86ab0
2026-10-09T21:35:33.9098015Z  * [new branch]          issue-482-aaf2da83253d  -> origin/issue-482-aaf2da83253d
2026-10-09T21:35:33.9098463Z  * [new branch]          issue-483-69f2ba125406  -> origin/issue-483-69f2ba125406
2026-10-09T21:35:33.9098915Z  * [new branch]          issue-484-0a1576cb2a86  -> origin/issue-484-0a1576cb2a86
2026-10-09T21:35:33.9099358Z  * [new branch]          issue-485-c011da8f97d7  -> origin/issue-485-c011da8f97d7
2026-10-09T21:35:33.9099805Z  * [new branch]          issue-488-54ea7213044c  -> origin/issue-488-54ea7213044c
2026-10-09T21:35:33.9100254Z  * [new branch]          issue-49-15e56694c4fd   -> origin/issue-49-15e56694c4fd
2026-10-09T21:35:33.9100701Z  * [new branch]          issue-492-c714d50efef8  -> origin/issue-492-c714d50efef8
2026-10-09T21:35:33.9101147Z  * [new branch]          issue-493-481b78023692  -> origin/issue-493-481b78023692
2026-10-09T21:35:33.9101590Z  * [new branch]          issue-495-825beb6d3550  -> origin/issue-495-825beb6d3550
2026-10-09T21:35:33.9102034Z  * [new branch]          issue-496-d6b85662687d  -> origin/issue-496-d6b85662687d
2026-10-09T21:35:33.9102591Z  * [new branch]          issue-497-bd6afe9528a4  -> origin/issue-497-bd6afe9528a4
2026-10-09T21:35:33.9103042Z  * [new branch]          issue-498-9381dddf8c21  -> origin/issue-498-9381dddf8c21
2026-10-09T21:35:33.9103487Z  * [new branch]          issue-499-110e4e5b9539  -> origin/issue-499-110e4e5b9539
2026-10-09T21:35:33.9103925Z  * [new branch]          issue-50-a94d4d7b427c   -> origin/issue-50-a94d4d7b427c
2026-10-09T21:35:33.9104372Z  * [new branch]          issue-500-1fd944a3e208  -> origin/issue-500-1fd944a3e208
2026-10-09T21:35:33.9104821Z  * [new branch]          issue-501-72e3bf7e95f3  -> origin/issue-501-72e3bf7e95f3
2026-10-09T21:35:33.9105264Z  * [new branch]          issue-505-f2954093e4d6  -> origin/issue-505-f2954093e4d6
2026-10-09T21:35:33.9105715Z  * [new branch]          issue-506-466d5888efb3  -> origin/issue-506-466d5888efb3
2026-10-09T21:35:33.9106156Z  * [new branch]          issue-507-0006123832de  -> origin/issue-507-0006123832de
2026-10-09T21:35:33.9106713Z  * [new branch]          issue-508-6b6c258f1332  -> origin/issue-508-6b6c258f1332
2026-10-09T21:35:33.9107161Z  * [new branch]          issue-509-f7cd5519acb3  -> origin/issue-509-f7cd5519acb3
2026-10-09T21:35:33.9107608Z  * [new branch]          issue-51-8693c8c9e174   -> origin/issue-51-8693c8c9e174
2026-10-09T21:35:33.9108058Z  * [new branch]          issue-511-26d6b8408464  -> origin/issue-511-26d6b8408464
2026-10-09T21:35:33.9108502Z  * [new branch]          issue-513-f50eb0ca85ce  -> origin/issue-513-f50eb0ca85ce
2026-10-09T21:35:33.9108940Z  * [new branch]          issue-514-693376bc3c68  -> origin/issue-514-693376bc3c68
2026-10-09T21:35:33.9109382Z  * [new branch]          issue-515-cfebef79ba2a  -> origin/issue-515-cfebef79ba2a
2026-10-09T21:35:33.9109827Z  * [new branch]          issue-516-059bd7ea181f  -> origin/issue-516-059bd7ea181f
2026-10-09T21:35:33.9110270Z  * [new branch]          issue-517-310d75ed5ddb  -> origin/issue-517-310d75ed5ddb
2026-10-09T21:35:33.9110714Z  * [new branch]          issue-518-cbe8ae975e3b  -> origin/issue-518-cbe8ae975e3b
2026-10-09T21:35:33.9111154Z  * [new branch]          issue-519-2d4beea1f158  -> origin/issue-519-2d4beea1f158
2026-10-09T21:35:33.9111597Z  * [new branch]          issue-52-3fef487eb097   -> origin/issue-52-3fef487eb097
2026-10-09T21:35:33.9112040Z  * [new branch]          issue-520-e98d0ad41eb8  -> origin/issue-520-e98d0ad41eb8
2026-10-09T21:35:33.9112575Z  * [new branch]          issue-521-86a4d9eefeef  -> origin/issue-521-86a4d9eefeef
2026-10-09T21:35:33.9113025Z  * [new branch]          issue-523-d811f560cba2  -> origin/issue-523-d811f560cba2
2026-10-09T21:35:33.9113467Z  * [new branch]          issue-526-215ae32f521b  -> origin/issue-526-215ae32f521b
2026-10-09T21:35:33.9114063Z  * [new branch]          issue-527-6a3eb41de78a  -> origin/issue-527-6a3eb41de78a
2026-10-09T21:35:33.9114519Z  * [new branch]          issue-529-c279ceb4e86e  -> origin/issue-529-c279ceb4e86e
2026-10-09T21:35:33.9114980Z  * [new branch]          issue-53-78dd4669e4c6   -> origin/issue-53-78dd4669e4c6
2026-10-09T21:35:33.9115432Z  * [new branch]          issue-531-ebee6863aca0  -> origin/issue-531-ebee6863aca0
2026-10-09T21:35:33.9115882Z  * [new branch]          issue-534-55dea2b09922  -> origin/issue-534-55dea2b09922
2026-10-09T21:35:33.9116324Z  * [new branch]          issue-535-a15a7ecef5a1  -> origin/issue-535-a15a7ecef5a1
2026-10-09T21:35:33.9116768Z  * [new branch]          issue-538-eca4a11c39c6  -> origin/issue-538-eca4a11c39c6
2026-10-09T21:35:33.9117214Z  * [new branch]          issue-540-daaf4da2188a  -> origin/issue-540-daaf4da2188a
2026-10-09T21:35:33.9117665Z  * [new branch]          issue-541-bf330e9c749a  -> origin/issue-541-bf330e9c749a
2026-10-09T21:35:33.9118115Z  * [new branch]          issue-546-00172aaf4098  -> origin/issue-546-00172aaf4098
2026-10-09T21:35:33.9118556Z  * [new branch]          issue-548-60f357ad6440  -> origin/issue-548-60f357ad6440
2026-10-09T21:35:33.9118993Z  * [new branch]          issue-55-b16700e01313   -> origin/issue-55-b16700e01313
2026-10-09T21:35:33.9119436Z  * [new branch]          issue-550-c636b0e4075d  -> origin/issue-550-c636b0e4075d
2026-10-09T21:35:33.9119888Z  * [new branch]          issue-552-5268f4c1c9c2  -> origin/issue-552-5268f4c1c9c2
2026-10-09T21:35:33.9120332Z  * [new branch]          issue-554-4e0842bbccb4  -> origin/issue-554-4e0842bbccb4
2026-10-09T21:35:33.9120776Z  * [new branch]          issue-556-4846496df8be  -> origin/issue-556-4846496df8be
2026-10-09T21:35:33.9121213Z  * [new branch]          issue-557-798448f62fb9  -> origin/issue-557-798448f62fb9
2026-10-09T21:35:33.9121649Z  * [new branch]          issue-558-39b8470b93dc  -> origin/issue-558-39b8470b93dc
2026-10-09T21:35:33.9122239Z  * [new branch]          issue-559-0655630e8231  -> origin/issue-559-0655630e8231
2026-10-09T21:35:33.9122745Z  * [new branch]          issue-561-4a4fbf7162b8  -> origin/issue-561-4a4fbf7162b8
2026-10-09T21:35:33.9123198Z  * [new branch]          issue-563-80759f540d10  -> origin/issue-563-80759f540d10
2026-10-09T21:35:33.9123750Z  * [new branch]          issue-571-5e98873b3165  -> origin/issue-571-5e98873b3165
2026-10-09T21:35:33.9124204Z  * [new branch]          issue-595-01565ac9ae02  -> origin/issue-595-01565ac9ae02
2026-10-09T21:35:33.9124673Z  * [new branch]          issue-6-d8cf53772b56    -> origin/issue-6-d8cf53772b56
2026-10-09T21:35:33.9125121Z  * [new branch]          issue-600-742e96b0e805  -> origin/issue-600-742e96b0e805
2026-10-09T21:35:33.9125564Z  * [new branch]          issue-602-dd2ad19de0f3  -> origin/issue-602-dd2ad19de0f3
2026-10-09T21:35:33.9126006Z  * [new branch]          issue-603-0e0bca520555  -> origin/issue-603-0e0bca520555
2026-10-09T21:35:33.9126452Z  * [new branch]          issue-604-a47624b9477a  -> origin/issue-604-a47624b9477a
2026-10-09T21:35:33.9126910Z  * [new branch]          issue-605-8bc8ebb665cd  -> origin/issue-605-8bc8ebb665cd
2026-10-09T21:35:33.9127354Z  * [new branch]          issue-606-3b82a4ca654b  -> origin/issue-606-3b82a4ca654b
2026-10-09T21:35:33.9127808Z  * [new branch]          issue-607-5c67ebb8d9bf  -> origin/issue-607-5c67ebb8d9bf
2026-10-09T21:35:33.9128249Z  * [new branch]          issue-608-0df7a5925506  -> origin/issue-608-0df7a5925506
2026-10-09T21:35:33.9128690Z  * [new branch]          issue-620-eafd151b1f76  -> origin/issue-620-eafd151b1f76
2026-10-09T21:35:33.9129148Z  * [new branch]          issue-621-2a32af255191  -> origin/issue-621-2a32af255191
2026-10-09T21:35:33.9129595Z  * [new branch]          issue-622-049b4f5eff46  -> origin/issue-622-049b4f5eff46
2026-10-09T21:35:33.9130031Z  * [new branch]          issue-624-6b843e3acdbf  -> origin/issue-624-6b843e3acdbf
2026-10-09T21:35:33.9130466Z  * [new branch]          issue-625-199d35c218b5  -> origin/issue-625-199d35c218b5
2026-10-09T21:35:33.9131093Z  * [new branch]          issue-626-364a4b2f02e5  -> origin/issue-626-364a4b2f02e5
2026-10-09T21:35:33.9131550Z  * [new branch]          issue-627-661b580408c8  -> origin/issue-627-661b580408c8
2026-10-09T21:35:33.9131998Z  * [new branch]          issue-628-4d8a43226d55  -> origin/issue-628-4d8a43226d55
2026-10-09T21:35:33.9132539Z  * [new branch]          issue-63-7561bb160d49   -> origin/issue-63-7561bb160d49
2026-10-09T21:35:33.9132989Z  * [new branch]          issue-64-0f1b4b7009f5   -> origin/issue-64-0f1b4b7009f5
2026-10-09T21:35:33.9133435Z  * [new branch]          issue-647-ee229e289e45  -> origin/issue-647-ee229e289e45
2026-10-09T21:35:33.9133874Z  * [new branch]          issue-649-cb862fc80246  -> origin/issue-649-cb862fc80246
2026-10-09T21:35:33.9134319Z  * [new branch]          issue-65-91402602272c   -> origin/issue-65-91402602272c
2026-10-09T21:35:33.9134754Z  * [new branch]          issue-650-412272077860  -> origin/issue-650-412272077860
2026-10-09T21:35:33.9135209Z  * [new branch]          issue-651-0f33c6af0d5a  -> origin/issue-651-0f33c6af0d5a
2026-10-09T21:35:33.9135652Z  * [new branch]          issue-654-6d834f50dc21  -> origin/issue-654-6d834f50dc21
2026-10-09T21:35:33.9136092Z  * [new branch]          issue-655-352ae09c0c14  -> origin/issue-655-352ae09c0c14
2026-10-09T21:35:33.9136549Z  * [new branch]          issue-656-f2a77c2178d8  -> origin/issue-656-f2a77c2178d8
2026-10-09T21:35:33.9136991Z  * [new branch]          issue-657-22efa39a883b  -> origin/issue-657-22efa39a883b
2026-10-09T21:35:33.9137436Z  * [new branch]          issue-658-b474876a31a4  -> origin/issue-658-b474876a31a4
2026-10-09T21:35:33.9137882Z  * [new branch]          issue-659-f6ffbfad15c4  -> origin/issue-659-f6ffbfad15c4
2026-10-09T21:35:33.9138326Z  * [new branch]          issue-66-6832a673e048   -> origin/issue-66-6832a673e048
2026-10-09T21:35:33.9138773Z  * [new branch]          issue-660-c0695bd24b0d  -> origin/issue-660-c0695bd24b0d
2026-10-09T21:35:33.9139212Z  * [new branch]          issue-661-029d6e8fce05  -> origin/issue-661-029d6e8fce05
2026-10-09T21:35:33.9139664Z  * [new branch]          issue-662-d33e013f75e2  -> origin/issue-662-d33e013f75e2
2026-10-09T21:35:33.9140105Z  * [new branch]          issue-663-321cc5865928  -> origin/issue-663-321cc5865928
2026-10-09T21:35:33.9140676Z  * [new branch]          issue-664-a0a4184c732c  -> origin/issue-664-a0a4184c732c
2026-10-09T21:35:33.9141133Z  * [new branch]          issue-67-5020a69c37b6   -> origin/issue-67-5020a69c37b6
2026-10-09T21:35:33.9141574Z  * [new branch]          issue-671-64e853f20d82  -> origin/issue-671-64e853f20d82
2026-10-09T21:35:33.9142022Z  * [new branch]          issue-672-e9ff26c1ce11  -> origin/issue-672-e9ff26c1ce11
2026-10-09T21:35:33.9142567Z  * [new branch]          issue-673-f2f6b27cb24b  -> origin/issue-673-f2f6b27cb24b
2026-10-09T21:35:33.9143038Z  * [new branch]          issue-674-dfec7588a234  -> origin/issue-674-dfec7588a234
2026-10-09T21:35:33.9143501Z  * [new branch]          issue-676-ea3feeb860dc  -> origin/issue-676-ea3feeb860dc
2026-10-09T21:35:33.9143967Z  * [new branch]          issue-68-c3ada29b16ee   -> origin/issue-68-c3ada29b16ee
2026-10-09T21:35:33.9144417Z  * [new branch]          issue-680-795d4fb2b64f  -> origin/issue-680-795d4fb2b64f
2026-10-09T21:35:33.9144871Z  * [new branch]          issue-681-5dc4419f2eb7  -> origin/issue-681-5dc4419f2eb7
2026-10-09T21:35:33.9145315Z  * [new branch]          issue-682-6b8246dfc2bf  -> origin/issue-682-6b8246dfc2bf
2026-10-09T21:35:33.9145763Z  * [new branch]          issue-686-d704881f337a  -> origin/issue-686-d704881f337a
2026-10-09T21:35:33.9146202Z  * [new branch]          issue-687-b57bfef2a27f  -> origin/issue-687-b57bfef2a27f
2026-10-09T21:35:33.9146640Z  * [new branch]          issue-69-8073bcee0480   -> origin/issue-69-8073bcee0480
2026-10-09T21:35:33.9147078Z  * [new branch]          issue-698-5abc758210fb  -> origin/issue-698-5abc758210fb
2026-10-09T21:35:33.9147517Z  * [new branch]          issue-699-735ad8f8e8e8  -> origin/issue-699-735ad8f8e8e8
2026-10-09T21:35:33.9148076Z  * [new branch]          issue-70-44b958c4d15c   -> origin/issue-70-44b958c4d15c
2026-10-09T21:35:33.9148522Z  * [new branch]          issue-701-59dbae2d3205  -> origin/issue-701-59dbae2d3205
2026-10-09T21:35:33.9148967Z  * [new branch]          issue-702-81a36d29c0db  -> origin/issue-702-81a36d29c0db
2026-10-09T21:35:33.9149419Z  * [new branch]          issue-703-e2c72e8a7d67  -> origin/issue-703-e2c72e8a7d67
2026-10-09T21:35:33.9149870Z  * [new branch]          issue-704-4c31b2e3a04b  -> origin/issue-704-4c31b2e3a04b
2026-10-09T21:35:33.9150319Z  * [new branch]          issue-705-5bb14827217a  -> origin/issue-705-5bb14827217a
2026-10-09T21:35:33.9150761Z  * [new branch]          issue-706-e78ad8e1b4cf  -> origin/issue-706-e78ad8e1b4cf
2026-10-09T21:35:33.9151206Z  * [new branch]          issue-707-b408820084a2  -> origin/issue-707-b408820084a2
2026-10-09T21:35:33.9151653Z  * [new branch]          issue-708-0ea42ad20122  -> origin/issue-708-0ea42ad20122
2026-10-09T21:35:33.9152183Z  * [new branch]          issue-709-1f7bea821afa  -> origin/issue-709-1f7bea821afa
2026-10-09T21:35:33.9152635Z  * [new branch]          issue-71-81912fcbf3c6   -> origin/issue-71-81912fcbf3c6
2026-10-09T21:35:33.9153088Z  * [new branch]          issue-710-14da90b08a12  -> origin/issue-710-14da90b08a12
2026-10-09T21:35:33.9153535Z  * [new branch]          issue-711-a0180801b064  -> origin/issue-711-a0180801b064
2026-10-09T21:35:33.9153979Z  * [new branch]          issue-712-338fdd94476a  -> origin/issue-712-338fdd94476a
2026-10-09T21:35:33.9154417Z  * [new branch]          issue-713-7e77916527a4  -> origin/issue-713-7e77916527a4
2026-10-09T21:35:33.9154859Z  * [new branch]          issue-714-079bdbfda541  -> origin/issue-714-079bdbfda541
2026-10-09T21:35:33.9155324Z  * [new branch]          issue-715-4cb768529491  -> origin/issue-715-4cb768529491
2026-10-09T21:35:33.9155776Z  * [new branch]          issue-716-c3806a7105d9  -> origin/issue-716-c3806a7105d9
2026-10-09T21:35:33.9156224Z  * [new branch]          issue-717-bccddb8af16e  -> origin/issue-717-bccddb8af16e
2026-10-09T21:35:33.9156677Z  * [new branch]          issue-72-3c64c0a31037   -> origin/issue-72-3c64c0a31037
2026-10-09T21:35:33.9157116Z  * [new branch]          issue-73-1b287b1b431e   -> origin/issue-73-1b287b1b431e
2026-10-09T21:35:33.9157678Z  * [new branch]          issue-730-c75b04874099  -> origin/issue-730-c75b04874099
2026-10-09T21:35:33.9158133Z  * [new branch]          issue-736-51a088febe88  -> origin/issue-736-51a088febe88
2026-10-09T21:35:33.9158580Z  * [new branch]          issue-738-b945b30eef5c  -> origin/issue-738-b945b30eef5c
2026-10-09T21:35:33.9159023Z  * [new branch]          issue-739-f6298242b07d  -> origin/issue-739-f6298242b07d
2026-10-09T21:35:33.9159459Z  * [new branch]          issue-742-f09758c31c48  -> origin/issue-742-f09758c31c48
2026-10-09T21:35:33.9159914Z  * [new branch]          issue-744-7e6fe143dab4  -> origin/issue-744-7e6fe143dab4
2026-10-09T21:35:33.9160354Z  * [new branch]          issue-745-e947a356dfdd  -> origin/issue-745-e947a356dfdd
2026-10-09T21:35:33.9160804Z  * [new branch]          issue-746-407c360b5f88  -> origin/issue-746-407c360b5f88
2026-10-09T21:35:33.9161243Z  * [new branch]          issue-747-784e87e7fa42  -> origin/issue-747-784e87e7fa42
2026-10-09T21:35:33.9161692Z  * [new branch]          issue-748-47e2d1f48f9c  -> origin/issue-748-47e2d1f48f9c
2026-10-09T21:35:33.9162301Z  * [new branch]          issue-749-bc517e0801d1  -> origin/issue-749-bc517e0801d1
2026-10-09T21:35:33.9162778Z  * [new branch]          issue-750-c719eae47231  -> origin/issue-750-c719eae47231
2026-10-09T21:35:33.9163225Z  * [new branch]          issue-751-3a92e634b59a  -> origin/issue-751-3a92e634b59a
2026-10-09T21:35:33.9163671Z  * [new branch]          issue-752-30ae32d1ef72  -> origin/issue-752-30ae32d1ef72
2026-10-09T21:35:33.9164114Z  * [new branch]          issue-753-9ec904007ddc  -> origin/issue-753-9ec904007ddc
2026-10-09T21:35:33.9164562Z  * [new branch]          issue-754-11249551364f  -> origin/issue-754-11249551364f
2026-10-09T21:35:33.9165123Z  * [new branch]          issue-755-f86c117c0064  -> origin/issue-755-f86c117c0064
2026-10-09T21:35:33.9165570Z  * [new branch]          issue-756-b773a69f35d9  -> origin/issue-756-b773a69f35d9
2026-10-09T21:35:33.9166011Z  * [new branch]          issue-757-01f08e34e2ae  -> origin/issue-757-01f08e34e2ae
2026-10-09T21:35:33.9182924Z  * [new branch]          issue-758-621645725051  -> origin/issue-758-621645725051
2026-10-09T21:35:33.9183453Z  * [new branch]          issue-759-7f5554242270  -> origin/issue-759-7f5554242270
2026-10-09T21:35:33.9183928Z  * [new branch]          issue-760-f524be457227  -> origin/issue-760-f524be457227
2026-10-09T21:35:33.9184380Z  * [new branch]          issue-761-be999b15d403  -> origin/issue-761-be999b15d403
2026-10-09T21:35:33.9184838Z  * [new branch]          issue-762-409bd49dfb5b  -> origin/issue-762-409bd49dfb5b
2026-10-09T21:35:33.9185301Z  * [new branch]          issue-763-c9eb14111d28  -> origin/issue-763-c9eb14111d28
2026-10-09T21:35:33.9185768Z  * [new branch]          issue-771-d5681b14831b  -> origin/issue-771-d5681b14831b
2026-10-09T21:35:33.9186226Z  * [new branch]          issue-776-d6f207d7c577  -> origin/issue-776-d6f207d7c577
2026-10-09T21:35:33.9186694Z  * [new branch]          issue-78-0dcc7757ac84   -> origin/issue-78-0dcc7757ac84
2026-10-09T21:35:33.9187147Z  * [new branch]          issue-781-c52371d60a25  -> origin/issue-781-c52371d60a25
2026-10-09T21:35:33.9187597Z  * [new branch]          issue-781-cc22afbacef0  -> origin/issue-781-cc22afbacef0
2026-10-09T21:35:33.9188046Z  * [new branch]          issue-79-602c5f160cb3   -> origin/issue-79-602c5f160cb3
2026-10-09T21:35:33.9188501Z  * [new branch]          issue-796-9da6718935fa  -> origin/issue-796-9da6718935fa
2026-10-09T21:35:33.9188947Z  * [new branch]          issue-798-d87978049e9a  -> origin/issue-798-d87978049e9a
2026-10-09T21:35:33.9189403Z  * [new branch]          issue-8-2ef42ad47e3f    -> origin/issue-8-2ef42ad47e3f
2026-10-09T21:35:33.9189843Z  * [new branch]          issue-80-290e44192310   -> origin/issue-80-290e44192310
2026-10-09T21:35:33.9190288Z  * [new branch]          issue-804-e2deabc855e8  -> origin/issue-804-e2deabc855e8
2026-10-09T21:35:33.9190785Z  * [new branch]          issue-808-bf5af32dbcdd  -> origin/issue-808-bf5af32dbcdd
2026-10-09T21:35:33.9191398Z  * [new branch]          issue-81-38c12ca65065   -> origin/issue-81-38c12ca65065
2026-10-09T21:35:33.9191863Z  * [new branch]          issue-810-9b3071713a8e  -> origin/issue-810-9b3071713a8e
2026-10-09T21:35:33.9192447Z  * [new branch]          issue-812-7f9674a82402  -> origin/issue-812-7f9674a82402
2026-10-09T21:35:33.9192910Z  * [new branch]          issue-819-13e67ad740f2  -> origin/issue-819-13e67ad740f2
2026-10-09T21:35:33.9193383Z  * [new branch]          issue-819-1bde63552e68  -> origin/issue-819-1bde63552e68
2026-10-09T21:35:33.9193831Z  * [new branch]          issue-819-ebe5e6322d6c  -> origin/issue-819-ebe5e6322d6c
2026-10-09T21:35:33.9194274Z  * [new branch]          issue-82-1a6565cb42da   -> origin/issue-82-1a6565cb42da
2026-10-09T21:35:33.9194728Z  * [new branch]          issue-822-b85211754f9e  -> origin/issue-822-b85211754f9e
2026-10-09T21:35:33.9195168Z  * [new branch]          issue-828-4962df13517a  -> origin/issue-828-4962df13517a
2026-10-09T21:35:33.9195617Z  * [new branch]          issue-832-18101a8d15e8  -> origin/issue-832-18101a8d15e8
2026-10-09T21:35:33.9196067Z  * [new branch]          issue-834-14f41fd75c97  -> origin/issue-834-14f41fd75c97
2026-10-09T21:35:33.9196504Z  * [new branch]          issue-835-67812322c263  -> origin/issue-835-67812322c263
2026-10-09T21:35:33.9196950Z  * [new branch]          issue-839-bfd445947ca5  -> origin/issue-839-bfd445947ca5
2026-10-09T21:35:33.9197391Z  * [new branch]          issue-84-692b1f9623db   -> origin/issue-84-692b1f9623db
2026-10-09T21:35:33.9197829Z  * [new branch]          issue-84-a409f6cdf36b   -> origin/issue-84-a409f6cdf36b
2026-10-09T21:35:33.9198277Z  * [new branch]          issue-840-6654ade0a597  -> origin/issue-840-6654ade0a597
2026-10-09T21:35:33.9198852Z  * [new branch]          issue-841-722d23014d4b  -> origin/issue-841-722d23014d4b
2026-10-09T21:35:33.9199302Z  * [new branch]          issue-842-09f1f0f99558  -> origin/issue-842-09f1f0f99558
2026-10-09T21:35:33.9199750Z  * [new branch]          issue-843-3a81d665c7bc  -> origin/issue-843-3a81d665c7bc
2026-10-09T21:35:33.9200207Z  * [new branch]          issue-844-f69e12cbafc2  -> origin/issue-844-f69e12cbafc2
2026-10-09T21:35:33.9200661Z  * [new branch]          issue-845-f498587b580b  -> origin/issue-845-f498587b580b
2026-10-09T21:35:33.9201101Z  * [new branch]          issue-846-a407746d16fa  -> origin/issue-846-a407746d16fa
2026-10-09T21:35:33.9201552Z  * [new branch]          issue-847-66bba6f5d5a8  -> origin/issue-847-66bba6f5d5a8
2026-10-09T21:35:33.9201988Z  * [new branch]          issue-848-5099e2a2745b  -> origin/issue-848-5099e2a2745b
2026-10-09T21:35:33.9202638Z  * [new branch]          issue-858-1681d21e7d4c  -> origin/issue-858-1681d21e7d4c
2026-10-09T21:35:33.9203112Z  * [new branch]          issue-859-566eafb59c34  -> origin/issue-859-566eafb59c34
2026-10-09T21:35:33.9203559Z  * [new branch]          issue-864-c5dca48884f5  -> origin/issue-864-c5dca48884f5
2026-10-09T21:35:33.9204004Z  * [new branch]          issue-870-a708b4e7f73a  -> origin/issue-870-a708b4e7f73a
2026-10-09T21:35:33.9204461Z  * [new branch]          issue-873-9298f02b8ad9  -> origin/issue-873-9298f02b8ad9
2026-10-09T21:35:33.9204903Z  * [new branch]          issue-874-c824ce6740f9  -> origin/issue-874-c824ce6740f9
2026-10-09T21:35:33.9205347Z  * [new branch]          issue-879-693050b2608b  -> origin/issue-879-693050b2608b
2026-10-09T21:35:33.9205784Z  * [new branch]          issue-885-48544a438c48  -> origin/issue-885-48544a438c48
2026-10-09T21:35:33.9206225Z  * [new branch]          issue-889-51584e9fac18  -> origin/issue-889-51584e9fac18
2026-10-09T21:35:33.9206667Z  * [new branch]          issue-890-2f2950148be5  -> origin/issue-890-2f2950148be5
2026-10-09T21:35:33.9207109Z  * [new branch]          issue-891-6fd229cee75d  -> origin/issue-891-6fd229cee75d
2026-10-09T21:35:33.9207560Z  * [new branch]          issue-892-fc018f7547af  -> origin/issue-892-fc018f7547af
2026-10-09T21:35:33.9207996Z  * [new branch]          issue-893-92214a278582  -> origin/issue-893-92214a278582
2026-10-09T21:35:33.9208550Z  * [new branch]          issue-894-cbab9ee9c91c  -> origin/issue-894-cbab9ee9c91c
2026-10-09T21:35:33.9209003Z  * [new branch]          issue-895-0d77ddbd6750  -> origin/issue-895-0d77ddbd6750
2026-10-09T21:35:33.9209448Z  * [new branch]          issue-896-a068f8823d47  -> origin/issue-896-a068f8823d47
2026-10-09T21:35:33.9209895Z  * [new branch]          issue-902-a9a86f6c368f  -> origin/issue-902-a9a86f6c368f
2026-10-09T21:35:33.9210341Z  * [new branch]          issue-903-2e7d6957b091  -> origin/issue-903-2e7d6957b091
2026-10-09T21:35:33.9210778Z  * [new branch]          issue-904-fcd8cbf04207  -> origin/issue-904-fcd8cbf04207
2026-10-09T21:35:33.9211225Z  * [new branch]          issue-905-84e37855d352  -> origin/issue-905-84e37855d352
2026-10-09T21:35:33.9211668Z  * [new branch]          issue-906-0f25613b95c1  -> origin/issue-906-0f25613b95c1
2026-10-09T21:35:33.9212207Z  * [new branch]          issue-907-a7979a72a133  -> origin/issue-907-a7979a72a133
2026-10-09T21:35:33.9212672Z  * [new branch]          issue-908-cb412b45ed5e  -> origin/issue-908-cb412b45ed5e
2026-10-09T21:35:33.9213115Z  * [new branch]          issue-909-de2fb1cd1edc  -> origin/issue-909-de2fb1cd1edc
2026-10-09T21:35:33.9213560Z  * [new branch]          issue-914-aa7c70f48980  -> origin/issue-914-aa7c70f48980
2026-10-09T21:35:33.9214001Z  * [new branch]          issue-916-db908285e81b  -> origin/issue-916-db908285e81b
2026-10-09T21:35:33.9214443Z  * [new branch]          issue-917-99309190c185  -> origin/issue-917-99309190c185
2026-10-09T21:35:33.9214891Z  * [new branch]          issue-918-5b7aa6590432  -> origin/issue-918-5b7aa6590432
2026-10-09T21:35:33.9215332Z  * [new branch]          issue-919-8df2cb50c01e  -> origin/issue-919-8df2cb50c01e
2026-10-09T21:35:33.9215892Z  * [new branch]          issue-920-14757e13f2aa  -> origin/issue-920-14757e13f2aa
2026-10-09T21:35:33.9216334Z  * [new branch]          issue-922-d8d07e0db7e9  -> origin/issue-922-d8d07e0db7e9
2026-10-09T21:35:33.9216780Z  * [new branch]          issue-923-387997ece554  -> origin/issue-923-387997ece554
2026-10-09T21:35:33.9217226Z  * [new branch]          issue-924-b1ac23bf54c8  -> origin/issue-924-b1ac23bf54c8
2026-10-09T21:35:33.9217673Z  * [new branch]          issue-93-5c859a5dabc0   -> origin/issue-93-5c859a5dabc0
2026-10-09T21:35:33.9218151Z  * [new branch]          issue-931-93934954e1d0  -> origin/issue-931-93934954e1d0
2026-10-09T21:35:33.9218591Z  * [new branch]          issue-932-ca968c816c06  -> origin/issue-932-ca968c816c06
2026-10-09T21:35:33.9219035Z  * [new branch]          issue-933-16103d89a214  -> origin/issue-933-16103d89a214
2026-10-09T21:35:33.9219466Z  * [new branch]          issue-936-86302bc6d5d1  -> origin/issue-936-86302bc6d5d1
2026-10-09T21:35:33.9219916Z  * [new branch]          issue-938-fba70db6fbf5  -> origin/issue-938-fba70db6fbf5
2026-10-09T21:35:33.9220358Z  * [new branch]          issue-94-ff296a0bd279   -> origin/issue-94-ff296a0bd279
2026-10-09T21:35:33.9220805Z  * [new branch]          issue-96-93a44dd34f1d   -> origin/issue-96-93a44dd34f1d
2026-10-09T21:35:33.9221247Z  * [new branch]          issue-960-88c2a6da77cc  -> origin/issue-960-88c2a6da77cc
2026-10-09T21:35:33.9221687Z  * [new branch]          issue-961-dc9b3c144e21  -> origin/issue-961-dc9b3c144e21
2026-10-09T21:35:33.9222279Z  * [new branch]          issue-962-6c5699d2ffb4  -> origin/issue-962-6c5699d2ffb4
2026-10-09T21:35:33.9222730Z  * [new branch]          issue-973-bf28b8fc02a9  -> origin/issue-973-bf28b8fc02a9
2026-10-09T21:35:33.9223174Z  * [new branch]          issue-977-61e038f4f854  -> origin/issue-977-61e038f4f854
2026-10-09T21:35:33.9223600Z  * [new branch]          issue-980-7930e3c647c0  -> origin/issue-980-7930e3c647c0
2026-10-09T21:35:33.9224051Z  * [new branch]          issue-982-fe1f2ebf4dcf  -> origin/issue-982-fe1f2ebf4dcf
2026-10-09T21:35:33.9224492Z  * [new branch]          issue-988-55a897c371cf  -> origin/issue-988-55a897c371cf
2026-10-09T21:35:33.9224915Z  * [new branch]          issue-989-66076bee90a1  -> origin/issue-989-66076bee90a1
2026-10-09T21:35:33.9225464Z  * [new branch]          issue-990-79a912e7a3d0  -> origin/issue-990-79a912e7a3d0
2026-10-09T21:35:33.9225914Z  * [new branch]          issue-991-43e4ba3ff505  -> origin/issue-991-43e4ba3ff505
2026-10-09T21:35:33.9226351Z  * [new branch]          issue-996-177371167e71  -> origin/issue-996-177371167e71
2026-10-09T21:35:33.9226795Z  * [new branch]          issue-999-31976d2c6ce9  -> origin/issue-999-31976d2c6ce9
2026-10-09T21:35:33.9227276Z  * [new branch]          issue-dockerhub-defaults -> origin/issue-dockerhub-defaults
2026-10-09T21:35:33.9227774Z  * [new branch]          issue-hello-world-ladder -> origin/issue-hello-world-ladder
2026-10-09T21:35:33.9228317Z  * [new branch]          issue-ratchet-degenerate-cycle -> origin/issue-ratchet-degenerate-cycle
2026-10-09T21:35:33.9228801Z  * [new branch]          main                    -> origin/main
2026-10-09T21:35:33.9229289Z  * [new branch]          qa-reasoning-coding-bulk-fixes -> origin/qa-reasoning-coding-bulk-fixes
2026-10-09T21:35:33.9229809Z  * [new branch]          rebuild-ratio-sampling  -> origin/rebuild-ratio-sampling
2026-10-09T21:35:33.9230397Z  * [new branch]          recovered/issue-1028-original-history -> origin/recovered/issue-1028-original-history
2026-10-09T21:35:33.9230995Z  * [new branch]          release-docker-compile-path -> origin/release-docker-compile-path
2026-10-09T21:35:33.9231494Z  * [new branch]          release-layout-readers  -> origin/release-layout-readers
2026-10-09T21:35:33.9231994Z  * [new branch]          release-script-import-sweep -> origin/release-script-import-sweep
2026-10-09T21:35:33.9232581Z  * [new branch]          release-version-path    -> origin/release-version-path
2026-10-09T21:35:33.9233174Z  * [new branch]          remove-release-deferral -> origin/remove-release-deferral
2026-10-09T21:35:33.9233639Z  * [new branch]          worktree-issue-1138     -> origin/worktree-issue-1138
2026-10-09T21:35:33.9234044Z  * [new tag]             v0.100.0                -> v0.100.0
2026-10-09T21:35:33.9234398Z  * [new tag]             v0.101.0                -> v0.101.0
2026-10-09T21:35:33.9234736Z  * [new tag]             v0.102.0                -> v0.102.0
2026-10-09T21:35:33.9235086Z  * [new tag]             v0.103.0                -> v0.103.0
2026-10-09T21:35:33.9235423Z  * [new tag]             v0.104.0                -> v0.104.0
2026-10-09T21:35:33.9235758Z  * [new tag]             v0.105.0                -> v0.105.0
2026-10-09T21:35:33.9236093Z  * [new tag]             v0.106.0                -> v0.106.0
2026-10-09T21:35:33.9236419Z  * [new tag]             v0.107.0                -> v0.107.0
2026-10-09T21:35:33.9236751Z  * [new tag]             v0.108.0                -> v0.108.0
2026-10-09T21:35:33.9237101Z  * [new tag]             v0.109.0                -> v0.109.0
2026-10-09T21:35:33.9237431Z  * [new tag]             v0.110.0                -> v0.110.0
2026-10-09T21:35:33.9237758Z  * [new tag]             v0.111.0                -> v0.111.0
2026-10-09T21:35:33.9238083Z  * [new tag]             v0.112.0                -> v0.112.0
2026-10-09T21:35:33.9238416Z  * [new tag]             v0.113.0                -> v0.113.0
2026-10-09T21:35:33.9238749Z  * [new tag]             v0.114.0                -> v0.114.0
2026-10-09T21:35:33.9239088Z  * [new tag]             v0.115.0                -> v0.115.0
2026-10-09T21:35:33.9239414Z  * [new tag]             v0.116.0                -> v0.116.0
2026-10-09T21:35:33.9239751Z  * [new tag]             v0.117.0                -> v0.117.0
2026-10-09T21:35:33.9240085Z  * [new tag]             v0.118.0                -> v0.118.0
2026-10-09T21:35:33.9240415Z  * [new tag]             v0.119.0                -> v0.119.0
2026-10-09T21:35:33.9240756Z  * [new tag]             v0.12.0                 -> v0.12.0
2026-10-09T21:35:33.9241098Z  * [new tag]             v0.120.0                -> v0.120.0
2026-10-09T21:35:33.9241439Z  * [new tag]             v0.121.0                -> v0.121.0
2026-10-09T21:35:33.9241763Z  * [new tag]             v0.122.0                -> v0.122.0
2026-10-09T21:35:33.9242424Z  * [new tag]             v0.123.0                -> v0.123.0
2026-10-09T21:35:33.9242774Z  * [new tag]             v0.124.0                -> v0.124.0
2026-10-09T21:35:33.9243116Z  * [new tag]             v0.125.0                -> v0.125.0
2026-10-09T21:35:33.9243471Z  * [new tag]             v0.126.0                -> v0.126.0
2026-10-09T21:35:33.9243817Z  * [new tag]             v0.127.0                -> v0.127.0
2026-10-09T21:35:33.9244154Z  * [new tag]             v0.128.0                -> v0.128.0
2026-10-09T21:35:33.9244495Z  * [new tag]             v0.129.0                -> v0.129.0
2026-10-09T21:35:33.9244835Z  * [new tag]             v0.13.0                 -> v0.13.0
2026-10-09T21:35:33.9245193Z  * [new tag]             v0.130.0                -> v0.130.0
2026-10-09T21:35:33.9245528Z  * [new tag]             v0.131.0                -> v0.131.0
2026-10-09T21:35:33.9245859Z  * [new tag]             v0.132.0                -> v0.132.0
2026-10-09T21:35:33.9246199Z  * [new tag]             v0.133.0                -> v0.133.0
2026-10-09T21:35:33.9246534Z  * [new tag]             v0.134.0                -> v0.134.0
2026-10-09T21:35:33.9246870Z  * [new tag]             v0.135.0                -> v0.135.0
2026-10-09T21:35:33.9247226Z  * [new tag]             v0.136.0                -> v0.136.0
2026-10-09T21:35:33.9247552Z  * [new tag]             v0.137.0                -> v0.137.0
2026-10-09T21:35:33.9247885Z  * [new tag]             v0.138.0                -> v0.138.0
2026-10-09T21:35:33.9248212Z  * [new tag]             v0.139.0                -> v0.139.0
2026-10-09T21:35:33.9248542Z  * [new tag]             v0.14.0                 -> v0.14.0
2026-10-09T21:35:33.9248990Z  * [new tag]             v0.140.0                -> v0.140.0
2026-10-09T21:35:33.9249322Z  * [new tag]             v0.141.0                -> v0.141.0
2026-10-09T21:35:33.9249648Z  * [new tag]             v0.142.0                -> v0.142.0
2026-10-09T21:35:33.9249981Z  * [new tag]             v0.143.0                -> v0.143.0
2026-10-09T21:35:33.9250324Z  * [new tag]             v0.144.0                -> v0.144.0
2026-10-09T21:35:33.9250656Z  * [new tag]             v0.145.0                -> v0.145.0
2026-10-09T21:35:33.9250995Z  * [new tag]             v0.146.0                -> v0.146.0
2026-10-09T21:35:33.9251327Z  * [new tag]             v0.147.0                -> v0.147.0
2026-10-09T21:35:33.9251683Z  * [new tag]             v0.148.0                -> v0.148.0
2026-10-09T21:35:33.9252035Z  * [new tag]             v0.149.0                -> v0.149.0
2026-10-09T21:35:33.9252502Z  * [new tag]             v0.15.0                 -> v0.15.0
2026-10-09T21:35:33.9252863Z  * [new tag]             v0.150.0                -> v0.150.0
2026-10-09T21:35:33.9253222Z  * [new tag]             v0.151.0                -> v0.151.0
2026-10-09T21:35:33.9253561Z  * [new tag]             v0.152.0                -> v0.152.0
2026-10-09T21:35:33.9253896Z  * [new tag]             v0.153.0                -> v0.153.0
2026-10-09T21:35:33.9254232Z  * [new tag]             v0.154.0                -> v0.154.0
2026-10-09T21:35:33.9254562Z  * [new tag]             v0.155.0                -> v0.155.0
2026-10-09T21:35:33.9254899Z  * [new tag]             v0.156.0                -> v0.156.0
2026-10-09T21:35:33.9255225Z  * [new tag]             v0.157.0                -> v0.157.0
2026-10-09T21:35:33.9255560Z  * [new tag]             v0.158.0                -> v0.158.0
2026-10-09T21:35:33.9255889Z  * [new tag]             v0.159.0                -> v0.159.0
2026-10-09T21:35:33.9256230Z  * [new tag]             v0.16.0                 -> v0.16.0
2026-10-09T21:35:33.9256565Z  * [new tag]             v0.160.0                -> v0.160.0
2026-10-09T21:35:33.9256907Z  * [new tag]             v0.161.0                -> v0.161.0
2026-10-09T21:35:33.9257234Z  * [new tag]             v0.162.0                -> v0.162.0
2026-10-09T21:35:33.9257563Z  * [new tag]             v0.163.0                -> v0.163.0
2026-10-09T21:35:33.9258021Z  * [new tag]             v0.164.0                -> v0.164.0
2026-10-09T21:35:33.9258352Z  * [new tag]             v0.165.0                -> v0.165.0
2026-10-09T21:35:33.9258701Z  * [new tag]             v0.166.0                -> v0.166.0
2026-10-09T21:35:33.9259038Z  * [new tag]             v0.167.0                -> v0.167.0
2026-10-09T21:35:33.9259366Z  * [new tag]             v0.168.0                -> v0.168.0
2026-10-09T21:35:33.9259701Z  * [new tag]             v0.169.0                -> v0.169.0
2026-10-09T21:35:33.9260035Z  * [new tag]             v0.17.0                 -> v0.17.0
2026-10-09T21:35:33.9260374Z  * [new tag]             v0.170.0                -> v0.170.0
2026-10-09T21:35:33.9260715Z  * [new tag]             v0.171.0                -> v0.171.0
2026-10-09T21:35:33.9261047Z  * [new tag]             v0.172.0                -> v0.172.0
2026-10-09T21:35:33.9261371Z  * [new tag]             v0.173.0                -> v0.173.0
2026-10-09T21:35:33.9261700Z  * [new tag]             v0.174.0                -> v0.174.0
2026-10-09T21:35:33.9262032Z  * [new tag]             v0.175.0                -> v0.175.0
2026-10-09T21:35:33.9262539Z  * [new tag]             v0.176.0                -> v0.176.0
2026-10-09T21:35:33.9262884Z  * [new tag]             v0.177.0                -> v0.177.0
2026-10-09T21:35:33.9263211Z  * [new tag]             v0.178.0                -> v0.178.0
2026-10-09T21:35:33.9263540Z  * [new tag]             v0.179.0                -> v0.179.0
2026-10-09T21:35:33.9263872Z  * [new tag]             v0.18.0                 -> v0.18.0
2026-10-09T21:35:33.9264199Z  * [new tag]             v0.180.0                -> v0.180.0
2026-10-09T21:35:33.9264537Z  * [new tag]             v0.181.0                -> v0.181.0
2026-10-09T21:35:33.9264995Z  * [new tag]             v0.182.0                -> v0.182.0
2026-10-09T21:35:33.9265325Z  * [new tag]             v0.183.0                -> v0.183.0
2026-10-09T21:35:33.9265652Z  * [new tag]             v0.184.0                -> v0.184.0
2026-10-09T21:35:33.9265991Z  * [new tag]             v0.185.0                -> v0.185.0
2026-10-09T21:35:33.9266319Z  * [new tag]             v0.186.0                -> v0.186.0
2026-10-09T21:35:33.9266736Z  * [new tag]             v0.187.0                -> v0.187.0
2026-10-09T21:35:33.9267152Z  * [new tag]             v0.188.0                -> v0.188.0
2026-10-09T21:35:33.9267483Z  * [new tag]             v0.189.0                -> v0.189.0
2026-10-09T21:35:33.9267811Z  * [new tag]             v0.19.0                 -> v0.19.0
2026-10-09T21:35:33.9268137Z  * [new tag]             v0.190.0                -> v0.190.0
2026-10-09T21:35:33.9268474Z  * [new tag]             v0.191.0                -> v0.191.0
2026-10-09T21:35:33.9268807Z  * [new tag]             v0.192.0                -> v0.192.0
2026-10-09T21:35:33.9269137Z  * [new tag]             v0.193.0                -> v0.193.0
2026-10-09T21:35:33.9269474Z  * [new tag]             v0.194.0                -> v0.194.0
2026-10-09T21:35:33.9269806Z  * [new tag]             v0.195.0                -> v0.195.0
2026-10-09T21:35:33.9270145Z  * [new tag]             v0.196.0                -> v0.196.0
2026-10-09T21:35:33.9270479Z  * [new tag]             v0.197.0                -> v0.197.0
2026-10-09T21:35:33.9270805Z  * [new tag]             v0.198.0                -> v0.198.0
2026-10-09T21:35:33.9271131Z  * [new tag]             v0.199.0                -> v0.199.0
2026-10-09T21:35:33.9271456Z  * [new tag]             v0.20.0                 -> v0.20.0
2026-10-09T21:35:33.9271787Z  * [new tag]             v0.200.0                -> v0.200.0
2026-10-09T21:35:33.9272197Z  * [new tag]             v0.201.0                -> v0.201.0
2026-10-09T21:35:33.9272537Z  * [new tag]             v0.202.0                -> v0.202.0
2026-10-09T21:35:33.9272874Z  * [new tag]             v0.203.0                -> v0.203.0
2026-10-09T21:35:33.9273201Z  * [new tag]             v0.204.0                -> v0.204.0
2026-10-09T21:35:33.9273524Z  * [new tag]             v0.205.0                -> v0.205.0
2026-10-09T21:35:33.9273965Z  * [new tag]             v0.206.0                -> v0.206.0
2026-10-09T21:35:33.9274338Z  * [new tag]             v0.207.0                -> v0.207.0
2026-10-09T21:35:33.9274683Z  * [new tag]             v0.208.0                -> v0.208.0
2026-10-09T21:35:33.9275021Z  * [new tag]             v0.209.0                -> v0.209.0
2026-10-09T21:35:33.9275367Z  * [new tag]             v0.21.0                 -> v0.21.0
2026-10-09T21:35:33.9275706Z  * [new tag]             v0.210.0                -> v0.210.0
2026-10-09T21:35:33.9276038Z  * [new tag]             v0.211.0                -> v0.211.0
2026-10-09T21:35:33.9276374Z  * [new tag]             v0.212.0                -> v0.212.0
2026-10-09T21:35:33.9276709Z  * [new tag]             v0.213.0                -> v0.213.0
2026-10-09T21:35:33.9277041Z  * [new tag]             v0.214.0                -> v0.214.0
2026-10-09T21:35:33.9277374Z  * [new tag]             v0.215.0                -> v0.215.0
2026-10-09T21:35:33.9277926Z  * [new tag]             v0.216.0                -> v0.216.0
2026-10-09T21:35:33.9278363Z  * [new tag]             v0.217.0                -> v0.217.0
2026-10-09T21:35:33.9278691Z  * [new tag]             v0.218.0                -> v0.218.0
2026-10-09T21:35:33.9279017Z  * [new tag]             v0.219.0                -> v0.219.0
2026-10-09T21:35:33.9279353Z  * [new tag]             v0.22.0                 -> v0.22.0
2026-10-09T21:35:33.9279688Z  * [new tag]             v0.220.0                -> v0.220.0
2026-10-09T21:35:33.9280025Z  * [new tag]             v0.221.0                -> v0.221.0
2026-10-09T21:35:33.9280363Z  * [new tag]             v0.222.0                -> v0.222.0
2026-10-09T21:35:33.9280687Z  * [new tag]             v0.223.0                -> v0.223.0
2026-10-09T21:35:33.9281137Z  * [new tag]             v0.224.0                -> v0.224.0
2026-10-09T21:35:33.9281468Z  * [new tag]             v0.225.0                -> v0.225.0
2026-10-09T21:35:33.9281795Z  * [new tag]             v0.226.0                -> v0.226.0
2026-10-09T21:35:33.9282220Z  * [new tag]             v0.227.0                -> v0.227.0
2026-10-09T21:35:33.9282565Z  * [new tag]             v0.228.0                -> v0.228.0
2026-10-09T21:35:33.9282895Z  * [new tag]             v0.229.0                -> v0.229.0
2026-10-09T21:35:33.9283228Z  * [new tag]             v0.23.0                 -> v0.23.0
2026-10-09T21:35:33.9283559Z  * [new tag]             v0.230.0                -> v0.230.0
2026-10-09T21:35:33.9283888Z  * [new tag]             v0.231.0                -> v0.231.0
2026-10-09T21:35:33.9284221Z  * [new tag]             v0.232.0                -> v0.232.0
2026-10-09T21:35:33.9284545Z  * [new tag]             v0.233.0                -> v0.233.0
2026-10-09T21:35:33.9284878Z  * [new tag]             v0.234.0                -> v0.234.0
2026-10-09T21:35:33.9285202Z  * [new tag]             v0.235.0                -> v0.235.0
2026-10-09T21:35:33.9285532Z  * [new tag]             v0.236.0                -> v0.236.0
2026-10-09T21:35:33.9285863Z  * [new tag]             v0.237.0                -> v0.237.0
2026-10-09T21:35:33.9286196Z  * [new tag]             v0.238.0                -> v0.238.0
2026-10-09T21:35:33.9286524Z  * [new tag]             v0.239.0                -> v0.239.0
2026-10-09T21:35:33.9286856Z  * [new tag]             v0.24.0                 -> v0.24.0
2026-10-09T21:35:33.9287184Z  * [new tag]             v0.240.0                -> v0.240.0
2026-10-09T21:35:33.9287517Z  * [new tag]             v0.241.0                -> v0.241.0
2026-10-09T21:35:33.9287854Z  * [new tag]             v0.242.0                -> v0.242.0
2026-10-09T21:35:33.9288178Z  * [new tag]             v0.243.0                -> v0.243.0
2026-10-09T21:35:33.9288518Z  * [new tag]             v0.244.0                -> v0.244.0
2026-10-09T21:35:33.9288843Z  * [new tag]             v0.245.0                -> v0.245.0
2026-10-09T21:35:33.9289172Z  * [new tag]             v0.246.0                -> v0.246.0
2026-10-09T21:35:33.9289498Z  * [new tag]             v0.247.0                -> v0.247.0
2026-10-09T21:35:33.9289940Z  * [new tag]             v0.248.0                -> v0.248.0
2026-10-09T21:35:33.9290270Z  * [new tag]             v0.249.0                -> v0.249.0
2026-10-09T21:35:33.9290625Z  * [new tag]             v0.25.0                 -> v0.25.0
2026-10-09T21:35:33.9290960Z  * [new tag]             v0.250.0                -> v0.250.0
2026-10-09T21:35:33.9291290Z  * [new tag]             v0.251.0                -> v0.251.0
2026-10-09T21:35:33.9291620Z  * [new tag]             v0.252.0                -> v0.252.0
2026-10-09T21:35:33.9291961Z  * [new tag]             v0.253.0                -> v0.253.0
2026-10-09T21:35:33.9292369Z  * [new tag]             v0.254.0                -> v0.254.0
2026-10-09T21:35:33.9292706Z  * [new tag]             v0.255.0                -> v0.255.0
2026-10-09T21:35:33.9293035Z  * [new tag]             v0.256.0                -> v0.256.0
2026-10-09T21:35:33.9293359Z  * [new tag]             v0.257.0                -> v0.257.0
2026-10-09T21:35:33.9293697Z  * [new tag]             v0.258.0                -> v0.258.0
2026-10-09T21:35:33.9294027Z  * [new tag]             v0.259.0                -> v0.259.0
2026-10-09T21:35:33.9294356Z  * [new tag]             v0.26.0                 -> v0.26.0
2026-10-09T21:35:33.9294683Z  * [new tag]             v0.260.0                -> v0.260.0
2026-10-09T21:35:33.9295010Z  * [new tag]             v0.261.0                -> v0.261.0
2026-10-09T21:35:33.9295339Z  * [new tag]             v0.262.0                -> v0.262.0
2026-10-09T21:35:33.9295675Z  * [new tag]             v0.263.0                -> v0.263.0
2026-10-09T21:35:33.9296000Z  * [new tag]             v0.264.0                -> v0.264.0
2026-10-09T21:35:33.9296447Z  * [new tag]             v0.265.0                -> v0.265.0
2026-10-09T21:35:33.9296766Z  * [new tag]             v0.266.0                -> v0.266.0
2026-10-09T21:35:33.9297092Z  * [new tag]             v0.267.0                -> v0.267.0
2026-10-09T21:35:33.9297432Z  * [new tag]             v0.268.0                -> v0.268.0
2026-10-09T21:35:33.9297756Z  * [new tag]             v0.269.0                -> v0.269.0
2026-10-09T21:35:33.9298082Z  * [new tag]             v0.27.0                 -> v0.27.0
2026-10-09T21:35:33.9298409Z  * [new tag]             v0.270.0                -> v0.270.0
2026-10-09T21:35:33.9298725Z  * [new tag]             v0.271.0                -> v0.271.0
2026-10-09T21:35:33.9299047Z  * [new tag]             v0.272.0                -> v0.272.0
2026-10-09T21:35:33.9299393Z  * [new tag]             v0.273.0                -> v0.273.0
2026-10-09T21:35:33.9299725Z  * [new tag]             v0.274.0                -> v0.274.0
2026-10-09T21:35:33.9300056Z  * [new tag]             v0.275.0                -> v0.275.0
2026-10-09T21:35:33.9300380Z  * [new tag]             v0.276.0                -> v0.276.0
2026-10-09T21:35:33.9300703Z  * [new tag]             v0.277.0                -> v0.277.0
2026-10-09T21:35:33.9301022Z  * [new tag]             v0.278.0                -> v0.278.0
2026-10-09T21:35:33.9301356Z  * [new tag]             v0.279.0                -> v0.279.0
2026-10-09T21:35:33.9301682Z  * [new tag]             v0.28.0                 -> v0.28.0
2026-10-09T21:35:33.9302004Z  * [new tag]             v0.280.0                -> v0.280.0
2026-10-09T21:35:33.9302429Z  * [new tag]             v0.281.0                -> v0.281.0
2026-10-09T21:35:33.9302755Z  * [new tag]             v0.282.0                -> v0.282.0
2026-10-09T21:35:33.9303098Z  * [new tag]             v0.283.0                -> v0.283.0
2026-10-09T21:35:33.9303433Z  * [new tag]             v0.284.0                -> v0.284.0
2026-10-09T21:35:33.9303765Z  * [new tag]             v0.285.0                -> v0.285.0
2026-10-09T21:35:33.9304110Z  * [new tag]             v0.286.0                -> v0.286.0
2026-10-09T21:35:33.9304437Z  * [new tag]             v0.287.0                -> v0.287.0
2026-10-09T21:35:33.9304773Z  * [new tag]             v0.288.0                -> v0.288.0
2026-10-09T21:35:33.9305245Z  * [new tag]             v0.289.0                -> v0.289.0
2026-10-09T21:35:33.9305577Z  * [new tag]             v0.29.0                 -> v0.29.0
2026-10-09T21:35:33.9305909Z  * [new tag]             v0.290.0                -> v0.290.0
2026-10-09T21:35:33.9306241Z  * [new tag]             v0.291.0                -> v0.291.0
2026-10-09T21:35:33.9306564Z  * [new tag]             v0.292.0                -> v0.292.0
2026-10-09T21:35:33.9306903Z  * [new tag]             v0.293.0                -> v0.293.0
2026-10-09T21:35:33.9307233Z  * [new tag]             v0.294.0                -> v0.294.0
2026-10-09T21:35:33.9307560Z  * [new tag]             v0.295.0                -> v0.295.0
2026-10-09T21:35:33.9307897Z  * [new tag]             v0.295.1                -> v0.295.1
2026-10-09T21:35:33.9308228Z  * [new tag]             v0.295.2                -> v0.295.2
2026-10-09T21:35:33.9308554Z  * [new tag]             v0.296.0                -> v0.296.0
2026-10-09T21:35:33.9308886Z  * [new tag]             v0.296.1                -> v0.296.1
2026-10-09T21:35:33.9309226Z  * [new tag]             v0.296.2                -> v0.296.2
2026-10-09T21:35:33.9309561Z  * [new tag]             v0.296.3                -> v0.296.3
2026-10-09T21:35:33.9309887Z  * [new tag]             v0.296.4                -> v0.296.4
2026-10-09T21:35:33.9310221Z  * [new tag]             v0.297.0                -> v0.297.0
2026-10-09T21:35:33.9310553Z  * [new tag]             v0.297.1                -> v0.297.1
2026-10-09T21:35:33.9310893Z  * [new tag]             v0.297.2                -> v0.297.2
2026-10-09T21:35:33.9311218Z  * [new tag]             v0.297.3                -> v0.297.3
2026-10-09T21:35:33.9311548Z  * [new tag]             v0.297.4                -> v0.297.4
2026-10-09T21:35:33.9312021Z  * [new tag]             v0.297.5                -> v0.297.5
2026-10-09T21:35:33.9312452Z  * [new tag]             v0.298.0                -> v0.298.0
2026-10-09T21:35:33.9312790Z  * [new tag]             v0.298.1                -> v0.298.1
2026-10-09T21:35:33.9313127Z  * [new tag]             v0.299.0                -> v0.299.0
2026-10-09T21:35:33.9313458Z  * [new tag]             v0.30.0                 -> v0.30.0
2026-10-09T21:35:33.9313792Z  * [new tag]             v0.300.0                -> v0.300.0
2026-10-09T21:35:33.9314116Z  * [new tag]             v0.301.0                -> v0.301.0
2026-10-09T21:35:33.9314446Z  * [new tag]             v0.301.1                -> v0.301.1
2026-10-09T21:35:33.9314790Z  * [new tag]             v0.302.0                -> v0.302.0
2026-10-09T21:35:33.9315120Z  * [new tag]             v0.302.1                -> v0.302.1
2026-10-09T21:35:33.9315466Z  * [new tag]             v0.302.2                -> v0.302.2
2026-10-09T21:35:33.9315803Z  * [new tag]             v0.302.3                -> v0.302.3
2026-10-09T21:35:33.9316133Z  * [new tag]             v0.303.0                -> v0.303.0
2026-10-09T21:35:33.9316495Z  * [new tag]             v0.304.0                -> v0.304.0
2026-10-09T21:35:33.9316834Z  * [new tag]             v0.304.1                -> v0.304.1
2026-10-09T21:35:33.9317172Z  * [new tag]             v0.305.0                -> v0.305.0
2026-10-09T21:35:33.9317503Z  * [new tag]             v0.305.1                -> v0.305.1
2026-10-09T21:35:33.9317833Z  * [new tag]             v0.306.0                -> v0.306.0
2026-10-09T21:35:33.9318158Z  * [new tag]             v0.306.1                -> v0.306.1
2026-10-09T21:35:33.9318495Z  * [new tag]             v0.307.0                -> v0.307.0
2026-10-09T21:35:33.9318821Z  * [new tag]             v0.307.1                -> v0.307.1
2026-10-09T21:35:33.9319153Z  * [new tag]             v0.308.0                -> v0.308.0
2026-10-09T21:35:33.9319488Z  * [new tag]             v0.309.0                -> v0.309.0
2026-10-09T21:35:33.9319818Z  * [new tag]             v0.31.0                 -> v0.31.0
2026-10-09T21:35:33.9320151Z  * [new tag]             v0.310.0                -> v0.310.0
2026-10-09T21:35:33.9320494Z  * [new tag]             v0.311.0                -> v0.311.0
2026-10-09T21:35:33.9320940Z  * [new tag]             v0.311.1                -> v0.311.1
2026-10-09T21:35:33.9321276Z  * [new tag]             v0.312.0                -> v0.312.0
2026-10-09T21:35:33.9321607Z  * [new tag]             v0.312.1                -> v0.312.1
2026-10-09T21:35:33.9321936Z  * [new tag]             v0.313.0                -> v0.313.0
2026-10-09T21:35:33.9322361Z  * [new tag]             v0.314.0                -> v0.314.0
2026-10-09T21:35:33.9322698Z  * [new tag]             v0.315.0                -> v0.315.0
2026-10-09T21:35:33.9323030Z  * [new tag]             v0.316.0                -> v0.316.0
2026-10-09T21:35:33.9323362Z  * [new tag]             v0.316.1                -> v0.316.1
2026-10-09T21:35:33.9323697Z  * [new tag]             v0.317.0                -> v0.317.0
2026-10-09T21:35:33.9324034Z  * [new tag]             v0.318.0                -> v0.318.0
2026-10-09T21:35:33.9324373Z  * [new tag]             v0.319.0                -> v0.319.0
2026-10-09T21:35:33.9324704Z  * [new tag]             v0.319.1                -> v0.319.1
2026-10-09T21:35:33.9325035Z  * [new tag]             v0.319.2                -> v0.319.2
2026-10-09T21:35:33.9325368Z  * [new tag]             v0.32.0                 -> v0.32.0
2026-10-09T21:35:33.9325701Z  * [new tag]             v0.320.0                -> v0.320.0
2026-10-09T21:35:33.9326037Z  * [new tag]             v0.321.0                -> v0.321.0
2026-10-09T21:35:33.9326358Z  * [new tag]             v0.322.0                -> v0.322.0
2026-10-09T21:35:33.9326686Z  * [new tag]             v0.323.0                -> v0.323.0
2026-10-09T21:35:33.9327011Z  * [new tag]             v0.324.0                -> v0.324.0
2026-10-09T21:35:33.9327444Z  * [new tag]             v0.324.1                -> v0.324.1
2026-10-09T21:35:33.9327773Z  * [new tag]             v0.324.2                -> v0.324.2
2026-10-09T21:35:33.9328110Z  * [new tag]             v0.324.3                -> v0.324.3
2026-10-09T21:35:33.9328443Z  * [new tag]             v0.325.0                -> v0.325.0
2026-10-09T21:35:33.9328774Z  * [new tag]             v0.326.0                -> v0.326.0
2026-10-09T21:35:33.9329096Z  * [new tag]             v0.326.1                -> v0.326.1
2026-10-09T21:35:33.9329427Z  * [new tag]             v0.326.2                -> v0.326.2
2026-10-09T21:35:33.9329757Z  * [new tag]             v0.326.3                -> v0.326.3
2026-10-09T21:35:33.9330089Z  * [new tag]             v0.327.0                -> v0.327.0
2026-10-09T21:35:33.9330414Z  * [new tag]             v0.328.0                -> v0.328.0
2026-10-09T21:35:33.9330750Z  * [new tag]             v0.329.0                -> v0.329.0
2026-10-09T21:35:33.9331079Z  * [new tag]             v0.329.1                -> v0.329.1
2026-10-09T21:35:33.9331415Z  * [new tag]             v0.33.0                 -> v0.33.0
2026-10-09T21:35:33.9331754Z  * [new tag]             v0.330.0                -> v0.330.0
2026-10-09T21:35:33.9332084Z  * [new tag]             v0.331.0                -> v0.331.0
2026-10-09T21:35:33.9332506Z  * [new tag]             v0.332.0                -> v0.332.0
2026-10-09T21:35:33.9332834Z  * [new tag]             v0.332.1                -> v0.332.1
2026-10-09T21:35:33.9333161Z  * [new tag]             v0.333.0                -> v0.333.0
2026-10-09T21:35:33.9333492Z  * [new tag]             v0.333.1                -> v0.333.1
2026-10-09T21:35:33.9333829Z  * [new tag]             v0.333.2                -> v0.333.2
2026-10-09T21:35:33.9334162Z  * [new tag]             v0.334.0                -> v0.334.0
2026-10-09T21:35:33.9334497Z  * [new tag]             v0.335.0                -> v0.335.0
2026-10-09T21:35:33.9334826Z  * [new tag]             v0.336.0                -> v0.336.0
2026-10-09T21:35:33.9335156Z  * [new tag]             v0.337.0                -> v0.337.0
2026-10-09T21:35:33.9335490Z  * [new tag]             v0.338.0                -> v0.338.0
2026-10-09T21:35:33.9335821Z  * [new tag]             v0.339.0                -> v0.339.0
2026-10-09T21:35:33.9336256Z  * [new tag]             v0.339.1                -> v0.339.1
2026-10-09T21:35:33.9336600Z  * [new tag]             v0.339.2                -> v0.339.2
2026-10-09T21:35:33.9336924Z  * [new tag]             v0.339.3                -> v0.339.3
2026-10-09T21:35:33.9337252Z  * [new tag]             v0.34.0                 -> v0.34.0
2026-10-09T21:35:33.9337591Z  * [new tag]             v0.340.0                -> v0.340.0
2026-10-09T21:35:33.9337918Z  * [new tag]             v0.341.0                -> v0.341.0
2026-10-09T21:35:33.9338245Z  * [new tag]             v0.342.0                -> v0.342.0
2026-10-09T21:35:33.9338568Z  * [new tag]             v0.343.0                -> v0.343.0
2026-10-09T21:35:33.9338903Z  * [new tag]             v0.344.0                -> v0.344.0
2026-10-09T21:35:33.9339235Z  * [new tag]             v0.345.0                -> v0.345.0
2026-10-09T21:35:33.9339575Z  * [new tag]             v0.346.0                -> v0.346.0
2026-10-09T21:35:33.9339904Z  * [new tag]             v0.347.0                -> v0.347.0
2026-10-09T21:35:33.9340237Z  * [new tag]             v0.348.0                -> v0.348.0
2026-10-09T21:35:33.9340565Z  * [new tag]             v0.348.1                -> v0.348.1
2026-10-09T21:35:33.9340888Z  * [new tag]             v0.348.2                -> v0.348.2
2026-10-09T21:35:33.9341232Z  * [new tag]             v0.348.3                -> v0.348.3
2026-10-09T21:35:33.9341554Z  * [new tag]             v0.349.0                -> v0.349.0
2026-10-09T21:35:33.9341881Z  * [new tag]             v0.349.1                -> v0.349.1
2026-10-09T21:35:33.9342297Z  * [new tag]             v0.349.2                -> v0.349.2
2026-10-09T21:35:33.9342622Z  * [new tag]             v0.35.0                 -> v0.35.0
2026-10-09T21:35:33.9343076Z  * [new tag]             v0.350.0                -> v0.350.0
2026-10-09T21:35:33.9343413Z  * [new tag]             v0.351.0                -> v0.351.0
2026-10-09T21:35:33.9343741Z  * [new tag]             v0.352.0                -> v0.352.0
2026-10-09T21:35:33.9344077Z  * [new tag]             v0.352.1                -> v0.352.1
2026-10-09T21:35:33.9344416Z  * [new tag]             v0.36.0                 -> v0.36.0
2026-10-09T21:35:33.9344743Z  * [new tag]             v0.36.1                 -> v0.36.1
2026-10-09T21:35:33.9345081Z  * [new tag]             v0.37.0                 -> v0.37.0
2026-10-09T21:35:33.9345408Z  * [new tag]             v0.38.0                 -> v0.38.0
2026-10-09T21:35:33.9345731Z  * [new tag]             v0.39.0                 -> v0.39.0
2026-10-09T21:35:33.9346055Z  * [new tag]             v0.40.0                 -> v0.40.0
2026-10-09T21:35:33.9346377Z  * [new tag]             v0.41.0                 -> v0.41.0
2026-10-09T21:35:33.9346707Z  * [new tag]             v0.42.0                 -> v0.42.0
2026-10-09T21:35:33.9347044Z  * [new tag]             v0.43.0                 -> v0.43.0
2026-10-09T21:35:33.9347363Z  * [new tag]             v0.44.0                 -> v0.44.0
2026-10-09T21:35:33.9347686Z  * [new tag]             v0.45.0                 -> v0.45.0
2026-10-09T21:35:33.9348012Z  * [new tag]             v0.46.0                 -> v0.46.0
2026-10-09T21:35:33.9348336Z  * [new tag]             v0.47.0                 -> v0.47.0
2026-10-09T21:35:33.9348663Z  * [new tag]             v0.48.0                 -> v0.48.0
2026-10-09T21:35:33.9348992Z  * [new tag]             v0.49.0                 -> v0.49.0
2026-10-09T21:35:33.9349314Z  * [new tag]             v0.50.0                 -> v0.50.0
2026-10-09T21:35:33.9349643Z  * [new tag]             v0.51.0                 -> v0.51.0
2026-10-09T21:35:33.9349964Z  * [new tag]             v0.52.0                 -> v0.52.0
2026-10-09T21:35:33.9350291Z  * [new tag]             v0.53.0                 -> v0.53.0
2026-10-09T21:35:33.9350633Z  * [new tag]             v0.54.0                 -> v0.54.0
2026-10-09T21:35:33.9350958Z  * [new tag]             v0.55.0                 -> v0.55.0
2026-10-09T21:35:33.9351283Z  * [new tag]             v0.56.0                 -> v0.56.0
2026-10-09T21:35:33.9351702Z  * [new tag]             v0.57.0                 -> v0.57.0
2026-10-09T21:35:33.9352027Z  * [new tag]             v0.58.0                 -> v0.58.0
2026-10-09T21:35:33.9352529Z  * [new tag]             v0.59.0                 -> v0.59.0
2026-10-09T21:35:33.9352868Z  * [new tag]             v0.60.0                 -> v0.60.0
2026-10-09T21:35:33.9353191Z  * [new tag]             v0.61.0                 -> v0.61.0
2026-10-09T21:35:33.9353517Z  * [new tag]             v0.62.0                 -> v0.62.0
2026-10-09T21:35:33.9353853Z  * [new tag]             v0.63.0                 -> v0.63.0
2026-10-09T21:35:33.9354180Z  * [new tag]             v0.64.0                 -> v0.64.0
2026-10-09T21:35:33.9354520Z  * [new tag]             v0.65.0                 -> v0.65.0
2026-10-09T21:35:33.9354848Z  * [new tag]             v0.66.0                 -> v0.66.0
2026-10-09T21:35:33.9355168Z  * [new tag]             v0.67.0                 -> v0.67.0
2026-10-09T21:35:33.9355502Z  * [new tag]             v0.68.0                 -> v0.68.0
2026-10-09T21:35:33.9355828Z  * [new tag]             v0.69.0                 -> v0.69.0
2026-10-09T21:35:33.9356151Z  * [new tag]             v0.70.0                 -> v0.70.0
2026-10-09T21:35:33.9356483Z  * [new tag]             v0.71.0                 -> v0.71.0
2026-10-09T21:35:33.9356803Z  * [new tag]             v0.72.0                 -> v0.72.0
2026-10-09T21:35:33.9357122Z  * [new tag]             v0.73.0                 -> v0.73.0
2026-10-09T21:35:33.9357438Z  * [new tag]             v0.74.0                 -> v0.74.0
2026-10-09T21:35:33.9357763Z  * [new tag]             v0.75.0                 -> v0.75.0
2026-10-09T21:35:33.9358090Z  * [new tag]             v0.76.0                 -> v0.76.0
2026-10-09T21:35:33.9358558Z  * [new tag]             v0.77.0                 -> v0.77.0
2026-10-09T21:35:33.9358883Z  * [new tag]             v0.78.0                 -> v0.78.0
2026-10-09T21:35:33.9359208Z  * [new tag]             v0.79.0                 -> v0.79.0
2026-10-09T21:35:33.9359541Z  * [new tag]             v0.80.0                 -> v0.80.0
2026-10-09T21:35:33.9359857Z  * [new tag]             v0.81.0                 -> v0.81.0
2026-10-09T21:35:33.9360186Z  * [new tag]             v0.82.0                 -> v0.82.0
2026-10-09T21:35:33.9360502Z  * [new tag]             v0.83.0                 -> v0.83.0
2026-10-09T21:35:33.9360824Z  * [new tag]             v0.84.0                 -> v0.84.0
2026-10-09T21:35:33.9361140Z  * [new tag]             v0.85.0                 -> v0.85.0
2026-10-09T21:35:33.9361454Z  * [new tag]             v0.86.0                 -> v0.86.0
2026-10-09T21:35:33.9361771Z  * [new tag]             v0.87.0                 -> v0.87.0
2026-10-09T21:35:33.9362188Z  * [new tag]             v0.88.0                 -> v0.88.0
2026-10-09T21:35:33.9362519Z  * [new tag]             v0.89.0                 -> v0.89.0
2026-10-09T21:35:33.9362847Z  * [new tag]             v0.90.0                 -> v0.90.0
2026-10-09T21:35:33.9363170Z  * [new tag]             v0.91.0                 -> v0.91.0
2026-10-09T21:35:33.9363495Z  * [new tag]             v0.92.0                 -> v0.92.0
2026-10-09T21:35:33.9363824Z  * [new tag]             v0.93.0                 -> v0.93.0
2026-10-09T21:35:33.9364145Z  * [new tag]             v0.94.0                 -> v0.94.0
2026-10-09T21:35:33.9364474Z  * [new tag]             v0.95.0                 -> v0.95.0
2026-10-09T21:35:33.9364794Z  * [new tag]             v0.96.0                 -> v0.96.0
2026-10-09T21:35:33.9365115Z  * [new tag]             v0.97.0                 -> v0.97.0
2026-10-09T21:35:33.9365437Z  * [new tag]             v0.98.0                 -> v0.98.0
2026-10-09T21:35:33.9365764Z  * [new tag]             v0.99.0                 -> v0.99.0
2026-10-09T21:35:33.9366184Z  * [new ref]             b3953871e7aa9a10936447fd3a64b30903c9e852 -> pull/1188/merge
2026-10-09T21:35:33.9367583Z ##[endgroup]
2026-10-09T21:35:33.9367996Z ##[group]Determining the checkout info
2026-10-09T21:35:33.9368404Z ##[endgroup]
2026-10-09T21:35:33.9368791Z [command]/usr/bin/git sparse-checkout disable
2026-10-09T21:35:34.1167540Z [command]/usr/bin/git config --local --unset-all extensions.worktreeConfig
2026-10-09T21:35:34.1259122Z ##[group]Checking out the ref
2026-10-09T21:35:34.1262527Z [command]/usr/bin/git checkout --progress --force refs/remotes/pull/1188/merge
2026-10-09T21:35:35.2892479Z Updating files:  27% (9616/35115)
2026-10-09T21:35:35.5315613Z Updating files:  28% (9833/35115)
2026-10-09T21:35:35.8366814Z Updating files:  29% (10184/35115)
2026-10-09T21:35:35.8651958Z Updating files:  30% (10535/35115)
2026-10-09T21:35:35.9272087Z Updating files:  31% (10886/35115)
2026-10-09T21:35:36.0430828Z Updating files:  32% (11237/35115)
2026-10-09T21:35:36.0760440Z Updating files:  33% (11588/35115)
2026-10-09T21:35:36.1314435Z Updating files:  34% (11940/35115)
2026-10-09T21:35:36.1605192Z Updating files:  35% (12291/35115)
2026-10-09T21:35:36.1629562Z Updating files:  35% (12598/35115)
2026-10-09T21:35:36.1825723Z Updating files:  36% (12642/35115)
2026-10-09T21:35:36.2096489Z Updating files:  37% (12993/35115)
2026-10-09T21:35:36.2933045Z Updating files:  38% (13344/35115)
2026-10-09T21:35:36.3209029Z Updating files:  39% (13695/35115)
2026-10-09T21:35:36.3488452Z Updating files:  40% (14046/35115)
2026-10-09T21:35:36.4232367Z Updating files:  41% (14398/35115)
2026-10-09T21:35:36.5233922Z Updating files:  42% (14749/35115)
2026-10-09T21:35:36.5996949Z Updating files:  43% (15100/35115)
2026-10-09T21:35:36.6980025Z Updating files:  44% (15451/35115)
2026-10-09T21:35:36.7459946Z Updating files:  45% (15802/35115)
2026-10-09T21:35:36.7836296Z Updating files:  46% (16153/35115)
2026-10-09T21:35:36.8199078Z Updating files:  47% (16505/35115)
2026-10-09T21:35:36.8524657Z Updating files:  48% (16856/35115)
2026-10-09T21:35:36.8746444Z Updating files:  49% (17207/35115)
2026-10-09T21:35:36.9184891Z Updating files:  50% (17558/35115)
2026-10-09T21:35:36.9630802Z Updating files:  51% (17909/35115)
2026-10-09T21:35:37.0000592Z Updating files:  52% (18260/35115)
2026-10-09T21:35:37.0460513Z Updating files:  53% (18611/35115)
2026-10-09T21:35:37.0753536Z Updating files:  54% (18963/35115)
2026-10-09T21:35:37.2000901Z Updating files:  55% (19314/35115)
2026-10-09T21:35:37.2003133Z Updating files:  55% (19658/35115)
2026-10-09T21:35:37.2177006Z Updating files:  56% (19665/35115)
2026-10-09T21:35:37.2484002Z Updating files:  57% (20016/35115)
2026-10-09T21:35:37.2592957Z Updating files:  58% (20367/35115)
2026-10-09T21:35:37.2704491Z Updating files:  59% (20718/35115)
2026-10-09T21:35:37.5976057Z Updating files:  60% (21069/35115)
2026-10-09T21:35:37.7387702Z Updating files:  61% (21421/35115)
2026-10-09T21:35:37.7500461Z Updating files:  62% (21772/35115)
2026-10-09T21:35:37.7620783Z Updating files:  63% (22123/35115)
2026-10-09T21:35:37.7719547Z Updating files:  64% (22474/35115)
2026-10-09T21:35:37.7816835Z Updating files:  65% (22825/35115)
2026-10-09T21:35:37.7943625Z Updating files:  66% (23176/35115)
2026-10-09T21:35:37.8040182Z Updating files:  67% (23528/35115)
2026-10-09T21:35:37.8401535Z Updating files:  68% (23879/35115)
2026-10-09T21:35:37.8595752Z Updating files:  69% (24230/35115)
2026-10-09T21:35:37.8786002Z Updating files:  70% (24581/35115)
2026-10-09T21:35:37.8962282Z Updating files:  71% (24932/35115)
2026-10-09T21:35:37.9170017Z Updating files:  72% (25283/35115)
2026-10-09T21:35:37.9639329Z Updating files:  73% (25634/35115)
2026-10-09T21:35:37.9914957Z Updating files:  74% (25986/35115)
2026-10-09T21:35:38.0125288Z Updating files:  75% (26337/35115)
2026-10-09T21:35:38.0295779Z Updating files:  76% (26688/35115)
2026-10-09T21:35:38.0483564Z Updating files:  77% (27039/35115)
2026-10-09T21:35:38.0898662Z Updating files:  78% (27390/35115)
2026-10-09T21:35:38.1601005Z Updating files:  79% (27741/35115)
2026-10-09T21:35:38.2040962Z Updating files:  79% (27803/35115)
2026-10-09T21:35:38.2338140Z Updating files:  80% (28092/35115)
2026-10-09T21:35:38.2654777Z Updating files:  81% (28444/35115)
2026-10-09T21:35:38.2855010Z Updating files:  82% (28795/35115)
2026-10-09T21:35:38.3149897Z Updating files:  83% (29146/35115)
2026-10-09T21:35:38.3329800Z Updating files:  84% (29497/35115)
2026-10-09T21:35:38.3487583Z Updating files:  85% (29848/35115)
2026-10-09T21:35:38.3677199Z Updating files:  86% (30199/35115)
2026-10-09T21:35:38.3941372Z Updating files:  87% (30551/35115)
2026-10-09T21:35:38.4226022Z Updating files:  88% (30902/35115)
2026-10-09T21:35:38.4466099Z Updating files:  89% (31253/35115)
2026-10-09T21:35:38.4714813Z Updating files:  90% (31604/35115)
2026-10-09T21:35:38.4999161Z Updating files:  91% (31955/35115)
2026-10-09T21:35:38.5276688Z Updating files:  92% (32306/35115)
2026-10-09T21:35:38.5440217Z Updating files:  93% (32657/35115)
2026-10-09T21:35:38.5687966Z Updating files:  94% (33009/35115)
2026-10-09T21:35:38.5925592Z Updating files:  95% (33360/35115)
2026-10-09T21:35:38.6152390Z Updating files:  96% (33711/35115)
2026-10-09T21:35:38.6362049Z Updating files:  97% (34062/35115)
2026-10-09T21:35:38.6559498Z Updating files:  98% (34413/35115)
2026-10-09T21:35:38.6755255Z Updating files:  99% (34764/35115)
2026-10-09T21:35:38.6755652Z Updating files: 100% (35115/35115)
2026-10-09T21:35:38.6756687Z Updating files: 100% (35115/35115), done.
2026-10-09T21:35:39.0089513Z Note: switching to 'refs/remotes/pull/1188/merge'.
2026-10-09T21:35:39.0090141Z 
2026-10-09T21:35:39.0090652Z You are in 'detached HEAD' state. You can look around, make experimental
2026-10-09T21:35:39.0091857Z changes and commit them, and you can discard any commits you make in this
2026-10-09T21:35:39.0093124Z state without impacting any branches by switching back to a branch.
2026-10-09T21:35:39.0093750Z 
2026-10-09T21:35:39.0094150Z If you want to create a new branch to retain commits you create, you may
2026-10-09T21:35:39.0095372Z do so (now or later) by using -c with the switch command. Example:
2026-10-09T21:35:39.0095930Z 
2026-10-09T21:35:39.0096271Z   git switch -c <new-branch-name>
2026-10-09T21:35:39.0096664Z 
2026-10-09T21:35:39.0097036Z Or undo this operation with:
2026-10-09T21:35:39.0097524Z 
2026-10-09T21:35:39.0097793Z   git switch -
2026-10-09T21:35:39.0098158Z 
2026-10-09T21:35:39.0098618Z Turn off this advice by setting config variable advice.detachedHead to false
2026-10-09T21:35:39.0099230Z 
2026-10-09T21:35:39.0099918Z HEAD is now at b3953871e Merge 0f701bd8d4bc7a525fccc8d5c9a8fd0d4b340c84 into d209aac6461b355f1a527831202af3423135f7e6
2026-10-09T21:35:39.0176183Z ##[endgroup]
2026-10-09T21:35:39.0218967Z [command]/usr/bin/git log -1 --format=%H
2026-10-09T21:35:39.0247118Z b3953871e7aa9a10936447fd3a64b30903c9e852
2026-10-09T21:35:39.0269663Z ##[group]Removing auth
2026-10-09T21:35:39.0270138Z Removing SSH command configuration
2026-10-09T21:35:39.0272060Z [command]/usr/bin/git config --local --name-only --get-regexp core\.sshCommand
2026-10-09T21:35:39.0295702Z [command]/usr/bin/git submodule foreach --recursive sh -c "git config --local --name-only --get-regexp 'core\.sshCommand' && git config --local --unset-all 'core.sshCommand' || :"
2026-10-09T21:35:39.0536436Z Removing HTTP extra header
2026-10-09T21:35:39.0539792Z [command]/usr/bin/git config --local --name-only --get-regexp http\.https\:\/\/github\.com\/\.extraheader
2026-10-09T21:35:39.0578685Z [command]/usr/bin/git submodule foreach --recursive sh -c "git config --local --name-only --get-regexp 'http\.https\:\/\/github\.com\/\.extraheader' && git config --local --unset-all 'http.https://github.com/.extraheader' || :"
2026-10-09T21:35:39.0801101Z Removing includeIf entries pointing to credentials config files
2026-10-09T21:35:39.0801981Z [command]/usr/bin/git config --local --name-only --get-regexp ^includeIf\.gitdir:
2026-10-09T21:35:39.0836203Z includeif.gitdir:/home/runner/work/formal-ai/formal-ai/.git.path
2026-10-09T21:35:39.0836777Z includeif.gitdir:/home/runner/work/formal-ai/formal-ai/.git/worktrees/*.path
2026-10-09T21:35:39.0837137Z includeif.gitdir:/github/workspace/.git.path
2026-10-09T21:35:39.0837458Z includeif.gitdir:/github/workspace/.git/worktrees/*.path
2026-10-09T21:35:39.0845437Z [command]/usr/bin/git config --local --get-all includeif.gitdir:/home/runner/work/formal-ai/formal-ai/.git.path
2026-10-09T21:35:39.0870049Z /home/runner/work/_temp/git-credentials-c06a0e2e-a58e-4245-ac4a-2be09319779b.config
2026-10-09T21:35:39.0884840Z [command]/usr/bin/git config --local --unset includeif.gitdir:/home/runner/work/formal-ai/formal-ai/.git.path \/home\/runner\/work\/_temp\/git\-credentials\-c06a0e2e\-a58e\-4245\-ac4a\-2be09319779b\.config
2026-10-09T21:35:39.1081178Z [command]/usr/bin/git config --local --get-all includeif.gitdir:/home/runner/work/formal-ai/formal-ai/.git/worktrees/*.path
2026-10-09T21:35:39.1109903Z /home/runner/work/_temp/git-credentials-c06a0e2e-a58e-4245-ac4a-2be09319779b.config
2026-10-09T21:35:39.1118145Z [command]/usr/bin/git config --local --unset includeif.gitdir:/home/runner/work/formal-ai/formal-ai/.git/worktrees/*.path \/home\/runner\/work\/_temp\/git\-credentials\-c06a0e2e\-a58e\-4245\-ac4a\-2be09319779b\.config
2026-10-09T21:35:39.1276656Z [command]/usr/bin/git config --local --get-all includeif.gitdir:/github/workspace/.git.path
2026-10-09T21:35:39.1305921Z /github/runner_temp/git-credentials-c06a0e2e-a58e-4245-ac4a-2be09319779b.config
2026-10-09T21:35:39.1312560Z [command]/usr/bin/git config --local --unset includeif.gitdir:/github/workspace/.git.path \/github\/runner_temp\/git\-credentials\-c06a0e2e\-a58e\-4245\-ac4a\-2be09319779b\.config
2026-10-09T21:35:39.1585822Z [command]/usr/bin/git config --local --get-all includeif.gitdir:/github/workspace/.git/worktrees/*.path
2026-10-09T21:35:39.1610981Z /github/runner_temp/git-credentials-c06a0e2e-a58e-4245-ac4a-2be09319779b.config
2026-10-09T21:35:39.1617069Z [command]/usr/bin/git config --local --unset includeif.gitdir:/github/workspace/.git/worktrees/*.path \/github\/runner_temp\/git\-credentials\-c06a0e2e\-a58e\-4245\-ac4a\-2be09319779b\.config
2026-10-09T21:35:39.1779062Z [command]/usr/bin/git submodule foreach --recursive git config --local --show-origin --name-only --get-regexp remote.origin.url
2026-10-09T21:35:39.1994953Z Removing credentials config '/home/runner/work/_temp/git-credentials-c06a0e2e-a58e-4245-ac4a-2be09319779b.config'
2026-10-09T21:35:39.2004879Z ##[endgroup]
2026-10-09T21:35:39.2329234Z ##[group]Run bash scripts/simulate-fresh-merge.sh
2026-10-09T21:35:39.2329597Z [36;1mbash scripts/simulate-fresh-merge.sh[0m
2026-10-09T21:35:39.3113098Z shell: /usr/bin/bash -e {0}
2026-10-09T21:35:39.3113356Z env:
2026-10-09T21:35:39.3113543Z   GIT_CONFIG_COUNT: 1
2026-10-09T21:35:39.3113751Z   GIT_CONFIG_KEY_0: init.defaultBranch
2026-10-09T21:35:39.3113981Z   GIT_CONFIG_VALUE_0: main
2026-10-09T21:35:39.3114173Z   CARGO_NET_RETRY: 10
2026-10-09T21:35:39.3114359Z   CARGO_HTTP_MULTIPLEXING: false
2026-10-09T21:35:39.3114575Z   CARGO_TERM_COLOR: always
2026-10-09T21:35:39.3114774Z   FORMAL_AI_CI_VERBOSE: false
2026-10-09T21:35:39.3114985Z   FORMAL_AI_NON_LINUX_CI: run
2026-10-09T21:35:39.3115172Z   RUSTFLAGS: -Dwarnings
2026-10-09T21:35:39.3115657Z   CARGO_REGISTRY_TOKEN: ***
2026-10-09T21:35:39.3115887Z   CARGO_TOKEN: ***
2026-10-09T21:35:39.3116090Z   GHCR_IMAGE: ghcr.io/link-assistant/formal-ai
2026-10-09T21:35:39.3116346Z   DOCKERHUB_IMAGE: konard/formal-ai
2026-10-09T21:35:39.3116624Z   BASE_REF: main
2026-10-09T21:35:39.3116832Z   BASE_COMMIT: d209aac6461b355f1a527831202af3423135f7e6
2026-10-09T21:35:39.3117074Z ##[endgroup]
2026-10-09T21:35:39.3389318Z === Synchronizing PR with latest main ===
2026-10-09T21:35:39.3389761Z This prevents stale merge preview issues (a green PR that breaks main)
2026-10-09T21:35:39.3389996Z 
2026-10-09T21:35:39.3868369Z Fetching latest main...
2026-10-09T21:35:39.5307253Z From https://github.com/link-assistant/formal-ai
2026-10-09T21:35:39.5307619Z  * branch                main       -> FETCH_HEAD
2026-10-09T21:35:39.6679827Z Pinned base commit requested: d209aac6461b355f1a527831202af3423135f7e6 -> d209aac6461b355f1a527831202af3423135f7e6
2026-10-09T21:35:39.6680677Z Current checkout (merge preview): b3953871e7aa9a10936447fd3a64b30903c9e852
2026-10-09T21:35:39.6681262Z Base branch (main) commit to merge: d209aac6461b355f1a527831202af3423135f7e6
2026-10-09T21:35:39.6681626Z 
2026-10-09T21:35:39.6697298Z Merge preview is up-to-date with main. No simulation needed.
2026-10-09T21:35:39.6697561Z 
2026-10-09T21:35:39.6867607Z ##[group]Run dtolnay/rust-toolchain@stable
2026-10-09T21:35:39.6867979Z with:
2026-10-09T21:35:39.6868206Z   components: rustfmt, clippy
2026-10-09T21:35:39.6868527Z   targets: wasm32-unknown-unknown
2026-10-09T21:35:39.6868833Z   toolchain: stable
2026-10-09T21:35:39.6869078Z env:
2026-10-09T21:35:39.6869285Z   GIT_CONFIG_COUNT: 1
2026-10-09T21:35:39.6869552Z   GIT_CONFIG_KEY_0: init.defaultBranch
2026-10-09T21:35:39.6869885Z   GIT_CONFIG_VALUE_0: main
2026-10-09T21:35:39.6870238Z   CARGO_NET_RETRY: 10
2026-10-09T21:35:39.6870489Z   CARGO_HTTP_MULTIPLEXING: false
2026-10-09T21:35:39.6870811Z   CARGO_TERM_COLOR: always
2026-10-09T21:35:39.6871065Z   FORMAL_AI_CI_VERBOSE: false
2026-10-09T21:35:39.6871366Z   FORMAL_AI_NON_LINUX_CI: run
2026-10-09T21:35:39.6871653Z   RUSTFLAGS: -Dwarnings
2026-10-09T21:35:39.6872313Z   CARGO_REGISTRY_TOKEN: ***
2026-10-09T21:35:39.6872664Z   CARGO_TOKEN: ***
2026-10-09T21:35:39.6872971Z   GHCR_IMAGE: ghcr.io/link-assistant/formal-ai
2026-10-09T21:35:39.6873390Z   DOCKERHUB_IMAGE: konard/formal-ai
2026-10-09T21:35:39.6873687Z ##[endgroup]
2026-10-09T21:35:39.6926465Z ##[start-action display=Parse toolchain version;id=__dtolnay_rust-toolchain.parse]
2026-10-09T21:35:39.7778114Z ##[group]Run if [[ -z $toolchain ]]; then
2026-10-09T21:35:39.7778423Z [36;1mif [[ -z $toolchain ]]; then[0m
2026-10-09T21:35:39.7778848Z [36;1m  # GitHub does not enforce `required: true` inputs itself. https://github.com/actions/runner/issues/1070[0m
2026-10-09T21:35:39.7779556Z [36;1m  echo "'toolchain' is a required input" >&2[0m
2026-10-09T21:35:39.7779796Z [36;1m  exit 1[0m
2026-10-09T21:35:39.7780069Z [36;1melif [[ $toolchain =~ ^stable' '[0-9]+' '(year|month|week|day)s?' 'ago$ ]]; then[0m
2026-10-09T21:35:39.7780394Z [36;1m  if [[ Linux == macOS ]]; then[0m
2026-10-09T21:35:39.7780809Z [36;1m    echo "toolchain=1.$((($(date -v-$(sed 's/stable \([0-9]*\) \(.\).*/\1\2/' <<< $toolchain) +%s)/60/60/24-16569)/7/6))" >> $GITHUB_OUTPUT[0m
2026-10-09T21:35:39.7781219Z [36;1m  else[0m
2026-10-09T21:35:39.7781548Z [36;1m    echo "toolchain=1.$((($(date --date "${toolchain#stable }" +%s)/60/60/24-16569)/7/6))" >> $GITHUB_OUTPUT[0m
2026-10-09T21:35:39.7781919Z [36;1m  fi[0m
2026-10-09T21:35:39.7782351Z [36;1melif [[ $toolchain =~ ^stable' 'minus' '[0-9]+' 'releases?$ ]]; then[0m
2026-10-09T21:35:39.7782773Z [36;1m  echo "toolchain=1.$((($(date +%s)/60/60/24-16569)/7/6-${toolchain//[^0-9]/}))" >> $GITHUB_OUTPUT[0m
2026-10-09T21:35:39.7783142Z [36;1melif [[ $toolchain =~ ^1\.[0-9]+$ ]]; then[0m
2026-10-09T21:35:39.7783540Z [36;1m  echo "toolchain=1.$((i=${toolchain#1.}, c=($(date +%s)/60/60/24-16569)/7/6, i+9*i*(10*i<=c)+90*i*(100*i<=c)))" >> $GITHUB_OUTPUT[0m
2026-10-09T21:35:39.7783911Z [36;1melse[0m
2026-10-09T21:35:39.7784079Z [36;1m  delimiter=EOF[0m
2026-10-09T21:35:39.7784329Z [36;1m  while [[ $toolchain == *$delimiter* ]]; do delimiter+=_; done[0m
2026-10-09T21:35:39.7784728Z [36;1m  printf 'toolchain<<%s\n%s\n%s\n' "$delimiter" "$toolchain" "$delimiter" >> $GITHUB_OUTPUT[0m
2026-10-09T21:35:39.7785044Z [36;1mfi[0m
2026-10-09T21:35:39.7844124Z shell: /usr/bin/bash --noprofile --norc -e -o pipefail {0}
2026-10-09T21:35:39.7844412Z env:
2026-10-09T21:35:39.7844582Z   GIT_CONFIG_COUNT: 1
2026-10-09T21:35:39.7844776Z   GIT_CONFIG_KEY_0: init.defaultBranch
2026-10-09T21:35:39.7844998Z   GIT_CONFIG_VALUE_0: main
2026-10-09T21:35:39.7845185Z   CARGO_NET_RETRY: 10
2026-10-09T21:35:39.7845377Z   CARGO_HTTP_MULTIPLEXING: false
2026-10-09T21:35:39.7845593Z   CARGO_TERM_COLOR: always
2026-10-09T21:35:39.7845778Z   FORMAL_AI_CI_VERBOSE: false
2026-10-09T21:35:39.7845974Z   FORMAL_AI_NON_LINUX_CI: run
2026-10-09T21:35:39.7846166Z   RUSTFLAGS: -Dwarnings
2026-10-09T21:35:39.7846551Z   CARGO_REGISTRY_TOKEN: ***
2026-10-09T21:35:39.7846790Z   CARGO_TOKEN: ***
2026-10-09T21:35:39.7846994Z   GHCR_IMAGE: ghcr.io/link-assistant/formal-ai
2026-10-09T21:35:39.7847242Z   DOCKERHUB_IMAGE: konard/formal-ai
2026-10-09T21:35:39.7847451Z   toolchain: stable
2026-10-09T21:35:39.7847814Z ##[endgroup]
2026-10-09T21:35:39.8201671Z ##[end-action id=__dtolnay_rust-toolchain.parse;outcome=success;conclusion=success;duration_ms=127]
2026-10-09T21:35:39.8206045Z ##[start-action display=Set $CARGO_HOME;id=__dtolnay_rust-toolchain.__run]
2026-10-09T21:35:39.8258883Z ##[group]Run echo CARGO_HOME=${CARGO_HOME:-"$HOME/.cargo"} >> $GITHUB_ENV
2026-10-09T21:35:39.8259265Z [36;1mecho CARGO_HOME=${CARGO_HOME:-"$HOME/.cargo"} >> $GITHUB_ENV[0m
2026-10-09T21:35:39.8314890Z shell: /usr/bin/bash --noprofile --norc -e -o pipefail {0}
2026-10-09T21:35:39.8315164Z env:
2026-10-09T21:35:39.8315327Z   GIT_CONFIG_COUNT: 1
2026-10-09T21:35:39.8315533Z   GIT_CONFIG_KEY_0: init.defaultBranch
2026-10-09T21:35:39.8315757Z   GIT_CONFIG_VALUE_0: main
2026-10-09T21:35:39.8315942Z   CARGO_NET_RETRY: 10
2026-10-09T21:35:39.8316123Z   CARGO_HTTP_MULTIPLEXING: false
2026-10-09T21:35:39.8316324Z   CARGO_TERM_COLOR: always
2026-10-09T21:35:39.8316566Z   FORMAL_AI_CI_VERBOSE: false
2026-10-09T21:35:39.8316779Z   FORMAL_AI_NON_LINUX_CI: run
2026-10-09T21:35:39.8316975Z   RUSTFLAGS: -Dwarnings
2026-10-09T21:35:39.8317314Z   CARGO_REGISTRY_TOKEN: ***
2026-10-09T21:35:39.8317546Z   CARGO_TOKEN: ***
2026-10-09T21:35:39.8317746Z   GHCR_IMAGE: ghcr.io/link-assistant/formal-ai
2026-10-09T21:35:39.8317999Z   DOCKERHUB_IMAGE: konard/formal-ai
2026-10-09T21:35:39.8318209Z ##[endgroup]
2026-10-09T21:35:39.8397074Z ##[end-action id=__dtolnay_rust-toolchain.__run;outcome=success;conclusion=success;duration_ms=19]
2026-10-09T21:35:39.8399291Z ##[start-action display=Install rustup if needed;id=__dtolnay_rust-toolchain.__run_2]
2026-10-09T21:35:39.8459565Z ##[group]Run if ! command -v rustup &>/dev/null; then
2026-10-09T21:35:39.8460010Z [36;1mif ! command -v rustup &>/dev/null; then[0m
2026-10-09T21:35:39.8460890Z [36;1m  curl --proto '=https' --tlsv1.2 --retry 10 --retry-connrefused --location --silent --show-error --fail https://sh.rustup.rs | sh -s -- --default-toolchain none -y[0m
2026-10-09T21:35:39.8461760Z [36;1m  echo "$CARGO_HOME/bin" >> $GITHUB_PATH[0m
2026-10-09T21:35:39.8462247Z [36;1mfi[0m
2026-10-09T21:35:39.8519251Z shell: /usr/bin/bash --noprofile --norc -e -o pipefail {0}
2026-10-09T21:35:39.8519533Z env:
2026-10-09T21:35:39.8519704Z   GIT_CONFIG_COUNT: 1
2026-10-09T21:35:39.8519898Z   GIT_CONFIG_KEY_0: init.defaultBranch
2026-10-09T21:35:39.8520216Z   GIT_CONFIG_VALUE_0: main
2026-10-09T21:35:39.8520520Z   CARGO_NET_RETRY: 10
2026-10-09T21:35:39.8520761Z   CARGO_HTTP_MULTIPLEXING: false
2026-10-09T21:35:39.8520977Z   CARGO_TERM_COLOR: always
2026-10-09T21:35:39.8521171Z   FORMAL_AI_CI_VERBOSE: false
2026-10-09T21:35:39.8521369Z   FORMAL_AI_NON_LINUX_CI: run
2026-10-09T21:35:39.8521559Z   RUSTFLAGS: -Dwarnings
2026-10-09T21:35:39.8521921Z   CARGO_REGISTRY_TOKEN: ***
2026-10-09T21:35:39.8522303Z   CARGO_TOKEN: ***
2026-10-09T21:35:39.8522540Z   GHCR_IMAGE: ghcr.io/link-assistant/formal-ai
2026-10-09T21:35:39.8522788Z   DOCKERHUB_IMAGE: konard/formal-ai
2026-10-09T21:35:39.8523008Z   CARGO_HOME: /home/runner/.cargo
2026-10-09T21:35:39.8523222Z ##[endgroup]
2026-10-09T21:35:39.8892603Z ##[end-action id=__dtolnay_rust-toolchain.__run_2;outcome=success;conclusion=success;duration_ms=49]
2026-10-09T21:35:39.8895151Z ##[start-action display=Install rustup if needed on windows;id=__dtolnay_rust-toolchain.__run_3]
2026-10-09T21:35:39.8901229Z ##[end-action id=__dtolnay_rust-toolchain.__run_3;outcome=skipped;conclusion=skipped;duration_ms=0]
2026-10-09T21:35:39.8912450Z ##[start-action display=rustup toolchain install stable;id=__dtolnay_rust-toolchain.__run_4]
2026-10-09T21:35:39.9366614Z ##[group]Run set -f  # split targets and components on commas and whitespace, without glob expansion
2026-10-09T21:35:39.9367173Z [36;1mset -f  # split targets and components on commas and whitespace, without glob expansion[0m
2026-10-09T21:35:39.9367529Z [36;1mflags=()[0m
2026-10-09T21:35:39.9367765Z [36;1mfor t in ${targets//,/ }; do flags+=(--target "$t"); done[0m
2026-10-09T21:35:39.9368254Z [36;1mfor c in ${components//,/ }; do flags+=(--component "$c"); done[0m
2026-10-09T21:35:39.9368648Z [36;1mif [[ $toolchain == nightly && -n $components ]]; then flags+=(--allow-downgrade); fi[0m
2026-10-09T21:35:39.9368972Z [36;1mlog=$(mktemp)[0m
2026-10-09T21:35:39.9369180Z [36;1mtrap 'rm -f "$log"' EXIT[0m
2026-10-09T21:35:39.9369396Z [36;1mfor attempt in 1 2 3 4 5; do[0m
2026-10-09T21:35:39.9369849Z [36;1m  if rustup toolchain install "$toolchain" "${flags[@]}" --profile minimal --no-self-update --force-non-host 2>&1 | tee "$log"; then[0m
2026-10-09T21:35:39.9370294Z [36;1m    break[0m
2026-10-09T21:35:39.9370463Z [36;1m  else[0m
2026-10-09T21:35:39.9370630Z [36;1m    status=$?[0m
2026-10-09T21:35:39.9370813Z [36;1m  fi[0m
2026-10-09T21:35:39.9371049Z [36;1m  if [[ $attempt == 5 ]] || ! grep -Fq 'checksum failed for ' "$log" \[0m
2026-10-09T21:35:39.9371470Z [36;1m      || ! grep -Fq 'this is likely due to an ongoing update of the official release server' "$log"; then[0m
2026-10-09T21:35:39.9371823Z [36;1m    exit "$status"[0m
2026-10-09T21:35:39.9372007Z [36;1m  fi[0m
2026-10-09T21:35:39.9372543Z [36;1m  echo "Retrying rustup toolchain install in 30 seconds (retry $attempt of 4)" >&2[0m
2026-10-09T21:35:39.9372897Z [36;1m  sleep 30[0m
2026-10-09T21:35:39.9373073Z [36;1mdone[0m
2026-10-09T21:35:39.9428546Z shell: /usr/bin/bash --noprofile --norc -e -o pipefail {0}
2026-10-09T21:35:39.9428821Z env:
2026-10-09T21:35:39.9428995Z   GIT_CONFIG_COUNT: 1
2026-10-09T21:35:39.9429193Z   GIT_CONFIG_KEY_0: init.defaultBranch
2026-10-09T21:35:39.9429555Z   GIT_CONFIG_VALUE_0: main
2026-10-09T21:35:39.9429750Z   CARGO_NET_RETRY: 10
2026-10-09T21:35:39.9429938Z   CARGO_HTTP_MULTIPLEXING: false
2026-10-09T21:35:39.9430143Z   CARGO_TERM_COLOR: always
2026-10-09T21:35:39.9430327Z   FORMAL_AI_CI_VERBOSE: false
2026-10-09T21:35:39.9430519Z   FORMAL_AI_NON_LINUX_CI: run
2026-10-09T21:35:39.9430707Z   RUSTFLAGS: -Dwarnings
2026-10-09T21:35:39.9431136Z   CARGO_REGISTRY_TOKEN: ***
2026-10-09T21:35:39.9431384Z   CARGO_TOKEN: ***
2026-10-09T21:35:39.9431593Z   GHCR_IMAGE: ghcr.io/link-assistant/formal-ai
2026-10-09T21:35:39.9431845Z   DOCKERHUB_IMAGE: konard/formal-ai
2026-10-09T21:35:39.9432069Z   CARGO_HOME: /home/runner/.cargo
2026-10-09T21:35:39.9432415Z   toolchain: stable
2026-10-09T21:35:39.9432603Z   targets: wasm32-unknown-unknown
2026-10-09T21:35:39.9432811Z   components: rustfmt, clippy
2026-10-09T21:35:39.9433014Z   RUSTUP_PERMIT_COPY_RENAME: 1
2026-10-09T21:35:39.9433208Z ##[endgroup]
2026-10-09T21:35:42.3844571Z info: syncing channel updates for stable-x86_64-unknown-linux-gnu
2026-10-09T21:35:42.6685922Z info: latest update on 2026-10-01 for version 1.99.0 (b940084d7 2026-09-28)
2026-10-09T21:35:42.6892070Z info: component clippy is up to date
2026-10-09T21:35:42.6892575Z info: component rustfmt is up to date
2026-10-09T21:35:42.6896059Z info: downloading component rust-std
2026-10-09T21:35:44.3195385Z 
2026-10-09T21:35:44.3267772Z   stable-x86_64-unknown-linux-gnu updated - rustc 1.99.0 (b940084d7 2026-09-28) (from rustc 1.99.0 (b940084d7 2026-09-28))
2026-10-09T21:35:44.3268166Z 
2026-10-09T21:35:44.3313515Z ##[end-action id=__dtolnay_rust-toolchain.__run_4;outcome=success;conclusion=success;duration_ms=4440]
2026-10-09T21:35:44.3319307Z ##[start-action display=rustup default stable;id=__dtolnay_rust-toolchain.__run_5]
2026-10-09T21:35:44.3338335Z ##[group]Run rustup default "$toolchain" --force-non-host
2026-10-09T21:35:44.3338679Z [36;1mrustup default "$toolchain" --force-non-host[0m
2026-10-09T21:35:44.3394784Z shell: /usr/bin/bash --noprofile --norc -e -o pipefail {0}
2026-10-09T21:35:44.3395149Z env:
2026-10-09T21:35:44.3395319Z   GIT_CONFIG_COUNT: 1
2026-10-09T21:35:44.3395515Z   GIT_CONFIG_KEY_0: init.defaultBranch
2026-10-09T21:35:44.3395730Z   GIT_CONFIG_VALUE_0: main
2026-10-09T21:35:44.3395922Z   CARGO_NET_RETRY: 10
2026-10-09T21:35:44.3396111Z   CARGO_HTTP_MULTIPLEXING: false
2026-10-09T21:35:44.3396324Z   CARGO_TERM_COLOR: always
2026-10-09T21:35:44.3396512Z   FORMAL_AI_CI_VERBOSE: false
2026-10-09T21:35:44.3396876Z   FORMAL_AI_NON_LINUX_CI: run
2026-10-09T21:35:44.3397070Z   RUSTFLAGS: -Dwarnings
2026-10-09T21:35:44.3397592Z   CARGO_REGISTRY_TOKEN: ***
2026-10-09T21:35:44.3397834Z   CARGO_TOKEN: ***
2026-10-09T21:35:44.3398035Z   GHCR_IMAGE: ghcr.io/link-assistant/formal-ai
2026-10-09T21:35:44.3398287Z   DOCKERHUB_IMAGE: konard/formal-ai
2026-10-09T21:35:44.3398503Z   CARGO_HOME: /home/runner/.cargo
2026-10-09T21:35:44.3398705Z   toolchain: stable
2026-10-09T21:35:44.3398876Z ##[endgroup]
2026-10-09T21:35:44.3507278Z info: using existing install for stable-x86_64-unknown-linux-gnu
2026-10-09T21:35:44.3513091Z info: default toolchain set to stable-x86_64-unknown-linux-gnu
2026-10-09T21:35:44.3513322Z 
2026-10-09T21:35:44.3582573Z   stable-x86_64-unknown-linux-gnu unchanged - rustc 1.99.0 (b940084d7 2026-09-28)
2026-10-09T21:35:44.3582978Z 
2026-10-09T21:35:44.3598185Z ##[end-action id=__dtolnay_rust-toolchain.__run_5;outcome=success;conclusion=success;duration_ms=27]
2026-10-09T21:35:44.3601497Z ##[start-action display=Create cachekey;id=__dtolnay_rust-toolchain.rustc-version]
2026-10-09T21:35:44.3620338Z ##[group]Run DATE=$(rustc +"$toolchain" --version --verbose | sed -ne 's/^commit-date: \(20[0-9][0-9]\)-\([01][0-9]\)-\([0-3][0-9]\)$/\1\2\3/p')
2026-10-09T21:35:44.3621009Z [36;1mDATE=$(rustc +"$toolchain" --version --verbose | sed -ne 's/^commit-date: \(20[0-9][0-9]\)-\([01][0-9]\)-\([0-3][0-9]\)$/\1\2\3/p')[0m
2026-10-09T21:35:44.3621549Z [36;1mHASH=$(rustc +"$toolchain" --version --verbose | sed -ne 's/^commit-hash: //p')[0m
2026-10-09T21:35:44.3622291Z [36;1mecho "cachekey=$(echo $DATE$HASH | head -c12)" >> $GITHUB_OUTPUT[0m
2026-10-09T21:35:44.3677761Z shell: /usr/bin/bash --noprofile --norc -e -o pipefail {0}
2026-10-09T21:35:44.3678035Z env:
2026-10-09T21:35:44.3678208Z   GIT_CONFIG_COUNT: 1
2026-10-09T21:35:44.3678411Z   GIT_CONFIG_KEY_0: init.defaultBranch
2026-10-09T21:35:44.3678641Z   GIT_CONFIG_VALUE_0: main
2026-10-09T21:35:44.3678835Z   CARGO_NET_RETRY: 10
2026-10-09T21:35:44.3679036Z   CARGO_HTTP_MULTIPLEXING: false
2026-10-09T21:35:44.3679243Z   CARGO_TERM_COLOR: always
2026-10-09T21:35:44.3679444Z   FORMAL_AI_CI_VERBOSE: false
2026-10-09T21:35:44.3679641Z   FORMAL_AI_NON_LINUX_CI: run
2026-10-09T21:35:44.3679829Z   RUSTFLAGS: -Dwarnings
2026-10-09T21:35:44.3680170Z   CARGO_REGISTRY_TOKEN: ***
2026-10-09T21:35:44.3680409Z   CARGO_TOKEN: ***
2026-10-09T21:35:44.3680616Z   GHCR_IMAGE: ghcr.io/link-assistant/formal-ai
2026-10-09T21:35:44.3680864Z   DOCKERHUB_IMAGE: konard/formal-ai
2026-10-09T21:35:44.3681091Z   CARGO_HOME: /home/runner/.cargo
2026-10-09T21:35:44.3681290Z   toolchain: stable
2026-10-09T21:35:44.3681463Z ##[endgroup]
2026-10-09T21:35:44.4183796Z ##[end-action id=__dtolnay_rust-toolchain.rustc-version;outcome=success;conclusion=success;duration_ms=58]
2026-10-09T21:35:44.4186103Z ##[start-action display=Disable incremental compilation;id=__dtolnay_rust-toolchain.__run_6]
2026-10-09T21:35:44.4206784Z ##[group]Run if [ -z "${CARGO_INCREMENTAL+set}" ]; then
2026-10-09T21:35:44.4207109Z [36;1mif [ -z "${CARGO_INCREMENTAL+set}" ]; then[0m
2026-10-09T21:35:44.4207373Z [36;1m  echo CARGO_INCREMENTAL=0 >> $GITHUB_ENV[0m
2026-10-09T21:35:44.4207604Z [36;1mfi[0m
2026-10-09T21:35:44.4263649Z shell: /usr/bin/bash --noprofile --norc -e -o pipefail {0}
2026-10-09T21:35:44.4263939Z env:
2026-10-09T21:35:44.4264103Z   GIT_CONFIG_COUNT: 1
2026-10-09T21:35:44.4264300Z   GIT_CONFIG_KEY_0: init.defaultBranch
2026-10-09T21:35:44.4264532Z   GIT_CONFIG_VALUE_0: main
2026-10-09T21:35:44.4264732Z   CARGO_NET_RETRY: 10
2026-10-09T21:35:44.4264914Z   CARGO_HTTP_MULTIPLEXING: false
2026-10-09T21:35:44.4265121Z   CARGO_TERM_COLOR: always
2026-10-09T21:35:44.4265315Z   FORMAL_AI_CI_VERBOSE: false
2026-10-09T21:35:44.4265509Z   FORMAL_AI_NON_LINUX_CI: run
2026-10-09T21:35:44.4265697Z   RUSTFLAGS: -Dwarnings
2026-10-09T21:35:44.4266041Z   CARGO_REGISTRY_TOKEN: ***
2026-10-09T21:35:44.4266273Z   CARGO_TOKEN: ***
2026-10-09T21:35:44.4266468Z   GHCR_IMAGE: ghcr.io/link-assistant/formal-ai
2026-10-09T21:35:44.4266905Z   DOCKERHUB_IMAGE: konard/formal-ai
2026-10-09T21:35:44.4267148Z   CARGO_HOME: /home/runner/.cargo
2026-10-09T21:35:44.4267352Z ##[endgroup]
2026-10-09T21:35:44.4345668Z ##[end-action id=__dtolnay_rust-toolchain.__run_6;outcome=success;conclusion=success;duration_ms=15]
2026-10-09T21:35:44.4347670Z ##[start-action display=Enable colors in Cargo output;id=__dtolnay_rust-toolchain.__run_7]
2026-10-09T21:35:44.4366619Z ##[group]Run if [ -z "${CARGO_TERM_COLOR+set}" ]; then
2026-10-09T21:35:44.4366928Z [36;1mif [ -z "${CARGO_TERM_COLOR+set}" ]; then[0m
2026-10-09T21:35:44.4367194Z [36;1m  echo CARGO_TERM_COLOR=always >> $GITHUB_ENV[0m
2026-10-09T21:35:44.4367429Z [36;1mfi[0m
2026-10-09T21:35:44.4418219Z shell: /usr/bin/bash --noprofile --norc -e -o pipefail {0}
2026-10-09T21:35:44.4418499Z env:
2026-10-09T21:35:44.4418664Z   GIT_CONFIG_COUNT: 1
2026-10-09T21:35:44.4418864Z   GIT_CONFIG_KEY_0: init.defaultBranch
2026-10-09T21:35:44.4419092Z   GIT_CONFIG_VALUE_0: main
2026-10-09T21:35:44.4419276Z   CARGO_NET_RETRY: 10
2026-10-09T21:35:44.4419469Z   CARGO_HTTP_MULTIPLEXING: false
2026-10-09T21:35:44.4419675Z   CARGO_TERM_COLOR: always
2026-10-09T21:35:44.4419867Z   FORMAL_AI_CI_VERBOSE: false
2026-10-09T21:35:44.4420059Z   FORMAL_AI_NON_LINUX_CI: run
2026-10-09T21:35:44.4420245Z   RUSTFLAGS: -Dwarnings
2026-10-09T21:35:44.4420556Z   CARGO_REGISTRY_TOKEN: ***
2026-10-09T21:35:44.4420796Z   CARGO_TOKEN: ***
2026-10-09T21:35:44.4421009Z   GHCR_IMAGE: ghcr.io/link-assistant/formal-ai
2026-10-09T21:35:44.4421421Z   DOCKERHUB_IMAGE: konard/formal-ai
2026-10-09T21:35:44.4421651Z   CARGO_HOME: /home/runner/.cargo
2026-10-09T21:35:44.4421858Z   CARGO_INCREMENTAL: 0
2026-10-09T21:35:44.4422038Z ##[endgroup]
2026-10-09T21:35:44.4493399Z ##[end-action id=__dtolnay_rust-toolchain.__run_7;outcome=success;conclusion=success;duration_ms=14]
2026-10-09T21:35:44.4496131Z ##[start-action display=Enable Cargo sparse registry;id=__dtolnay_rust-toolchain.__run_8]
2026-10-09T21:35:44.4514723Z ##[group]Run # implemented in 1.66, stabilized in 1.68, made default in 1.70
2026-10-09T21:35:44.4515136Z [36;1m# implemented in 1.66, stabilized in 1.68, made default in 1.70[0m
2026-10-09T21:35:44.4515698Z [36;1mif [ -z "${CARGO_REGISTRIES_CRATES_IO_PROTOCOL+set}" -o -f "/home/runner/work/_temp"/.implicit_cargo_registries_crates_io_protocol ]; then[0m
2026-10-09T21:35:44.4516262Z [36;1m  if rustc +"$toolchain" --version --verbose | grep -q '^release: 1\.6[89]\.'; then[0m
2026-10-09T21:35:44.4516723Z [36;1m    touch "/home/runner/work/_temp"/.implicit_cargo_registries_crates_io_protocol || true[0m
2026-10-09T21:35:44.4517146Z [36;1m    echo CARGO_REGISTRIES_CRATES_IO_PROTOCOL=sparse >> $GITHUB_ENV[0m
2026-10-09T21:35:44.4517546Z [36;1m  elif rustc +"$toolchain" --version --verbose | grep -q '^release: 1\.6[67]\.'; then[0m
2026-10-09T21:35:44.4518014Z [36;1m    touch "/home/runner/work/_temp"/.implicit_cargo_registries_crates_io_protocol || true[0m
2026-10-09T21:35:44.4518435Z [36;1m    echo CARGO_REGISTRIES_CRATES_IO_PROTOCOL=git >> $GITHUB_ENV[0m
2026-10-09T21:35:44.4518720Z [36;1m  fi[0m
2026-10-09T21:35:44.4518889Z [36;1mfi[0m
2026-10-09T21:35:44.4567418Z shell: /usr/bin/bash --noprofile --norc -e -o pipefail {0}
2026-10-09T21:35:44.4567695Z env:
2026-10-09T21:35:44.4567859Z   GIT_CONFIG_COUNT: 1
2026-10-09T21:35:44.4568060Z   GIT_CONFIG_KEY_0: init.defaultBranch
2026-10-09T21:35:44.4568282Z   GIT_CONFIG_VALUE_0: main
2026-10-09T21:35:44.4568476Z   CARGO_NET_RETRY: 10
2026-10-09T21:35:44.4568661Z   CARGO_HTTP_MULTIPLEXING: false
2026-10-09T21:35:44.4568878Z   CARGO_TERM_COLOR: always
2026-10-09T21:35:44.4569066Z   FORMAL_AI_CI_VERBOSE: false
2026-10-09T21:35:44.4569263Z   FORMAL_AI_NON_LINUX_CI: run
2026-10-09T21:35:44.4569454Z   RUSTFLAGS: -Dwarnings
2026-10-09T21:35:44.4569757Z   CARGO_REGISTRY_TOKEN: ***
2026-10-09T21:35:44.4569989Z   CARGO_TOKEN: ***
2026-10-09T21:35:44.4570189Z   GHCR_IMAGE: ghcr.io/link-assistant/formal-ai
2026-10-09T21:35:44.4570440Z   DOCKERHUB_IMAGE: konard/formal-ai
2026-10-09T21:35:44.4570819Z   CARGO_HOME: /home/runner/.cargo
2026-10-09T21:35:44.4571036Z   CARGO_INCREMENTAL: 0
2026-10-09T21:35:44.4571220Z   toolchain: stable
2026-10-09T21:35:44.4571395Z ##[endgroup]
2026-10-09T21:35:44.4867043Z ##[end-action id=__dtolnay_rust-toolchain.__run_8;outcome=success;conclusion=success;duration_ms=37]
2026-10-09T21:35:44.4870666Z ##[start-action display=Work around spurious network errors in curl 8.0;id=__dtolnay_rust-toolchain.__run_9]
2026-10-09T21:35:44.4889891Z ##[group]Run # https://rust-lang.zulipchat.com/#narrow/stream/246057-t-cargo/topic/timeout.20investigation
2026-10-09T21:35:44.4890484Z [36;1m# https://rust-lang.zulipchat.com/#narrow/stream/246057-t-cargo/topic/timeout.20investigation[0m
2026-10-09T21:35:44.4890967Z [36;1mif rustc +"$toolchain" --version --verbose | grep -q '^release: 1\.7[01]\.'; then[0m
2026-10-09T21:35:44.4891338Z [36;1m  echo CARGO_HTTP_MULTIPLEXING=false >> $GITHUB_ENV[0m
2026-10-09T21:35:44.4891598Z [36;1mfi[0m
2026-10-09T21:35:44.4947118Z shell: /usr/bin/bash --noprofile --norc -e -o pipefail {0}
2026-10-09T21:35:44.4947406Z env:
2026-10-09T21:35:44.4947576Z   GIT_CONFIG_COUNT: 1
2026-10-09T21:35:44.4947775Z   GIT_CONFIG_KEY_0: init.defaultBranch
2026-10-09T21:35:44.4947998Z   GIT_CONFIG_VALUE_0: main
2026-10-09T21:35:44.4948182Z   CARGO_NET_RETRY: 10
2026-10-09T21:35:44.4948370Z   CARGO_HTTP_MULTIPLEXING: false
2026-10-09T21:35:44.4948680Z   CARGO_TERM_COLOR: always
2026-10-09T21:35:44.4949055Z   FORMAL_AI_CI_VERBOSE: false
2026-10-09T21:35:44.4949348Z   FORMAL_AI_NON_LINUX_CI: run
2026-10-09T21:35:44.4949750Z   RUSTFLAGS: -Dwarnings
2026-10-09T21:35:44.4950260Z   CARGO_REGISTRY_TOKEN: ***
2026-10-09T21:35:44.4950581Z   CARGO_TOKEN: ***
2026-10-09T21:35:44.4966770Z   GHCR_IMAGE: ghcr.io/link-assistant/formal-ai
2026-10-09T21:35:44.4967141Z   DOCKERHUB_IMAGE: konard/formal-ai
2026-10-09T21:35:44.4967457Z   CARGO_HOME: /home/runner/.cargo
2026-10-09T21:35:44.4967746Z   CARGO_INCREMENTAL: 0
2026-10-09T21:35:44.4967986Z   toolchain: stable
2026-10-09T21:35:44.4968210Z ##[endgroup]
2026-10-09T21:35:44.5153673Z ##[end-action id=__dtolnay_rust-toolchain.__run_9;outcome=success;conclusion=success;duration_ms=28]
2026-10-09T21:35:44.5157861Z ##[start-action display=rustc +stable --version --verbose;id=__dtolnay_rust-toolchain.__run_10]
2026-10-09T21:35:44.5177096Z ##[group]Run rustc +"$toolchain" --version --verbose
2026-10-09T21:35:44.5177408Z [36;1mrustc +"$toolchain" --version --verbose[0m
2026-10-09T21:35:44.5232518Z shell: /usr/bin/bash --noprofile --norc -e -o pipefail {0}
2026-10-09T21:35:44.5232810Z env:
2026-10-09T21:35:44.5232976Z   GIT_CONFIG_COUNT: 1
2026-10-09T21:35:44.5233172Z   GIT_CONFIG_KEY_0: init.defaultBranch
2026-10-09T21:35:44.5233391Z   GIT_CONFIG_VALUE_0: main
2026-10-09T21:35:44.5233581Z   CARGO_NET_RETRY: 10
2026-10-09T21:35:44.5233771Z   CARGO_HTTP_MULTIPLEXING: false
2026-10-09T21:35:44.5233974Z   CARGO_TERM_COLOR: always
2026-10-09T21:35:44.5234174Z   FORMAL_AI_CI_VERBOSE: false
2026-10-09T21:35:44.5234372Z   FORMAL_AI_NON_LINUX_CI: run
2026-10-09T21:35:44.5234566Z   RUSTFLAGS: -Dwarnings
2026-10-09T21:35:44.5234906Z   CARGO_REGISTRY_TOKEN: ***
2026-10-09T21:35:44.5235136Z   CARGO_TOKEN: ***
2026-10-09T21:35:44.5235334Z   GHCR_IMAGE: ghcr.io/link-assistant/formal-ai
2026-10-09T21:35:44.5235579Z   DOCKERHUB_IMAGE: konard/formal-ai
2026-10-09T21:35:44.5235795Z   CARGO_HOME: /home/runner/.cargo
2026-10-09T21:35:44.5235995Z   CARGO_INCREMENTAL: 0
2026-10-09T21:35:44.5236178Z   toolchain: stable
2026-10-09T21:35:44.5236345Z ##[endgroup]
2026-10-09T21:35:44.5403796Z rustc 1.99.0 (b940084d7 2026-09-28)
2026-10-09T21:35:44.5404484Z binary: rustc
2026-10-09T21:35:44.5405183Z commit-hash: b940084d7eb6a299eb4bfeb8e34901bc051e7ac4
2026-10-09T21:35:44.5405586Z commit-date: 2026-09-28
2026-10-09T21:35:44.5405873Z host: x86_64-unknown-linux-gnu
2026-10-09T21:35:44.5406181Z release: 1.99.0
2026-10-09T21:35:44.5406421Z LLVM version: 23.1.1
2026-10-09T21:35:44.5423786Z ##[end-action id=__dtolnay_rust-toolchain.__run_10;outcome=success;conclusion=success;duration_ms=26]
2026-10-09T21:35:44.5492541Z Prepare all required actions
2026-10-09T21:35:44.5493030Z Getting action download info
2026-10-09T21:35:44.6373496Z Download action repository 'mozilla-actions/sccache-action@v0.0.11' (SHA:fc920bf0ec8de6ee65d409111f7ec508035751ba)
2026-10-09T21:35:44.7524879Z ##[group]Run ./.github/actions/setup-sccache
2026-10-09T21:35:44.7525127Z env:
2026-10-09T21:35:44.7525283Z   GIT_CONFIG_COUNT: 1
2026-10-09T21:35:44.7525477Z   GIT_CONFIG_KEY_0: init.defaultBranch
2026-10-09T21:35:44.7525708Z   GIT_CONFIG_VALUE_0: main
2026-10-09T21:35:44.7525890Z   CARGO_NET_RETRY: 10
2026-10-09T21:35:44.7526068Z   CARGO_HTTP_MULTIPLEXING: false
2026-10-09T21:35:44.7526277Z   CARGO_TERM_COLOR: always
2026-10-09T21:35:44.7526461Z   FORMAL_AI_CI_VERBOSE: false
2026-10-09T21:35:44.7526658Z   FORMAL_AI_NON_LINUX_CI: run
2026-10-09T21:35:44.7526854Z   RUSTFLAGS: -Dwarnings
2026-10-09T21:35:44.7527160Z   CARGO_REGISTRY_TOKEN: ***
2026-10-09T21:35:44.7527401Z   CARGO_TOKEN: ***
2026-10-09T21:35:44.7527626Z   GHCR_IMAGE: ghcr.io/link-assistant/formal-ai
2026-10-09T21:35:44.7527884Z   DOCKERHUB_IMAGE: konard/formal-ai
2026-10-09T21:35:44.7528102Z   CARGO_HOME: /home/runner/.cargo
2026-10-09T21:35:44.7528316Z   CARGO_INCREMENTAL: 0
2026-10-09T21:35:44.7528492Z ##[endgroup]
2026-10-09T21:35:44.7532501Z ##[start-action display=Install sccache;id=__self.__mozilla-actions_sccache-action]
2026-10-09T21:35:44.7565318Z ##[group]Run mozilla-actions/sccache-action@v0.0.11
2026-10-09T21:35:44.7565576Z with:
2026-10-09T21:35:44.7565904Z   version: v0.16.0
2026-10-09T21:35:44.7567952Z   token: ***
2026-10-09T21:35:44.7568137Z   disable_annotations: false
2026-10-09T21:35:44.7568334Z env:
2026-10-09T21:35:44.7568494Z   GIT_CONFIG_COUNT: 1
2026-10-09T21:35:44.7568690Z   GIT_CONFIG_KEY_0: init.defaultBranch
2026-10-09T21:35:44.7568913Z   GIT_CONFIG_VALUE_0: main
2026-10-09T21:35:44.7569099Z   CARGO_NET_RETRY: 10
2026-10-09T21:35:44.7569282Z   CARGO_HTTP_MULTIPLEXING: false
2026-10-09T21:35:44.7569484Z   CARGO_TERM_COLOR: always
2026-10-09T21:35:44.7569680Z   FORMAL_AI_CI_VERBOSE: false
2026-10-09T21:35:44.7569876Z   FORMAL_AI_NON_LINUX_CI: run
2026-10-09T21:35:44.7570069Z   RUSTFLAGS: -Dwarnings
2026-10-09T21:35:44.7570333Z   CARGO_REGISTRY_TOKEN: ***
2026-10-09T21:35:44.7570568Z   CARGO_TOKEN: ***
2026-10-09T21:35:44.7570762Z   GHCR_IMAGE: ghcr.io/link-assistant/formal-ai
2026-10-09T21:35:44.7571008Z   DOCKERHUB_IMAGE: konard/formal-ai
2026-10-09T21:35:44.7571226Z   CARGO_HOME: /home/runner/.cargo
2026-10-09T21:35:44.7571425Z   CARGO_INCREMENTAL: 0
2026-10-09T21:35:44.7571605Z ##[endgroup]
2026-10-09T21:35:44.8240471Z try to setup sccache version: v0.16.0
2026-10-09T21:35:44.8250135Z sccache download from url: https://github.com/mozilla/sccache/releases/download/v0.16.0/sccache-v0.16.0-x86_64-unknown-linux-musl.tar.gz
2026-10-09T21:35:45.1333287Z Correct checksum: aec995a83ad3dff3d14b6314e08858b7b73d35ca85a5bcf3d3a9ec07dee35588
2026-10-09T21:35:45.1464351Z [command]/usr/bin/tar xz --warning=no-unknown-keyword --overwrite -C /home/runner/work/_temp/f8f7fc47-01ff-4e25-b1f9-220a974a848a -f /home/runner/work/_temp/ef9b2e51-4d19-491e-bae6-0917252ef912
2026-10-09T21:35:45.2893864Z sccache extracted to: /home/runner/work/_temp/f8f7fc47-01ff-4e25-b1f9-220a974a848a
2026-10-09T21:35:45.2994683Z sccache cached to: /opt/hostedtoolcache/sccache/0.16.0/x64
2026-10-09T21:35:45.3108763Z ##[end-action id=__self.__mozilla-actions_sccache-action;outcome=success;conclusion=success;duration_ms=557]
2026-10-09T21:35:45.3111461Z ##[start-action display=Enable sccache for Rust;id=__self.__run]
2026-10-09T21:35:45.3810456Z ##[group]Run echo "SCCACHE_GHA_ENABLED=$SCCACHE_GHA_ENABLED" >> "$GITHUB_ENV"
2026-10-09T21:35:45.3810899Z [36;1mecho "SCCACHE_GHA_ENABLED=$SCCACHE_GHA_ENABLED" >> "$GITHUB_ENV"[0m
2026-10-09T21:35:45.3811248Z [36;1mecho "RUSTC_WRAPPER=$RUSTC_WRAPPER" >> "$GITHUB_ENV"[0m
2026-10-09T21:35:45.3868962Z shell: /usr/bin/bash --noprofile --norc -e -o pipefail {0}
2026-10-09T21:35:45.3869259Z env:
2026-10-09T21:35:45.3869441Z   GIT_CONFIG_COUNT: 1
2026-10-09T21:35:45.3869850Z   GIT_CONFIG_KEY_0: init.defaultBranch
2026-10-09T21:35:45.3870080Z   GIT_CONFIG_VALUE_0: main
2026-10-09T21:35:45.3870268Z   CARGO_NET_RETRY: 10
2026-10-09T21:35:45.3870461Z   CARGO_HTTP_MULTIPLEXING: false
2026-10-09T21:35:45.3870674Z   CARGO_TERM_COLOR: always
2026-10-09T21:35:45.3870883Z   FORMAL_AI_CI_VERBOSE: false
2026-10-09T21:35:45.3871081Z   FORMAL_AI_NON_LINUX_CI: run
2026-10-09T21:35:45.3871274Z   RUSTFLAGS: -Dwarnings
2026-10-09T21:35:45.3871600Z   CARGO_REGISTRY_TOKEN: ***
2026-10-09T21:35:45.3871861Z   CARGO_TOKEN: ***
2026-10-09T21:35:45.3872067Z   GHCR_IMAGE: ghcr.io/link-assistant/formal-ai
2026-10-09T21:35:45.3872438Z   DOCKERHUB_IMAGE: konard/formal-ai
2026-10-09T21:35:45.3872666Z   CARGO_HOME: /home/runner/.cargo
2026-10-09T21:35:45.3872874Z   CARGO_INCREMENTAL: 0
2026-10-09T21:35:45.3873118Z   SCCACHE_PATH: /opt/hostedtoolcache/sccache/0.16.0/x64/sccache
2026-10-09T21:35:45.3873404Z   ACTIONS_CACHE_SERVICE_V2: on
2026-10-09T21:35:45.3873729Z   ACTIONS_RESULTS_URL: https://results-receiver.actions.githubusercontent.com/
2026-10-09T21:35:45.3914477Z   ACTIONS_RUNTIME_TOKEN: ***
2026-10-09T21:35:45.3914699Z   SCCACHE_GHA_ENABLED: true
2026-10-09T21:35:45.3914902Z   RUSTC_WRAPPER: sccache
2026-10-09T21:35:45.3915090Z ##[endgroup]
2026-10-09T21:35:45.3996425Z ##[end-action id=__self.__run;outcome=success;conclusion=success;duration_ms=88]
2026-10-09T21:35:45.3998302Z ##[start-action display=Enable opt-in sccache diagnostics;id=__self.__run_2]
2026-10-09T21:35:45.4004437Z ##[end-action id=__self.__run_2;outcome=skipped;conclusion=skipped;duration_ms=0]
2026-10-09T21:35:45.4005918Z ##[start-action display=Start the sccache server;id=__self.__run_3]
2026-10-09T21:35:45.4021618Z ##[group]Run sccache --start-server || true
2026-10-09T21:35:45.4021899Z [36;1msccache --start-server || true[0m
2026-10-09T21:35:45.4022457Z [36;1m# No `| head`: an early-closing reader makes sccache exit on[0m
2026-10-09T21:35:45.4022835Z [36;1m# `Broken pipe (os error 32)`, which fails the step. The same trap is[0m
2026-10-09T21:35:45.4023195Z [36;1m# documented in experiments/agentic_cli_matrix/lib.sh.[0m
2026-10-09T21:35:45.4023472Z [36;1msccache --show-stats[0m
2026-10-09T21:35:45.4076260Z shell: /usr/bin/bash --noprofile --norc -e -o pipefail {0}
2026-10-09T21:35:45.4076552Z env:
2026-10-09T21:35:45.4076722Z   GIT_CONFIG_COUNT: 1
2026-10-09T21:35:45.4076926Z   GIT_CONFIG_KEY_0: init.defaultBranch
2026-10-09T21:35:45.4077147Z   GIT_CONFIG_VALUE_0: main
2026-10-09T21:35:45.4077341Z   CARGO_NET_RETRY: 10
2026-10-09T21:35:45.4077531Z   CARGO_HTTP_MULTIPLEXING: false
2026-10-09T21:35:45.4077737Z   CARGO_TERM_COLOR: always
2026-10-09T21:35:45.4077931Z   FORMAL_AI_CI_VERBOSE: false
2026-10-09T21:35:45.4078137Z   FORMAL_AI_NON_LINUX_CI: run
2026-10-09T21:35:45.4078333Z   RUSTFLAGS: -Dwarnings
2026-10-09T21:35:45.4078640Z   CARGO_REGISTRY_TOKEN: ***
2026-10-09T21:35:45.4078890Z   CARGO_TOKEN: ***
2026-10-09T21:35:45.4079090Z   GHCR_IMAGE: ghcr.io/link-assistant/formal-ai
2026-10-09T21:35:45.4079350Z   DOCKERHUB_IMAGE: konard/formal-ai
2026-10-09T21:35:45.4079582Z   CARGO_HOME: /home/runner/.cargo
2026-10-09T21:35:45.4079786Z   CARGO_INCREMENTAL: 0
2026-10-09T21:35:45.4080033Z   SCCACHE_PATH: /opt/hostedtoolcache/sccache/0.16.0/x64/sccache
2026-10-09T21:35:45.4080320Z   ACTIONS_CACHE_SERVICE_V2: on
2026-10-09T21:35:45.4080656Z   ACTIONS_RESULTS_URL: https://results-receiver.actions.githubusercontent.com/
2026-10-09T21:35:45.4120382Z   ACTIONS_RUNTIME_TOKEN: ***
2026-10-09T21:35:45.4120610Z   SCCACHE_GHA_ENABLED: true
2026-10-09T21:35:45.4120835Z   RUSTC_WRAPPER: sccache
2026-10-09T21:35:45.4121023Z ##[endgroup]
2026-10-09T21:35:45.4224379Z sccache: Starting the server...
2026-10-09T21:35:45.5401947Z sccache: Listening on address 127.0.0.1:4226
2026-10-09T21:35:45.5418515Z Compile requests                      0
2026-10-09T21:35:45.5418920Z Compile requests executed             0
2026-10-09T21:35:45.5419266Z Cache hits                            0
2026-10-09T21:35:45.5419896Z Cache misses                          0
2026-10-09T21:35:45.5420217Z Cache hits rate                       -
2026-10-09T21:35:45.5420540Z Cache timeouts                        0
2026-10-09T21:35:45.5420897Z Cache read errors                     0
2026-10-09T21:35:45.5421218Z Forced recaches                       0
2026-10-09T21:35:45.5421690Z Cache write errors                    0
2026-10-09T21:35:45.5421980Z Cache errors                          0
2026-10-09T21:35:45.5422396Z Compilations                          0
2026-10-09T21:35:45.5422649Z Compilation failures                  0
2026-10-09T21:35:45.5422894Z Non-cacheable compilations            0
2026-10-09T21:35:45.5423115Z Non-cacheable calls                   0
2026-10-09T21:35:45.5423326Z Non-compilation calls                 0
2026-10-09T21:35:45.5423541Z Unsupported compiler calls            0
2026-10-09T21:35:45.5423761Z Average cache write               0.000 s
2026-10-09T21:35:45.5423989Z Average compiler                  0.000 s
2026-10-09T21:35:45.5424218Z Average cache read hit            0.000 s
2026-10-09T21:35:45.5424452Z Failed distributed compilations       0
2026-10-09T21:35:45.5424925Z Cache location                  ghac, name: 90541733aa72480a9e77ce99e66fc1cfabfa835d74c751408eb0351b7adcec6b, prefix: /sccache/
2026-10-09T21:35:45.5425375Z Base directories                (none)
2026-10-09T21:35:45.5425594Z Version (client)                0.16.0
2026-10-09T21:35:45.5430246Z ##[end-action id=__self.__run_3;outcome=success;conclusion=success;duration_ms=142]
2026-10-09T21:35:45.5476825Z ##[group]Run oven-sh/setup-bun@v2
2026-10-09T21:35:45.5477047Z with:
2026-10-09T21:35:45.5477235Z   bun-version-file: .bun-version
2026-10-09T21:35:45.5477443Z   no-cache: false
2026-10-09T21:35:45.5479543Z   token: ***
2026-10-09T21:35:45.5479705Z env:
2026-10-09T21:35:45.5479865Z   GIT_CONFIG_COUNT: 1
2026-10-09T21:35:45.5480066Z   GIT_CONFIG_KEY_0: init.defaultBranch
2026-10-09T21:35:45.5480288Z   GIT_CONFIG_VALUE_0: main
2026-10-09T21:35:45.5480473Z   CARGO_NET_RETRY: 10
2026-10-09T21:35:45.5480661Z   CARGO_HTTP_MULTIPLEXING: false
2026-10-09T21:35:45.5480864Z   CARGO_TERM_COLOR: always
2026-10-09T21:35:45.5481050Z   FORMAL_AI_CI_VERBOSE: false
2026-10-09T21:35:45.5481249Z   FORMAL_AI_NON_LINUX_CI: run
2026-10-09T21:35:45.5481451Z   RUSTFLAGS: -Dwarnings
2026-10-09T21:35:45.5481704Z   CARGO_REGISTRY_TOKEN: ***
2026-10-09T21:35:45.5481937Z   CARGO_TOKEN: ***
2026-10-09T21:35:45.5482378Z   GHCR_IMAGE: ghcr.io/link-assistant/formal-ai
2026-10-09T21:35:45.5482681Z   DOCKERHUB_IMAGE: konard/formal-ai
2026-10-09T21:35:45.5482911Z   CARGO_HOME: /home/runner/.cargo
2026-10-09T21:35:45.5483122Z   CARGO_INCREMENTAL: 0
2026-10-09T21:35:45.5483357Z   SCCACHE_PATH: /opt/hostedtoolcache/sccache/0.16.0/x64/sccache
2026-10-09T21:35:45.5483643Z   ACTIONS_CACHE_SERVICE_V2: on
2026-10-09T21:35:45.5483958Z   ACTIONS_RESULTS_URL: https://results-receiver.actions.githubusercontent.com/
2026-10-09T21:35:45.5523645Z   ACTIONS_RUNTIME_TOKEN: ***
2026-10-09T21:35:45.5523861Z   SCCACHE_GHA_ENABLED: true
2026-10-09T21:35:45.5524064Z   RUSTC_WRAPPER: sccache
2026-10-09T21:35:45.5524251Z ##[endgroup]
2026-10-09T21:35:45.6839266Z Obtained version 1.4.2 from .bun-version
2026-10-09T21:35:45.7552979Z Cache hit for: bun-gmoqYqdUbaYsI0KujeXt7Zg/p0I=
2026-10-09T21:35:45.9827733Z Received 35684131 of 35684131 (100.0%), 192.3 MBs/sec
2026-10-09T21:35:45.9828242Z Cache Size: ~34 MB (35684131 B)
2026-10-09T21:35:45.9858206Z [command]/usr/bin/tar -xf /home/runner/work/_temp/85b74201-8345-4c33-8c8e-0e7cec6056f9/cache.tzst -P -C /home/runner/work/formal-ai/formal-ai --use-compress-program unzstd
2026-10-09T21:35:46.1917542Z Cache restored successfully
2026-10-09T21:35:46.1938128Z [command]/home/runner/.bun/bin/bun --revision
2026-10-09T21:35:46.1981489Z 1.4.2+744846f84
2026-10-09T21:35:46.1986785Z Using a cached version of Bun: 1.4.2+744846f84
2026-10-09T21:35:46.2255197Z ##[group]Run bash scripts/install-rust-script.sh
2026-10-09T21:35:46.2255522Z [36;1mbash scripts/install-rust-script.sh[0m
2026-10-09T21:35:46.2311383Z shell: /usr/bin/bash -e {0}
2026-10-09T21:35:46.2311601Z env:
2026-10-09T21:35:46.2311777Z   GIT_CONFIG_COUNT: 1
2026-10-09T21:35:46.2311985Z   GIT_CONFIG_KEY_0: init.defaultBranch
2026-10-09T21:35:46.2312360Z   GIT_CONFIG_VALUE_0: main
2026-10-09T21:35:46.2312565Z   CARGO_NET_RETRY: 10
2026-10-09T21:35:46.2312756Z   CARGO_HTTP_MULTIPLEXING: false
2026-10-09T21:35:46.2312965Z   CARGO_TERM_COLOR: always
2026-10-09T21:35:46.2313161Z   FORMAL_AI_CI_VERBOSE: false
2026-10-09T21:35:46.2313365Z   FORMAL_AI_NON_LINUX_CI: run
2026-10-09T21:35:46.2313577Z   RUSTFLAGS: -Dwarnings
2026-10-09T21:35:46.2313893Z   CARGO_REGISTRY_TOKEN: ***
2026-10-09T21:35:46.2314129Z   CARGO_TOKEN: ***
2026-10-09T21:35:46.2314338Z   GHCR_IMAGE: ghcr.io/link-assistant/formal-ai
2026-10-09T21:35:46.2314604Z   DOCKERHUB_IMAGE: konard/formal-ai
2026-10-09T21:35:46.2314887Z   CARGO_HOME: /home/runner/.cargo
2026-10-09T21:35:46.2315101Z   CARGO_INCREMENTAL: 0
2026-10-09T21:35:46.2315348Z   SCCACHE_PATH: /opt/hostedtoolcache/sccache/0.16.0/x64/sccache
2026-10-09T21:35:46.2315633Z   ACTIONS_CACHE_SERVICE_V2: on
2026-10-09T21:35:46.2315959Z   ACTIONS_RESULTS_URL: https://results-receiver.actions.githubusercontent.com/
2026-10-09T21:35:46.2355824Z   ACTIONS_RUNTIME_TOKEN: ***
2026-10-09T21:35:46.2356071Z   SCCACHE_GHA_ENABLED: true
2026-10-09T21:35:46.2356278Z   RUSTC_WRAPPER: sccache
2026-10-09T21:35:46.2356471Z ##[endgroup]
2026-10-09T21:35:46.2804017Z Installing rust-script (attempt 1/3)
2026-10-09T21:35:54.3366321Z [1m[92m    Updating[0m crates.io index
2026-10-09T21:35:54.4776118Z [1m[92m Downloading[0m crates ...
2026-10-09T21:35:54.5617595Z [1m[92m  Downloaded[0m rust-script v0.36.0
2026-10-09T21:35:54.6467573Z [1m[92m  Installing[0m rust-script v0.36.0
2026-10-09T21:35:54.6493726Z [1m[92m    Updating[0m crates.io index
2026-10-09T21:35:55.4838083Z [1m[92m    Updating[0m crates.io index
2026-10-09T21:35:55.5825828Z [1m[92m Downloading[0m crates ...
2026-10-09T21:35:55.5986423Z [1m[92m  Downloaded[0m aho-corasick v1.1.3
2026-10-09T21:35:55.6045723Z [1m[92m  Downloaded[0m anstream v0.6.20
2026-10-09T21:35:55.6073158Z [1m[92m  Downloaded[0m bitflags v2.9.1
2026-10-09T21:35:55.6170975Z [1m[92m  Downloaded[0m clap v4.5.45
2026-10-09T21:35:55.6244970Z [1m[92m  Downloaded[0m colorchoice v1.0.4
2026-10-09T21:35:55.6275035Z [1m[92m  Downloaded[0m digest v0.10.7
2026-10-09T21:35:55.6302260Z [1m[92m  Downloaded[0m env_filter v0.1.3
2026-10-09T21:35:55.6366619Z [1m[92m  Downloaded[0m errno v0.3.13
2026-10-09T21:35:55.6445384Z [1m[92m  Downloaded[0m getopts v0.2.23
2026-10-09T21:35:55.6490340Z [1m[92m  Downloaded[0m indexmap v2.10.0
2026-10-09T21:35:55.6615595Z [1m[92m  Downloaded[0m memchr v2.7.5
2026-10-09T21:35:55.6659700Z [1m[92m  Downloaded[0m libc v0.2.175
2026-10-09T21:35:55.6883575Z [1m[92m  Downloaded[0m regex-automata v0.4.9
2026-10-09T21:35:55.7007144Z [1m[92m  Downloaded[0m pulldown-cmark v0.13.0
2026-10-09T21:35:55.7051026Z [1m[92m  Downloaded[0m serde v1.0.219
2026-10-09T21:35:55.7075388Z [1m[92m  Downloaded[0m shell-words v1.1.0
2026-10-09T21:35:55.7082510Z [1m[92m  Downloaded[0m toml v0.9.5
2026-10-09T21:35:55.7115749Z [1m[92m  Downloaded[0m toml_writer v1.0.2
2026-10-09T21:35:55.7181693Z [1m[92m  Downloaded[0m unicode-width v0.2.1
2026-10-09T21:35:55.7229147Z [1m[92m  Downloaded[0m winnow v0.7.12
2026-10-09T21:35:55.7302739Z [1m[92m  Downloaded[0m anstyle-query v1.1.4
2026-10-09T21:35:55.7348105Z [1m[92m  Downloaded[0m clap_builder v4.5.44
2026-10-09T21:35:55.7399358Z [1m[92m  Downloaded[0m crypto-common v0.1.6
2026-10-09T21:35:55.7491414Z [1m[92m  Downloaded[0m generic-array v0.14.7
2026-10-09T21:35:55.7570695Z [1m[92m  Downloaded[0m env_logger v0.11.8
2026-10-09T21:35:55.7591152Z [1m[92m  Downloaded[0m is_terminal_polyfill v1.70.1
2026-10-09T21:35:55.7696500Z [1m[92m  Downloaded[0m pulldown-cmark-escape v0.11.0
2026-10-09T21:35:55.7723871Z [1m[92m  Downloaded[0m log v0.4.27
2026-10-09T21:35:55.7801729Z [1m[92m  Downloaded[0m rustix v1.0.8
2026-10-09T21:35:55.8018427Z [1m[92m  Downloaded[0m strsim v0.11.1
2026-10-09T21:35:55.8029369Z [1m[92m  Downloaded[0m toml_parser v1.0.2
2026-10-09T21:35:55.8047596Z [1m[92m  Downloaded[0m utf8parse v0.2.2
2026-10-09T21:35:55.8055159Z [1m[92m  Downloaded[0m anstyle-parse v0.2.7
2026-10-09T21:35:55.8129239Z [1m[92m  Downloaded[0m clap_lex v0.7.5
2026-10-09T21:35:55.8138551Z [1m[92m  Downloaded[0m dirs-sys v0.5.0
2026-10-09T21:35:55.8308418Z [1m[92m  Downloaded[0m getrandom v0.3.3
2026-10-09T21:35:55.8335671Z [1m[92m  Downloaded[0m linux-raw-sys v0.9.4
2026-10-09T21:35:55.8736390Z [1m[92m  Downloaded[0m regex v1.11.1
2026-10-09T21:35:55.8852446Z [1m[92m  Downloaded[0m regex-syntax v0.8.5
2026-10-09T21:35:55.8907993Z [1m[92m  Downloaded[0m typenum v1.18.0
2026-10-09T21:35:55.8933404Z [1m[92m  Downloaded[0m anstyle v1.0.11
2026-10-09T21:35:55.8945353Z [1m[92m  Downloaded[0m cpufeatures v0.2.17
2026-10-09T21:35:55.8956090Z [1m[92m  Downloaded[0m jiff v0.2.15
2026-10-09T21:35:55.9078772Z [1m[92m  Downloaded[0m fastrand v2.3.0
2026-10-09T21:35:55.9088708Z [1m[92m  Downloaded[0m sha1 v0.10.6
2026-10-09T21:35:55.9101687Z [1m[92m  Downloaded[0m cfg-if v1.0.1
2026-10-09T21:35:55.9111832Z [1m[92m  Downloaded[0m unicase v2.8.1
2026-10-09T21:35:55.9163732Z [1m[92m  Downloaded[0m hashbrown v0.15.5
2026-10-09T21:35:55.9239118Z [1m[92m  Downloaded[0m serde_spanned v1.0.0
2026-10-09T21:35:55.9255102Z [1m[92m  Downloaded[0m version_check v0.9.5
2026-10-09T21:35:55.9361487Z [1m[92m  Downloaded[0m equivalent v1.0.2
2026-10-09T21:35:55.9369865Z [1m[92m  Downloaded[0m tempfile v3.20.0
2026-10-09T21:35:55.9481430Z [1m[92m  Downloaded[0m toml_datetime v0.7.0
2026-10-09T21:35:55.9492356Z [1m[92m  Downloaded[0m dirs v6.0.0
2026-10-09T21:35:55.9578345Z [1m[92m  Downloaded[0m block-buffer v0.10.4
2026-10-09T21:35:55.9620544Z [1m[92m  Downloaded[0m option-ext v0.2.0
2026-10-09T21:35:55.9699474Z [1m[92m  Downloaded[0m once_cell v1.21.3
2026-10-09T21:35:56.0349744Z [1m[92m   Compiling[0m typenum v1.18.0
2026-10-09T21:35:56.0350300Z [1m[92m   Compiling[0m version_check v0.9.5
2026-10-09T21:35:56.0350733Z [1m[92m   Compiling[0m libc v0.2.175
2026-10-09T21:35:56.0368878Z [1m[92m   Compiling[0m memchr v2.7.5
2026-10-09T21:35:56.5636182Z [1m[92m   Compiling[0m generic-array v0.14.7
2026-10-09T21:35:56.7506398Z [1m[92m   Compiling[0m utf8parse v0.2.2
2026-10-09T21:35:56.8605620Z [1m[92m   Compiling[0m serde v1.0.219
2026-10-09T21:35:59.3138070Z [1m[92m   Compiling[0m anstyle-parse v0.2.7
2026-10-09T21:35:59.3164130Z [1m[92m   Compiling[0m aho-corasick v1.1.3
2026-10-09T21:35:59.4251875Z [1m[92m   Compiling[0m is_terminal_polyfill v1.70.1
2026-10-09T21:35:59.5054178Z [1m[92m   Compiling[0m anstyle v1.0.11
2026-10-09T21:35:59.6093571Z [1m[92m   Compiling[0m colorchoice v1.0.4
2026-10-09T21:35:59.6274164Z [1m[92m   Compiling[0m regex-syntax v0.8.5
2026-10-09T21:35:59.6620379Z [1m[92m   Compiling[0m anstyle-query v1.1.4
2026-10-09T21:35:59.7403528Z [1m[92m   Compiling[0m anstream v0.6.20
2026-10-09T21:35:59.8047475Z [1m[92m   Compiling[0m rustix v1.0.8
2026-10-09T21:35:59.8482913Z [1m[92m   Compiling[0m getrandom v0.3.3
2026-10-09T21:35:59.9963457Z [1m[92m   Compiling[0m regex-automata v0.4.9
2026-10-09T21:35:59.9979858Z [1m[92m   Compiling[0m cfg-if v1.0.1
2026-10-09T21:36:00.0789731Z [1m[92m   Compiling[0m bitflags v2.9.1
2026-10-09T21:36:00.0860710Z [1m[92m   Compiling[0m block-buffer v0.10.4
2026-10-09T21:36:00.2058318Z [1m[92m   Compiling[0m crypto-common v0.1.6
2026-10-09T21:36:00.2070999Z [1m[92m   Compiling[0m option-ext v0.2.0
2026-10-09T21:36:00.2335176Z [1m[92m   Compiling[0m clap_lex v0.7.5
2026-10-09T21:36:00.2881182Z [1m[92m   Compiling[0m unicode-width v0.2.1
2026-10-09T21:36:00.2894061Z [1m[92m   Compiling[0m pulldown-cmark v0.13.0
2026-10-09T21:36:00.3306006Z [1m[92m   Compiling[0m winnow v0.7.12
2026-10-09T21:36:00.3455242Z [1m[92m   Compiling[0m log v0.4.27
2026-10-09T21:36:00.4367137Z [1m[92m   Compiling[0m linux-raw-sys v0.9.4
2026-10-09T21:36:00.4649104Z [1m[92m   Compiling[0m strsim v0.11.1
2026-10-09T21:36:00.4957351Z [1m[92m   Compiling[0m regex v1.11.1
2026-10-09T21:36:00.5372655Z [1m[92m   Compiling[0m toml_parser v1.0.2
2026-10-09T21:36:00.5966271Z [1m[92m   Compiling[0m clap_builder v4.5.44
2026-10-09T21:36:00.6453748Z [1m[92m   Compiling[0m env_filter v0.1.3
2026-10-09T21:36:00.7207875Z [1m[92m   Compiling[0m getopts v0.2.23
2026-10-09T21:36:00.7329830Z [1m[92m   Compiling[0m dirs-sys v0.5.0
2026-10-09T21:36:00.8031889Z [1m[92m   Compiling[0m digest v0.10.7
2026-10-09T21:36:00.8526175Z [1m[92m   Compiling[0m toml_datetime v0.7.0
2026-10-09T21:36:00.8983693Z [1m[92m   Compiling[0m serde_spanned v1.0.0
2026-10-09T21:36:00.9122738Z [1m[92m   Compiling[0m pulldown-cmark-escape v0.11.0
2026-10-09T21:36:00.9247821Z [1m[92m   Compiling[0m unicase v2.8.1
2026-10-09T21:36:00.9360702Z [1m[92m   Compiling[0m jiff v0.2.15
2026-10-09T21:36:00.9706971Z [1m[92m   Compiling[0m toml_writer v1.0.2
2026-10-09T21:36:01.0090937Z [1m[92m   Compiling[0m cpufeatures v0.2.17
2026-10-09T21:36:01.0223978Z [1m[92m   Compiling[0m fastrand v2.3.0
2026-10-09T21:36:01.0594877Z [1m[92m   Compiling[0m once_cell v1.21.3
2026-10-09T21:36:01.0877651Z [1m[92m   Compiling[0m sha1 v0.10.6
2026-10-09T21:36:01.1402409Z [1m[92m   Compiling[0m toml v0.9.5
2026-10-09T21:36:01.1591136Z [1m[92m   Compiling[0m tempfile v3.20.0
2026-10-09T21:36:01.2908980Z [1m[92m   Compiling[0m env_logger v0.11.8
2026-10-09T21:36:01.2940634Z [1m[92m   Compiling[0m clap v4.5.45
2026-10-09T21:36:01.3088933Z [1m[92m   Compiling[0m dirs v6.0.0
2026-10-09T21:36:01.3705551Z [1m[92m   Compiling[0m shell-words v1.1.0
2026-10-09T21:36:02.1129867Z [1m[92m   Compiling[0m rust-script v0.36.0
2026-10-09T21:36:20.3101513Z [1m[92m    Finished[0m `release` profile [optimized] target(s) in 33.63s
2026-10-09T21:36:20.3283163Z [1m[92m  Installing[0m /home/runner/.cargo/bin/rust-script
2026-10-09T21:36:20.3999754Z [1m[92m   Installed[0m package `rust-script v0.36.0` (executable `rust-script`)
2026-10-09T21:36:20.5618406Z rust-script 0.36.0
2026-10-09T21:36:20.5679570Z Prepare all required actions
2026-10-09T21:36:20.5680047Z Getting action download info
2026-10-09T21:36:20.6493634Z Download action repository 'actions/cache@v6' (SHA:55cc8345863c7cc4c66a329aec7e433d2d1c52a9)
2026-10-09T21:36:21.1503980Z ##[group]Run ./.github/actions/cache-cargo-registry
2026-10-09T21:36:21.1504260Z with:
2026-10-09T21:36:21.1504432Z   restore-only: false
2026-10-09T21:36:21.1504608Z env:
2026-10-09T21:36:21.1504769Z   GIT_CONFIG_COUNT: 1
2026-10-09T21:36:21.1504956Z   GIT_CONFIG_KEY_0: init.defaultBranch
2026-10-09T21:36:21.1505182Z   GIT_CONFIG_VALUE_0: main
2026-10-09T21:36:21.1505385Z   CARGO_NET_RETRY: 10
2026-10-09T21:36:21.1505577Z   CARGO_HTTP_MULTIPLEXING: false
2026-10-09T21:36:21.1505790Z   CARGO_TERM_COLOR: always
2026-10-09T21:36:21.1505990Z   FORMAL_AI_CI_VERBOSE: false
2026-10-09T21:36:21.1506196Z   FORMAL_AI_NON_LINUX_CI: run
2026-10-09T21:36:21.1506398Z   RUSTFLAGS: -Dwarnings
2026-10-09T21:36:21.1506685Z   CARGO_REGISTRY_TOKEN: ***
2026-10-09T21:36:21.1506959Z   CARGO_TOKEN: ***
2026-10-09T21:36:21.1507159Z   GHCR_IMAGE: ghcr.io/link-assistant/formal-ai
2026-10-09T21:36:21.1507409Z   DOCKERHUB_IMAGE: konard/formal-ai
2026-10-09T21:36:21.1507645Z   CARGO_HOME: /home/runner/.cargo
2026-10-09T21:36:21.1507857Z   CARGO_INCREMENTAL: 0
2026-10-09T21:36:21.1508098Z   SCCACHE_PATH: /opt/hostedtoolcache/sccache/0.16.0/x64/sccache
2026-10-09T21:36:21.1508383Z   ACTIONS_CACHE_SERVICE_V2: on
2026-10-09T21:36:21.1508708Z   ACTIONS_RESULTS_URL: https://results-receiver.actions.githubusercontent.com/
2026-10-09T21:36:21.1548011Z   ACTIONS_RUNTIME_TOKEN: ***
2026-10-09T21:36:21.1548237Z   SCCACHE_GHA_ENABLED: true
2026-10-09T21:36:21.1548444Z   RUSTC_WRAPPER: sccache
2026-10-09T21:36:21.1548635Z ##[endgroup]
2026-10-09T21:36:21.1552284Z ##[start-action display=Run actions/cache@v6;id=__self_2.read-write]
2026-10-09T21:36:22.8338853Z ##[group]Run actions/cache@v6
2026-10-09T21:36:22.8339075Z with:
2026-10-09T21:36:22.8339262Z   path: ~/.cargo/registry
~/.cargo/git

2026-10-09T21:36:22.8339634Z   key: Linux-cargo-9a3829a57195f34e9e8e39ad6459821c431e4c2c6b95dd25cde6c650736a24eb
2026-10-09T21:36:22.8340000Z   restore-keys: Linux-cargo-
Linux-cargo-

2026-10-09T21:36:22.8340250Z   enableCrossOsArchive: false
2026-10-09T21:36:22.8340458Z   fail-on-cache-miss: false
2026-10-09T21:36:22.8340655Z   lookup-only: false
2026-10-09T21:36:22.8340849Z   save-always: false
2026-10-09T21:36:22.8341035Z env:
2026-10-09T21:36:22.8341199Z   GIT_CONFIG_COUNT: 1
2026-10-09T21:36:22.8341392Z   GIT_CONFIG_KEY_0: init.defaultBranch
2026-10-09T21:36:22.8341625Z   GIT_CONFIG_VALUE_0: main
2026-10-09T21:36:22.8341814Z   CARGO_NET_RETRY: 10
2026-10-09T21:36:22.8342000Z   CARGO_HTTP_MULTIPLEXING: false
2026-10-09T21:36:22.8342544Z   CARGO_TERM_COLOR: always
2026-10-09T21:36:22.8342737Z   FORMAL_AI_CI_VERBOSE: false
2026-10-09T21:36:22.8342931Z   FORMAL_AI_NON_LINUX_CI: run
2026-10-09T21:36:22.8343130Z   RUSTFLAGS: -Dwarnings
2026-10-09T21:36:22.8343440Z   CARGO_REGISTRY_TOKEN: ***
2026-10-09T21:36:22.8343681Z   CARGO_TOKEN: ***
2026-10-09T21:36:22.8343891Z   GHCR_IMAGE: ghcr.io/link-assistant/formal-ai
2026-10-09T21:36:22.8344143Z   DOCKERHUB_IMAGE: konard/formal-ai
2026-10-09T21:36:22.8344365Z   CARGO_HOME: /home/runner/.cargo
2026-10-09T21:36:22.8344572Z   CARGO_INCREMENTAL: 0
2026-10-09T21:36:22.8344826Z   SCCACHE_PATH: /opt/hostedtoolcache/sccache/0.16.0/x64/sccache
2026-10-09T21:36:22.8345271Z   ACTIONS_CACHE_SERVICE_V2: on
2026-10-09T21:36:22.8345600Z   ACTIONS_RESULTS_URL: https://results-receiver.actions.githubusercontent.com/
2026-10-09T21:36:22.8385280Z   ACTIONS_RUNTIME_TOKEN: ***
2026-10-09T21:36:22.8385512Z   SCCACHE_GHA_ENABLED: true
2026-10-09T21:36:22.8385722Z   RUSTC_WRAPPER: sccache
2026-10-09T21:36:22.8385914Z ##[endgroup]
2026-10-09T21:36:23.0037383Z Cache hit for: Linux-cargo-9a3829a57195f34e9e8e39ad6459821c431e4c2c6b95dd25cde6c650736a24eb
2026-10-09T21:36:24.0463084Z Received 268435456 of 335954446 (79.9%), 255.7 MBs/sec
2026-10-09T21:36:24.2598069Z Received 335954446 of 335954446 (100.0%), 263.9 MBs/sec
2026-10-09T21:36:24.2599060Z Cache Size: ~320 MB (335954446 B)
2026-10-09T21:36:24.2687890Z [command]/usr/bin/tar -xf /home/runner/work/_temp/a00727b2-e6e3-4bb7-99ea-6e922857d7df/cache.tzst -P -C /home/runner/work/formal-ai/formal-ai --use-compress-program unzstd
2026-10-09T21:36:27.9299041Z Cache restored successfully
2026-10-09T21:36:27.9506315Z Cache restored from key: Linux-cargo-9a3829a57195f34e9e8e39ad6459821c431e4c2c6b95dd25cde6c650736a24eb
2026-10-09T21:36:27.9605673Z ##[end-action id=__self_2.read-write;outcome=success;conclusion=success;duration_ms=6805]
2026-10-09T21:36:27.9608092Z ##[start-action display=Run actions/cache/restore@v6;id=__self_2.restore-only]
2026-10-09T21:36:27.9611487Z ##[end-action id=__self_2.restore-only;outcome=skipped;conclusion=skipped;duration_ms=0]
2026-10-09T21:36:29.7615728Z ##[start-action display=Report the cargo registry cache outcome;id=__self_2.__run]
2026-10-09T21:36:29.7637127Z ##[group]Run set -euo pipefail
2026-10-09T21:36:29.7637427Z [36;1mset -euo pipefail[0m
2026-10-09T21:36:29.7637657Z [36;1mif [ "${CACHE_HIT}" = "true" ]; then[0m
2026-10-09T21:36:29.7637901Z [36;1m  outcome='hit (exact)'[0m
2026-10-09T21:36:29.7638141Z [36;1melif [ -n "${MATCHED_KEY}" ]; then[0m
2026-10-09T21:36:29.7638430Z [36;1m  outcome="restored from prefix \`${MATCHED_KEY}\`"[0m
2026-10-09T21:36:29.7638727Z [36;1melse[0m
2026-10-09T21:36:29.7638964Z [36;1m  outcome='**miss** -- every dependency will be recompiled'[0m
2026-10-09T21:36:29.7639238Z [36;1mfi[0m
2026-10-09T21:36:29.7639518Z [36;1mif [ "${RESTORE_ONLY}" = 'true' ]; then mode='restore-only'; else mode='read-write'; fi[0m
2026-10-09T21:36:29.7639947Z [36;1m# A bullet rather than a table row: the action can run once or several[0m
2026-10-09T21:36:29.7640328Z [36;1m# times in a job, and a stray row with no header renders as raw text.[0m
2026-10-09T21:36:29.7640677Z [36;1mprintf -- '- cargo registry cache `%s` (%s): %s\n' \[0m
2026-10-09T21:36:29.7641016Z [36;1m  "${WANTED_KEY}" "${mode}" "${outcome}" >> "${GITHUB_STEP_SUMMARY}"[0m
2026-10-09T21:36:29.7641395Z [36;1m# Read straight from the process environment rather than mapping the[0m
2026-10-09T21:36:29.7641775Z [36;1m# `env` context into a step `env:`. A calling job exports its own[0m
2026-10-09T21:36:29.7642379Z [36;1m# `env:` block into every step it runs, this one included, and that[0m
2026-10-09T21:36:29.7642777Z [36;1m# path does not depend on which contexts a composite action can[0m
2026-10-09T21:36:29.7643159Z [36;1m# evaluate. (Written without expression syntax on purpose: Actions[0m
2026-10-09T21:36:29.7643531Z [36;1m# expands an expression anywhere in a `run:` block, shell comments[0m
2026-10-09T21:36:29.7643918Z [36;1m# included, which is what zizmor's template-injection audit reports.)[0m
2026-10-09T21:36:29.7644316Z [36;1mif [ -z "${MATCHED_KEY}" ] && [ "${FORMAL_AI_CI_VERBOSE:-false}" = 'true' ]; then[0m
2026-10-09T21:36:29.7645039Z [36;1m  echo "::warning title=cargo registry cache miss::No entry matched ${WANTED_KEY} or any of its restore keys. If the step log above shows a 429, this was a refused request rather than an absent entry (issue #1076)."[0m
2026-10-09T21:36:29.7645652Z [36;1mfi[0m
2026-10-09T21:36:29.7701871Z shell: /usr/bin/bash --noprofile --norc -e -o pipefail {0}
2026-10-09T21:36:29.7702365Z env:
2026-10-09T21:36:29.7702715Z   GIT_CONFIG_COUNT: 1
2026-10-09T21:36:29.7702926Z   GIT_CONFIG_KEY_0: init.defaultBranch
2026-10-09T21:36:29.7703157Z   GIT_CONFIG_VALUE_0: main
2026-10-09T21:36:29.7703351Z   CARGO_NET_RETRY: 10
2026-10-09T21:36:29.7703553Z   CARGO_HTTP_MULTIPLEXING: false
2026-10-09T21:36:29.7703769Z   CARGO_TERM_COLOR: always
2026-10-09T21:36:29.7703968Z   FORMAL_AI_CI_VERBOSE: false
2026-10-09T21:36:29.7704177Z   FORMAL_AI_NON_LINUX_CI: run
2026-10-09T21:36:29.7704377Z   RUSTFLAGS: -Dwarnings
2026-10-09T21:36:29.7704690Z   CARGO_REGISTRY_TOKEN: ***
2026-10-09T21:36:29.7704955Z   CARGO_TOKEN: ***
2026-10-09T21:36:29.7705163Z   GHCR_IMAGE: ghcr.io/link-assistant/formal-ai
2026-10-09T21:36:29.7705584Z   DOCKERHUB_IMAGE: konard/formal-ai
2026-10-09T21:36:29.7705834Z   CARGO_HOME: /home/runner/.cargo
2026-10-09T21:36:29.7706048Z   CARGO_INCREMENTAL: 0
2026-10-09T21:36:29.7706306Z   SCCACHE_PATH: /opt/hostedtoolcache/sccache/0.16.0/x64/sccache
2026-10-09T21:36:29.7706589Z   ACTIONS_CACHE_SERVICE_V2: on
2026-10-09T21:36:29.7706936Z   ACTIONS_RESULTS_URL: https://results-receiver.actions.githubusercontent.com/
2026-10-09T21:36:29.7746420Z   ACTIONS_RUNTIME_TOKEN: ***
2026-10-09T21:36:29.7746656Z   SCCACHE_GHA_ENABLED: true
2026-10-09T21:36:29.7746876Z   RUSTC_WRAPPER: sccache
2026-10-09T21:36:29.7747073Z   CACHE_HIT: true
2026-10-09T21:36:29.7747252Z   MATCHED_KEY: 
2026-10-09T21:36:29.7747583Z   WANTED_KEY: Linux-cargo-9a3829a57195f34e9e8e39ad6459821c431e4c2c6b95dd25cde6c650736a24eb
2026-10-09T21:36:29.7747974Z   RESTORE_ONLY: false
2026-10-09T21:36:29.7748164Z ##[endgroup]
2026-10-09T21:36:29.7838627Z ##[end-action id=__self_2.__run;outcome=success;conclusion=success;duration_ms=22]
2026-10-09T21:36:29.7866079Z ##[group]Run rust-script scripts/run-ci-gates.rs --stage rust
2026-10-09T21:36:29.7866464Z [36;1mrust-script scripts/run-ci-gates.rs --stage rust[0m
2026-10-09T21:36:29.7919931Z shell: /usr/bin/bash -e {0}
2026-10-09T21:36:29.7920155Z env:
2026-10-09T21:36:29.7920333Z   GIT_CONFIG_COUNT: 1
2026-10-09T21:36:29.7920551Z   GIT_CONFIG_KEY_0: init.defaultBranch
2026-10-09T21:36:29.7920795Z   GIT_CONFIG_VALUE_0: main
2026-10-09T21:36:29.7921002Z   CARGO_NET_RETRY: 10
2026-10-09T21:36:29.7921204Z   CARGO_HTTP_MULTIPLEXING: false
2026-10-09T21:36:29.7921420Z   CARGO_TERM_COLOR: always
2026-10-09T21:36:29.7921621Z   FORMAL_AI_CI_VERBOSE: false
2026-10-09T21:36:29.7921838Z   FORMAL_AI_NON_LINUX_CI: run
2026-10-09T21:36:29.7922039Z   RUSTFLAGS: -Dwarnings
2026-10-09T21:36:29.7922558Z   CARGO_REGISTRY_TOKEN: ***
2026-10-09T21:36:29.7922848Z   CARGO_TOKEN: ***
2026-10-09T21:36:29.7923062Z   GHCR_IMAGE: ghcr.io/link-assistant/formal-ai
2026-10-09T21:36:29.7923380Z   DOCKERHUB_IMAGE: konard/formal-ai
2026-10-09T21:36:29.7923612Z   CARGO_HOME: /home/runner/.cargo
2026-10-09T21:36:29.7923834Z   CARGO_INCREMENTAL: 0
2026-10-09T21:36:29.7924084Z   SCCACHE_PATH: /opt/hostedtoolcache/sccache/0.16.0/x64/sccache
2026-10-09T21:36:29.7924375Z   ACTIONS_CACHE_SERVICE_V2: on
2026-10-09T21:36:29.7924705Z   ACTIONS_RESULTS_URL: https://results-receiver.actions.githubusercontent.com/
2026-10-09T21:36:29.7964097Z   ACTIONS_RUNTIME_TOKEN: ***
2026-10-09T21:36:29.7964337Z   SCCACHE_GHA_ENABLED: true
2026-10-09T21:36:29.7964550Z   RUSTC_WRAPPER: sccache
2026-10-09T21:36:29.7964821Z   FILE_SIZE_WARNING_BASE: d209aac6461b355f1a527831202af3423135f7e6
2026-10-09T21:36:29.8070899Z   PR_BODY: Fixes https://github.com/link-assistant/formal-ai/issues/1161
Fixes https://github.com/link-assistant/formal-ai/issues/1172
Fixes https://github.com/link-assistant/formal-ai/issues/1173
Fixes https://github.com/link-assistant/formal-ai/issues/1174
Fixes https://github.com/link-assistant/formal-ai/issues/1175
Fixes https://github.com/link-assistant/formal-ai/issues/1176
Fixes https://github.com/link-assistant/formal-ai/issues/1177
Fixes https://github.com/link-assistant/formal-ai/issues/1181

One pull request closing the open QA, reasoning, coding, and self-coding issues in bulk, as requested. Fourteen new handlers land behind data-driven cue tables, the dispatch and worker registries carry them, and every ledger the repository ratchets was re-measured honestly rather than relaxed.

## Issues

| Issue | Scope | Status |
|---|---|---|
| #1161 | clients registry `config_env` with JSON/CLI projection + release CLI binaries | Closes |
| #1172 | factual QA word-boundary subject match (core fix) | Closes |
| #1173 | fallback executes the search it offers; prose moved to evidence-log notation | Closes |
| #1174 | summarization + text-transform handler family (rewrite, register, genre, grammar) | Closes |
| #1175 | routing guards: software-project phrase vocabulary seed, 843-line extraction | Closes |
| #1176 | calendar offsets, statistics, unit conversion, word problems | Closes |
| #1177 | nine code-task handlers (review, debugging, explanation, refactoring, tests, regex/SQL synthesis, format conversion, shell compose) | Closes |
| #1181 | shared `cli_env` boolean parser + install scripts | Closes |

Deferred follow-ups are recorded as explicit open requirement rows (see `docs/requirements-traceability.md`) rather than hidden: the 13 function words awaiting a wordnet pass, remaining dictionaryapi.dev fetches (digits, gallons, median, ounces, pays, spaces, yards) blocked by the ongoing 522 outage, and the tsc pass over the hand-ported worker shards.

## JavaScript first: full handler parity (2026-10-06)

Per the 2026-10-06 instruction (architect note `docs/architect-notes/2026-10-06-javascript-first-full-parity.md`, REQUIREMENTS R997-R1000), requirements now land in JavaScript first and Rust follows.

- **Parity:** all 35 handler rows the browser registry left as `null` ("native surface only") now have JavaScript twins. That covers the 14 coding handlers, the reasoning, text-transform, units, statistics, TRIZ, legality, formalization and product-search handlers, the handler-rules interpreter, and the creative, brainstorm, advice and planning handlers. `scripts/check-js-parity.mjs` ratchets the count, and its ceiling is now **0** (`data/meta/js-parity-ratchet.lino`, run in the layered-ci js tier).
- **Beyond Rust in JS:** regex synthesis is verified by executing it against positive and negative examples (#1177 R4). Refactoring runs both versions and compares their call traces (R7). JSON/YAML conversion must round-trip both ways (R10). "N days after <weekday>" is fixed in the browser (#1176). The browser never emits the canned "Web search requested" paragraph (#1173 R5).
- **Rust follows JS:** the JS twins exposed Rust handlers that misread their seeds: TRIZ selected by record name instead of `record_type`, the formalization seed nesting and field names, the creative-composition root nesting and spelled numbers, the double `≈` in unit conversion, and code_debugging's whitespace scan. Each has been fixed to match the JS twin, and CI will confirm the fixes.
- **Translation without a Rust build:** `scripts/translate-es.mjs` is a byte-for-byte JS twin of the native js→ts leg (`es_tokenizer.rs` + `es_meta.rs`). `ts/` is regenerated with it. The ts tier checks it in about 0.1 s, and the rust tier proves both translators emit identical bytes. The js→rust leg runs through [meta-language#196](https://github.com/link-foundation/meta-language/pull/196), merged on 2026-10-06 and not yet released. `scripts/translate-js-rust.mjs` pins its commit `679a3b3c`, and `data/meta/js-rust-translation.lino` records, per module, the items it translates and the items still carried by hand. Today 243 items translate and 2,099 are carried; the translated count can only grow.
- **Worker budget:** R999 amends R995. Each of the 20 new modules has a budget shard whose rationale names the handler keys it ports.
- **Compile fixes:** the branch had never compiled. It now carries the missing `version_resolution` module, lifetime fixes, the sha2 0.11 hex helper, 189 duplicated test-module declarations removed, the crate formatted with `cargo fmt`, and the workflow fixes found by actionlint and zizmor.

## Recursive meta algorithm (2026-10-06 doctrine, R1001-R1012)

The architect note is `docs/architect-notes/2026-10-06-recursive-meta-algorithm.md`. Every turn opens with a general loop that treats each request word as unknown. The loop grounds it through the request's own definitions, then learned chunks, then the instruction set's documentation, then a dictionary capture whose glosses are grounded recursively. It then plans a typed program, verifies it against the request's examples or probes it with seeded samples, and attaches the derivation in links notation to the answer.

- **Ladder (R1009):** Formal AI was run on its own tasks, largest first, then smaller. Each request it reaches is kept in `rust/tests/fixtures/meta-reasoner/ladder.lino` and must keep being derived, never handled. There are 18 rungs, up to:
  - "Write a script that fails when any file in js/worker has more than 1000 lines" → `list_files ∘ keep_greater(read_file∘split_lines∘count_items) ∘ fail_when_any`
  - "write a script that converts every file in docs/notes to upper case" → `list_files ∘ each(rewrite(upper_case))`
- **Coding blockers (R1011):**
  - a file and repository instruction set: list, read, rewrite, run, print and fail;
  - universal quantifiers, where "every file" means the program iterates;
  - the word right after a number bound names what is measured;
  - examples embedded in prose are not treated as a specification;
  - a message holding several requests is decomposed into sub-goals.
- **Learning (R1007):** a meaning discovered through a source leaves the answer as an `append` memory operation, and the next session recalls it from memory without a lookup.
- **Wording is data (R1005, R1010):** answers come from seed `response` records and the trace from seed `note` records. `scripts/check-js-literals.mjs` counts natural-language literals in `js/worker` and the count can only fall: 827 in the worker today (it started at 1106), and 0 in the meta, server and agentic modules.
- **Rust twin (R1012):** `rust/src/meta_reasoner/` is ported by hand, and each function names its JavaScript original. The solver runs it after formalization and hands it every request a handler admits it cannot do. Still open: the pre-research fallback, and saving learned meanings through the Rust memory store.

## JavaScript server at Rust parity (R1013-R1015)

- `js/server/*.mjs` serves the same routes as the Rust server: chat, OpenAI-compatible `/v1/chat/completions` and `/v1/responses`, conversations, memory, health and the static app. It runs the same worker the browser uses.
- The route list is data (`data/meta/server-routes.lino`). The Rust test `server_route_manifest` fails if Rust adds a route the manifest lacks.
- `scripts/check-server-parity.mjs` replays `rust/tests/fixtures/server-parity/requests.lino` against both servers and compares status codes, JSON shapes and answers. The `server parity` job in `layered-ci.yml` runs it on every push. `data/meta/server-parity-ratchet.lino` holds the count of known content gaps, and that count can only fall.

## 1500-line ceiling (R1016)

No maintained source or data file may exceed 1500 lines; Rust files keep their 1000-line limit. `scripts/check-file-size.rs` enforces this over js/mjs/jsx/ts/css/html/md/py/sh/json/toml/yml/txt/tsv/csv files. The following were split:

- `main.jsx` into 27 modules under `js/app/`
- `styles.css` into `js/styles/01..07`, with the cascade order kept
- `multilingual.spec.js` into 4 specs
- `ARCHITECTURE.md` into `docs/architecture/`
- `REQUIREMENTS.md` and `CHANGELOG.md` into an index plus parts; the assembler and the changelog rebuild script were updated to match
- the coding-ladder results, now one JSON result per line

Lock files, caches, verbatim captures and generated bundles are exempt.

## Canonical Links Notation

Every `data/**/*.lino` now parses with the canonical `links-notation` crate, comments included. The `data_files` test enforces this. The canonical parser reads a `#` line as a link, so:

- a colon inside a comment became a dash;
- code paths in comments now sit in backticks;
- values that contain a colon are quoted;
- `\"` became a backtick string, because the canonical parser does not treat it as an escape.

## Engine fixes found while integrating

- **Cue loading**: ten handlers read `.lino` seed files assuming fields sit at the child level, but seed files nest one wrapper deeper (cues→intent→phrase, map→name→entry, rule→id→fields, …), so cues silently never matched. All ten loaders now descend one level.
- **Worker registry**: the exact-permutation assertion vs the precedence seed made the missing 14 keys throw inside a silent catch, emptying the whole worker lexicon. The precedence seed gains the 14 native-only keys in rank order.

## Delegated tasks, routing parity and the first full CI pass (2026-10-07)

- **Small real tasks derive from seed data, in both runtimes (R1017):**
  - counting questions (words, lines, characters, vowels; line filters by prefix);
  - the weekday of a stated date;
  - primality, with a factor for composites;
  - spelled function calls ("the square root of 144");
  - sorted or reversed number lists when no language is named;
  - glued CJK arithmetic ("12乘以7").
- **Routing probe corpus (#1175):** 359 probes with a coverage budget. The browser misroute ceiling fell from 118 to 23. The browser gained twins for:
  - continuation, meta explanation, how-it-works (inline subject and bare form), response-language demonstration, source refresh, shell transform, network snapshot, write_script;
  - promoted-handler ordering.
- **Fixes the probes exposed in both runtimes:**
  - prose before a colon is no longer part of a shell command;
  - "why …" is a meta question only when it addresses the assistant;
  - incompatible unit pairs go to their own answer;
  - a weekday counts as a calendar date;
  - code after a request's colon is read as code;
  - Han characters bound task phrases;
  - a format-conversion cue outside the quotes treats the payload as data;
  - a script over files is derived by the meta reasoner, not templated.
- **JavaScript server (R1013):** the server now builds Rust's evidence links, and the native program report closes `chat_learning_trace`. The parity ceiling went from 6 to 5; four Responses cases and Telegram remain because they need Rust's full per-turn event log.
- **Regressions the first full CI unit run surfaced:**
  - named skill gaps, target-less modifications and agent opt-ins now survive the meta reasoner;
  - brainstorm candidates are logged;
  - the response-language recipe points at the file that now holds `is_inconclusive`;
  - Enter sends again;
  - a temperature command needs its number;
  - composer padding and sidebar sharing are restored;
  - rustdoc and clippy errors are fixed.
- **Release:** the macOS CLI checksum falls back to `shasum`, a busy DMG detach is retried, and the Docker memory-upgrade E2E ignores box-dind's stdout notice.
- **Data:**
  - official Wikidata snapshots for the twelve months and prime number;
  - the coding-ladder floor is recorded honestly at 23: one pass had only grepped pre-split REQUIREMENTS.md;
  - the census follows CI.

## Full-suite repairs (2026-10-07, second pass)

The first complete CI unit run reported 113 failures, then 18. Each one was traced to a root cause; none was fixed by relaxing a test.
- **Seed loaders:** page-formalization and trust rules read the records under the file wrapper. The HTML walker steps into container tags instead of jumping from `<html>` to `</html>`, skips comments and opaque tags, and no longer lets `</p` match `</pre>` (#1163, #1164).
- **Agentic reads:**
  - a replayed call whose `arguments` is a JSON object keeps its command (#1154);
  - REST reads of issues map to `/issues/{n}`, the URL the plan targets (#1155);
  - sentence splitting keeps quoted literals such as `"Hello, World!"` whole (#1166).

  Each is fixed in Rust and the JS twin.
- **Routing:**
  - a folder named on a personal location stays the honest `list_dir` gap, and only a file-type filter hands the request to the shell composer (#1138, #1177);
  - a bare number is an operand, not a sub-request;
  - `_unspecified` clarifications and `calculation_error` survive the open meta reply;
  - "add-on" is a seeded extension surface, grounded in WordNet.
- **Registries and data:**
  - the role registry is generated from exactly the files the lexicon loads;
  - the derivation store is registered;
  - the closure gap is down from 1102 to 1045 with WordNet captures and authored meanings;
  - the coding-ladder floor may fall only with a "corrected overcount" note that names the old floor.
- **Lint:** 234 test-target clippy fixes (pedantic/nursery, `-D warnings`). The workflows got timeouts, concurrency groups, `persist-credentials: false` and current action majors.
- **Release:** the release workflow uploads the CI-built WASM worker as an artifact, so the committed `js/formal_ai_worker.wasm` can be refreshed from the exact toolchain CI checks it with.

## Every planned requirement row drafted (2026-10-07, third pass)

Drafted in one bulk batch (`d2b6a7e68`), JS first where a twin exists; JS tests ran one file at a time and Rust is verified by CI.
- **#1163 / #1164:** JS twins of the page formalizer and page queries; per-thread working memory; recomposition built from the decomposed example bodies, with no stored program shape; adoption through the extraction gate.
- **#1172:** a seeded fact answers only when the question's subject resolves to the record's Wikidata item (R2); seeded comparisons (R6); questions over prompt-supplied text (R7); JS and Rust intents aligned (R12).
- **#1174 R9:** `formal-ai explain` lists the rules a text-transform answer applied. The derivation schema seed declares which event kinds its `rule` stage collects.
- **#1176:** word problems read as seeded quantity relations (gain, loss, group, share; R2). Unit factors are checked against a cached Wikidata P2370 table, and all 14 length, mass and time factors match (R1).
- **#1177 R3:** an aggregate is grouped by the column a seeded cue names ("count users per country" → `GROUP BY country`).
- **#1180:** co-author evidence, changed items by name, and the `repository-history` import/query CLI.
- **#1184 R9 / #1165 R10:** JS twins of the derivation projection and of the procedure cache, each with parity cases. Both roots now read the cache's required fields from the policy seed, and the JS oracle's bootstrap gate is fixed.
- **#1185 R4–R6:** a stopped repair loop says why it stopped and attaches its attempt chain to the failure report, in Rust and JS.
- **#1165 R8:** a ratchet on the verbatim Hello World programs stored under `data/` (14, the catalog templates).
- **#1186:** deformalization from Lean 4, Rocq and Links Notation, a 44-probe set in four languages, and a parity case.
- **#1187:** optional credentials and checks-mode dispatch. A dispatch of `release.yml` now defaults to `checks`, and every release, publish and tag job needs an explicit mode and the main ref (R3).
- **Pins found stale behind earlier failures:** the issue #918 metadata-gap count (now 778), the i18n catalog's skin keys, and routing probe p349, which is now answered correctly by the relation reading.

Still open, and recorded in the shards:
- the TS root for `js/agentic`;
- the R1180-10 lineage route;
- the R1187-8 manual acceptance run;
- the R1177-12 benchmark re-measure (HumanEval run in progress).

## Fourth pass: open rows drafted again (2026-10-07)

Pushed as `a3340286e`, `065cb49af`, `d202b3ba7` and `1935f8f0d`. JS was tested first, one file at a time; Rust is checked by CI.
- **#1177 breadth.**
  - Debugging gets two more seeded defect classes: a loop bound past the end of an indexed collection, and an assignment inside an `if`/`while` condition (R1).
  - SQL now reads HAVING after a grouping, no longer emits a bogus `WHERE with > 5`, and joins on a stated shared column. Both runtimes keep `user_id` intact (R3).
  - The shell composer handles a literal `sed -i` substitution from seeded cues (R4).
- **#1163:**
  - all six extractors are checked on fixtures;
  - a need kind no registry row covers goes to web research;
  - the fetch path consults working memory before fetching;
  - trust features are computed rather than supplied by the caller;
  - a `page_query_text` route exists in Rust and the worker;
  - HTML and Markdown work as document sources.
- **#1172-3:** a live Wikidata fact resolver exists. It is not yet wired into `fact_lookup`.
- **#1165-1/2:** a verified procedure-cache row replaces the catalog template in the answer and the execution recipe.
- **#1166-3:** whether a CI workflow is requested is read from the obligation graph's clause nodes.
- **#1168-6/8:** no literal version is left in the templates. A JS live/cache/baseline version resolver is added.
- **#1180-3/10/11:** requirement and state-transition evidence, a `repository_lineage` route ("which issue introduced <path>?"), and JS twins.
- **#1184-1/8:** `derivation_id` is on worker results and server responses.
- **#1185-1/2/7/8:** a 14-language diagnostic table, which found a PHP location bug. `js/agentic` now has a TS root: 175 generated `.mts` files via `scripts/translate-es.mjs`.
- **CI found:** the P2370 conversion table broke the lossless Wikidata cache conventions, so it moved to `data/cache/unit-conversion/`. A budget rationale had a colon that broke its lino parse; that is fixed too.

Still partial, with reasons in each shard:
- R1163-14: fixtures are trimmed, not raw captures.
- R1165-4/5/6/7: no verified procedures exist yet.
- R1172-3/8/9: the live answer path is not wired.
- R1175-3.
- R1180-10/11: the self-development explanation; a native `.mts` leg.
- R1185-3.
- R1186-6: there is no `rml` step.
- R1187-8: the manual run.
- R1177-12: the HumanEval run is in progress.

## Fifth pass: every CI failure fixed, and remaining rows drafted (2026-10-07)

This pass starts from the complete logs of CI run 37587719623 on `1935f8f0d` and fixes every failure in it in one commit (`3925784af`).

**CI failures fixed:**
- **Lint:** 21 pedantic clippy lints; the missing P856 Wikidata cache pair, generated in the repository's lossless format.
- **Specification lane:** the worker registry lost `repository_lineage` because it shared a line with another key; a supplied-page query was answered with a `read_many` capability-gap refusal and now reaches `page_query_text` (`page_query_text_claims`).
- **Full lane:** stopped at the census step; fixed by the census sync in `73ff52f71`.
- **Self-authored pull request:** the credential action read `secrets` inside a composite action, which GitHub rejects at load time. Callers now pass the secrets as inputs.

**Faster and more complete CI:**
- The full test lane runs as four parallel shards over the prebuilt test executables.
- The runner reports every failing target before it exits.
- A failed data or census gate no longer skips the unit tests.

**Requirements:**
- **#1187:**
  - R2: every `pull_request` workflow declares the checks mode, except four with named reasons.
  - R4: a separate private repository is used for isolated runs at the App layer.
  - R5: one tracking issue at the default layer.
- **#1161 R7:** a matrix case starts each CLI from its relocated config with an empty `HOME`.
- **#1164:** a Pascal CST grammar, decomposition from freepascal.org's own docs, and compile-and-run tests for the Rust/Go/Pascal recompositions.
- **#1172:**
  - R3: live Wikidata facts wired into `fact_lookup`, behind `FORMAL_AI_LIVE_FETCH`.
  - R8: "Explain X" answered from researched pages.
- **#1163/#1164:** byte-exact real captures pinned by SHA-256, plus Agent CLI and self-use evidence.
- **#1175 R3:** claim rows in the capability table.
- **#1180 R10:** repository questions, such as why the self-development status fails and what a function does and where it came from.
- **#1185 R3:** a retained fix is applied and accepted only when the meta-language CST validates it.
- **#1186:** a real `rml` step (R4), recorded in the derivation (R6).
- **#1169 R4:** box-dind 2.10.2.
- **JS mirrors:** derivation persist/load (#1184-9) and the procedure-cache miss evidence (#1165-10).

**Still open, with reasons in the shards:**
- **R1165-4 to R1165-8:** they need real research runs. Marking snapshot programs as verified would claim checks that never ran.
- **R1166-4:** a routing change that needs its own parity pass.
- **R1187-8:** a manual acceptance run.
- **R1177-12:** the full HumanEval slice timed out silently in run 37578344303. The runner now prints per-case progress, and the suite was re-dispatched (run 37594798452).

### Follow-up rounds on the same day (`e7f493138`, `4402656eb`)

With the full lane sharded, every shard reaches the unit tests. That surfaced failures the census step had been hiding, and each one was fixed at its cause:
- **Page blocks were interned by kind.** `insert_object` gave every paragraph one shared link and every code block another, so a page query answered with the first block of that kind. Blocks are now distinct instances, as in the JS twin.
- **The capability gap preempted three handlers.** A supplied-page query, a lineage question about an existing path, and a question over a supplied passage (whose time read as a calendar event) are now each answered first.
- **A duplicated `CACHE_DIR_ENV` constant made ladder leaf L21 ambiguous.**
- **The live-fact template read a cue as a noun** ("the who wrote of …"). A relation can now seed its own phrasing, in both runtimes.
- **Relocated agent leg (#1161 R7):** the relocated config is loaded. The case now passes the model and the seeded `no_summarize_args`, as `formal-ai with` does, because the CLI's defaults outranked the config.
- **Lint:** clippy and rustfmt fixes in the new test targets. The local format check now covers every crate root, test targets included.

### Sixth round: dependency advisories and sharded benchmarks

Run 37605012854 on `4402656eb` passed everything except one gate: `check_javascript_dependencies`. New upstream advisories had appeared without any lockfile change. All five lockfiles now audit clean at `--audit-level=moderate`, with no gate relaxed and no advisory ignored:
- `proxy-addr` ^2.0.8 (root `bun.lock`) and `compression` ^1.8.2 (end-to-end harness) are overrides.
- `sprintf-js` has no patched release. Overriding `global-agent` to ^4.1.3 drops the `roarr` > `sprintf-js` chain, and `electron-builder` stays at 26.17.0. Pinning `electron-builder` to 26.5.0 was rejected: it brought in a critical `tar` advisory.
- `braces` has no patched release. `@vscode/vsce` 4.0.0 no longer depends on it, which also closes the #1169 currency gap. It needs Node >=22, which every packaging job already uses.

**R1177-12:** HumanEval did not hang. It ran slowly: 89 of 164 cases in 81 minutes, cancelled before its single grading pass. `formal-ai benchmark run --offset` and the workflow input `shard_size` split one suite into concurrent read-only windows; a total job fails unless every case was graded. HumanEval and MBPP are dispatched in 12-case shards after this push.

### Seventh round: partial rows drafted to their real limit

Seven partial rows now close in code. Each has a JS verification run locally; the Rust side waits on CI:
- **R1166-4:** obligation gaps are reported by every executor: the catalog `write_program` arm in Rust, the JS agentic root, and the browser worker.
- **R1168-8:** `render_with`/`renderWith` take an injected version set, so a workflow render parity fixture pins both runtimes.
- **R1164-11:** the solver routes a supplied page's code examples to the decomposer (parity case `e1164_supplied_page_code_example_parts`).
- **R1184-9:** the JS server persists derivations and serves `explain <id>`.
- **R1172-7:** answers project the covering sentence into slots.
- **R1172-8 and R1165-10:** browser and server twins.
- **R1180-11:** a git, store and cursor twin.
- **R1175-3:** six more claim rows.

Still partial, with the reason in each row:
- **R1165-1/2/4-8:** need verified procedure-cache rows, and each needs a human reviewer's approval.
- **R1172-9:** the captures lack the relation claims and Russian case forms. A test pins each gap.
- **R1187-8:** needs the merged workflow.

### Eighth round: the cached binary is keyed by what it embeds

Server parity on `9d0bf539e` reported a new `bundle` divergence. Both bundle builders match line for line, and the seed mirror is identical. The real cause was the `formal-ai-binary` cache key. It left out `rust/embedded/` (308 `include_str!` seed files) and `data/seed/api-cache/`, so a seed-only push restored a binary that still embedded the old seed. The key now covers both trees. The parity ceiling stays at 5 (case study item 27).

### Ninth round: browser derivations, operand-gated claims, latest dependencies

- **R1184-9 (implemented):** the browser worker records a derivation for every answer. It also answers `explain <answer id>` from the memory event log, matching the server byte for byte.
- **R1175-3 (still partial):** 12 more handlers admit a prompt only on the operand their own reader parses. They are code debugging, explanation and review (`code_artifact`); summarization and rewriting (`supplied_text`); and statistics, word problems, arithmetic, compound interest, number constraints, unit conversion and calendar. Both runtimes enforce this, with held-out probes in both directions. 72 precedence rows remain, in four named classes.
- **Dependencies:** every manifest is at its latest release.
  - links-notation 0.23 (the pin is lifted), lino-objects-codec 0.8, lino-arguments 0.4, link-calculator 0.22, link-cli 1.0, web-search 0.6, command-stream 1.5, lino-i18n 0.3.
  - Upstream fixes replace our workarounds: the calculator bare-dot guard, the Windows process fallback and our own i18n catalog loader are gone.
  - Three holds are named in their manifests, each with its advisory or upstream issue. Every lockfile audits clean.
- **R1177-12 (implemented):** MBPP's full 500-case slice was measured in twenty-five graded windows at **68/500** online, up from 60. With HumanEval's 21/164, both floors are raised.
- **CI fixes:** the UI line ratchet stays at 10041, and the numeric claim table is looked up lazily, so the dispatch file loads on its own.
- **Upstream reports:** a survey found four Links Notation quoting defects worth reporting upstream: two in links-notation and two in lino-objects-codec. The issue drafts are ready, and filing them is left to the maintainer.

## Measures (all exact, none relaxed)

- core boundary: 83 handler sources, 20428 outside-core lines. The PR's new interpreters are promoted, since they are seed-driven like the code-task and creative interpreters, so handler_files stays at 48. Each grown row is re-measured with its reason. `issue_918` reads its counts from the ledger.
- debt ratchet holds. `literal_predicates` is at 533; `language_parity_gaps` is at 910; the closure gap is at 1036.
- routing probes: browser misroutes ≤ 17, Rust misroutes ≤ 35, both as measured by CI.
- server parity: ceiling 0. The JavaScript server now logs Rust's per-turn solver events; CI's server-parity job confirms the zero against the branch binary.
- worker literals: 827 (ceiling 827), down from 1106. Worker line budgets are each raised only with a rationale.

## Testing

Local tests run one file at a time (`node --test --test-concurrency=1`; `npm run test:web` is serialized) to keep CPU load down. Each batch ran:
- the routing probes, worker mirror, meta reasoner (13/13), autocomplete, evidence links and native-lanes suites;
- the parity suites it touched;
- every static gate: JS literals, JS parity, translation, Links Notation, worker budgets, core boundary, debt ratchet, seed mirrors, `cargo fmt`.

Rust is compiled and tested only in CI. The two dictionary captures for `colon` and `long` still await dictionaryapi.dev, which returns 522 or 404, so those rungs stay gated.

### Tenth round: every requirement row re-audited, Formal AI taught on its own tasks (2026-10-08)

**Requirement register.**
- **Phantom rows removed:** a requirement is now an id that a shard row, heading or list item defines. Every R-token used to count, so range endpoints (`R97-R100`, `R649-01 … R649-14`), case-study sub-requirements and cross-references ("R379-clean") had made 28 rows nobody could pin.
- **Rows re-pinned:** every partial row was re-read against the code. Rows that were delivered now name a test that checks the behaviour, not merely a file that exists. Pinning them took 54 new node suites (counted since the previous push) and several Rust tests, among them:
  - the browser worker gives the Rust answer on all 61 text-edit benchmark cases (R294);
  - synthesis takes arithmetic and ids from the WASM engine (R249);
  - every engine call the worker makes is a WASM export (R194);
  - each pre-warmed country's capital triple is derived from captures (R174).
- **Honest restatements:** R992 now cites the translation ledger instead of copying its counts, and R996 is delivered.
- **Implemented rows:** 1,297 of 1,338. Every remaining partial row names its reason in its cell.

**Features and fixes.**
- **R901-3:** contradiction resolution is a ranker chosen through the heuristics registry. A seeded `triz` rank row is used when a contradiction is detected, in both runtimes.
- **R1175-3:** every handler of the precedence table carries a claim row and admits a prompt only on the operand its reader parses.
- **R1013:** the JavaScript server logs Rust's per-turn event log (formalization, intent formalization and meta core), and the parity ceiling is 0.
- **R1085-16:**
  - every one of the 65 CI gates carries a justification citing the issue or commit behind it, and the registry check rejects a gate without one;
  - a new gate measures the pull-request wall clock as the longest `needs:` path across every PR-triggered workflow, reusable workflows included. It fails on any reachable job without a timeout, and its ceiling is 225 minutes;
  - CONTRIBUTING.md states the containment rule for invariant pins.
- **Real provers in CI:** a `provers` job installs Rocq and Lean 4 and compiles the rendered units (R1186).
- **Seed mirror:** `.gitignore` named the pre-move `rust/src/web/seed/`, so the regenerated `js/seed/` mirror was untracked but not ignored. Both stale paths are fixed and pinned (R105).

**Formal AI on its own tasks** (`docs/case-studies/pull-request-1188/formal-ai-dogfood.md`). Formal AI made most of this round's requirement-row edits itself. Each failure was fixed in the code rather than worked around:
- "Delete the line containing …" now deletes whole lines.
- An unquoted "prints Hello, World!" binds its output in both roots.
- A request that edits text inside a file can no longer become `rm <file>`. A Hindi word-removal request used to delete the file; `rm` and `rmdir` are now flagged destructive in the seed.
- A program request that asks to run but names no language uses the seeded default.
- "Add multiply(a, b) to math.mjs, add a test, run node --test" works end to end, with a native twin.
- "Returns their sum / product / difference" works in en/ru/hi/zh.
- Verb-final Hindi output binding and non-English run verbs now work.

**Dependencies:**
- Playwright is at 1.64 and Electron at 44.7.
- The wall-clock gate parses YAML with the maintained `yaml-rust2` instead of the deprecated `serde_yaml`.
- command-stream stays held at 1.5.0 by GHSA-vfj7-8cjw-p6xm (link-foundation/command-stream#371).

**Still open:**
- **R1085-15:** needs the `link-assistant/formal-ai-evidence` repository to receive the moved logs.
- **R1186-4:** waits on relative-meta-logic#185.
- **R1165-*:** needs a meta-language release with the R, Laravel, Bash and Haskell grammars.
- **R491-C*:** least-action continuation is open.
- **Post-merge events:** R1021-14, R1021-22 and R1187-8 can only be confirmed by a run after merge.

### Eleventh round: the first run with every Rust test target compiling (2026-10-08)

Once the test targets compiled again (`d5564ccb9`), CI surfaced the lints and tests that had piled up behind them. Every one is fixed at its cause, in both roots where a twin exists:
- **Agentic CLI Matrix:** opencode searched the web for "hi". The routing seed now names the dialogue-act roles (`dialogue_utterance_role`), and a request made only of their surfaces is left to the engine. "hi, what is the weather in Paris" still searches.
- **Safety:** "How can I hack into my ex's email account?" reached the procedural how-to in Rust. The how-to now declines any request the legality catalogue flags, matching the browser.
- **1028 ladder:** the runner skipped toolchain setup on a binary cache hit, so a rustc 1.98.1 image failed 13 valid leaves as uncompilable. The ladder now installs stable explicitly.
- **Clippy:** all 19 lints are fixed in code, with no `allow`.
- **Gates:** closure audit (the Lean `ascii` token is grounded), rustdoc, rustfmt, disk policy, issue citations and the core-boundary ledger (re-measured with reasons) all pass. Planner arms are back to 58: the module-function composer is now a procedure of the workspace_change arm.
- **Rust tests:** 27 failures fixed. Behaviour regressions are fixed in code:
  - composition ranking;
  - the module-function relation lowering;
  - lazy model-limit probing, which the issue 832 and grok tests needed;
  - locale-independent box programs;
  - the claim-evidence parity;
  - the positional-insert cue;
  - `.` as a path.

  Stale pins now follow the deliberate changes they lagged: Java `HelloWorldApp` (R1165-6), the commit recipe, php.net rediscovery, and the rule and record counts.
- **Seed hygiene:** a duplicate `program_task` slug is removed, and pipe-packed values move to `code` fields or `:` slots.
- **E2E:** the web-search marker follows `package.json`, and two timing waits are now deterministic.

### Twelfth round: Formal AI does the ledger work and is taught when it fails (2026-10-08)

This round delegated small edits to Formal AI throughout. Each time it failed, the failure was fixed generally in both roots and pinned by a test, and Formal AI then repeated the task. The full list is in the dogfood ledger, rows T21–T38 (`docs/case-studies/pull-request-1188/formal-ai-dogfood.md`), and Formal AI wrote most of those rows itself.

**Formal AI fixes**
- **Line anchors:** "after the line containing '| T20 |'" now widens the fragment to its whole line, so the inserted line no longer splits the row.
- **Quoted payloads:** cue words inside them are payload, never position or target. This covers "before" in the inserted text, "file" in the new text, and "order"/"list" read as computer-use cues.
- **Block inserts:** a request whose first line ends with a colon inserts the block of lines under it.
- **Set:** "Set beta to 5" assigns the setting in every registered language. Before, it overwrote the key (`5 = 2`).
- **Described literals:** "the heading '# Title'" stands for the literal.
- **Closing marks:** in "containing 'hello'." the closing period belongs to the sentence, not the content.
- **Quoted paths:** a path inside a quoted payload no longer outranks the file the request names. A broken nested-quote payload used to make Formal AI read `/v1/x/learn` outside the workspace.
- **Function removal:** functions named by their identifier are removed whole.

**Requirement work**
- **R382 delivered:** generated, split Mermaid diagrams (overview, handlers, CLI, routes) with a drift gate.
- **R383, still partial:** `serve --debug-session` steps a turn between solver stages from the VS Code view, but it does not pause computation mid-stage and the panes are not rendered yet.
- **R379:** 250 hardcoded-prose rows retired. The proof engine, number constraints and coding guidance now read seed prose in every registered language.
- **R918-2, R914-6, R1085-2, R344:** `algorithm` and `document_generation_plan` migrated to seed rule sets; 46 migrated, 25 pending.
- **R1173-3:** routing-probe misroutes are down from 17 to 9 in the browser and from 29 to 15 native.
- **R710-R8:** re-checked; it now names the regression ledger.

**CI follow-ups**
- The issue 1106 projection bound is now 16× / 5 s; it was failing on runner noise at 8.5×.
- The multilingual intent-coverage gate now reads `feature-capabilities.lino`.

**Status:** 1299 of 1338 requirement rows are implemented, 24 partial and 7 not delivered. The not-delivered rows are blocked on the user, on upstream, or on post-merge events.


### Thirteenth round: Formal AI works as a subagent from the repository (`a75bf3772`, 2026-10-08)

**Formal AI as a subagent on its own requirements (R1026).** The agents' coordination now lives in `experiments/formal_ai_subagent/`, so Formal AI can read, edit and run it when asked. That includes the shared preamble, claims, gap list, bulk task prompts, the planner probe `probe.mjs` and git-ignored sandboxes. Formal AI records the gaps it finds, writes the dogfood ledger rows, and added the R1026 row itself. `rust/tests/web/pull-request-1188-subagent-folder.test.mjs` and its Rust twin pin those coordination edits.

**Formal AI taught (ledger rows T39–T80)**
- **Line operations:** numbered lines and ranges ("delete lines 2-3", "insert … after line 4"), a quoted line with the line above or below it, moving a line (to the top, the bottom, or after/before an anchor), and swapping two lines. New module `workspace_line_operation` in both roots.
- **Replace and setting:** "change K from A to B" (including `const K: T = v;`), "bump the version to …", whole-line "replace the line …", several lines or insert clauses in one request, "after the line Y that follows Z", and fenced blocks. New module `workspace_setting` in both roots.
- **Destructive edits refused:** an "Add … to <file>" description, a routed write in a removal request, an appended block, and a replace scoped by "the line it follows" no longer overwrite the whole file. A computed change that would drop most of a file is refused.

**Requirement work**
- **R383 (still partial):** each paused stage now carries the turn's Mermaid recipe and the Rust and JavaScript locations of its handler. The VS Code view renders the diagram as sanitized SVG through an on-demand `mermaid` 12.1.0 bundle and shows both source panes. A held turn is neither persisted nor answered until it is released.
- **R918-2:** `calendar_reasoning` and `calendar_create_event` read their vocabulary and sentences from seed data (48 migrated, 23 pending).
- **CI:** the Web UI boundary is back under its ceiling, and the census artifact flow is applied after each Rust change.

**Status:** 1300 of 1339 rows are implemented, 24 partial and 7 not delivered.

### Fourteenth round: Formal AI's own tools, unsafe edits closed, R383 delivered (`c8863190e`, 2026-10-08)

**Formal AI's tools live in the repository.** In `experiments/formal_ai_subagent/`:
- `local-gates.mjs` runs CI's own gate list locally and never builds Rust.
- `apply-census.sh` applies the census CI regenerates.
- `translation-scope.mjs` measures how much of a JS root the translator would cover.
- The task prompts for every agent are there too.

Formal AI made most of the coordination edits: gap entries, ledger rows, requirement-row rewrites, README rows and a ratchet value.

**Unsafe Formal AI behaviour fixed, each pinned in both roots**
- **G32:** words inside a quoted payload chose a shell command ("Add the line '- run tests' …" ran the test suite).
- **G66:** a cue matched inside a word (the `move` cue inside "removed" planned `mv`).
- **G60:** "Delete the line 'x'" removed every line containing `x`.
- **G61:** a nested quote turned an append into a move.
- **G54:** a list of quoted lines overwrote the file.
- **T96:** a different existing file is now kept unless the request consents to overwrite it.

**Formal AI taught**
- **Reading:** content search; running a named test file with its own runner; checking a reported bug against its stated expectation; listing a module's exports; summarizing a named file; ordinal lines and line slices.
- **Editing:** Markdown section inserts; block indentation; "the contents of a.txt" as inserted text; quoted renames; answering in Spanish; and code spans that stay valid when the echoed text holds backticks.

**Requirement work**
- **R383 delivered:**
  - each debugger stage names the code that emitted it, generated from the source with a drift gate;
  - a turn is held before it is solved;
  - a browser end-to-end spec steps a real held turn, and the live capture is committed.

  Writing that spec found that the debugger view bound no JSX factory, so diagnostics mode crashed the web app. That explains the E2E failures on `a75bf3772`.
- **R1138-3-7 delivered:** the authoring wrapper commits only with `--commit`.
- **R1138-3-5 (partial):** self-authoring, SWE-bench and the coding ladder record one nine-stage protocol trace. The row stays partial because the JS runners are missing.
- **R1173-3:** browser misroutes 9 → 2. **R918-2:** 51 migrated, 20 pending.
- **JS → Rust translation, re-measured honestly:**
  - 249 of 2,369 items translate in scope;
  - the output is committed as fixtures only, so `rust/src` is still ported by hand;
  - upstream issues filed: meta-language #202–#215, plus a request to release #196.

**Process:** no Rust is built locally. A gate that launched cargo inside its script was found and is now skipped; CI builds and lints all Rust.

**Status:** 1301 of 1339 rows are implemented, 23 partial and 7 not delivered.

### Fifteenth round: no local Rust, honest debts, CI speed, the owner's requirements audited (`c847f5525`, `ee9fd4de8`, 2026-10-08)

- **No local Rust builds.** `local-gates.mjs` runs JS twins (`scripts/<name>.mjs`) of the requirement pipeline, file size, debt ratchet, hardcoded language, minimal-core boundary, worker line budgets, changelog fragment and seed registry checks. Each twin has a CI parity gate against its Rust original. The 3.7 GB `rust-script` cache and about 9 GB of scratch copies were removed.
- **CI speed (R1188-U9 to U12).** `check-ci-speed` enforces a 30-minute job limit, with 15 listed exceptions, and rejects sharding by list position. `plan-test-shards.mjs` splits tests longest-first from recorded durations.
- **Requirements.** All 106 distinct owner, issue and PR requirements are mapped (`docs/case-studies/pull-request-1188/requirement-coverage.md`). Rows R1188-U1 to U26 are drafted, covering:
  - architecture, naming and notation;
  - text understanding: web-page formalization, round-trip translation, requirement extraction and dependency summarization;
  - readable multi-line code, minimal local tests, disk care, and a dedicated CI fixer.
- **Honest response debt.** The debt is measured over every `multilingual-responses*.lino`, at 436. 54 Spanish responses bring it to 382, and the remaining translations are in progress.
- **Formal AI taught on its own failures:** G13, G25, G51 and G63–G87 are fixed in JS and Rust. The unsafe ones were G71, G76 and G86, about quotes and write targets. Formal AI did over 100 ledger and single-line edits this round.
- **Routing, handlers, discovery:**
  - both misroute ceilings are 0;
  - 57 handlers are migrated (14 pending);
  - check and run commands are derived from captured documentation pages (R1165-6).
- **Upstream translation.** meta-language #200 is merged. #216 (issues #202 and #203: sibling items and relative imports) raises our translated items from 254 to 657 once released.

🤖 Generated with [Claude Code](https://claude.com/claude-code)

2026-10-09T21:36:29.8177076Z   GITHUB_BASE_REF: main
2026-10-09T21:36:29.8177274Z   CI_GATE_LANE: 1
2026-10-09T21:36:29.8177452Z ##[endgroup]
2026-10-09T21:36:30.7704768Z Running 51 gate(s) for stage `rust` in lane 1.
2026-10-09T21:36:30.7705403Z 
2026-10-09T21:36:30.7706814Z ##[group]check-associative-terminology — Associative-memory vocabulary stays consistent across code, data and docs.
2026-10-09T21:36:30.7707828Z $ rust-script scripts/check-associative-terminology.rs
2026-10-09T21:36:31.9845649Z 
2026-10-09T21:36:31.9846350Z Checking associative terminology (links network, not graph) for public API routes and modules...
2026-10-09T21:36:31.9846714Z 
2026-10-09T21:36:32.1918101Z No new graph-named public API routes or modules found
2026-10-09T21:36:32.1918361Z 
2026-10-09T21:36:32.1919521Z ##[endgroup]
2026-10-09T21:36:32.1920356Z ##[group]check-cache-budget — The committed cache buckets stay inside the size budget the repository can carry.
2026-10-09T21:36:32.1920967Z $ rust-script --test scripts/check-cache-budget.rs && rust-script scripts/check-cache-budget.rs
2026-10-09T21:36:32.2122593Z [1m[92m    Updating[0m crates.io index
2026-10-09T21:36:32.2503269Z [1m[92m     Locking[0m 5 packages to highest Rust 1.99.0 compatible versions
2026-10-09T21:36:32.2560839Z [1m[92m   Compiling[0m same-file v1.0.6
2026-10-09T21:36:32.5045694Z [1m[92m   Compiling[0m walkdir v2.5.0
2026-10-09T21:36:32.8406300Z [1m[92m   Compiling[0m check-cache-budget_5358f2a33b00b9c5e6850e25 v0.1.0 (/home/runner/.cache/rust-script/projects/5358f2a33b00b9c5e6850e25)
2026-10-09T21:36:33.4949667Z [1m[92m    Finished[0m `test` profile [unoptimized + debuginfo] target(s) in 1.29s
2026-10-09T21:36:33.4960658Z [1m[92m     Running[0m unittests /home/runner/work/formal-ai/formal-ai/scripts/check-cache-budget.rs (/home/runner/.cache/rust-script/binaries/debug/deps/check_cache_budget_5358f2a33b00b9c5e6850e25-902497ad1ea3cc68)
2026-10-09T21:36:33.4972624Z 
2026-10-09T21:36:33.4972756Z running 9 tests
2026-10-09T21:36:33.5000554Z test tests::a_record_referenced_only_by_another_record_is_not_an_orphan ... ok
2026-10-09T21:36:33.5000955Z test tests::every_exempt_bucket_states_a_reason ... ok
2026-10-09T21:36:33.5039863Z test tests::json_and_lino_siblings_count_as_one_record ... ok
2026-10-09T21:36:33.5040574Z test tests::library_cap_reads_the_documented_constant ... ok
2026-10-09T21:36:33.5041644Z test tests::records_per_bucket_cap_matches_the_library_constant ... ok
2026-10-09T21:36:33.5054843Z test tests::self_naming_record_is_still_an_orphan ... ok
2026-10-09T21:36:33.5189923Z test tests::capped_bucket_at_the_cap_passes ... ok
2026-10-09T21:36:33.5241928Z test tests::capped_bucket_over_the_cap_fails ... ok
2026-10-09T21:36:33.5260234Z test tests::closure_driven_bucket_warns_on_overflow_but_fails_on_orphans ... ok
2026-10-09T21:36:33.5260622Z 
2026-10-09T21:36:33.5260945Z test result: ok. 9 passed; 0 failed; 0 ignored; 0 measured; 0 filtered out; finished in 0.03s
2026-10-09T21:36:33.5261339Z 
2026-10-09T21:36:33.9375311Z 
2026-10-09T21:36:33.9376054Z Checking cached-record budget for data/cache/**...
2026-10-09T21:36:33.9376326Z 
2026-10-09T21:36:34.1155776Z ##[notice]Closure-driven cache bucket holds 469 records (cap 128). Exempt from the hard cap because the total-closure gate requires one record per referenced id; every record must stay referenced.
2026-10-09T21:36:34.1176611Z NOTICE: data/cache/wikidata/entity holds 469 records, above the 128-record cap (closure-driven exemption)
2026-10-09T21:36:34.1178749Z ##[notice]Closure-driven cache bucket holds 254 records (cap 128). Exempt from the hard cap because the total-closure gate requires one record per referenced id; every record must stay referenced.
2026-10-09T21:36:34.1180160Z NOTICE: data/cache/wiktionary/en holds 254 records, above the 128-record cap (closure-driven exemption)
2026-10-09T21:36:34.1181615Z ##[notice]Closure-driven cache bucket holds 713 records (cap 128). Exempt from the hard cap because the total-closure gate requires one record per referenced id; every record must stay referenced.
2026-10-09T21:36:34.1182855Z NOTICE: data/cache/wordnet/en holds 713 records, above the 128-record cap (closure-driven exemption)
2026-10-09T21:36:34.1183255Z All cache buckets are within their record budget
2026-10-09T21:36:34.1183429Z 
2026-10-09T21:36:34.1183652Z ##[endgroup]
2026-10-09T21:36:34.1184433Z ##[group]check-cargo-lock-is-synchronized — Cargo.lock matches Cargo.toml, so a release build resolves the versions that were tested.
2026-10-09T21:36:34.1185077Z $ cargo metadata --manifest-path rust/Cargo.toml --locked --format-version 1 > /dev/null
2026-10-09T21:36:34.5025234Z ##[endgroup]
2026-10-09T21:36:34.5026429Z ##[group]check-changelog-fragment-js-twin — scripts/check-changelog-fragment.mjs prints exactly what scripts/check-changelog-fragment.rs prints, with the same exit code, so agents can run the JavaScript twin instead of compiling Rust.
2026-10-09T21:36:34.5027280Z $ node scripts/lib/checks-twin-parity.mjs check-changelog-fragment
2026-10-09T21:36:45.3017564Z check-changelog-fragment: the JavaScript twin matches the Rust original (exit 0, 20151 stdout line(s)).
2026-10-09T21:36:45.3065192Z ##[endgroup]
2026-10-09T21:36:45.3066069Z ##[group]check-ci-gate-registry — No gate is run inline in the workflow, so the step list stops being an append point (issue #991).
2026-10-09T21:36:45.3066687Z $ rust-script --test scripts/run-ci-gates.rs && rust-script scripts/run-ci-gates.rs --check
2026-10-09T21:36:45.3232657Z [1m[92m   Compiling[0m run-ci-gates_a3db51af67a86207c4e9c5d3 v0.1.0 (/home/runner/.cache/rust-script/projects/a3db51af67a86207c4e9c5d3)
2026-10-09T21:36:45.6699185Z [1m[92m    Finished[0m `test` profile [unoptimized + debuginfo] target(s) in 0.35s
2026-10-09T21:36:45.6700408Z [1m[92m     Running[0m unittests /home/runner/work/formal-ai/formal-ai/scripts/run-ci-gates.rs (/home/runner/.cache/rust-script/binaries/debug/deps/run_ci_gates_a3db51af67a86207c4e9c5d3-c6e5c8fb1b2a576e)
2026-10-09T21:36:45.6711544Z 
2026-10-09T21:36:45.6711670Z running 20 tests
2026-10-09T21:36:45.6715639Z test tests::a_check_outside_the_lint_job_stays_inline ... ok
2026-10-09T21:36:45.6723624Z test tests::a_gate_runs_in_the_default_lane_unless_it_names_one ... ok
2026-10-09T21:36:45.6724346Z test tests::a_gate_the_workflow_still_runs_inline_fails ... ok
2026-10-09T21:36:45.6724889Z test tests::a_gate_without_a_justification_is_rejected ... ok
2026-10-09T21:36:45.6725463Z test tests::a_gate_without_a_description_is_rejected ... ok
2026-10-09T21:36:45.6725967Z test tests::a_justification_with_a_commit_hash_is_accepted ... ok
2026-10-09T21:36:45.6726556Z test tests::a_justification_with_an_issue_citation_is_accepted ... ok
2026-10-09T21:36:45.6727140Z test tests::a_registry_the_workflow_fully_runs_has_no_problems ... ok
2026-10-09T21:36:45.6727688Z test tests::a_justification_without_a_citation_is_rejected ... ok
2026-10-09T21:36:45.6728170Z test tests::a_shard_parses_into_one_gate ... ok
2026-10-09T21:36:45.6728676Z test tests::a_lane_without_gates_and_a_laned_web_gate_are_rejected ... ok
2026-10-09T21:36:45.6729385Z test tests::a_stage_the_workflow_never_runs_fails ... ok
2026-10-09T21:36:45.6729739Z test tests::a_stage_with_no_registered_gates_leaves_the_workflow_alone ... ok
2026-10-09T21:36:45.6730093Z test tests::an_unknown_stage_is_rejected ... ok
2026-10-09T21:36:45.6730373Z test tests::justification_citation_detection ... ok
2026-10-09T21:36:45.6730661Z test tests::per_gate_environment_is_read ... ok
2026-10-09T21:36:45.6730964Z test tests::the_surface_carries_each_gates_environment ... ok
2026-10-09T21:36:45.6731297Z test tests::the_surface_places_a_gate_where_its_stage_runs ... ok
2026-10-09T21:36:45.6731647Z test tests::every_lane_the_gates_name_is_one_the_matrix_runs ... ok
2026-10-09T21:36:45.6731976Z test tests::the_shard_name_must_match_the_gate_name ... ok
2026-10-09T21:36:45.6732735Z 
2026-10-09T21:36:45.6732939Z test result: ok. 20 passed; 0 failed; 0 ignored; 0 measured; 0 filtered out; finished in 0.00s
2026-10-09T21:36:45.6733206Z 
2026-10-09T21:36:45.6796542Z 102 gate(s) registered across 3 stage(s); the workflow runs every stage.
2026-10-09T21:36:45.6797896Z ##[endgroup]
2026-10-09T21:36:45.6799380Z ##[group]check-ci-wall-clock — The PR pipeline's longest timeout-weighted needs path, over every PR-triggered workflow, matches data/meta/ci-wall-clock.lino and does not exceed its ceiling; no PR-reachable job is unbounded.
2026-10-09T21:36:45.6800775Z $ rust-script --test scripts/check-ci-wall-clock.rs && rust-script scripts/check-ci-wall-clock.rs
2026-10-09T21:36:45.6956501Z [1m[92m    Updating[0m crates.io index
2026-10-09T21:36:45.7377390Z [1m[92m     Locking[0m 7 packages to highest Rust 1.99.0 compatible versions
2026-10-09T21:36:45.7378964Z [1m[92m      Adding[0m encoding_rs v0.8.35 [1m[33m(available: v0.8.42)[0m
2026-10-09T21:36:45.7392426Z [1m[92m Downloading[0m crates ...
2026-10-09T21:36:45.7660072Z [1m[92m  Downloaded[0m arraydeque v0.5.1
2026-10-09T21:36:45.7711228Z [1m[92m  Downloaded[0m hashlink v0.12.2
2026-10-09T21:36:45.7776993Z [1m[92m  Downloaded[0m yaml-rust2 v0.13.0
2026-10-09T21:36:45.8581151Z [1m[92m   Compiling[0m foldhash v0.2.0
2026-10-09T21:36:45.8581744Z [1m[92m   Compiling[0m cfg-if v1.0.5
2026-10-09T21:36:45.8592959Z [1m[92m   Compiling[0m arraydeque v0.5.1
2026-10-09T21:36:46.0763276Z [1m[92m   Compiling[0m encoding_rs v0.8.35
2026-10-09T21:36:46.0804040Z [1m[92m   Compiling[0m hashbrown v0.17.1
2026-10-09T21:36:46.6089206Z [1m[92m   Compiling[0m hashlink v0.12.2
2026-10-09T21:36:47.1775291Z [1m[92m   Compiling[0m yaml-rust2 v0.13.0
2026-10-09T21:36:47.8589915Z [1m[92m   Compiling[0m check-ci-wall-clock_3d5b7ec0648b66dcf72e4975 v0.1.0 (/home/runner/.cache/rust-script/projects/3d5b7ec0648b66dcf72e4975)
2026-10-09T21:36:48.0934018Z [1m[92m    Finished[0m `test` profile [unoptimized + debuginfo] target(s) in 2.40s
2026-10-09T21:36:48.0944495Z [1m[92m     Running[0m unittests /home/runner/work/formal-ai/formal-ai/scripts/check-ci-wall-clock.rs (/home/runner/.cache/rust-script/binaries/debug/deps/check_ci_wall_clock_3d5b7ec0648b66dcf72e4975-6ae1ea5c967ade6f)
2026-10-09T21:36:48.0955487Z 
2026-10-09T21:36:48.0955619Z running 16 tests
2026-10-09T21:36:48.0961200Z test tests::find_unbounded_jobs_skips_push_only ... ok
2026-10-09T21:36:48.0973199Z test tests::find_unbounded_jobs_detects_missing_timeout ... ok
2026-10-09T21:36:48.0974169Z test tests::job_with_output_check_is_not_excluded ... ok
2026-10-09T21:36:48.0974623Z test tests::job_with_pull_request_is_not_excluded ... ok
2026-10-09T21:36:48.0975099Z test tests::parse_wall_clock_reads_measured_and_ceiling ... ok
2026-10-09T21:36:48.0975560Z test tests::parse_wall_clock_rejects_missing_fields ... ok
2026-10-09T21:36:48.0976133Z test tests::an_unresolved_reusable_workflow_weighs_the_runner_default ... ok
2026-10-09T21:36:48.0976687Z test tests::parse_wall_clock_rejects_missing_measured ... ok
2026-10-09T21:36:48.0977127Z test tests::push_only_job_is_excluded ... ok
2026-10-09T21:36:48.0977652Z test tests::resolve_matrix_timeout_returns_none_for_nested_key ... ok
2026-10-09T21:36:48.0978580Z test tests::an_unbounded_job_inside_a_called_workflow_is_reported ... ok
2026-10-09T21:36:48.0979121Z test tests::resolve_matrix_timeout_finds_max ... ok
2026-10-09T21:36:48.0979683Z test tests::reusable_workflow_contributes_its_own_critical_path ... ok
2026-10-09T21:36:48.0980338Z test tests::workflow_dispatch_only_job_is_excluded ... ok
2026-10-09T21:36:48.0980864Z test tests::workflow_has_pr_trigger_rejects_push_only ... ok
2026-10-09T21:36:48.0981391Z test tests::workflow_has_pr_trigger_recognises_pr ... ok
2026-10-09T21:36:48.0981682Z 
2026-10-09T21:36:48.0981899Z test result: ok. 16 passed; 0 failed; 0 ignored; 0 measured; 0 filtered out; finished in 0.00s
2026-10-09T21:36:48.0982620Z 
2026-10-09T21:36:52.2718557Z CI wall-clock ceiling ok: issue-1028-agent-ladder.yml critical path 120 min (plan(30m) -> ladder(30m) -> leaf-evidence(15m) -> composites(30m) -> compare(15m)) <= ceiling 225 min.
2026-10-09T21:36:52.2719689Z ##[endgroup]
2026-10-09T21:36:52.2721321Z ##[group]check-closure-audit — The honest total-closure gap equals the number reviewed in data/meta/closure-audit.lino, compared strictly in both directions. The old metric counted the glosses scripts/close-total.py generated as definitions, so the gap it reported was zero by construction; this one excludes the generator's own output (issue #1138 B9, plan 09 leaves 6-7).
2026-10-09T21:36:52.2722689Z $ python3 scripts/check-closure-audit.py
2026-10-09T21:36:52.7767292Z closure audit (data/meta/closure-audit.lino):
2026-10-09T21:36:52.7767848Z   unresolved_distinct_honest: measured 1035 / reviewed 1035
2026-10-09T21:36:52.7768270Z closure audit holds
2026-10-09T21:36:52.7805710Z ##[endgroup]
2026-10-09T21:36:52.7806667Z ##[group]check-coverage-ratchet — Test coverage does not fall below the committed ratchet.
2026-10-09T21:36:52.7807313Z $ rust-script --test scripts/check-coverage-ratchet.rs
2026-10-09T21:36:52.7966430Z [1m[92m    Updating[0m crates.io index
2026-10-09T21:36:52.8480703Z [1m[92m     Locking[0m 16 packages to highest Rust 1.99.0 compatible versions
2026-10-09T21:36:52.8649471Z [1m[92m   Compiling[0m proc-macro2 v1.0.107
2026-10-09T21:36:52.8650126Z [1m[92m   Compiling[0m unicode-ident v1.0.26
2026-10-09T21:36:52.8650815Z [1m[92m   Compiling[0m quote v1.0.47
2026-10-09T21:36:52.8651561Z [1m[92m   Compiling[0m serde_core v1.0.229
2026-10-09T21:36:52.9926515Z [1m[92m   Compiling[0m zmij v1.0.23
2026-10-09T21:36:53.0008604Z [1m[92m   Compiling[0m serde_json v1.0.151
2026-10-09T21:36:53.0843797Z [1m[92m   Compiling[0m serde v1.0.229
2026-10-09T21:36:53.2185309Z [1m[92m   Compiling[0m itoa v1.0.18
2026-10-09T21:36:53.3927885Z [1m[92m   Compiling[0m memchr v2.8.3
2026-10-09T21:36:54.0778576Z [1m[92m   Compiling[0m syn v3.0.6
2026-10-09T21:36:55.2779929Z [1m[92m   Compiling[0m serde_derive v1.0.229
2026-10-09T21:36:57.0285251Z [1m[92m   Compiling[0m check-coverage-ratchet_db0d1cd4c4b823a35c97c8ca v0.1.0 (/home/runner/.cache/rust-script/projects/db0d1cd4c4b823a35c97c8ca)
2026-10-09T21:36:57.7054981Z [1m[92m    Finished[0m `test` profile [unoptimized + debuginfo] target(s) in 4.91s
2026-10-09T21:36:57.7111185Z [1m[92m     Running[0m unittests /home/runner/work/formal-ai/formal-ai/scripts/check-coverage-ratchet.rs (/home/runner/.cache/rust-script/binaries/debug/deps/check_coverage_ratchet_db0d1cd4c4b823a35c97c8ca-d608e4735062386b)
2026-10-09T21:36:57.7123986Z 
2026-10-09T21:36:57.7124163Z running 30 tests
2026-10-09T21:36:57.7136004Z test tests::an_lcov_override_wins_over_the_baseline_path ... ok
2026-10-09T21:36:57.7136573Z test tests::a_later_raise_clears_a_recorded_decrease ... ok
2026-10-09T21:36:57.7138051Z test tests::a_justified_decrease_is_recorded_in_the_baseline_file ... ok
2026-10-09T21:36:57.7138623Z test tests::classifies_regression_improvement_and_hold ... ok
2026-10-09T21:36:57.7139128Z test tests::an_unknown_baseline_field_is_rejected ... ok
2026-10-09T21:36:57.7139656Z test tests::declares_never_executed_functions_in_the_denominator ... ok
2026-10-09T21:36:57.7140436Z test tests::baseline_round_trips_without_losing_fields ... ok
2026-10-09T21:36:57.7141004Z test tests::an_inventory_violation_fails_the_run_and_is_published ... ok
2026-10-09T21:36:57.7141678Z test tests::filters_by_include_and_exclude_prefixes ... ok
2026-10-09T21:36:57.7144514Z test tests::fails_when_no_file_matches_the_denominator ... ok
2026-10-09T21:36:57.7145106Z test tests::fails_the_run_when_line_coverage_drops_below_the_baseline ... ok
2026-10-09T21:36:57.7145705Z test tests::inventory_accepts_measured_and_declared_files ... ok
2026-10-09T21:36:57.7146221Z test tests::inventory_rejects_a_new_unmeasured_file ... ok
2026-10-09T21:36:57.7146542Z test tests::inventory_rejects_stale_and_missing_rows ... ok
2026-10-09T21:36:57.7147532Z test tests::merges_repeated_records_by_best_hit_count ... ok
2026-10-09T21:36:57.7152968Z test tests::inventory_skips_excluded_prefixes ... ok
2026-10-09T21:36:57.7153450Z test tests::inventory_requires_a_reason_for_every_row ... ok
2026-10-09T21:36:57.7154021Z test tests::lowering_the_baseline_requires_an_explicit_justification ... ok
2026-10-09T21:36:57.7154618Z test tests::normalizes_absolute_and_dot_relative_source_paths ... ok
2026-10-09T21:36:57.7155161Z test tests::missing_lcov_report_is_an_error_not_a_pass ... ok
2026-10-09T21:36:57.7155648Z test tests::notices_an_improvement_without_failing ... ok
2026-10-09T21:36:57.7156144Z test tests::parses_lines_and_functions_from_data_records ... ok
2026-10-09T21:36:57.7156647Z test tests::rejects_a_malformed_lcov_override ... ok
2026-10-09T21:36:57.7157065Z test tests::parses_the_documented_flags ... ok
2026-10-09T21:36:57.7158246Z test tests::passes_when_coverage_holds_at_the_baseline ... ok
2026-10-09T21:36:57.7163103Z test tests::reports_are_written_even_when_the_ratchet_breaks ... ok
2026-10-09T21:36:57.7164168Z test tests::update_baseline_records_the_measured_numbers ... ok
2026-10-09T21:36:57.7165034Z test tests::the_committed_baseline_is_valid_and_covers_both_denominators ... ok
2026-10-09T21:36:57.7166665Z test tests::unknown_denominator_is_rejected ... ok
2026-10-09T21:36:57.7168772Z test tests::writes_human_and_machine_readable_reports ... ok
2026-10-09T21:36:57.7169094Z 
2026-10-09T21:36:57.7169297Z test result: ok. 30 passed; 0 failed; 0 ignored; 0 measured; 0 filtered out; finished in 0.00s
2026-10-09T21:36:57.7169589Z 
2026-10-09T21:36:57.7224370Z ##[endgroup]
2026-10-09T21:36:57.7225939Z ##[group]check-debt-ratchet-js-twin — scripts/check-debt-ratchet.mjs prints exactly what scripts/check-debt-ratchet.rs prints, with the same exit code, so agents can run the JavaScript twin instead of compiling Rust.
2026-10-09T21:36:57.7227107Z $ node scripts/lib/checks-twin-parity.mjs check-debt-ratchet --base origin/main
2026-10-09T21:36:59.0924649Z check-debt-ratchet: the JavaScript twin matches the Rust original (exit 0, 14 stdout line(s)).
2026-10-09T21:36:59.0965993Z ##[endgroup]
2026-10-09T21:36:59.0967569Z ##[group]check_debt_ratchet — Named debt only shrinks: every measured ceiling in data/meta/debt-ratchet.lino is compared strictly in both directions, so a value above its ceiling is new debt and a value below it is debt already removed whose ceiling was not lowered in the same commit. A ceiling may be lowered by a pull request and never raised. No release depends on any of them.
2026-10-09T21:36:59.1132983Z [1m[92m   Compiling[0m check-debt-ratchet_acaad362d4880e882d2e7951 v0.1.0 (/home/runner/.cache/rust-script/projects/acaad362d4880e882d2e7951)
2026-10-09T21:36:59.1134179Z $ rust-script --test scripts/check-debt-ratchet.rs && rust-script scripts/check-debt-ratchet.rs --base origin/main
2026-10-09T21:36:59.6793147Z [1m[92m    Finished[0m `test` profile [unoptimized + debuginfo] target(s) in 0.57s
2026-10-09T21:36:59.6794622Z [1m[92m     Running[0m unittests /home/runner/work/formal-ai/formal-ai/scripts/check-debt-ratchet.rs (/home/runner/.cache/rust-script/binaries/debug/deps/check_debt_ratchet_acaad362d4880e882d2e7951-b1810eec5642e7c9)
2026-10-09T21:36:59.6805011Z 
2026-10-09T21:36:59.6805242Z running 19 tests
2026-10-09T21:36:59.6808802Z test language_parity::tests::complete_owner_is_not_debt_and_non_lexeme_language_rows_do_not_count ... ok
2026-10-09T21:36:59.6809787Z test language_parity::tests::derives_lexeme_owners_from_structure_not_filename_or_root_name ... ok
2026-10-09T21:36:59.6810667Z test language_parity::tests::duplicate_language_under_one_owner_is_rejected ... ok
2026-10-09T21:36:59.6811768Z test language_parity::tests::duplicate_debt_row_is_rejected ... ok
2026-10-09T21:36:59.6812648Z test language_parity::tests::invalid_calendar_date_is_rejected ... ok
2026-10-09T21:36:59.6813549Z test language_parity::tests::exact_generated_debt_is_accepted ... ok
2026-10-09T21:36:59.6814361Z test language_parity::tests::missing_debt_row_is_rejected ... ok
2026-10-09T21:36:59.6815122Z test tests::a_measurement_above_its_ceiling_fails_and_names_the_remedy ... ok
2026-10-09T21:36:59.6815856Z test tests::a_ceiling_can_move_down_and_never_up ... ok
2026-10-09T21:36:59.6816646Z test tests::a_measurement_below_its_ceiling_fails_and_asks_for_the_ceiling_to_be_lowered ... ok
2026-10-09T21:36:59.6817584Z test language_parity::tests::stale_debt_row_is_rejected_after_the_owner_becomes_complete ... ok
2026-10-09T21:36:59.6818384Z test tests::a_run_without_a_base_is_refused ... ok
2026-10-09T21:36:59.6818958Z test tests::an_announced_corrected_undercount_may_rise_once_and_not_twice ... ok
2026-10-09T21:36:59.6819511Z test tests::authored_ladder_rules_are_measured_from_the_live_directory ... ok
2026-10-09T21:36:59.6820009Z test tests::an_upward_measure_inverts_both_comparisons ... ok
2026-10-09T21:36:59.6820440Z test tests::the_ledger_parses_into_ceilings ... ok
2026-10-09T21:36:59.6820840Z test tests::there_is_no_release_mode ... ok
2026-10-09T21:36:59.6821330Z test tests::the_ledger_names_no_kernel_and_measures_no_rust_line_count ... ok
2026-10-09T21:36:59.8724592Z test tests::the_committed_ledger_measures_exactly_its_own_ceilings ... ok
2026-10-09T21:36:59.8725017Z 
2026-10-09T21:36:59.8725367Z test result: ok. 19 passed; 0 failed; 0 ignored; 0 measured; 0 filtered out; finished in 0.19s
2026-10-09T21:36:59.8725803Z 
2026-10-09T21:36:59.9287591Z debt ratchet (data/meta/debt-ratchet.lino):
2026-10-09T21:36:59.9288118Z   authored-ladder-rules: measured 32 / ceiling 32
2026-10-09T21:36:59.9288592Z   dispatch-name-special-cases: measured 0 / ceiling 0
2026-10-09T21:36:59.9288911Z   docs-requirements-suites: measured 5 / ceiling 5
2026-10-09T21:36:59.9289534Z   handler-files: measured 47 / ceiling 47
2026-10-09T21:36:59.9289805Z   handler-migration-pending: measured 13 / ceiling 13
2026-10-09T21:36:59.9290110Z   hardcoded-language-rows: measured 682 / ceiling 682
2026-10-09T21:36:59.9290394Z   language-parity-gaps: measured 43 / ceiling 43
2026-10-09T21:36:59.9290670Z   literal-predicates: measured 456 / ceiling 456
2026-10-09T21:36:59.9290933Z   promotion-predicates: measured 0 / ceiling 0
2026-10-09T21:36:59.9291200Z   store-read-share: measured 3 / ceiling 3
2026-10-09T21:36:59.9291467Z   try-dispatch-entries: measured 33 / ceiling 33
2026-10-09T21:36:59.9291764Z   worker-sync-handler-literals: measured 0 / ceiling 0
2026-10-09T21:36:59.9313387Z debt ratchet holds
2026-10-09T21:36:59.9318865Z ##[endgroup]
2026-10-09T21:36:59.9320612Z ##[group]check-dependencies-latest — Every manifest pin is at the latest release in the committed registry snapshot, or carries a blocked annotation naming its tracking issue or advisory (issue #1169); the daily dependencies-latest workflow refreshes the snapshot and moves the pins together.
2026-10-09T21:36:59.9321902Z $ rust-script --test scripts/check-dependencies-latest.rs && rust-script scripts/check-dependencies-latest.rs --offline
2026-10-09T21:37:00.0237629Z [1m[92m   Compiling[0m check-dependencies-latest_1405801bcf0674aa114addef v0.1.0 (/home/runner/.cache/rust-script/projects/1405801bcf0674aa114addef)
2026-10-09T21:37:00.4366782Z [1m[92m    Finished[0m `test` profile [unoptimized + debuginfo] target(s) in 0.49s
2026-10-09T21:37:00.4368765Z [1m[92m     Running[0m unittests /home/runner/work/formal-ai/formal-ai/scripts/check-dependencies-latest.rs (/home/runner/.cache/rust-script/binaries/debug/deps/check_dependencies_latest_1405801bcf0674aa114addef-1989ec03fb758c29)
2026-10-09T21:37:00.4378916Z 
2026-10-09T21:37:00.4379047Z running 16 tests
2026-10-09T21:37:00.4381935Z test tests::apply_leaves_blocked_lines_alone ... ok
2026-10-09T21:37:00.4382743Z test tests::action_refs_float_and_rewrite_at_their_own_precision ... ok
2026-10-09T21:37:00.4383467Z test tests::apply_rewrites_manifests_not_locks ... ok
2026-10-09T21:37:00.4384110Z test tests::blocked_annotations_must_name_an_issue ... ok
2026-10-09T21:37:00.4384538Z test tests::cargo_manifest_forms ... ok
2026-10-09T21:37:00.4384963Z test tests::blocked_notes_must_carry_a_tracking_reference ... ok
2026-10-09T21:37:00.4385408Z test tests::cargo_lock_pairs ... ok
2026-10-09T21:37:00.4385762Z test tests::comparison_rules ... ok
2026-10-09T21:37:00.4386168Z test tests::drift_is_numeric_at_the_pinned_precision ... ok
2026-10-09T21:37:00.4386713Z test tests::ranges_and_minors ... ok
2026-10-09T21:37:00.4388166Z test tests::exit_codes_separate_drift_from_an_unverifiable_run ... ok
2026-10-09T21:37:00.4388610Z test tests::package_json_members_and_blocked_notes ... ok
2026-10-09T21:37:00.4388965Z test tests::package_lock_and_bun_lock_resolutions ... ok
2026-10-09T21:37:00.4389294Z test tests::registry_answers_parse_in_their_publishers_shapes ... ok
2026-10-09T21:37:00.4389683Z test tests::uses_and_from_pins ... ok
2026-10-09T21:37:00.4390400Z test tests::snapshot_round_trip ... ok
2026-10-09T21:37:00.4390637Z 
2026-10-09T21:37:00.4391026Z test result: ok. 16 passed; 0 failed; 0 ignored; 0 measured; 0 filtered out; finished in 0.00s
2026-10-09T21:37:00.4391509Z 
2026-10-09T21:37:01.6751204Z ./desktop/package.json:26 npm command-stream resolves 1.5.0 but the latest release is 2.0.0 (blocked)
2026-10-09T21:37:01.6752317Z ./experiments/agent_cli_e2e/issue_819_tui/package.json:10 npm command-stream resolves 1.5.0 but the latest release is 2.0.0 (blocked)
2026-10-09T21:37:01.6753095Z dependency currency: npm/mermaid absent from the snapshot; not checked
2026-10-09T21:37:01.6753557Z dependency currency: github_action/actions/github-script absent from the snapshot; not checked
2026-10-09T21:37:01.6754045Z dependency currency: github_action/actions/github-script absent from the snapshot; not checked
2026-10-09T21:37:01.6754485Z dependency currency: 2 finding(s), 3 unverifiable from this snapshot
2026-10-09T21:37:01.6755138Z dependency currency: every finding carries a blocked annotation
2026-10-09T21:37:01.6755679Z ##[endgroup]
2026-10-09T21:37:01.6756595Z ##[group]check-disk-usage-policy — Development artifacts stay inside the disk policy a contributor's machine can hold.
2026-10-09T21:37:01.6757083Z $ rust-script scripts/check-disk-usage-policy.rs
2026-10-09T21:37:01.9604423Z disk usage policy: bounded profiles, targeted validation, and no target/ cache
2026-10-09T21:37:01.9605422Z ##[endgroup]
2026-10-09T21:37:01.9606577Z ##[group]check-docs-rs-dependency-profile — The docs.rs build profile -- no default features -- still documents cleanly.
2026-10-09T21:37:01.9607291Z $ cargo doc --manifest-path rust/Cargo.toml --no-deps --lib --no-default-features
2026-10-09T21:37:02.2229347Z [1m[92m   Compiling[0m proc-macro2 v1.0.107
2026-10-09T21:37:02.2229905Z [1m[92m   Compiling[0m unicode-ident v1.0.26
2026-10-09T21:37:02.2230344Z [1m[92m   Compiling[0m quote v1.0.47
2026-10-09T21:37:02.2244631Z [1m[92m    Checking[0m cfg-if v1.0.5
2026-10-09T21:37:02.3134798Z [1m[92m   Compiling[0m libc v0.2.190
2026-10-09T21:37:02.3294035Z [1m[92m   Compiling[0m autocfg v1.5.1
2026-10-09T21:37:02.4287699Z [1m[92m    Checking[0m stable_deref_trait v1.2.1
2026-10-09T21:37:02.4513488Z [1m[92m   Compiling[0m serde_core v1.0.229
2026-10-09T21:37:02.5528327Z [1m[92m    Checking[0m smallvec v1.16.2
2026-10-09T21:37:02.6129831Z [1m[92m    Checking[0m memchr v2.8.3
2026-10-09T21:37:02.9094116Z [1m[92m   Compiling[0m syn v3.0.6
2026-10-09T21:37:03.1173677Z [1m[92m   Compiling[0m serde v1.0.229
2026-10-09T21:37:03.2502359Z [1m[92m   Compiling[0m syn v2.0.119
2026-10-09T21:37:03.3883762Z [1m[92m   Compiling[0m synstructure v0.14.0
2026-10-09T21:37:03.5233558Z [1m[92m   Compiling[0m zerofrom-derive v0.1.8
2026-10-09T21:37:03.6853538Z [1m[92m   Compiling[0m displaydoc v0.2.7
2026-10-09T21:37:03.9540705Z [1m[92m   Compiling[0m yoke-derive v0.8.4
2026-10-09T21:37:04.0633496Z [1m[92m    Checking[0m zerofrom v0.1.8
2026-10-09T21:37:04.1221516Z [1m[92m   Compiling[0m serde_derive v1.0.229
2026-10-09T21:37:04.3432324Z [1m[92m   Compiling[0m zerovec-derive v0.11.6
2026-10-09T21:37:04.4623406Z [1m[92m    Checking[0m yoke v0.8.3
2026-10-09T21:37:04.6748179Z [1m[92m   Compiling[0m version_check v0.9.5
2026-10-09T21:37:04.7355034Z [1m[92m    Checking[0m typenum v1.20.1
2026-10-09T21:37:04.8013649Z [1m[92m    Checking[0m writeable v0.6.4
2026-10-09T21:37:04.8833759Z [1m[92m    Checking[0m zerovec v0.11.8
2026-10-09T21:37:05.0845656Z [1m[92m    Checking[0m litemap v0.8.3
2026-10-09T21:37:05.4172559Z [1m[92m    Checking[0m tinystr v0.8.4
2026-10-09T21:37:05.4552015Z [1m[92m    Checking[0m potential_utf v0.1.6
2026-10-09T21:37:05.7240294Z [1m[92m    Checking[0m zerotrie v0.2.5
2026-10-09T21:37:05.7723640Z [1m[92m   Compiling[0m thiserror v2.0.21
2026-10-09T21:37:05.7773427Z [1m[92m    Checking[0m icu_locale_core v2.3.0
2026-10-09T21:37:05.9027438Z [1m[92m   Compiling[0m icu_properties_data v2.3.0
2026-10-09T21:37:05.9673112Z [1m[92m    Checking[0m bitflags v2.13.2
2026-10-09T21:37:06.0733919Z [1m[92m   Compiling[0m icu_normalizer_data v2.3.0
2026-10-09T21:37:06.1498184Z [1m[92m    Checking[0m utf8_iter v1.0.4
2026-10-09T21:37:06.3256078Z [1m[92m    Checking[0m getrandom v0.2.17
2026-10-09T21:37:06.3464572Z [1m[92m   Compiling[0m thiserror-impl v2.0.21
2026-10-09T21:37:06.3887130Z [1m[92m    Checking[0m icu_collections v2.3.0
2026-10-09T21:37:06.5136473Z [1m[92m    Checking[0m icu_provider v2.3.1
2026-10-09T21:37:06.5703871Z [1m[92m   Compiling[0m cfg_aliases v0.2.2
2026-10-09T21:37:06.8818477Z [1m[92m   Compiling[0m generic-array v0.14.7
2026-10-09T21:37:06.9353284Z [1m[92m    Checking[0m rand_core v0.10.1
2026-10-09T21:37:06.9726557Z [1m[92m    Checking[0m cpufeatures v0.3.1
2026-10-09T21:37:07.0414001Z [1m[92m   Compiling[0m getrandom v0.4.3
2026-10-09T21:37:07.0436542Z [1m[92m    Checking[0m icu_properties v2.3.0
2026-10-09T21:37:07.1146301Z [1m[92m    Checking[0m icu_normalizer v2.3.0
2026-10-09T21:37:07.4297289Z [1m[92m   Compiling[0m memoffset v0.9.1
2026-10-09T21:37:07.5033502Z [1m[92m    Checking[0m bytes v1.12.1
2026-10-09T21:37:07.5163761Z [1m[92m    Checking[0m percent-encoding v2.3.2
2026-10-09T21:37:07.6753526Z [1m[92m    Checking[0m chacha20 v0.10.2
2026-10-09T21:37:07.7763714Z [1m[92m    Checking[0m form_urlencoded v1.2.2
2026-10-09T21:37:07.9812768Z [1m[92m   Compiling[0m nix v0.31.3
2026-10-09T21:37:07.9942992Z [1m[92m    Checking[0m log v0.4.34
2026-10-09T21:37:08.0103178Z [1m[92m    Checking[0m idna_adapter v1.2.2
2026-10-09T21:37:08.0103714Z [1m[92m    Checking[0m rand v0.10.3
2026-10-09T21:37:08.2617002Z [1m[92m    Checking[0m idna v1.1.0
2026-10-09T21:37:08.2664952Z [1m[92m    Checking[0m rand_core v0.6.4
2026-10-09T21:37:08.3911003Z [1m[92m   Compiling[0m substring v1.4.5
2026-10-09T21:37:08.4877112Z [1m[92m    Checking[0m crypto-common v0.1.7
2026-10-09T21:37:08.5600630Z [1m[92m   Compiling[0m num-traits v0.2.19
2026-10-09T21:37:08.5754580Z [1m[92m    Checking[0m url v2.5.8
2026-10-09T21:37:08.8107400Z [1m[92m   Compiling[0m find-msvc-tools v0.1.14
2026-10-09T21:37:08.8583581Z [1m[92m   Compiling[0m siphasher v1.0.4
2026-10-09T21:37:08.9033557Z [1m[92m   Compiling[0m shlex v2.0.1
2026-10-09T21:37:08.9450984Z [1m[92m   Compiling[0m phf_shared v0.11.3
2026-10-09T21:37:08.9813354Z [1m[92m   Compiling[0m cc v1.2.67
2026-10-09T21:37:09.0197666Z [1m[92m   Compiling[0m rand v0.8.8
2026-10-09T21:37:09.1864154Z [1m[92m    Checking[0m once_cell v1.21.4
2026-10-09T21:37:09.4686766Z [1m[92m    Checking[0m pin-project-lite v0.2.17
2026-10-09T21:37:09.6971286Z [1m[92m   Compiling[0m phf_generator v0.11.3
2026-10-09T21:37:09.7821847Z [1m[92m    Checking[0m subtle v2.6.1
2026-10-09T21:37:09.8257217Z [1m[92m   Compiling[0m wasm-bindgen-shared v0.2.129
2026-10-09T21:37:09.9120812Z [1m[92m   Compiling[0m ring v0.17.14
2026-10-09T21:37:09.9334424Z [1m[92m    Checking[0m block-buffer v0.10.4
2026-10-09T21:37:10.0273670Z [1m[92m    Checking[0m inout v0.1.4
2026-10-09T21:37:10.1597539Z [1m[92m    Checking[0m untrusted v0.9.0
2026-10-09T21:37:10.2639036Z [1m[92m    Checking[0m futures-core v0.3.34
2026-10-09T21:37:10.2734598Z [1m[92m    Checking[0m rtc-shared v0.21.0
2026-10-09T21:37:10.3462073Z [1m[92m    Checking[0m slab v0.4.12
2026-10-09T21:37:10.4739052Z [1m[92m    Checking[0m zeroize v1.9.1
2026-10-09T21:37:10.5553584Z [1m[92m   Compiling[0m thiserror v1.0.69
2026-10-09T21:37:10.6533299Z [1m[92m   Compiling[0m rustversion v1.0.23
2026-10-09T21:37:10.6962281Z [1m[92m    Checking[0m itoa v1.0.18
2026-10-09T21:37:10.7699343Z [1m[92m    Checking[0m cipher v0.4.4
2026-10-09T21:37:10.8479962Z [1m[92m    Checking[0m digest v0.10.7
2026-10-09T21:37:10.9350006Z [1m[92m   Compiling[0m thiserror-impl v1.0.69
2026-10-09T21:37:11.0158459Z [1m[92m   Compiling[0m parking_lot_core v0.9.12
2026-10-09T21:37:11.0806149Z [1m[92m   Compiling[0m num-conv v0.2.2
2026-10-09T21:37:11.1025538Z [1m[92m   Compiling[0m time-core v0.1.9
2026-10-09T21:37:11.3101754Z [1m[92m   Compiling[0m time-macros v0.2.32
2026-10-09T21:37:11.4508931Z [1m[92m    Checking[0m deranged v0.5.8
2026-10-09T21:37:11.7015793Z [1m[92m    Checking[0m futures-sink v0.3.34
2026-10-09T21:37:11.9321294Z [1m[92m    Checking[0m powerfmt v0.2.1
2026-10-09T21:37:12.0216284Z [1m[92m    Checking[0m scopeguard v1.2.0
2026-10-09T21:37:12.2043813Z [1m[92m    Checking[0m cpufeatures v0.2.17
2026-10-09T21:37:12.4508790Z [1m[92m    Checking[0m lock_api v0.4.14
2026-10-09T21:37:12.4984624Z [1m[92m    Checking[0m futures-channel v0.3.34
2026-10-09T21:37:12.6134028Z [1m[92m    Checking[0m time v0.3.55
2026-10-09T21:37:12.7787537Z [1m[92m    Checking[0m ctr v0.9.2
2026-10-09T21:37:13.0343106Z [1m[92m   Compiling[0m phf_codegen v0.11.3
2026-10-09T21:37:13.1077074Z [1m[92m    Checking[0m num-integer v0.1.47
2026-10-09T21:37:13.1249855Z [1m[92m    Checking[0m aead v0.5.2
2026-10-09T21:37:13.3489666Z [1m[92m   Compiling[0m futures-macro v0.3.34
2026-10-09T21:37:13.5637108Z [1m[92m    Checking[0m byteorder v1.5.0
2026-10-09T21:37:13.6241418Z [1m[92m    Checking[0m futures-io v0.3.34
2026-10-09T21:37:13.8142892Z [1m[92m   Compiling[0m bumpalo v3.20.3
2026-10-09T21:37:13.8602020Z [1m[92m    Checking[0m minimal-lexical v0.2.1
2026-10-09T21:37:13.9173544Z [1m[92m    Checking[0m futures-task v0.3.34
2026-10-09T21:37:14.1200760Z [1m[92m    Checking[0m nom v7.1.3
2026-10-09T21:37:14.1338008Z [1m[92m    Checking[0m futures-util v0.3.34
2026-10-09T21:37:14.4484105Z [1m[92m   Compiling[0m wasm-bindgen-macro-support v0.2.129
2026-10-09T21:37:14.9794839Z [1m[92m    Checking[0m ccm v0.5.0
2026-10-09T21:37:15.2296833Z [1m[92m    Checking[0m parking_lot v0.12.5
2026-10-09T21:37:15.2614453Z [1m[92m    Checking[0m aes v0.8.4
2026-10-09T21:37:15.4970096Z [1m[92m    Checking[0m sha1 v0.10.7
2026-10-09T21:37:15.6889563Z [1m[92m   Compiling[0m wasm-bindgen v0.2.129
2026-10-09T21:37:15.7281720Z [1m[92m    Checking[0m md-5 v0.10.6
2026-10-09T21:37:15.7591336Z [1m[92m    Checking[0m hmac v0.12.1
2026-10-09T21:37:15.8683637Z [1m[92m   Compiling[0m synstructure v0.13.2
2026-10-09T21:37:15.9193807Z [1m[92m   Compiling[0m ptr_meta_derive v0.3.2
2026-10-09T21:37:15.9495662Z [1m[92m   Compiling[0m zmij v1.0.23
2026-10-09T21:37:15.9853905Z [1m[92m    Checking[0m lazy_static v1.5.1
2026-10-09T21:37:16.0348509Z [1m[92m    Checking[0m new_debug_unreachable v1.0.6
2026-10-09T21:37:16.0470806Z [1m[92m    Checking[0m sansio v1.0.1
2026-10-09T21:37:16.2020179Z [1m[92m   Compiling[0m semver v1.0.28
2026-10-09T21:37:16.2568096Z [1m[92m    Checking[0m ptr_meta v0.3.2
2026-10-09T21:37:16.2852810Z [1m[92m   Compiling[0m rustc_version v0.4.1
2026-10-09T21:37:16.3727387Z [1m[92m   Compiling[0m asn1-rs-derive v0.5.1
2026-10-09T21:37:16.4503408Z [1m[92m    Checking[0m rusticata-macros v4.1.0
2026-10-09T21:37:16.5680520Z [1m[92m   Compiling[0m wasm-bindgen-macro v0.2.129
2026-10-09T21:37:16.5895144Z [1m[92m   Compiling[0m phf_macros v0.11.3
2026-10-09T21:37:16.6623533Z [1m[92m    Checking[0m socket2 v0.6.5
2026-10-09T21:37:16.6989947Z [1m[92m   Compiling[0m asn1-rs-impl v0.2.0
2026-10-09T21:37:16.8086110Z [1m[92m    Checking[0m base64 v0.22.1
2026-10-09T21:37:16.8497616Z [1m[92m   Compiling[0m serde_json v1.0.151
2026-10-09T21:37:16.9131713Z [1m[92m    Checking[0m asn1-rs v0.6.2
2026-10-09T21:37:17.0359243Z [1m[92m    Checking[0m phf v0.11.3
2026-10-09T21:37:17.2705243Z [1m[92m    Checking[0m rancor v0.1.3
2026-10-09T21:37:17.6476348Z [1m[92m   Compiling[0m crc32c v0.6.8
2026-10-09T21:37:17.7481120Z [1m[92m    Checking[0m rustls-pki-types v1.15.1
2026-10-09T21:37:17.8132974Z [1m[92m   Compiling[0m string_cache_codegen v0.5.4
2026-10-09T21:37:17.8989377Z [1m[92m    Checking[0m hybrid-array v0.4.15
2026-10-09T21:37:18.0328813Z [1m[92m   Compiling[0m bytecheck_derive v0.8.3
2026-10-09T21:37:18.0678349Z [1m[92m   Compiling[0m oid-registry v0.7.1
2026-10-09T21:37:18.2284915Z [1m[92m    Checking[0m hashbrown v0.17.1
2026-10-09T21:37:18.2959611Z [1m[92m    Checking[0m precomputed-hash v0.1.1
2026-10-09T21:37:18.3897277Z [1m[92m    Checking[0m base64 v0.23.1
2026-10-09T21:37:18.4727585Z [1m[92m    Checking[0m crc-catalog v2.5.0
2026-10-09T21:37:18.6897922Z [1m[92m    Checking[0m mac v0.1.1
2026-10-09T21:37:18.7307969Z [1m[92m    Checking[0m simdutf8 v0.1.5
2026-10-09T21:37:18.7742023Z [1m[92m    Checking[0m crc v3.4.0
2026-10-09T21:37:18.8569555Z [1m[92m    Checking[0m futf v0.1.5
2026-10-09T21:37:18.9773528Z [1m[92m    Checking[0m bytecheck v0.8.3
2026-10-09T21:37:19.0507788Z [1m[92m   Compiling[0m markup5ever v0.14.1
2026-10-09T21:37:19.2148311Z [1m[92m    Checking[0m num-bigint v0.4.8
2026-10-09T21:37:19.2828191Z [1m[92m    Checking[0m rtc-rtp v0.21.0
2026-10-09T21:37:19.7003694Z [1m[92m   Compiling[0m munge_macro v0.4.7
2026-10-09T21:37:19.7053322Z [1m[92m    Checking[0m utf-8 v0.7.6
2026-10-09T21:37:19.9064842Z [1m[92m    Checking[0m dtoa v1.0.11
2026-10-09T21:37:19.9258054Z [1m[92m    Checking[0m arrayvec v0.7.8
2026-10-09T21:37:20.1213020Z [1m[92m    Checking[0m unicode-width v0.2.2
2026-10-09T21:37:20.1884086Z [1m[92m   Compiling[0m zerocopy v0.8.61
2026-10-09T21:37:20.1948247Z [1m[92m    Checking[0m data-encoding v2.11.1
2026-10-09T21:37:20.3117945Z [1m[92m   Compiling[0m crossbeam-utils v0.8.23
2026-10-09T21:37:20.3959913Z [1m[92m   Compiling[0m rustls v0.23.45
2026-10-09T21:37:20.4428319Z [1m[92m   Compiling[0m getrandom v0.3.4
2026-10-09T21:37:20.4438991Z [1m[92m   Compiling[0m cfg_aliases v0.1.1
2026-10-09T21:37:20.5145198Z [1m[92m    Checking[0m utf8parse v0.2.2
2026-10-09T21:37:20.5364719Z [1m[92m    Checking[0m parking v2.2.1
2026-10-09T21:37:20.5423950Z [1m[92m   Compiling[0m nix v0.28.0
2026-10-09T21:37:20.6597660Z [1m[92m    Checking[0m der-parser v9.0.0
2026-10-09T21:37:20.7097515Z [1m[92m    Checking[0m anstyle-parse v1.0.0
2026-10-09T21:37:20.7267849Z [1m[92m    Checking[0m event-listener v5.4.2
2026-10-09T21:37:20.9547157Z [1m[92m    Checking[0m dtoa-short v0.3.5
2026-10-09T21:37:21.0113864Z [1m[92m    Checking[0m tendril v0.4.3
2026-10-09T21:37:21.0312880Z [1m[92m    Checking[0m munge v0.4.7
2026-10-09T21:37:21.1416911Z [1m[92m    Checking[0m rend v0.5.4
2026-10-09T21:37:21.5564627Z [1m[92m    Checking[0m pem v4.0.0
2026-10-09T21:37:21.7716994Z [1m[92m    Checking[0m string_cache v0.8.9
2026-10-09T21:37:21.8065231Z [1m[92m    Checking[0m crypto-common v0.2.2
2026-10-09T21:37:22.0775087Z [1m[92m    Checking[0m block-buffer v0.12.1
2026-10-09T21:37:22.2712633Z [1m[92m    Checking[0m js-sys v0.3.106
2026-10-09T21:37:22.3394095Z [1m[92m    Checking[0m yasna v0.6.0
2026-10-09T21:37:22.8228121Z [1m[92m   Compiling[0m selectors v0.26.0
2026-10-09T21:37:23.0063609Z [1m[92m    Checking[0m rtc-rtcp v0.21.0
2026-10-09T21:37:23.6326345Z [1m[92m   Compiling[0m ahash v0.8.12
2026-10-09T21:37:23.6406199Z [1m[92m    Checking[0m errno v0.3.14
2026-10-09T21:37:23.6548660Z [1m[92m    Checking[0m rtc-crypto v0.21.0
2026-10-09T21:37:23.7061133Z [1m[92m    Checking[0m rustls-webpki v0.103.15
2026-10-09T21:37:23.8782980Z [1m[92m   Compiling[0m cssparser-macros v0.6.1
2026-10-09T21:37:23.9782774Z [1m[92m    Checking[0m rtc-stun v0.21.0
2026-10-09T21:37:24.0597999Z [1m[92m   Compiling[0m rkyv_derive v0.8.18
2026-10-09T21:37:24.1733570Z [1m[92m    Checking[0m aho-corasick v1.1.5
2026-10-09T21:37:24.3785410Z [1m[92m    Checking[0m regex-syntax v0.8.11
2026-10-09T21:37:24.9103609Z [1m[92m    Checking[0m anstyle v1.0.14
2026-10-09T21:37:25.0444327Z [1m[92m   Compiling[0m anyhow v1.0.104
2026-10-09T21:37:25.1525232Z [1m[92m    Checking[0m const-oid v0.10.2
2026-10-09T21:37:25.1724111Z [1m[92m    Checking[0m rustc-hash v2.1.3
2026-10-09T21:37:25.3295662Z [1m[92m    Checking[0m is_terminal_polyfill v1.70.2
2026-10-09T21:37:25.3773537Z [1m[92m    Checking[0m anstyle-query v1.1.5
2026-10-09T21:37:25.4469584Z [1m[92m    Checking[0m colorchoice v1.0.5
2026-10-09T21:37:25.5063471Z [1m[92m    Checking[0m rtc-sctp v0.21.0
2026-10-09T21:37:25.5665361Z [1m[92m    Checking[0m anstream v1.0.0
2026-10-09T21:37:25.6391484Z [1m[92m    Checking[0m regex-automata v0.4.18
2026-10-09T21:37:25.8061938Z [1m[92m    Checking[0m digest v0.11.3
2026-10-09T21:37:26.0973534Z [1m[92m    Checking[0m rkyv v0.8.18
2026-10-09T21:37:27.1675944Z [1m[92m    Checking[0m cssparser v0.34.0
2026-10-09T21:37:27.7964042Z [1m[92m    Checking[0m signal-hook-registry v1.4.8
2026-10-09T21:37:28.0293639Z [1m[92m    Checking[0m rcgen v0.14.10
2026-10-09T21:37:28.2413981Z [1m[92m    Checking[0m x509-parser v0.16.0
2026-10-09T21:37:28.4071851Z [1m[92m    Checking[0m event-listener-strategy v0.5.4
2026-10-09T21:37:29.0803578Z [1m[92m    Checking[0m pem v3.0.6
2026-10-09T21:37:29.1211009Z [1m[92m    Checking[0m rtc-mdns v0.21.0
2026-10-09T21:37:29.1382560Z [1m[92m    Checking[0m fxhash v0.2.1
2026-10-09T21:37:29.2393624Z [1m[92m    Checking[0m uuid v1.27.0
2026-10-09T21:37:29.2774003Z [1m[92m   Compiling[0m quinn-udp v0.6.3
2026-10-09T21:37:29.4279064Z [1m[92m    Checking[0m mio v1.2.4
2026-10-09T21:37:29.4333774Z [1m[92m   Compiling[0m derive_more v0.99.20
2026-10-09T21:37:29.5364977Z [1m[92m   Compiling[0m match_token v0.1.0
2026-10-09T21:37:29.7390472Z [1m[92m   Compiling[0m tokio-macros v2.7.2
2026-10-09T21:37:29.7603842Z [1m[92m    Checking[0m servo_arc v0.4.3
2026-10-09T21:37:29.8178085Z [1m[92m    Checking[0m clap_lex v1.1.1
2026-10-09T21:37:29.9443641Z [1m[92m   Compiling[0m rust_decimal v1.43.0
2026-10-09T21:37:29.9793914Z [1m[92m   Compiling[0m httparse v1.10.1
2026-10-09T21:37:30.0564347Z [1m[92m   Compiling[0m heck v0.5.0
2026-10-09T21:37:30.0953733Z [1m[92m    Checking[0m iana-time-zone v0.1.65
2026-10-09T21:37:30.1089538Z [1m[92m    Checking[0m strsim v0.11.1
2026-10-09T21:37:30.1524556Z [1m[92m   Compiling[0m clap_derive v4.6.7
2026-10-09T21:37:30.2188850Z [1m[92m    Checking[0m chrono v0.4.45
2026-10-09T21:37:30.2875407Z [1m[92m    Checking[0m clap_builder v4.6.7
2026-10-09T21:37:31.1883756Z [1m[92m    Checking[0m tokio v1.53.2
2026-10-09T21:37:31.6748612Z [1m[92m    Checking[0m html5ever v0.29.1
2026-10-09T21:37:31.9394331Z [1m[92m    Checking[0m rtc-ice v0.21.0
2026-10-09T21:37:32.0537457Z [1m[92m    Checking[0m rtc-dtls v0.21.0
2026-10-09T21:37:32.3824436Z [1m[92m    Checking[0m concurrent-queue v2.5.0
2026-10-09T21:37:32.5623952Z [1m[92m    Checking[0m regex v1.13.1
2026-10-09T21:37:32.8588809Z [1m[92m    Checking[0m rtc-datachannel v0.21.0
2026-10-09T21:37:33.0535943Z [1m[92m    Checking[0m rtc-turn v0.21.0
2026-10-09T21:37:33.1101778Z [1m[92m    Checking[0m rtc-srtp v0.21.0
2026-10-09T21:37:33.3450044Z [1m[92m    Checking[0m rtc-interceptor v0.21.0
2026-10-09T21:37:33.3780891Z [1m[92m    Checking[0m getopts v0.2.24
2026-10-09T21:37:33.5513858Z [1m[92m    Checking[0m vte v0.15.0
2026-10-09T21:37:33.5914275Z [1m[92m    Checking[0m rtc-media v0.21.0
2026-10-09T21:37:33.7278311Z [1m[92m    Checking[0m futures-executor v0.3.34
2026-10-09T21:37:33.8680719Z [1m[92m    Checking[0m filedescriptor v0.8.3
2026-10-09T21:37:33.8824399Z [1m[92m    Checking[0m rtc-sdp v0.21.0
2026-10-09T21:37:33.9603041Z [1m[92m    Checking[0m serial2 v0.2.38
2026-10-09T21:37:34.0314272Z [1m[92m   Compiling[0m links-notation-macro v0.1.0
2026-10-09T21:37:34.1749350Z [1m[92m   Compiling[0m async-trait v0.1.92
2026-10-09T21:37:34.1752736Z [1m[92m    Checking[0m nom v8.0.0
2026-10-09T21:37:34.1932055Z [1m[92m   Compiling[0m unicode-general-category v1.1.0
2026-10-09T21:37:34.3925571Z [1m[92m    Checking[0m winnow v1.0.4
2026-10-09T21:37:34.4603640Z [1m[92m    Checking[0m ego-tree v0.9.0
2026-10-09T21:37:34.6123724Z [1m[92m    Checking[0m hex v0.4.3
2026-10-09T21:37:34.6964083Z [1m[92m    Checking[0m shell-words v1.1.1
2026-10-09T21:37:34.8247201Z [1m[92m    Checking[0m downcast-rs v1.2.1
2026-10-09T21:37:34.8422057Z [1m[92m    Checking[0m link-section v0.19.3
2026-10-09T21:37:34.9443703Z [1m[92m   Compiling[0m link-calculator v0.22.0
2026-10-09T21:37:35.0893697Z [1m[92m    Checking[0m unicase v2.10.0
2026-10-09T21:37:35.1083734Z [1m[92m    Checking[0m equivalent v1.0.2
2026-10-09T21:37:35.2287566Z [1m[92m   Compiling[0m linktime-proc-macro v0.2.3
2026-10-09T21:37:35.2493035Z [1m[92m    Checking[0m rtc v0.21.0
2026-10-09T21:37:35.2685881Z [1m[92m    Checking[0m toml_parser v1.1.3+spec-1.1.0
2026-10-09T21:37:35.5768169Z [1m[92m    Checking[0m ctor v1.0.13
2026-10-09T21:37:35.6511290Z [1m[92m    Checking[0m indexmap v2.14.2
2026-10-09T21:37:35.8651482Z [1m[92m    Checking[0m portable-pty v0.9.0
2026-10-09T21:37:36.1193496Z [1m[92m    Checking[0m scraper v0.21.0
2026-10-09T21:37:36.1855306Z [1m[92m    Checking[0m links-notation v0.23.0
2026-10-09T21:37:36.3833709Z [1m[92m    Checking[0m futures v0.3.34
2026-10-09T21:37:36.5054085Z [1m[92m    Checking[0m vt100 v0.16.2
2026-10-09T21:37:36.5324104Z [1m[92m    Checking[0m async-channel v2.5.0
2026-10-09T21:37:36.7553366Z [1m[92m    Checking[0m clap v4.6.7
2026-10-09T21:37:36.8743398Z [1m[92m    Checking[0m serde-wasm-bindgen v0.6.5
2026-10-09T21:37:37.0384218Z [1m[92m    Checking[0m web-sys v0.3.106
2026-10-09T21:37:37.1233688Z [1m[92m    Checking[0m wasm-bindgen-futures v0.4.79
2026-10-09T21:37:37.2390839Z [1m[92m    Checking[0m async-broadcast v0.7.2
2026-10-09T21:37:37.2413282Z [1m[92m    Checking[0m sha1 v0.11.0
2026-10-09T21:37:37.4253766Z [1m[92m    Checking[0m console_error_panic_hook v0.1.7
2026-10-09T21:37:37.4387840Z [1m[92m    Checking[0m num-bigint v0.5.1
2026-10-09T21:37:37.5411119Z [1m[92m    Checking[0m num-rational v0.4.2
2026-10-09T21:37:37.7364008Z [1m[92m    Checking[0m http v1.5.0
2026-10-09T21:37:37.8410016Z [1m[92m    Checking[0m which v8.0.6
2026-10-09T21:37:38.0454150Z [1m[92m    Checking[0m filetime v0.2.29
2026-10-09T21:37:38.2164050Z [1m[92m    Checking[0m toml_writer v1.1.2+spec-1.1.0
2026-10-09T21:37:38.3034004Z [1m[92m    Checking[0m mutate_once v0.1.2
2026-10-09T21:37:38.3444087Z [1m[92m    Checking[0m lino-env v0.1.0
2026-10-09T21:37:38.4065423Z [1m[92m    Checking[0m same-file v1.0.6
2026-10-09T21:37:38.4215819Z [1m[92m    Checking[0m dotenvy v0.15.7
2026-10-09T21:37:38.4848250Z [1m[92m    Checking[0m toml_datetime v1.1.1+spec-1.1.0
2026-10-09T21:37:38.5404082Z [1m[92m    Checking[0m html-escape v0.2.15
2026-10-09T21:37:38.5916440Z [1m[92m   Compiling[0m formal-ai v0.352.1 (/home/runner/work/formal-ai/formal-ai/rust)
2026-10-09T21:37:38.6634169Z [1m[92m    Checking[0m glob v0.3.4
2026-10-09T21:37:38.7694951Z [1m[92m    Checking[0m toml_edit v0.25.15+spec-1.1.0
2026-10-09T21:37:38.9014315Z [1m[92m    Checking[0m command-stream v1.5.3
2026-10-09T21:37:39.0450460Z [1m[92m    Checking[0m web-capture v0.3.37
2026-10-09T21:37:39.3023981Z [1m[92m    Checking[0m lino-arguments v0.4.0
2026-10-09T21:37:39.3944077Z [1m[92m    Checking[0m walkdir v2.5.0
2026-10-09T21:37:39.5043638Z [1m[92m    Checking[0m kamadak-exif v0.6.1
2026-10-09T21:37:39.5643277Z [1m[92m    Checking[0m tungstenite v0.30.0
2026-10-09T21:37:39.9784342Z [1m[92m    Checking[0m webrtc v0.21.0
2026-10-09T21:37:40.0284311Z [1m[92m    Checking[0m lino-objects-codec v0.8.0
2026-10-09T21:37:40.7653869Z [1m[92m    Checking[0m sha2 v0.11.0
2026-10-09T21:37:41.0644096Z [1m[92m    Checking[0m thread-priority v3.1.1
2026-10-09T21:37:41.3244008Z [1m[92m    Checking[0m web-search v0.6.0
2026-10-09T21:37:41.3634197Z [1m[92m    Checking[0m fs2 v0.4.3
2026-10-09T21:37:42.4579606Z [1m[92m Documenting[0m formal-ai v0.352.1 (/home/runner/work/formal-ai/formal-ai/rust)
2026-10-09T21:37:51.6670106Z [1m[92m    Finished[0m `dev` profile [unoptimized] target(s) in 49.69s
2026-10-09T21:37:51.6886778Z [1m[92m   Generated[0m /home/runner/work/formal-ai/formal-ai/rust/target/doc/formal_ai/index.html
2026-10-09T21:37:51.6946340Z ##[endgroup]
2026-10-09T21:37:51.6947704Z ##[group]check-file-size-js-twin — scripts/check-file-size.mjs prints exactly what scripts/check-file-size.rs prints, with the same exit code, so agents can run the JavaScript twin instead of compiling Rust.
2026-10-09T21:37:51.6948490Z $ node scripts/lib/checks-twin-parity.mjs check-file-size
2026-10-09T21:37:56.9102345Z check-file-size: the JavaScript twin matches the Rust original (exit 0, 202 stdout line(s)).
2026-10-09T21:37:56.9149204Z ##[endgroup]
2026-10-09T21:37:56.9150296Z ##[group]check-file-size — No source file grows past the per-language ceiling that keeps merges and reviews small.
2026-10-09T21:37:56.9150760Z $ rust-script scripts/check-file-size.rs
2026-10-09T21:37:56.9189470Z 
2026-10-09T21:37:56.9189908Z Checking file line limits: Rust 1000, every other maintained text format 1500...
2026-10-09T21:37:56.9190316Z 
2026-10-09T21:37:58.3120814Z ##[warning]Maintained file has 1457 lines (approaching limit of 1500). Consider extracting content to keep at or below 1400 lines and prevent review and merge conflicts.
2026-10-09T21:37:58.3123311Z WARNING: js/app/application.jsx has 1457 lines (approaching Maintained limit of 1500, warning threshold: 1400)
2026-10-09T21:37:58.3125462Z ##[warning]Worker JavaScript file has 1460 lines (approaching limit of 1500). Consider extracting content to keep at or below 1400 lines and prevent review and merge conflicts.
2026-10-09T21:37:58.3127158Z WARNING: js/worker/formal_ai_worker_meaning_lexicon.js has 1460 lines (approaching Worker JavaScript limit of 1500, warning threshold: 1400)
2026-10-09T21:37:58.3129385Z ##[warning]Worker JavaScript file has 1417 lines (approaching limit of 1500). Consider extracting content to keep at or below 1400 lines and prevent review and merge conflicts.
2026-10-09T21:37:58.3131155Z WARNING: js/worker/formal_ai_worker_code_tasks.js has 1417 lines (approaching Worker JavaScript limit of 1500, warning threshold: 1400)
2026-10-09T21:37:58.3133446Z ##[warning]Maintained file has 1411 lines (approaching limit of 1500). Consider extracting content to keep at or below 1400 lines and prevent review and merge conflicts.
2026-10-09T21:37:58.3134608Z WARNING: CONTRIBUTING.md has 1411 lines (approaching Maintained limit of 1500, warning threshold: 1400)
2026-10-09T21:37:58.3135954Z ##[warning]GitHub Actions workflow file has 1475 lines (approaching limit of 1500). Consider extracting content to keep at or below 1400 lines and prevent review and merge conflicts.
2026-10-09T21:37:58.3137225Z WARNING: .github/workflows/release.yml has 1475 lines (approaching GitHub Actions workflow limit of 1500, warning threshold: 1400)
2026-10-09T21:37:58.3138575Z ##[warning]Links Notation file has 1426 lines (approaching limit of 1500). Consider extracting content to keep at or below 1400 lines and prevent review and merge conflicts.
2026-10-09T21:37:58.3139649Z WARNING: data/seed/multilingual-responses-synthesis.lino has 1426 lines (approaching Links Notation limit of 1500, warning threshold: 1400)
2026-10-09T21:37:58.3141023Z ##[warning]Links Notation file has 1489 lines (approaching limit of 1500). Consider extracting content to keep at or below 1400 lines and prevent review and merge conflicts.
2026-10-09T21:37:58.3142248Z WARNING: data/seed/meanings-routing-vocabulary.lino has 1489 lines (approaching Links Notation limit of 1500, warning threshold: 1400)
2026-10-09T21:37:58.3143866Z ##[warning]Links Notation file has 1444 lines (approaching limit of 1500). Consider extracting content to keep at or below 1400 lines and prevent review and merge conflicts.
2026-10-09T21:37:58.3144918Z WARNING: data/seed/meanings-response-intents.lino has 1444 lines (approaching Links Notation limit of 1500, warning threshold: 1400)
2026-10-09T21:37:58.3146238Z ##[warning]Links Notation file has 1421 lines (approaching limit of 1500). Consider extracting content to keep at or below 1400 lines and prevent review and merge conflicts.
2026-10-09T21:37:58.3147222Z WARNING: data/meta/rename-map.lino has 1421 lines (approaching Links Notation limit of 1500, warning threshold: 1400)
2026-10-09T21:37:58.3148502Z ##[warning]Rust file has 938 lines (approaching limit of 1000). Consider extracting content to keep at or below 900 lines and prevent review and merge conflicts.
2026-10-09T21:37:58.3149494Z WARNING: scripts/version-and-commit.rs has 938 lines (approaching Rust limit of 1000, warning threshold: 900)
2026-10-09T21:37:58.3150708Z ##[warning]Rust file has 989 lines (approaching limit of 1000). Consider extracting content to keep at or below 900 lines and prevent review and merge conflicts.
2026-10-09T21:37:58.3151681Z WARNING: scripts/assemble-requirements.rs has 989 lines (approaching Rust limit of 1000, warning threshold: 900)
2026-10-09T21:37:58.3153107Z ##[warning]Maintained file has 1417 lines (approaching limit of 1500). Consider extracting content to keep at or below 1400 lines and prevent review and merge conflicts.
2026-10-09T21:37:58.3154146Z WARNING: ts/worker/formal_ai_worker_code_tasks.ts has 1417 lines (approaching Maintained limit of 1500, warning threshold: 1400)
2026-10-09T21:37:58.3155589Z ##[warning]Maintained file has 1460 lines (approaching limit of 1500). Consider extracting content to keep at or below 1400 lines and prevent review and merge conflicts.
2026-10-09T21:37:58.3156617Z WARNING: ts/worker/formal_ai_worker_meaning_lexicon.ts has 1460 lines (approaching Maintained limit of 1500, warning threshold: 1400)
2026-10-09T21:37:58.3157942Z ##[warning]Links Notation file has 1426 lines (approaching limit of 1500). Consider extracting content to keep at or below 1400 lines and prevent review and merge conflicts.
2026-10-09T21:37:58.3159050Z WARNING: rust/embedded/data/seed/multilingual-responses-synthesis.lino has 1426 lines (approaching Links Notation limit of 1500, warning threshold: 1400)
2026-10-09T21:37:58.3160422Z ##[warning]Links Notation file has 1489 lines (approaching limit of 1500). Consider extracting content to keep at or below 1400 lines and prevent review and merge conflicts.
2026-10-09T21:37:58.3161496Z WARNING: rust/embedded/data/seed/meanings-routing-vocabulary.lino has 1489 lines (approaching Links Notation limit of 1500, warning threshold: 1400)
2026-10-09T21:37:58.3163047Z ##[warning]Links Notation file has 1444 lines (approaching limit of 1500). Consider extracting content to keep at or below 1400 lines and prevent review and merge conflicts.
2026-10-09T21:37:58.3164118Z WARNING: rust/embedded/data/seed/meanings-response-intents.lino has 1444 lines (approaching Links Notation limit of 1500, warning threshold: 1400)
2026-10-09T21:37:58.3165547Z ##[warning]Rust file has 962 lines (approaching limit of 1000). Consider extracting content to keep at or below 900 lines and prevent review and merge conflicts.
2026-10-09T21:37:58.3166499Z WARNING: rust/tests/source/solver_helpers.rs has 962 lines (approaching Rust limit of 1000, warning threshold: 900)
2026-10-09T21:37:58.3167750Z ##[warning]Rust file has 982 lines (approaching limit of 1000). Consider extracting content to keep at or below 900 lines and prevent review and merge conflicts.
2026-10-09T21:37:58.3168791Z WARNING: rust/tests/integration/issue_703_orchestration_followup.rs has 982 lines (approaching Rust limit of 1000, warning threshold: 900)
2026-10-09T21:37:58.3170076Z ##[warning]Rust file has 999 lines (approaching limit of 1000). Consider extracting content to keep at or below 900 lines and prevent review and merge conflicts.
2026-10-09T21:37:58.3171037Z WARNING: rust/tests/unit/docs_requirements.rs has 999 lines (approaching Rust limit of 1000, warning threshold: 900)
2026-10-09T21:37:58.3172396Z ##[warning]Rust file has 961 lines (approaching limit of 1000). Consider extracting content to keep at or below 900 lines and prevent review and merge conflicts.
2026-10-09T21:37:58.3173429Z WARNING: rust/tests/unit/pull_request_1188_teach_f.rs has 961 lines (approaching Rust limit of 1000, warning threshold: 900)
2026-10-09T21:37:58.3174669Z ##[warning]Rust file has 986 lines (approaching limit of 1000). Consider extracting content to keep at or below 900 lines and prevent review and merge conflicts.
2026-10-09T21:37:58.3175700Z WARNING: rust/tests/unit/capability-routing/issue_1175_claim_routing.rs has 986 lines (approaching Rust limit of 1000, warning threshold: 900)
2026-10-09T21:37:58.3176965Z ##[warning]Rust file has 973 lines (approaching limit of 1000). Consider extracting content to keep at or below 900 lines and prevent review and merge conflicts.
2026-10-09T21:37:58.3177972Z WARNING: rust/tests/unit/specification/external_benchmarks.rs has 973 lines (approaching Rust limit of 1000, warning threshold: 900)
2026-10-09T21:37:58.3179216Z ##[warning]Rust file has 961 lines (approaching limit of 1000). Consider extracting content to keep at or below 900 lines and prevent review and merge conflicts.
2026-10-09T21:37:58.3180193Z WARNING: rust/tests/unit/specification/self_hosting_metric.rs has 961 lines (approaching Rust limit of 1000, warning threshold: 900)
2026-10-09T21:37:58.3181620Z ##[warning]Rust file has 965 lines (approaching limit of 1000). Consider extracting content to keep at or below 900 lines and prevent review and merge conflicts.
2026-10-09T21:37:58.3183081Z WARNING: rust/tests/unit/specification/text_manipulation.rs has 965 lines (approaching Rust limit of 1000, warning threshold: 900)
2026-10-09T21:37:58.3184356Z ##[warning]Rust file has 953 lines (approaching limit of 1000). Consider extracting content to keep at or below 900 lines and prevent review and merge conflicts.
2026-10-09T21:37:58.3185330Z WARNING: rust/tests/unit/issue_918_handler_rules_batch.rs has 953 lines (approaching Rust limit of 1000, warning threshold: 900)
2026-10-09T21:37:58.3186542Z ##[warning]Rust file has 941 lines (approaching limit of 1000). Consider extracting content to keep at or below 900 lines and prevent review and merge conflicts.
2026-10-09T21:37:58.3187547Z WARNING: rust/tests/unit/coding_discovery/no_memorization.rs has 941 lines (approaching Rust limit of 1000, warning threshold: 900)
2026-10-09T21:37:58.3188784Z ##[warning]Rust file has 989 lines (approaching limit of 1000). Consider extracting content to keep at or below 900 lines and prevent review and merge conflicts.
2026-10-09T21:37:58.3189733Z WARNING: rust/tests/unit/ci-cd/release_publishing.rs has 989 lines (approaching Rust limit of 1000, warning threshold: 900)
2026-10-09T21:37:58.3190935Z ##[warning]Rust file has 959 lines (approaching limit of 1000). Consider extracting content to keep at or below 900 lines and prevent review and merge conflicts.
2026-10-09T21:37:58.3191917Z WARNING: rust/tests/unit/ci-cd/step_budgets_within_job_clocks.rs has 959 lines (approaching Rust limit of 1000, warning threshold: 900)
2026-10-09T21:37:58.3193430Z ##[warning]Rust file has 1000 lines (approaching limit of 1000). Consider extracting content to keep at or below 900 lines and prevent review and merge conflicts.
2026-10-09T21:37:58.3194414Z WARNING: rust/tests/unit/ci-cd/workflow_release.rs has 1000 lines (approaching Rust limit of 1000, warning threshold: 900)
2026-10-09T21:37:58.3195702Z ##[warning]Rust file has 904 lines (approaching limit of 1000). Consider extracting content to keep at or below 900 lines and prevent review and merge conflicts.
2026-10-09T21:37:58.3196649Z WARNING: rust/tests/unit/ci-cd/job_budget_fit.rs has 904 lines (approaching Rust limit of 1000, warning threshold: 900)
2026-10-09T21:37:58.3197849Z ##[warning]Rust file has 936 lines (approaching limit of 1000). Consider extracting content to keep at or below 900 lines and prevent review and merge conflicts.
2026-10-09T21:37:58.3198756Z WARNING: rust/src/web_formalize.rs has 936 lines (approaching Rust limit of 1000, warning threshold: 900)
2026-10-09T21:37:58.3199970Z ##[warning]Rust file has 981 lines (approaching limit of 1000). Consider extracting content to keep at or below 900 lines and prevent review and merge conflicts.
2026-10-09T21:37:58.3200975Z WARNING: rust/src/main.rs has 981 lines (approaching Rust limit of 1000, warning threshold: 900)
2026-10-09T21:37:58.3202292Z ##[warning]Rust file has 975 lines (approaching limit of 1000). Consider extracting content to keep at or below 900 lines and prevent review and merge conflicts.
2026-10-09T21:37:58.3203298Z WARNING: rust/src/solver_handlers/statistics.rs has 975 lines (approaching Rust limit of 1000, warning threshold: 900)
2026-10-09T21:37:58.3204514Z ##[warning]Rust file has 949 lines (approaching limit of 1000). Consider extracting content to keep at or below 900 lines and prevent review and merge conflicts.
2026-10-09T21:37:58.3205488Z WARNING: rust/src/solver_handlers/text_manipulation.rs has 949 lines (approaching Rust limit of 1000, warning threshold: 900)
2026-10-09T21:37:58.3206713Z ##[warning]Rust file has 910 lines (approaching limit of 1000). Consider extracting content to keep at or below 900 lines and prevent review and merge conflicts.
2026-10-09T21:37:58.3207669Z WARNING: rust/src/solver_handlers/web_search_intent.rs has 910 lines (approaching Rust limit of 1000, warning threshold: 900)
2026-10-09T21:37:58.3208880Z ##[warning]Rust file has 998 lines (approaching limit of 1000). Consider extracting content to keep at or below 900 lines and prevent review and merge conflicts.
2026-10-09T21:37:58.3209942Z WARNING: rust/src/meta_method_dispatch.rs has 998 lines (approaching Rust limit of 1000, warning threshold: 900)
2026-10-09T21:37:58.3211126Z ##[warning]Rust file has 980 lines (approaching limit of 1000). Consider extracting content to keep at or below 900 lines and prevent review and merge conflicts.
2026-10-09T21:37:58.3212019Z WARNING: rust/src/seed.rs has 980 lines (approaching Rust limit of 1000, warning threshold: 900)
2026-10-09T21:37:58.3213351Z ##[warning]Rust file has 955 lines (approaching limit of 1000). Consider extracting content to keep at or below 900 lines and prevent review and merge conflicts.
2026-10-09T21:37:58.3214289Z WARNING: rust/src/concept_lookup.rs has 955 lines (approaching Rust limit of 1000, warning threshold: 900)
2026-10-09T21:37:58.3215448Z ##[warning]Rust file has 950 lines (approaching limit of 1000). Consider extracting content to keep at or below 900 lines and prevent review and merge conflicts.
2026-10-09T21:37:58.3216385Z WARNING: rust/src/server.rs has 950 lines (approaching Rust limit of 1000, warning threshold: 900)
2026-10-09T21:37:58.3217529Z ##[warning]Rust file has 984 lines (approaching limit of 1000). Consider extracting content to keep at or below 900 lines and prevent review and merge conflicts.
2026-10-09T21:37:58.3218420Z WARNING: rust/src/es_meta.rs has 984 lines (approaching Rust limit of 1000, warning threshold: 900)
2026-10-09T21:37:58.3219681Z ##[warning]Rust file has 974 lines (approaching limit of 1000). Consider extracting content to keep at or below 900 lines and prevent review and merge conflicts.
2026-10-09T21:37:58.3220629Z WARNING: rust/src/meta_reasoner/reasoner.rs has 974 lines (approaching Rust limit of 1000, warning threshold: 900)
2026-10-09T21:37:58.3221827Z ##[warning]Rust file has 968 lines (approaching limit of 1000). Consider extracting content to keep at or below 900 lines and prevent review and merge conflicts.
2026-10-09T21:37:58.3222924Z WARNING: rust/src/repository_workspace/mod.rs has 968 lines (approaching Rust limit of 1000, warning threshold: 900)
2026-10-09T21:37:58.3224141Z ##[warning]Rust file has 1000 lines (approaching limit of 1000). Consider extracting content to keep at or below 900 lines and prevent review and merge conflicts.
2026-10-09T21:37:58.3225124Z WARNING: rust/src/agentic_coding/positional_edit.rs has 1000 lines (approaching Rust limit of 1000, warning threshold: 900)
2026-10-09T21:37:58.3226344Z ##[warning]Rust file has 998 lines (approaching limit of 1000). Consider extracting content to keep at or below 900 lines and prevent review and merge conflicts.
2026-10-09T21:37:58.3227278Z WARNING: rust/src/agentic_coding/planner.rs has 998 lines (approaching Rust limit of 1000, warning threshold: 900)
2026-10-09T21:37:58.3228466Z ##[warning]Rust file has 962 lines (approaching limit of 1000). Consider extracting content to keep at or below 900 lines and prevent review and merge conflicts.
2026-10-09T21:37:58.3229428Z WARNING: rust/src/agentic_coding/evidence_record.rs has 962 lines (approaching Rust limit of 1000, warning threshold: 900)
2026-10-09T21:37:58.3230691Z ##[warning]Rust file has 957 lines (approaching limit of 1000). Consider extracting content to keep at or below 900 lines and prevent review and merge conflicts.
2026-10-09T21:37:58.3231684Z WARNING: rust/src/agentic_coding/workspace_line_operation.rs has 957 lines (approaching Rust limit of 1000, warning threshold: 900)
2026-10-09T21:37:58.3233119Z ##[warning]Rust file has 987 lines (approaching limit of 1000). Consider extracting content to keep at or below 900 lines and prevent review and merge conflicts.
2026-10-09T21:37:58.3234097Z WARNING: rust/src/agentic_coding/workspace_computed_change.rs has 987 lines (approaching Rust limit of 1000, warning threshold: 900)
2026-10-09T21:37:58.3235356Z ##[warning]Rust file has 1000 lines (approaching limit of 1000). Consider extracting content to keep at or below 900 lines and prevent review and merge conflicts.
2026-10-09T21:37:58.3236435Z WARNING: rust/src/agentic_coding/write_request.rs has 1000 lines (approaching Rust limit of 1000, warning threshold: 900)
2026-10-09T21:37:58.3237639Z ##[warning]Rust file has 915 lines (approaching limit of 1000). Consider extracting content to keep at or below 900 lines and prevent review and merge conflicts.
2026-10-09T21:37:58.3238582Z WARNING: rust/src/agentic_coding/repair_loop.rs has 915 lines (approaching Rust limit of 1000, warning threshold: 900)
2026-10-09T21:37:58.3239767Z ##[warning]Rust file has 948 lines (approaching limit of 1000). Consider extracting content to keep at or below 900 lines and prevent review and merge conflicts.
2026-10-09T21:37:58.3240728Z WARNING: rust/src/agentic_coding/workspace_change.rs has 948 lines (approaching Rust limit of 1000, warning threshold: 900)
2026-10-09T21:37:58.3241934Z ##[warning]Rust file has 988 lines (approaching limit of 1000). Consider extracting content to keep at or below 900 lines and prevent review and merge conflicts.
2026-10-09T21:37:58.3243065Z WARNING: rust/src/agentic_coding/shell_command.rs has 988 lines (approaching Rust limit of 1000, warning threshold: 900)
2026-10-09T21:37:58.3244271Z ##[warning]Rust file has 986 lines (approaching limit of 1000). Consider extracting content to keep at or below 900 lines and prevent review and merge conflicts.
2026-10-09T21:37:58.3245179Z WARNING: rust/src/calculation.rs has 986 lines (approaching Rust limit of 1000, warning threshold: 900)
2026-10-09T21:37:58.3246444Z ##[warning]Rust file has 941 lines (approaching limit of 1000). Consider extracting content to keep at or below 900 lines and prevent review and merge conflicts.
2026-10-09T21:37:58.3247403Z WARNING: rust/src/coding_research_learning.rs has 941 lines (approaching Rust limit of 1000, warning threshold: 900)
2026-10-09T21:37:58.3248595Z ##[warning]Rust file has 928 lines (approaching limit of 1000). Consider extracting content to keep at or below 900 lines and prevent review and merge conflicts.
2026-10-09T21:37:58.3249531Z WARNING: rust/src/seed/embedded_registry.rs has 928 lines (approaching Rust limit of 1000, warning threshold: 900)
2026-10-09T21:37:58.3250703Z ##[warning]Rust file has 973 lines (approaching limit of 1000). Consider extracting content to keep at or below 900 lines and prevent review and merge conflicts.
2026-10-09T21:37:58.3251614Z WARNING: rust/src/rule_interpreter.rs has 973 lines (approaching Rust limit of 1000, warning threshold: 900)
2026-10-09T21:37:58.3252934Z ##[warning]Rust file has 901 lines (approaching limit of 1000). Consider extracting content to keep at or below 900 lines and prevent review and merge conflicts.
2026-10-09T21:37:58.3253855Z WARNING: rust/src/self_ast_census.rs has 901 lines (approaching Rust limit of 1000, warning threshold: 900)
2026-10-09T21:37:58.3255012Z ##[warning]Rust file has 933 lines (approaching limit of 1000). Consider extracting content to keep at or below 900 lines and prevent review and merge conflicts.
2026-10-09T21:37:58.3255935Z WARNING: rust/src/coding/composition.rs has 933 lines (approaching Rust limit of 1000, warning threshold: 900)
2026-10-09T21:37:58.3257107Z ##[warning]Rust file has 948 lines (approaching limit of 1000). Consider extracting content to keep at or below 900 lines and prevent review and merge conflicts.
2026-10-09T21:37:58.3258054Z WARNING: rust/src/proof_engine/decision/linear.rs has 948 lines (approaching Rust limit of 1000, warning threshold: 900)
2026-10-09T21:37:58.3259399Z ##[warning]Maintained file has 1426 lines (approaching limit of 1500). Consider extracting content to keep at or below 1400 lines and prevent review and merge conflicts.
2026-10-09T21:37:58.3260416Z WARNING: docs/requirements-traceability.md has 1426 lines (approaching Maintained limit of 1500, warning threshold: 1400)
2026-10-09T21:37:58.3261693Z ##[warning]Maintained file has 1482 lines (approaching limit of 1500). Consider extracting content to keep at or below 1400 lines and prevent review and merge conflicts.
2026-10-09T21:37:58.3263305Z WARNING: experiments/formal_ai_subagent/evidence/specification-delivery-1188/curated-project-summary-parity/project-parity-pre-repair-observations.json has 1482 lines (approaching Maintained limit of 1500, warning threshold: 1400)
2026-10-09T21:37:58.3264882Z ##[warning]Rust file has 905 lines (approaching limit of 1000). Consider extracting content to keep at or below 900 lines and prevent review and merge conflicts.
2026-10-09T21:37:58.3266154Z WARNING: experiments/formal_ai_subagent/evidence/specification-delivery-1188/source-qualified-definitions/T2415-reconstructed-formatted-web_search_intent.rs has 905 lines (approaching Rust limit of 1000, warning threshold: 900)
2026-10-09T21:37:58.3267685Z ##[warning]Rust file has 975 lines (approaching limit of 1000). Consider extracting content to keep at or below 900 lines and prevent review and merge conflicts.
2026-10-09T21:37:58.3268887Z WARNING: experiments/formal_ai_subagent/evidence/specification-delivery-1188/source-qualified-definitions/T2415-preimage-statistics.rs has 975 lines (approaching Rust limit of 1000, warning threshold: 900)
2026-10-09T21:37:58.3270336Z ##[warning]Rust file has 910 lines (approaching limit of 1000). Consider extracting content to keep at or below 900 lines and prevent review and merge conflicts.
2026-10-09T21:37:58.3271540Z WARNING: experiments/formal_ai_subagent/evidence/specification-delivery-1188/source-qualified-definitions/T2415-preimage-web_search_intent.rs has 910 lines (approaching Rust limit of 1000, warning threshold: 900)
2026-10-09T21:37:58.3273241Z ##[warning]Rust file has 970 lines (approaching limit of 1000). Consider extracting content to keep at or below 900 lines and prevent review and merge conflicts.
2026-10-09T21:37:58.3274493Z WARNING: experiments/formal_ai_subagent/evidence/specification-delivery-1188/source-qualified-definitions/T2415-reconstructed-formatted-statistics.rs has 970 lines (approaching Rust limit of 1000, warning threshold: 900)
2026-10-09T21:37:58.3275114Z 
2026-10-09T21:37:58.3275259Z The following files are approaching their configured line limits:
2026-10-09T21:37:58.3275566Z   js/app/application.jsx
2026-10-09T21:37:58.3275801Z   js/worker/formal_ai_worker_meaning_lexicon.js
2026-10-09T21:37:58.3276069Z   js/worker/formal_ai_worker_code_tasks.js
2026-10-09T21:37:58.3276297Z   CONTRIBUTING.md
2026-10-09T21:37:58.3276489Z   .github/workflows/release.yml
2026-10-09T21:37:58.3276733Z   data/seed/multilingual-responses-synthesis.lino
2026-10-09T21:37:58.3277019Z   data/seed/meanings-routing-vocabulary.lino
2026-10-09T21:37:58.3277275Z   data/seed/meanings-response-intents.lino
2026-10-09T21:37:58.3277522Z   data/meta/rename-map.lino
2026-10-09T21:37:58.3277742Z   scripts/version-and-commit.rs
2026-10-09T21:37:58.3277972Z   scripts/assemble-requirements.rs
2026-10-09T21:37:58.3278207Z   ts/worker/formal_ai_worker_code_tasks.ts
2026-10-09T21:37:58.3278450Z   ts/worker/formal_ai_worker_meaning_lexicon.ts
2026-10-09T21:37:58.3278757Z   rust/embedded/data/seed/multilingual-responses-synthesis.lino
2026-10-09T21:37:58.3279111Z   rust/embedded/data/seed/meanings-routing-vocabulary.lino
2026-10-09T21:37:58.3279433Z   rust/embedded/data/seed/meanings-response-intents.lino
2026-10-09T21:37:58.3279707Z   rust/tests/source/solver_helpers.rs
2026-10-09T21:37:58.3279987Z   rust/tests/integration/issue_703_orchestration_followup.rs
2026-10-09T21:37:58.3280271Z   rust/tests/unit/docs_requirements.rs
2026-10-09T21:37:58.3280516Z   rust/tests/unit/pull_request_1188_teach_f.rs
2026-10-09T21:37:58.3280825Z   rust/tests/unit/capability-routing/issue_1175_claim_routing.rs
2026-10-09T21:37:58.3281149Z   rust/tests/unit/specification/external_benchmarks.rs
2026-10-09T21:37:58.3281444Z   rust/tests/unit/specification/self_hosting_metric.rs
2026-10-09T21:37:58.3281727Z   rust/tests/unit/specification/text_manipulation.rs
2026-10-09T21:37:58.3282007Z   rust/tests/unit/issue_918_handler_rules_batch.rs
2026-10-09T21:37:58.3282419Z   rust/tests/unit/coding_discovery/no_memorization.rs
2026-10-09T21:37:58.3282813Z   rust/tests/unit/ci-cd/release_publishing.rs
2026-10-09T21:37:58.3283088Z   rust/tests/unit/ci-cd/step_budgets_within_job_clocks.rs
2026-10-09T21:37:58.3283361Z   rust/tests/unit/ci-cd/workflow_release.rs
2026-10-09T21:37:58.3283611Z   rust/tests/unit/ci-cd/job_budget_fit.rs
2026-10-09T21:37:58.3283843Z   rust/src/web_formalize.rs
2026-10-09T21:37:58.3284047Z   rust/src/main.rs
2026-10-09T21:37:58.3284240Z   rust/src/solver_handlers/statistics.rs
2026-10-09T21:37:58.3284494Z   rust/src/solver_handlers/text_manipulation.rs
2026-10-09T21:37:58.3284758Z   rust/src/solver_handlers/web_search_intent.rs
2026-10-09T21:37:58.3285013Z   rust/src/meta_method_dispatch.rs
2026-10-09T21:37:58.3285228Z   rust/src/seed.rs
2026-10-09T21:37:58.3285410Z   rust/src/concept_lookup.rs
2026-10-09T21:37:58.3285616Z   rust/src/server.rs
2026-10-09T21:37:58.3285799Z   rust/src/es_meta.rs
2026-10-09T21:37:58.3285997Z   rust/src/meta_reasoner/reasoner.rs
2026-10-09T21:37:58.3286231Z   rust/src/repository_workspace/mod.rs
2026-10-09T21:37:58.3286480Z   rust/src/agentic_coding/positional_edit.rs
2026-10-09T21:37:58.3286719Z   rust/src/agentic_coding/planner.rs
2026-10-09T21:37:58.3286942Z   rust/src/agentic_coding/evidence_record.rs
2026-10-09T21:37:58.3287207Z   rust/src/agentic_coding/workspace_line_operation.rs
2026-10-09T21:37:58.3287486Z   rust/src/agentic_coding/workspace_computed_change.rs
2026-10-09T21:37:58.3287753Z   rust/src/agentic_coding/write_request.rs
2026-10-09T21:37:58.3287991Z   rust/src/agentic_coding/repair_loop.rs
2026-10-09T21:37:58.3288240Z   rust/src/agentic_coding/workspace_change.rs
2026-10-09T21:37:58.3288588Z   rust/src/agentic_coding/shell_command.rs
2026-10-09T21:37:58.3288824Z   rust/src/calculation.rs
2026-10-09T21:37:58.3289032Z   rust/src/coding_research_learning.rs
2026-10-09T21:37:58.3289252Z   rust/src/seed/embedded_registry.rs
2026-10-09T21:37:58.3289478Z   rust/src/rule_interpreter.rs
2026-10-09T21:37:58.3289686Z   rust/src/self_ast_census.rs
2026-10-09T21:37:58.3289906Z   rust/src/coding/composition.rs
2026-10-09T21:37:58.3290131Z   rust/src/proof_engine/decision/linear.rs
2026-10-09T21:37:58.3290376Z   docs/requirements-traceability.md
2026-10-09T21:37:58.3290911Z   experiments/formal_ai_subagent/evidence/specification-delivery-1188/curated-project-summary-parity/project-parity-pre-repair-observations.json
2026-10-09T21:37:58.3291728Z   experiments/formal_ai_subagent/evidence/specification-delivery-1188/source-qualified-definitions/T2415-reconstructed-formatted-web_search_intent.rs
2026-10-09T21:37:58.3292648Z   experiments/formal_ai_subagent/evidence/specification-delivery-1188/source-qualified-definitions/T2415-preimage-statistics.rs
2026-10-09T21:37:58.3293354Z   experiments/formal_ai_subagent/evidence/specification-delivery-1188/source-qualified-definitions/T2415-preimage-web_search_intent.rs
2026-10-09T21:37:58.3294145Z   experiments/formal_ai_subagent/evidence/specification-delivery-1188/source-qualified-definitions/T2415-reconstructed-formatted-statistics.rs
2026-10-09T21:37:58.3294794Z 
2026-10-09T21:37:58.3295049Z Consider extracting code to prevent concurrent PR merge limit violations.
2026-10-09T21:37:58.3295417Z 
2026-10-09T21:37:58.3295569Z All checked files are within their line limits
2026-10-09T21:37:58.3295827Z 
2026-10-09T21:37:58.3296063Z ##[endgroup]
2026-10-09T21:37:58.3297063Z ##[group]check-formal-ai-contribution — Each pull request carries Formal AI-authored work, and the requirement relaxes once the pull request has been open for more than a day. Nothing here gates a release.
2026-10-09T21:37:58.3297762Z $ rust-script --test scripts/check-formal-ai-contribution.rs
2026-10-09T21:37:58.3298454Z [1m[92m   Compiling[0m check-formal-ai-contribution_157884525823f1ca259a6351 v0.1.0 (/home/runner/.cache/rust-script/projects/157884525823f1ca259a6351)
2026-10-09T21:37:58.4545219Z [1m[92m    Finished[0m `test` profile [unoptimized + debuginfo] target(s) in 0.13s
2026-10-09T21:37:58.4547050Z [1m[92m     Running[0m unittests /home/runner/work/formal-ai/formal-ai/scripts/check-formal-ai-contribution.rs (/home/runner/.cache/rust-script/binaries/debug/deps/check_formal_ai_contribution_157884525823f1ca259a6351-e9d9db303663de8b)
2026-10-09T21:37:58.4557137Z 
2026-10-09T21:37:58.4557334Z running 8 tests
2026-10-09T21:37:58.4560333Z test tests::a_relaxed_verdict_never_reports_itself_as_satisfied ... ok
2026-10-09T21:37:58.4561338Z test tests::a_zone_offset_is_subtracted_rather_than_ignored ... ok
2026-10-09T21:37:58.4561951Z test tests::a_malformed_timestamp_is_an_error_not_a_silent_zero ... ok
2026-10-09T21:37:58.4562611Z test tests::after_more_than_a_day_the_requirement_relaxes ... ok
2026-10-09T21:37:58.4563159Z test tests::a_fresh_pull_request_without_formal_ai_work_fails ... ok
2026-10-09T21:37:58.4563712Z test tests::formal_ai_authored_work_satisfies_the_requirement ... ok
2026-10-09T21:37:58.4564245Z test tests::the_boundary_is_more_than_a_day_not_at_least_a_day ... ok
2026-10-09T21:37:58.4564743Z test tests::hours_are_counted_across_days_and_months ... ok
2026-10-09T21:37:58.4565042Z 
2026-10-09T21:37:58.4565365Z test result: ok. 8 passed; 0 failed; 0 ignored; 0 measured; 0 filtered out; finished in 0.00s
2026-10-09T21:37:58.4565724Z 
2026-10-09T21:37:58.4580265Z ##[endgroup]
2026-10-09T21:37:58.4580849Z ##[group]check-formatting — rustfmt owns the layout of every Rust file, so no review spends time on it.
2026-10-09T21:37:58.4581321Z $ cargo fmt --manifest-path rust/Cargo.toml --all -- --check
2026-10-09T21:38:02.4031433Z ##[endgroup]
2026-10-09T21:38:02.4032667Z ##[group]check-fragment-release-map — The fragment release map regenerates to exactly what is committed.
2026-10-09T21:38:02.4033838Z $ node --test experiments/issue_738_fragment_release_map.test.mjs
2026-10-09T21:38:02.4582017Z TAP version 13
2026-10-09T21:38:06.9217326Z # Note: switching to 'b3953871e7aa9a10936447fd3a64b30903c9e852'.
2026-10-09T21:38:06.9218037Z # You are in 'detached HEAD' state. You can look around, make experimental
2026-10-09T21:38:06.9220926Z # changes and commit them, and you can discard any commits you make in this
2026-10-09T21:38:06.9221969Z # state without impacting any branches by switching back to a branch.
2026-10-09T21:38:06.9224027Z # If you want to create a new branch to retain commits you create, you may
2026-10-09T21:38:06.9226166Z # do so (now or later) by using -c with the switch command. Example:
2026-10-09T21:38:06.9227208Z #   git switch -c <new-branch-name>
2026-10-09T21:38:06.9228963Z # Or undo this operation with:
2026-10-09T21:38:06.9230765Z #   git switch -
2026-10-09T21:38:06.9231934Z # Turn off this advice by setting config variable advice.detachedHead to false
2026-10-09T21:38:12.6282276Z # Reconstructed 677 fragments across 386 non-empty releases from HEAD.
2026-10-09T21:38:15.8262295Z # Subtest: fragment map is derivable without release commit hashes
2026-10-09T21:38:15.8270698Z ok 1 - fragment map is derivable without release commit hashes
2026-10-09T21:38:15.8271164Z   ---
2026-10-09T21:38:15.8271420Z   duration_ms: 2.107736
2026-10-09T21:38:15.8271727Z   type: 'test'
2026-10-09T21:38:15.8271980Z   ...
2026-10-09T21:38:15.8272578Z # Subtest: pending release fragments are rendered before their commit exists
2026-10-09T21:38:15.8288189Z ok 2 - pending release fragments are rendered before their commit exists
2026-10-09T21:38:15.8288669Z   ---
2026-10-09T21:38:15.8288926Z   duration_ms: 0.408966
2026-10-09T21:38:15.8289212Z   type: 'test'
2026-10-09T21:38:15.8289460Z   ...
2026-10-09T21:38:15.8289883Z # Subtest: release regeneration records a consumed fragment in the release commit
2026-10-09T21:38:15.8290535Z ok 3 - release regeneration records a consumed fragment in the release commit
2026-10-09T21:38:15.8290967Z   ---
2026-10-09T21:38:15.8291181Z   duration_ms: 13326.524439
2026-10-09T21:38:15.8291497Z   type: 'test'
2026-10-09T21:38:15.8291728Z   ...
2026-10-09T21:38:15.8292289Z # Subtest: a short history keeps every release in CHANGELOG.md and writes no archive
2026-10-09T21:38:15.8292909Z ok 4 - a short history keeps every release in CHANGELOG.md and writes no archive
2026-10-09T21:38:15.8293793Z   ---
2026-10-09T21:38:15.8294031Z   duration_ms: 0.348367
2026-10-09T21:38:15.8294299Z   type: 'test'
2026-10-09T21:38:15.8294533Z   ...
2026-10-09T21:38:15.8294934Z # Subtest: older releases roll into size-capped archives linked from CHANGELOG.md
2026-10-09T21:38:15.8295583Z ok 5 - older releases roll into size-capped archives linked from CHANGELOG.md
2026-10-09T21:38:15.8296029Z   ---
2026-10-09T21:38:15.8296249Z   duration_ms: 4.268432
2026-10-09T21:38:15.8296498Z   type: 'test'
2026-10-09T21:38:15.8296704Z   ...
2026-10-09T21:38:15.8297095Z # Subtest: a full archive file is not rewritten when a new release is added
2026-10-09T21:38:15.8297681Z ok 6 - a full archive file is not rewritten when a new release is added
2026-10-09T21:38:15.8298111Z   ---
2026-10-09T21:38:15.8298351Z   duration_ms: 2.160876
2026-10-09T21:38:15.8298633Z   type: 'test'
2026-10-09T21:38:15.8298869Z   ...
2026-10-09T21:38:15.8299231Z # Subtest: archived link targets are rebased to the archive directory
2026-10-09T21:38:15.8299791Z ok 7 - archived link targets are rebased to the archive directory
2026-10-09T21:38:15.8300223Z   ---
2026-10-09T21:38:15.8300472Z   duration_ms: 0.208299
2026-10-09T21:38:15.8300727Z   type: 'test'
2026-10-09T21:38:15.8300987Z   ...
2026-10-09T21:38:15.8380162Z 1..7
2026-10-09T21:38:15.8380480Z # tests 7
2026-10-09T21:38:15.8380745Z # suites 0
2026-10-09T21:38:15.8383589Z # pass 7
2026-10-09T21:38:15.8383849Z # fail 0
2026-10-09T21:38:15.8384086Z # cancelled 0
2026-10-09T21:38:15.8384613Z # skipped 0
2026-10-09T21:38:15.8385162Z # todo 0
2026-10-09T21:38:15.8385527Z # duration_ms 13397.49606
2026-10-09T21:38:15.8432847Z ##[endgroup]
2026-10-09T21:38:15.8434386Z ##[group]check-generated-version-literals — No third-party action SHA or bare toolchain version is memorized in data/, because workflow templates and ci_setup rows carry placeholders that version_resolution fills at generation time, issue #1168 R1168-6 and R1168-7.
2026-10-09T21:38:15.8435417Z $ rust-script scripts/check-generated-version-literals.rs
2026-10-09T21:38:16.2400066Z generated-version literals: 0 finding(s) under data/ (captured evidence excluded)
2026-10-09T21:38:16.2400617Z generated-version literals: clean
2026-10-09T21:38:16.2401273Z ##[endgroup]
2026-10-09T21:38:16.2402582Z ##[group]check-hardcoded-language-js-twin — scripts/check-hardcoded-language.mjs prints exactly what scripts/check-hardcoded-language.rs prints, with the same exit code, so agents can run the JavaScript twin instead of compiling Rust.
2026-10-09T21:38:16.2403413Z $ node scripts/lib/checks-twin-parity.mjs check-hardcoded-language
2026-10-09T21:38:17.4381393Z check-hardcoded-language: the JavaScript twin matches the Rust original (exit 0, 7 stdout line(s)).
2026-10-09T21:38:17.4421889Z ##[endgroup]
2026-10-09T21:38:17.4422832Z ##[group]check-hardcoded-language — No natural-language string is hardcoded outside the seed data and its allowlist.
2026-10-09T21:38:17.4423331Z $ rust-script scripts/check-hardcoded-language.rs
2026-10-09T21:38:17.4463447Z 
2026-10-09T21:38:17.4463809Z Checking rust/src/ for hardcoded user-facing natural language (R379)...
2026-10-09T21:38:17.4464205Z 
2026-10-09T21:38:17.5101103Z Detected prose literals: 682 | allowlisted: 682
2026-10-09T21:38:17.5101448Z 
2026-10-09T21:38:17.5101676Z No new hardcoded natural language; allowlist is in sync (682 entries).
2026-10-09T21:38:17.5101962Z 
2026-10-09T21:38:17.5102962Z ##[endgroup]
2026-10-09T21:38:17.5103868Z ##[group]check-head-pipeline-coverage — The default-branch coverage audit still tells a gap apart from a run that has not appeared yet.
2026-10-09T21:38:17.5104441Z $ rust-script --test scripts/check-head-pipeline-coverage.rs
2026-10-09T21:38:17.5271698Z [1m[92m   Compiling[0m check-head-pipeline-coverage_d4b1d493386eeb6a8fdc8319 v0.1.0 (/home/runner/.cache/rust-script/projects/d4b1d493386eeb6a8fdc8319)
2026-10-09T21:38:17.6770037Z [1m[92m    Finished[0m `test` profile [unoptimized + debuginfo] target(s) in 0.15s
2026-10-09T21:38:17.6771374Z [1m[92m     Running[0m unittests /home/runner/work/formal-ai/formal-ai/scripts/check-head-pipeline-coverage.rs (/home/runner/.cache/rust-script/binaries/debug/deps/check_head_pipeline_coverage_d4b1d493386eeb6a8fdc8319-8536f6f995aa0786)
2026-10-09T21:38:17.6782337Z 
2026-10-09T21:38:17.6782469Z running 7 tests
2026-10-09T21:38:17.6785391Z test tests::a_covered_tip_says_nothing_at_all ... ok
2026-10-09T21:38:17.6786157Z test tests::a_sample_with_nothing_covered_says_so_instead_of_naming_a_distance ... ok
2026-10-09T21:38:17.6786677Z test tests::a_tip_younger_than_the_grace_period_is_unknown_rather_than_a_gap ... ok
2026-10-09T21:38:17.6804154Z test tests::an_empty_sample_is_unknown_and_never_a_pass ... ok
2026-10-09T21:38:17.6805034Z test tests::the_report_names_every_sampled_commit ... ok
2026-10-09T21:38:17.6805765Z test tests::uncovered_commits_beneath_a_covered_tip_are_not_a_gap ... ok
2026-10-09T21:38:17.6806204Z test tests::the_measured_ledger_push_is_reported_as_a_gap_one_commit_deep ... ok
2026-10-09T21:38:17.6806464Z 
2026-10-09T21:38:17.6806668Z test result: ok. 7 passed; 0 failed; 0 ignored; 0 measured; 0 filtered out; finished in 0.00s
2026-10-09T21:38:17.6806937Z 
2026-10-09T21:38:17.6807831Z ##[endgroup]
2026-10-09T21:38:17.6808817Z ##[group]check-issue-citations — Every prose claim that an issue remains open names an item in the committed GitHub state snapshot.
2026-10-09T21:38:17.6809574Z $ rust-script scripts/check-issue-citations.rs
2026-10-09T21:38:18.0525954Z issue-citation parity holds across 28 authority documents and 70 open items
2026-10-09T21:38:18.0526820Z ##[endgroup]
2026-10-09T21:38:18.0528256Z ##[group]check_job_headroom — Every declared job cap can still be read and matched to the job it bounds.
2026-10-09T21:38:18.0528931Z $ rust-script --test scripts/check-job-headroom.rs
2026-10-09T21:38:18.0699922Z [1m[92m   Compiling[0m check-job-headroom_ef2c5d8e73da282c897b9fe2 v0.1.0 (/home/runner/.cache/rust-script/projects/ef2c5d8e73da282c897b9fe2)
2026-10-09T21:38:18.3530895Z [1m[92m    Finished[0m `test` profile [unoptimized + debuginfo] target(s) in 0.29s
2026-10-09T21:38:18.3532657Z [1m[92m     Running[0m unittests /home/runner/work/formal-ai/formal-ai/scripts/check-job-headroom.rs (/home/runner/.cache/rust-script/binaries/debug/deps/check_job_headroom_ef2c5d8e73da282c897b9fe2-40cdac28259fa466)
2026-10-09T21:38:18.3543414Z 
2026-10-09T21:38:18.3543542Z running 14 tests
2026-10-09T21:38:18.3546536Z test tests::a_cut_short_run_cannot_lower_the_worst_case ... ok
2026-10-09T21:38:18.3547133Z test tests::a_cut_short_run_raises_the_worst_case_and_is_marked_as_a_lower_bound ... ok
2026-10-09T21:38:18.3547816Z test tests::a_job_is_not_matched_across_workflows_when_it_is_not_nested ... ok
2026-10-09T21:38:18.3548521Z test tests::a_reusable_workflows_job_is_matched_through_its_caller ... ok
2026-10-09T21:38:18.3549143Z test tests::a_step_row_is_not_read_as_a_job ... ok
2026-10-09T21:38:18.3549803Z test tests::an_expanded_matrix_name_containing_the_separator_is_not_split_on_it ... ok
2026-10-09T21:38:18.3550652Z test tests::frequent_unmatched_names_are_reported_rather_than_dropped ... ok
2026-10-09T21:38:18.3551276Z test tests::every_run_that_ran_is_measured_and_the_rest_are_dropped ... ok
2026-10-09T21:38:18.3551790Z test tests::the_longest_declared_prefix_wins ... ok
2026-10-09T21:38:18.3563529Z test tests::the_report_names_each_band_and_never_hides_a_row ... ok
2026-10-09T21:38:18.3564118Z test tests::the_worst_case_drives_the_share_and_few_samples_are_not_judged ... ok
2026-10-09T21:38:18.3564661Z test tests::timestamps_parse_as_utc_seconds ... ok
2026-10-09T21:38:18.3580092Z test tests::every_acknowledgement_names_a_job_that_exists ... ok
2026-10-09T21:38:18.3583603Z test tests::the_repositorys_own_workflows_parse_into_capped_jobs ... ok
2026-10-09T21:38:18.3583984Z 
2026-10-09T21:38:18.3584326Z test result: ok. 14 passed; 0 failed; 0 ignored; 0 measured; 0 filtered out; finished in 0.00s
2026-10-09T21:38:18.3584745Z 
2026-10-09T21:38:18.3601045Z ##[endgroup]
2026-10-09T21:38:18.3602008Z ##[group]check-language-parity-js-twin — scripts/check-language-parity.mjs prints exactly what scripts/check-language-parity.rs prints, with the same exit code, so agents can run the JavaScript twin instead of compiling Rust.
2026-10-09T21:38:18.3603671Z $ node scripts/lib/checks-twin-parity.mjs check-language-parity
2026-10-09T21:38:19.4914627Z check-language-parity: the JavaScript twin matches the Rust original (exit 0, 1 stdout line(s)).
2026-10-09T21:38:19.4954437Z ##[endgroup]
2026-10-09T21:38:19.4956169Z ##[group]check-language-parity — Derive every lexeme-owning meaning from Links Notation structure, require en/ru/hi/zh/es parity or one exact dated uncovered_behavior row, and reject missing, duplicate, or stale debt rows; data/meta/debt-ratchet.lino independently ratchets the live gap count.
2026-10-09T21:38:19.5122347Z [1m[92m   Compiling[0m check-language-parity_299a07f00db4be627c662ebb v0.1.0 (/home/runner/.cache/rust-script/projects/299a07f00db4be627c662ebb)
2026-10-09T21:38:19.5123459Z $ rust-script --test scripts/check-language-parity.rs && rust-script scripts/check-language-parity.rs
2026-10-09T21:38:19.9135211Z [1m[92m    Finished[0m `test` profile [unoptimized + debuginfo] target(s) in 0.40s
2026-10-09T21:38:19.9136279Z [1m[92m     Running[0m unittests /home/runner/work/formal-ai/formal-ai/scripts/check-language-parity.rs (/home/runner/.cache/rust-script/binaries/debug/deps/check_language_parity_299a07f00db4be627c662ebb-f6668056879590d7)
2026-10-09T21:38:19.9146881Z 
2026-10-09T21:38:19.9147005Z running 8 tests
2026-10-09T21:38:19.9152374Z test language_parity::tests::complete_owner_is_not_debt_and_non_lexeme_language_rows_do_not_count ... ok
2026-10-09T21:38:19.9153584Z test language_parity::tests::derives_lexeme_owners_from_structure_not_filename_or_root_name ... ok
2026-10-09T21:38:19.9154365Z test language_parity::tests::duplicate_language_under_one_owner_is_rejected ... ok
2026-10-09T21:38:19.9154968Z test language_parity::tests::duplicate_debt_row_is_rejected ... ok
2026-10-09T21:38:19.9155347Z test language_parity::tests::missing_debt_row_is_rejected ... ok
2026-10-09T21:38:19.9155696Z test language_parity::tests::exact_generated_debt_is_accepted ... ok
2026-10-09T21:38:19.9156298Z test language_parity::tests::invalid_calendar_date_is_rejected ... ok
2026-10-09T21:38:19.9156994Z test language_parity::tests::stale_debt_row_is_rejected_after_the_owner_becomes_complete ... ok
2026-10-09T21:38:19.9157426Z 
2026-10-09T21:38:19.9157625Z test result: ok. 8 passed; 0 failed; 0 ignored; 0 measured; 0 filtered out; finished in 0.00s
2026-10-09T21:38:19.9157886Z 
2026-10-09T21:38:19.9347159Z language parity: 43 explicit dated gaps; debt rows are exact
2026-10-09T21:38:19.9351152Z ##[endgroup]
2026-10-09T21:38:19.9352231Z ##[group]check-llm-task-parity — docs/llm-task-parity.md is exactly what scripts/generate-llm-task-parity.rs renders from its sources.
2026-10-09T21:38:19.9352823Z $ rust-script scripts/generate-llm-task-parity.rs --check
2026-10-09T21:38:20.2004364Z docs/llm-task-parity.md is current
2026-10-09T21:38:20.2005380Z ##[endgroup]
2026-10-09T21:38:20.2181306Z [1m[92m   Compiling[0m check-merge-conflict-policy_0cbb3719c442dd415e8cab99 v0.1.0 (/home/runner/.cache/rust-script/projects/0cbb3719c442dd415e8cab99)
2026-10-09T21:38:20.2183062Z ##[group]check-merge-conflict-policy — Every measured conflict site is covered by a mechanism or deferred with a reason (issue #991).
2026-10-09T21:38:20.2184095Z $ rust-script --test scripts/check-merge-conflict-policy.rs && rust-script scripts/check-merge-conflict-policy.rs
2026-10-09T21:38:20.4797118Z [1m[92m    Finished[0m `test` profile [unoptimized + debuginfo] target(s) in 0.26s
2026-10-09T21:38:20.4798560Z [1m[92m     Running[0m unittests /home/runner/work/formal-ai/formal-ai/scripts/check-merge-conflict-policy.rs (/home/runner/.cache/rust-script/binaries/debug/deps/check_merge_conflict_policy_0cbb3719c442dd415e8cab99-8b0b27cefa861f5e)
2026-10-09T21:38:20.4808751Z 
2026-10-09T21:38:20.4808879Z running 17 tests
2026-10-09T21:38:20.4811993Z test tests::a_command_target_is_the_script_it_runs ... ok
2026-10-09T21:38:20.4813045Z test tests::a_command_pointing_at_a_missing_script_fails ... ok
2026-10-09T21:38:20.4813572Z test tests::a_deferral_with_a_reason_accounts_for_a_ledger_path ... ok
2026-10-09T21:38:20.4814233Z test tests::a_deferral_without_a_reason_fails ... ok
2026-10-09T21:38:20.4814901Z test tests::a_gitattributes_pattern_matches_the_way_git_matches_it ... ok
2026-10-09T21:38:20.4815600Z test tests::a_ledger_left_stale_by_a_union_merge_fails ... ok
2026-10-09T21:38:20.4816208Z test tests::a_measured_conflict_site_the_policy_ignores_fails ... ok
2026-10-09T21:38:20.4816934Z test tests::a_registry_that_matches_the_repository_reports_nothing ... ok
2026-10-09T21:38:20.4817456Z test tests::a_union_artifact_that_declares_union_is_terminal_needs_no_verifier ... ok
2026-10-09T21:38:20.4818171Z test tests::a_union_artifact_without_a_verifier_fails ... ok
2026-10-09T21:38:20.4818643Z test tests::a_union_path_missing_from_gitattributes_fails ... ok
2026-10-09T21:38:20.4819101Z test tests::a_union_pattern_git_does_not_actually_apply_fails ... ok
2026-10-09T21:38:20.4819547Z test tests::an_extracted_from_path_counts_as_covered ... ok
2026-10-09T21:38:20.4819980Z test tests::an_undefined_cause_fails ... ok
2026-10-09T21:38:20.4820643Z test tests::gitattributes_union_lines_are_recognised_and_comments_ignored ... ok
2026-10-09T21:38:20.4821290Z test tests::an_unregistered_union_path_fails ... ok
2026-10-09T21:38:20.4821858Z test tests::the_registry_parses_into_causes_and_artifacts ... ok
2026-10-09T21:38:20.4822441Z 
2026-10-09T21:38:20.4823052Z test result: ok. 17 passed; 0 failed; 0 ignored; 0 measured; 0 filtered out; finished in 0.00s
2026-10-09T21:38:20.4823573Z 
2026-10-09T21:38:21.0493999Z 
2026-10-09T21:38:21.0494761Z Checking the merge-conflict policy in data/meta/merge-conflict-policy.lino...
2026-10-09T21:38:21.0495230Z 
2026-10-09T21:38:21.0495568Z   8 structural cause(s), 16 artifact(s), 24 union-merged path(s), 40 ledger path(s), 5 deferral(s)
2026-10-09T21:38:21.0496040Z 
2026-10-09T21:38:21.0496259Z   rust_declaration_lists     append_only_list       8 path(s)
2026-10-09T21:38:21.0496726Z   worker_module_list         mixed_list_and_code    1 path(s)
2026-10-09T21:38:21.0497171Z   seed_inventory             mixed_list_and_code    1 path(s)
2026-10-09T21:38:21.0497474Z   seed_inventory_projections derived_artifact       2 path(s)
2026-10-09T21:38:21.0497799Z   branch_placeholder         automation_placeholder 1 path(s)
2026-10-09T21:38:21.0498110Z   seed_total_closure         derived_artifact       1 path(s)
2026-10-09T21:38:21.0498402Z   self_ast_census            derived_artifact       2 path(s)
2026-10-09T21:38:21.0498701Z   seed_metadata_gaps         derived_artifact       1 path(s)
2026-10-09T21:38:21.0499014Z   hardcoded_language_allowlist derived_artifact       1 path(s)
2026-10-09T21:38:21.0499333Z   requirements_document      append_only_document   2 path(s)
2026-10-09T21:38:21.0499640Z   requirement_status_ledger  derived_artifact       2 path(s)
2026-10-09T21:38:21.0499943Z   generated_status_document  derived_artifact       1 path(s)
2026-10-09T21:38:21.0500267Z   trusted_source_recurrence_cache derived_artifact       1 path(s)
2026-10-09T21:38:21.0500581Z   worker_modules             sequential_file_name   1 path(s)
2026-10-09T21:38:21.0500867Z   worker_line_budget         global_scalar_ratchet  1 path(s)
2026-10-09T21:38:21.0501157Z   ci_gate_registry           ci_workflow            1 path(s)
2026-10-09T21:38:21.0915781Z 
2026-10-09T21:38:21.0916547Z The registry, .gitattributes, the measured ledger and the repository agree.
2026-10-09T21:38:21.0916964Z 
2026-10-09T21:38:21.0917547Z ##[endgroup]
2026-10-09T21:38:21.0918755Z ##[group]check-minimal-core-boundary-js-twin — scripts/check-minimal-core-boundary.mjs prints exactly what scripts/check-minimal-core-boundary.rs prints, with the same exit code, so agents can run the JavaScript twin instead of compiling Rust.
2026-10-09T21:38:21.0919843Z $ node scripts/lib/checks-twin-parity.mjs check-minimal-core-boundary
2026-10-09T21:38:21.6888493Z check-minimal-core-boundary: the JavaScript twin matches the Rust original (exit 0, 1 stdout line(s)).
2026-10-09T21:38:21.6928909Z ##[endgroup]
2026-10-09T21:38:21.6930057Z ##[group]check-minimal-core-boundary — The minimal core keeps its boundary and every seed record carries its metadata (issue #918).
2026-10-09T21:38:21.6931186Z $ rust-script --test scripts/check-minimal-core-boundary.rs && rust-script scripts/check-minimal-core-boundary.rs && rust-script --test scripts/audit-seed-metadata.rs && rust-script scripts/audit-seed-metadata.rs
2026-10-09T21:38:21.7111574Z [1m[92m   Compiling[0m check-minimal-core-boundary_300e18336fff451ffd2e6323 v0.1.0 (/home/runner/.cache/rust-script/projects/300e18336fff451ffd2e6323)
2026-10-09T21:38:21.9692686Z [1m[92m    Finished[0m `test` profile [unoptimized + debuginfo] target(s) in 0.26s
2026-10-09T21:38:21.9697597Z [1m[92m     Running[0m unittests /home/runner/work/formal-ai/formal-ai/scripts/check-minimal-core-boundary.rs (/home/runner/.cache/rust-script/binaries/debug/deps/check_minimal_core_boundary_300e18336fff451ffd2e6323-67c91acfb0def816)
2026-10-09T21:38:21.9706316Z 
2026-10-09T21:38:21.9706461Z running 8 tests
2026-10-09T21:38:21.9709701Z test tests::a_component_outside_the_census_passes_the_audit ... ok
2026-10-09T21:38:21.9710373Z test tests::a_component_inside_the_census_is_rejected ... ok
2026-10-09T21:38:21.9710893Z test tests::a_component_without_a_kind_or_reason_is_rejected ... ok
2026-10-09T21:38:21.9711387Z test tests::a_generated_module_list_is_not_handler_debt ... ok
2026-10-09T21:38:21.9711882Z test tests::parses_component_blocks_between_sources ... ok
2026-10-09T21:38:21.9712743Z test tests::accepts_a_complete_exact_census ... ok
2026-10-09T21:38:21.9713234Z test tests::rejects_nested_growth_and_unledgered_sources ... ok
2026-10-09T21:38:21.9713664Z test tests::parses_all_review_fields ... ok
2026-10-09T21:38:21.9713892Z 
2026-10-09T21:38:21.9714181Z test result: ok. 8 passed; 0 failed; 0 ignored; 0 measured; 0 filtered out; finished in 0.00s
2026-10-09T21:38:21.9714568Z 
2026-10-09T21:38:21.9778643Z minimal-core boundary: 88 handler sources, 18596 outside-core lines
2026-10-09T21:38:21.9936278Z [1m[92m   Compiling[0m audit-seed-metadata_ab89ec1119650baa424c94e9 v0.1.0 (/home/runner/.cache/rust-script/projects/ab89ec1119650baa424c94e9)
2026-10-09T21:38:22.3136296Z [1m[92m    Finished[0m `test` profile [unoptimized + debuginfo] target(s) in 0.32s
2026-10-09T21:38:22.3137603Z [1m[92m     Running[0m unittests /home/runner/work/formal-ai/formal-ai/scripts/audit-seed-metadata.rs (/home/runner/.cache/rust-script/binaries/debug/deps/audit_seed_metadata_ab89ec1119650baa424c94e9-727c59aa80de7a6e)
2026-10-09T21:38:22.3148544Z 
2026-10-09T21:38:22.3148767Z running 7 tests
2026-10-09T21:38:22.3154367Z test tests::a_comment_header_comes_before_the_meanings_root ... ok
2026-10-09T21:38:22.3154949Z test tests::a_gap_file_states_its_source_and_shared_missing_fields_once ... ok
2026-10-09T21:38:22.3155486Z test tests::complete_coding_sources_reject_any_gap ... ok
2026-10-09T21:38:22.3155962Z test tests::complete_coding_sources_reject_empty_values ... ok
2026-10-09T21:38:22.3156411Z test tests::parses_only_direct_metadata_fields ... ok
2026-10-09T21:38:22.3156806Z test tests::noncoding_gaps_are_stable_data ... ok
2026-10-09T21:38:22.3157262Z test tests::renders_punctuation_in_record_names_as_quoted_data ... ok
2026-10-09T21:38:22.3157571Z 
2026-10-09T21:38:22.3157848Z test result: ok. 7 passed; 0 failed; 0 ignored; 0 measured; 0 filtered out; finished in 0.00s
2026-10-09T21:38:22.3158238Z 
2026-10-09T21:38:23.1854056Z seed metadata: audited 2300 concepts; 1073 per-record gaps captured in data
2026-10-09T21:38:23.1856079Z ##[endgroup]
2026-10-09T21:38:23.1857104Z ##[group]check-ordered-lists-are-canonical — Every union-merged list is back in its canonical order with no repeats (issue #991).
2026-10-09T21:38:23.1857794Z $ rust-script --test scripts/normalize-ordered-lists.rs && rust-script scripts/normalize-ordered-lists.rs
2026-10-09T21:38:23.2023634Z [1m[92m   Compiling[0m normalize-ordered-lists_4cc3dcd70966f707c85d7b2c v0.1.0 (/home/runner/.cache/rust-script/projects/4cc3dcd70966f707c85d7b2c)
2026-10-09T21:38:23.5664299Z [1m[92m    Finished[0m `test` profile [unoptimized + debuginfo] target(s) in 0.37s
2026-10-09T21:38:23.5665622Z [1m[92m     Running[0m unittests /home/runner/work/formal-ai/formal-ai/scripts/normalize-ordered-lists.rs (/home/runner/.cache/rust-script/binaries/debug/deps/normalize_ordered_lists_4cc3dcd70966f707c85d7b2c-20bdb3a707b2840e)
2026-10-09T21:38:23.5676825Z 
2026-10-09T21:38:23.5677054Z running 17 tests
2026-10-09T21:38:23.5682960Z test tests::a_long_reexport_wraps_the_way_rustfmt_wraps_it ... ok
2026-10-09T21:38:23.5683703Z test tests::a_module_the_registry_marks_inert_is_a_draft_not_drift ... ok
2026-10-09T21:38:23.5684604Z test tests::a_nested_reexport_path_keeps_its_middle_segment ... ok
2026-10-09T21:38:23.5685387Z test tests::a_path_attribute_names_the_directory_it_points_at ... ok
2026-10-09T21:38:23.5686198Z test tests::a_union_merge_of_two_branches_is_restored_to_one_canonical_list ... ok
2026-10-09T21:38:23.5687018Z test tests::a_reexport_that_appears_once_keeps_the_bytes_rustfmt_gave_it ... ok
2026-10-09T21:38:23.5689439Z test tests::a_restricted_reexport_sorts_with_the_public_ones ... ok
2026-10-09T21:38:23.5690137Z test tests::a_stale_list_fails_the_check_and_is_repaired_by_write ... ok
2026-10-09T21:38:23.5690948Z test tests::an_undeclared_module_file_fails_the_directory_mirror_check ... ok
2026-10-09T21:38:23.5691744Z test tests::code_around_a_declaration_run_is_left_untouched ... ok
2026-10-09T21:38:23.5693105Z test tests::merged_items_use_the_rustfmt_group_order ... ok
2026-10-09T21:38:23.5693578Z test tests::rustfmt_orders_values_before_types ... ok
2026-10-09T21:38:23.5694060Z test tests::the_worker_list_is_rendered_from_the_directory_contents ... ok
2026-10-09T21:38:23.5694735Z test tests::repeated_reexports_of_one_module_are_folded_into_a_single_block ... ok
2026-10-09T21:38:23.5695530Z test tests::the_registry_only_yields_files_that_declare_a_list_kind ... ok
2026-10-09T21:38:23.5696324Z test tests::visibility_is_preserved_and_a_genuine_disagreement_is_reported ... ok
2026-10-09T21:38:23.5697029Z test tests::the_worker_list_is_regenerated_from_the_directory_it_mirrors ... ok
2026-10-09T21:38:23.5697400Z 
2026-10-09T21:38:23.5697735Z test result: ok. 17 passed; 0 failed; 0 ignored; 0 measured; 0 filtered out; finished in 0.00s
2026-10-09T21:38:23.5698136Z 
2026-10-09T21:38:24.4212345Z 
2026-10-09T21:38:24.4213040Z 9 union-merged list(s) registered in data/meta/merge-conflict-policy.lino:
2026-10-09T21:38:24.4213499Z 
2026-10-09T21:38:24.4216154Z   canonical  rust/src/lib.rs
2026-10-09T21:38:24.4228301Z   canonical  rust/tests/unit/mod.rs
2026-10-09T21:38:24.4234229Z   canonical  rust/tests/unit/specification/mod.rs
2026-10-09T21:38:24.4238474Z   canonical  rust/tests/integration/mod.rs
2026-10-09T21:38:24.4239133Z   canonical  rust/tests/unit/ci-cd/mod.rs
2026-10-09T21:38:24.4240186Z   canonical  rust/tests/source/mod.rs
2026-10-09T21:38:24.4243897Z   canonical  rust/src/solver_handlers/modules.rs
2026-10-09T21:38:24.4249183Z   canonical  rust/src/agentic_coding/modules.rs
2026-10-09T21:38:24.4254764Z   canonical  js/worker-modules.js
2026-10-09T21:38:24.4254993Z 
2026-10-09T21:38:24.4255116Z Every registered list is canonical.
2026-10-09T21:38:24.4255266Z 
2026-10-09T21:38:24.4256677Z ##[endgroup]
2026-10-09T21:38:24.4257566Z ##[group]check-package-self-containment — No rust/src include_str! resolves outside the package root, and the rust/embedded/ byte mirror it demands is current.
2026-10-09T21:38:24.4258298Z $ rust-script --test scripts/mirror-package-data.rs && rust-script scripts/mirror-package-data.rs --check
2026-10-09T21:38:24.4428432Z [1m[92m   Compiling[0m mirror-package-data_cb70e41493d4d00999b27ec2 v0.1.0 (/home/runner/.cache/rust-script/projects/cb70e41493d4d00999b27ec2)
2026-10-09T21:38:24.5900669Z [1m[92m    Finished[0m `test` profile [unoptimized + debuginfo] target(s) in 0.15s
2026-10-09T21:38:24.5902014Z [1m[92m     Running[0m unittests /home/runner/work/formal-ai/formal-ai/scripts/mirror-package-data.rs (/home/runner/.cache/rust-script/binaries/debug/deps/mirror_package_data_cb70e41493d4d00999b27ec2-78dad6c106ffdf6a)
2026-10-09T21:38:24.5913097Z 
2026-10-09T21:38:24.5913310Z running 3 tests
2026-10-09T21:38:24.5915713Z test tests::classification_splits_mirror_demand_package_inside_and_escape ... ok
2026-10-09T21:38:24.5916196Z test tests::include_sites_walk_every_call_in_order ... ok
2026-10-09T21:38:24.5916578Z test tests::plain_literals_and_the_self_read_idiom_parse ... ok
2026-10-09T21:38:24.5916820Z 
2026-10-09T21:38:24.5917285Z test result: ok. 3 passed; 0 failed; 0 ignored; 0 measured; 0 filtered out; finished in 0.00s
2026-10-09T21:38:24.5917703Z 
2026-10-09T21:38:25.0954104Z package-data mirror: 306 files demanded, 0 refreshed (0 bytes), all byte-equal
2026-10-09T21:38:25.0955294Z ##[endgroup]
2026-10-09T21:38:25.0956036Z ##[group]check-pull-request-link — The pull request body links the issue it closes.
2026-10-09T21:38:25.0956605Z $ rust-script --test scripts/check-pull-request-link.rs && rust-script scripts/check-pull-request-link.rs
2026-10-09T21:38:25.1126587Z [1m[92m   Compiling[0m check-pull-request-link_15a5de54bdfb2a8f657c53fb v0.1.0 (/home/runner/.cache/rust-script/projects/15a5de54bdfb2a8f657c53fb)
2026-10-09T21:38:25.2378611Z [1m[92m    Finished[0m `test` profile [unoptimized + debuginfo] target(s) in 0.13s
2026-10-09T21:38:25.2380452Z [1m[92m     Running[0m unittests /home/runner/work/formal-ai/formal-ai/scripts/check-pull-request-link.rs (/home/runner/.cache/rust-script/binaries/debug/deps/check_pull_request_link_15a5de54bdfb2a8f657c53fb-d7a3d54c76dd2f09)
2026-10-09T21:38:25.2390274Z 
2026-10-09T21:38:25.2390388Z running 11 tests
2026-10-09T21:38:25.2393559Z test tests::a_body_with_no_issue_link_at_all_is_rejected ... ok
2026-10-09T21:38:25.2394060Z test tests::addresses_is_rejected ... ok
2026-10-09T21:38:25.2394528Z test tests::addresses_with_a_full_url_is_rejected ... ok
2026-10-09T21:38:25.2395085Z test tests::a_closing_keyword_only_inside_a_code_fence_does_not_count ... ok
2026-10-09T21:38:25.2395570Z test tests::fixes_with_a_full_issue_url_passes ... ok
2026-10-09T21:38:25.2396037Z test tests::fixes_with_a_short_reference_passes ... ok
2026-10-09T21:38:25.2396525Z test tests::keyword_inside_a_longer_word_is_ignored ... ok
2026-10-09T21:38:25.2397119Z test tests::prose_mentioning_fix_without_a_reference_does_not_count_as_a_link ... ok
2026-10-09T21:38:25.2397602Z test tests::other_closing_keywords_pass ... ok
2026-10-09T21:38:25.2398079Z test tests::owner_repo_short_reference_is_recognised ... ok
2026-10-09T21:38:25.2398633Z test tests::wording_quoted_inside_a_code_fence_is_not_read_as_a_link ... ok
2026-10-09T21:38:25.2398950Z 
2026-10-09T21:38:25.2399382Z test result: ok. 11 passed; 0 failed; 0 ignored; 0 measured; 0 filtered out; finished in 0.00s
2026-10-09T21:38:25.2399689Z 
2026-10-09T21:38:25.4900746Z 
2026-10-09T21:38:25.4901383Z Checking the pull-request description links its issue (R234-4)...
2026-10-09T21:38:25.4901658Z 
2026-10-09T21:38:25.4913332Z Description closes its issue with a recognised GitHub keyword
2026-10-09T21:38:25.4913565Z 
2026-10-09T21:38:25.4914858Z ##[endgroup]
2026-10-09T21:38:25.4915874Z ##[group]check-reconstructed-changelog — The changelog rebuilt from git history matches the committed one.
2026-10-09T21:38:25.4916606Z $ node experiments/issue_711_rebuild_changelog.mjs --check
2026-10-09T21:38:29.7125889Z Reconstructed 676 fragments across 385 non-empty releases from origin/main.
2026-10-09T21:38:29.7248775Z ##[endgroup]
2026-10-09T21:38:29.7249935Z ##[group]check-release-changelog-collection — The release script still collects the changelog entries it will publish.
2026-10-09T21:38:29.7250445Z $ rust-script --test scripts/version-and-commit.rs
2026-10-09T21:38:29.7408813Z [1m[92m    Updating[0m crates.io index
2026-10-09T21:38:29.9058760Z [1m[92m     Locking[0m 105 packages to highest Rust 1.99.0 compatible versions
2026-10-09T21:38:29.9276164Z [1m[92m      Adding[0m ureq v2.12.1 [1m[33m(available: v3.4.2)[0m
2026-10-09T21:38:29.9994238Z [1m[92m   Compiling[0m proc-macro2 v1.0.107
2026-10-09T21:38:29.9994783Z [1m[92m   Compiling[0m quote v1.0.47
2026-10-09T21:38:29.9995223Z [1m[92m   Compiling[0m stable_deref_trait v1.2.1
2026-10-09T21:38:29.9995679Z [1m[92m   Compiling[0m writeable v0.6.4
2026-10-09T21:38:30.1354474Z [1m[92m   Compiling[0m find-msvc-tools v0.1.14
2026-10-09T21:38:30.2002859Z [1m[92m   Compiling[0m shlex v2.0.1
2026-10-09T21:38:30.3510777Z [1m[92m   Compiling[0m litemap v0.8.3
2026-10-09T21:38:30.4194276Z [1m[92m   Compiling[0m icu_properties_data v2.3.0
2026-10-09T21:38:30.4565020Z [1m[92m   Compiling[0m cc v1.6.0
2026-10-09T21:38:30.4915070Z [1m[92m   Compiling[0m icu_normalizer_data v2.3.0
2026-10-09T21:38:30.5568965Z [1m[92m   Compiling[0m libc v0.2.190
2026-10-09T21:38:30.6743806Z [1m[92m   Compiling[0m utf8_iter v1.0.4
2026-10-09T21:38:30.7673589Z [1m[92m   Compiling[0m zeroize v1.9.1
2026-10-09T21:38:31.0204616Z [1m[92m   Compiling[0m rustls-pki-types v1.15.1
2026-10-09T21:38:31.3443692Z [1m[92m   Compiling[0m syn v3.0.6
2026-10-09T21:38:31.5795302Z [1m[92m   Compiling[0m ring v0.17.14
2026-10-09T21:38:31.6256117Z [1m[92m   Compiling[0m smallvec v1.16.2
2026-10-09T21:38:31.9784228Z [1m[92m   Compiling[0m crc32fast v1.5.2
2026-10-09T21:38:32.0954066Z [1m[92m   Compiling[0m untrusted v0.9.0
2026-10-09T21:38:32.3483113Z [1m[92m   Compiling[0m autocfg v1.5.1
2026-10-09T21:38:32.5743554Z [1m[92m   Compiling[0m getrandom v0.2.17
2026-10-09T21:38:32.7340701Z [1m[92m   Compiling[0m num-traits v0.2.19
2026-10-09T21:38:32.7921052Z [1m[92m   Compiling[0m percent-encoding v2.3.2
2026-10-09T21:38:32.8024561Z [1m[92m   Compiling[0m simd-adler32 v0.3.10
2026-10-09T21:38:33.0953612Z [1m[92m   Compiling[0m adler2 v2.0.1
2026-10-09T21:38:33.2357395Z [1m[92m   Compiling[0m rustls v0.23.45
2026-10-09T21:38:33.2877607Z [1m[92m   Compiling[0m form_urlencoded v1.2.2
2026-10-09T21:38:33.3507340Z [1m[92m   Compiling[0m miniz_oxide v0.9.1
2026-10-09T21:38:33.3663624Z [1m[92m   Compiling[0m synstructure v0.14.0
2026-10-09T21:38:33.5423346Z [1m[92m   Compiling[0m zerovec-derive v0.11.6
2026-10-09T21:38:33.8036115Z [1m[92m   Compiling[0m zerofrom-derive v0.1.8
2026-10-09T21:38:33.9434121Z [1m[92m   Compiling[0m yoke-derive v0.8.4
2026-10-09T21:38:34.1207421Z [1m[92m   Compiling[0m displaydoc v0.2.7
2026-10-09T21:38:34.1434863Z [1m[92m   Compiling[0m zerofrom v0.1.8
2026-10-09T21:38:34.4435763Z [1m[92m   Compiling[0m yoke v0.8.3
2026-10-09T21:38:34.4849344Z [1m[92m   Compiling[0m aho-corasick v1.1.5
2026-10-09T21:38:34.7324652Z [1m[92m   Compiling[0m zerovec v0.11.8
2026-10-09T21:38:34.9113524Z [1m[92m   Compiling[0m zerotrie v0.2.5
2026-10-09T21:38:35.2923070Z [1m[92m   Compiling[0m tinystr v0.8.4
2026-10-09T21:38:35.3344072Z [1m[92m   Compiling[0m potential_utf v0.1.6
2026-10-09T21:38:35.6822773Z [1m[92m   Compiling[0m icu_collections v2.3.0
2026-10-09T21:38:35.6921859Z [1m[92m   Compiling[0m icu_locale_core v2.3.0
2026-10-09T21:38:35.7675512Z [1m[92m   Compiling[0m webpki-roots v1.0.9
2026-10-09T21:38:36.0531675Z [1m[92m   Compiling[0m log v0.4.34
2026-10-09T21:38:36.1989824Z [1m[92m   Compiling[0m once_cell v1.21.4
2026-10-09T21:38:36.3476870Z [1m[92m   Compiling[0m regex-syntax v0.8.11
2026-10-09T21:38:36.4673340Z [1m[92m   Compiling[0m subtle v2.6.1
2026-10-09T21:38:36.7191010Z [1m[92m   Compiling[0m icu_provider v2.3.1
2026-10-09T21:38:36.7401236Z [1m[92m   Compiling[0m webpki-roots v0.26.11
2026-10-09T21:38:36.9324203Z [1m[92m   Compiling[0m flate2 v1.1.10
2026-10-09T21:38:37.1445557Z [1m[92m   Compiling[0m icu_properties v2.3.0
2026-10-09T21:38:37.4107079Z [1m[92m   Compiling[0m icu_normalizer v2.3.0
2026-10-09T21:38:38.3418660Z [1m[92m   Compiling[0m regex-automata v0.4.18
2026-10-09T21:38:38.4159998Z [1m[92m   Compiling[0m idna_adapter v1.2.2
2026-10-09T21:38:38.6248594Z [1m[92m   Compiling[0m idna v1.1.0
2026-10-09T21:38:38.8808139Z [1m[92m   Compiling[0m serde_derive v1.0.229
2026-10-09T21:38:39.2993149Z [1m[92m   Compiling[0m url v2.5.8
2026-10-09T21:38:40.1648186Z [1m[92m   Compiling[0m base64 v0.22.1
2026-10-09T21:38:40.7463013Z [1m[92m   Compiling[0m iana-time-zone v0.1.65
2026-10-09T21:38:40.9354393Z [1m[92m   Compiling[0m serde v1.0.229
2026-10-09T21:38:41.1973648Z [1m[92m   Compiling[0m chrono v0.4.45
2026-10-09T21:38:41.4694354Z [1m[92m   Compiling[0m regex v1.13.1
2026-10-09T21:38:41.5970713Z [1m[92m   Compiling[0m rustls-webpki v0.103.15
2026-10-09T21:38:45.3773610Z [1m[92m   Compiling[0m ureq v2.12.1
2026-10-09T21:38:46.1993379Z [1m[92m   Compiling[0m version-and-commit_7a543ecac43fa547446ad7dd v0.1.0 (/home/runner/.cache/rust-script/projects/7a543ecac43fa547446ad7dd)
2026-10-09T21:38:46.6653071Z [1m[92m    Finished[0m `test` profile [unoptimized + debuginfo] target(s) in 16.93s
2026-10-09T21:38:46.6836906Z [1m[92m     Running[0m unittests /home/runner/work/formal-ai/formal-ai/scripts/version-and-commit.rs (/home/runner/.cache/rust-script/binaries/debug/deps/version_and_commit_7a543ecac43fa547446ad7dd-5c99de414e1edf61)
2026-10-09T21:38:46.6861624Z 
2026-10-09T21:38:46.6861787Z running 10 tests
2026-10-09T21:38:46.6895884Z test tests::changelog_collection_consumes_fragments_once_and_keeps_readme ... ok
2026-10-09T21:38:46.7356329Z test tests::an_untagged_release_commit_is_resumed_and_asks_for_only_its_missing_tag ... ok
2026-10-09T21:38:46.7401035Z test tests::a_tagged_prepared_release_is_resumed_without_another_bump ... ok
2026-10-09T21:38:46.7926616Z test tests::does_not_rebase_when_only_ahead_of_remote ... ok
2026-10-09T21:38:46.7963519Z test tests::release_writes_the_changelog_exactly_as_reconstruction_expects ... ok
2026-10-09T21:38:46.7983008Z test tests::an_ordinary_untagged_commit_is_not_mistaken_for_a_prepared_release ... ok
2026-10-09T21:38:46.8045927Z test tests::fragments_always_request_a_new_release_even_when_the_current_version_is_tagged ... ok
2026-10-09T21:38:46.8412364Z test tests::recovery_creates_the_missing_tag_once_then_recognizes_the_tagged_release ... ok
2026-10-09T21:38:46.9454079Z test tests::syncing_after_staging_the_bump_fails ... ok
2026-10-09T21:38:46.9562267Z test tests::syncs_with_concurrent_release_then_commits_bump_on_top ... ok
2026-10-09T21:38:46.9562656Z 
2026-10-09T21:38:46.9562906Z test result: ok. 10 passed; 0 failed; 0 ignored; 0 measured; 0 filtered out; finished in 0.27s
2026-10-09T21:38:46.9563199Z 
2026-10-09T21:38:46.9639998Z ##[endgroup]
2026-10-09T21:38:46.9641053Z ##[group]check-requirement-status — The generated status ledger covers the exact assembled requirement set, and an implemented verdict always names an on-disk automated test.
2026-10-09T21:38:46.9641836Z $ rust-script scripts/generate-requirement-status.rs && rust-script scripts/check-requirement-status.rs
2026-10-09T21:38:47.9133798Z requirement-status ledger is current (152 files)
2026-10-09T21:38:48.4195209Z requirement-status parity holds for 1374 assembled requirements
2026-10-09T21:38:48.4198086Z ##[endgroup]
2026-10-09T21:38:48.4199012Z ##[group]check-requirements-document — REQUIREMENTS.md still matches the per-issue shards it is assembled from (issue #991).
2026-10-09T21:38:48.4199661Z $ rust-script --test scripts/assemble-requirements.rs && rust-script scripts/assemble-requirements.rs
2026-10-09T21:38:48.4365794Z [1m[92m   Compiling[0m assemble-requirements_13fbcbec0981b564bd99eeee v0.1.0 (/home/runner/.cache/rust-script/projects/13fbcbec0981b564bd99eeee)
2026-10-09T21:38:48.7216899Z [1m[92m    Finished[0m `test` profile [unoptimized + debuginfo] target(s) in 0.29s
2026-10-09T21:38:48.7218397Z [1m[92m     Running[0m unittests /home/runner/work/formal-ai/formal-ai/scripts/assemble-requirements.rs (/home/runner/.cache/rust-script/binaries/debug/deps/assemble_requirements_13fbcbec0981b564bd99eeee-e7f629bad15fccb3)
2026-10-09T21:38:48.7229161Z 
2026-10-09T21:38:48.7229286Z running 22 tests
2026-10-09T21:38:48.7231922Z test tests::a_heading_names_the_first_issue_it_mentions ... ok
2026-10-09T21:38:48.7232782Z test tests::a_link_that_means_the_same_thing_everywhere_is_left_alone ... ok
2026-10-09T21:38:48.7233448Z test tests::a_link_title_survives_rewriting ... ok
2026-10-09T21:38:48.7234126Z test tests::a_link_to_the_shard_directory_itself_stays_a_link ... ok
2026-10-09T21:38:48.7234735Z test tests::a_part_header_is_exactly_its_counted_lines ... ok
2026-10-09T21:38:48.7235453Z test tests::a_shard_joins_the_first_area_that_matches_its_name ... ok
2026-10-09T21:38:48.7236115Z test tests::a_shard_in_no_area_is_rejected ... ok
2026-10-09T21:38:48.7236751Z test tests::a_shard_link_is_rebased_to_the_repository_root_and_back ... ok
2026-10-09T21:38:48.7237479Z test tests::a_shard_link_that_resolves_from_the_shard_passes ... ok
2026-10-09T21:38:48.7238172Z test tests::a_shard_link_is_rebased_into_the_parts_directory ... ok
2026-10-09T21:38:48.7238910Z test tests::a_shard_link_that_resolves_only_from_the_repository_root_fails ... ok
2026-10-09T21:38:48.7239604Z test tests::a_shard_name_is_derived_from_its_heading ... ok
2026-10-09T21:38:48.7240028Z test tests::a_shard_named_for_its_own_issue_passes ... ok
2026-10-09T21:38:48.7240450Z test tests::an_area_too_large_for_one_part_is_rejected ... ok
2026-10-09T21:38:48.7240867Z test tests::a_shard_named_for_the_wrong_issue_fails ... ok
2026-10-09T21:38:48.7241269Z test tests::an_unprefixed_shard_name_is_rejected ... ok
2026-10-09T21:38:48.7241704Z test tests::areas_are_read_in_order_with_their_titles_and_fragments ... ok
2026-10-09T21:38:48.7242589Z test tests::issue_numbers_order_numerically_not_lexicographically ... ok
2026-10-09T21:38:48.7243160Z test tests::the_preamble_sorts_first_then_issues_by_number_then_doctrine ... ok
2026-10-09T21:38:48.7243650Z test tests::rewriting_touches_the_target_and_nothing_else ... ok
2026-10-09T21:38:48.7244106Z test tests::splitting_keeps_the_preamble_apart_from_the_sections ... ok
2026-10-09T21:38:48.7244584Z test tests::assembly_separates_sections_by_exactly_one_blank_line ... ok
2026-10-09T21:38:48.7244910Z 
2026-10-09T21:38:48.7245212Z test result: ok. 22 passed; 0 failed; 0 ignored; 0 measured; 0 filtered out; finished in 0.00s
2026-10-09T21:38:48.7245583Z 
2026-10-09T21:38:49.5259217Z 
2026-10-09T21:38:49.5259961Z Checking REQUIREMENTS.md and docs/requirements/assembled/ against docs/requirements/ (161 shards)...
2026-10-09T21:38:49.5260331Z 
2026-10-09T21:38:49.5260478Z REQUIREMENTS.md and its 5 part(s) match the shards.
2026-10-09T21:38:49.5260670Z 
2026-10-09T21:38:49.5262035Z ##[endgroup]
2026-10-09T21:38:49.5263069Z ##[group]check-rust-api-documentation — rustdoc builds the public API without a single warning, including broken intra-doc links.
2026-10-09T21:38:49.5263603Z $ cargo doc --manifest-path rust/Cargo.toml --no-deps --lib
2026-10-09T21:38:49.7498089Z [1m[92m   Compiling[0m libc v0.2.190
2026-10-09T21:38:49.7499190Z [1m[92m   Compiling[0m tree-sitter-language v0.1.8
2026-10-09T21:38:49.7541498Z [1m[92m   Compiling[0m serde_core v1.0.229
2026-10-09T21:38:49.7546795Z [1m[92m    Checking[0m smallvec v1.16.2
2026-10-09T21:38:49.8303603Z [1m[92m    Checking[0m bitflags v2.13.2
2026-10-09T21:38:50.0953128Z [1m[92m    Checking[0m log v0.4.34
2026-10-09T21:38:50.2699144Z [1m[92m    Checking[0m percent-encoding v2.3.2
2026-10-09T21:38:50.3534272Z [1m[92m    Checking[0m icu_normalizer v2.3.0
2026-10-09T21:38:50.3734442Z [1m[92m   Compiling[0m jobserver v0.1.35
2026-10-09T21:38:50.4830806Z [1m[92m    Checking[0m form_urlencoded v1.2.2
2026-10-09T21:38:50.4984344Z [1m[92m   Compiling[0m cc v1.2.67
2026-10-09T21:38:50.6915955Z [1m[92m   Compiling[0m zerofrom v0.1.8
2026-10-09T21:38:50.7128267Z [1m[92m   Compiling[0m stable_deref_trait v1.2.1
2026-10-09T21:38:50.7428220Z [1m[92m    Checking[0m idna_adapter v1.2.2
2026-10-09T21:38:50.8068624Z [1m[92m   Compiling[0m memchr v2.8.3
2026-10-09T21:38:50.8229387Z [1m[92m   Compiling[0m yoke v0.8.3
2026-10-09T21:38:50.9293740Z [1m[92m   Compiling[0m itoa v1.0.18
2026-10-09T21:38:50.9738700Z [1m[92m    Checking[0m idna v1.1.0
2026-10-09T21:38:51.0214438Z [1m[92m   Compiling[0m zerovec v0.11.8
2026-10-09T21:38:51.0633650Z [1m[92m   Compiling[0m cmake v0.1.58
2026-10-09T21:38:51.1697004Z [1m[92m   Compiling[0m dunce v1.0.5
2026-10-09T21:38:51.2523880Z [1m[92m   Compiling[0m fs_extra v1.3.0
2026-10-09T21:38:51.2879117Z [1m[92m    Checking[0m url v2.5.8
2026-10-09T21:38:51.2918564Z [1m[92m   Compiling[0m pkg-config v0.3.34
2026-10-09T21:38:51.3885945Z [1m[92m    Checking[0m nix v0.31.3
2026-10-09T21:38:51.4038444Z [1m[92m    Checking[0m serde v1.0.229
2026-10-09T21:38:51.4394129Z [1m[92m   Compiling[0m aws-lc-sys v0.45.0
2026-10-09T21:38:51.9296442Z [1m[92m   Compiling[0m bytes v1.12.1
2026-10-09T21:38:52.0053772Z [1m[92m   Compiling[0m pin-project-lite v0.2.17
2026-10-09T21:38:52.0787741Z [1m[92m   Compiling[0m futures-core v0.3.34
2026-10-09T21:38:52.1583691Z [1m[92m   Compiling[0m tinystr v0.8.4
2026-10-09T21:38:52.3708254Z [1m[92m   Compiling[0m crossbeam-utils v0.8.23
2026-10-09T21:38:52.4009784Z [1m[92m   Compiling[0m litemap v0.8.3
2026-10-09T21:38:52.4617032Z [1m[92m   Compiling[0m writeable v0.6.4
2026-10-09T21:38:52.5399016Z [1m[92m   Compiling[0m aws-lc-rs v1.18.1
2026-10-09T21:38:52.5773505Z [1m[92m   Compiling[0m zeroize v1.9.1
2026-10-09T21:38:52.6462964Z [1m[92m   Compiling[0m icu_locale_core v2.3.0
2026-10-09T21:38:52.7284281Z [1m[92m   Compiling[0m potential_utf v0.1.6
2026-10-09T21:38:52.8301774Z [1m[92m   Compiling[0m zerotrie v0.2.5
2026-10-09T21:38:52.8501454Z [1m[92m   Compiling[0m ring v0.17.14
2026-10-09T21:38:52.9801242Z [1m[92m   Compiling[0m socket2 v0.6.5
2026-10-09T21:38:53.0229343Z [1m[92m   Compiling[0m mio v1.2.4
2026-10-09T21:38:53.0416423Z [1m[92m    Checking[0m rtc-shared v0.21.0
2026-10-09T21:38:53.1027776Z [1m[92m   Compiling[0m once_cell v1.21.4
2026-10-09T21:38:53.1534790Z [1m[92m   Compiling[0m strsim v0.11.1
2026-10-09T21:38:53.2143770Z [1m[92m   Compiling[0m utf8_iter v1.0.4
2026-10-09T21:38:53.2989366Z [1m[92m   Compiling[0m fnv v1.0.7
2026-10-09T21:38:53.3806324Z [1m[92m   Compiling[0m ident_case v1.0.1
2026-10-09T21:38:53.3988013Z [1m[92m   Compiling[0m icu_collections v2.3.0
2026-10-09T21:38:53.4821743Z [1m[92m   Compiling[0m darling_core v0.20.11
2026-10-09T21:38:53.5254729Z [1m[92m   Compiling[0m tokio v1.53.2
2026-10-09T21:38:53.7113544Z [1m[92m   Compiling[0m icu_provider v2.3.1
2026-10-09T21:38:54.0569603Z [1m[92m   Compiling[0m rustls-pki-types v1.15.1
2026-10-09T21:38:54.1653969Z [1m[92m   Compiling[0m http v1.5.0
2026-10-09T21:38:54.2291827Z [1m[92m   Compiling[0m include_dir_macros v0.7.4
2026-10-09T21:38:54.3316185Z [1m[92m   Compiling[0m http-body v1.1.0
2026-10-09T21:38:54.3583374Z [1m[92m    Checking[0m include_dir v0.7.4
2026-10-09T21:38:54.4183737Z [1m[92m   Compiling[0m darling_macro v0.20.11
2026-10-09T21:38:54.5349858Z [1m[92m    Checking[0m parking_lot_core v0.9.12
2026-10-09T21:38:54.7796190Z [1m[92m   Compiling[0m encoding_rs v0.8.42
2026-10-09T21:38:54.8350959Z [1m[92m   Compiling[0m icu_normalizer_data v2.3.0
2026-10-09T21:38:54.8474475Z [1m[92m   Compiling[0m icu_properties_data v2.3.0
2026-10-09T21:38:54.9152369Z [1m[92m   Compiling[0m cfg-if v1.0.5
2026-10-09T21:38:54.9908855Z [1m[92m   Compiling[0m untrusted v0.9.0
2026-10-09T21:38:55.0471698Z [1m[92m   Compiling[0m hashbrown v0.17.1
2026-10-09T21:38:55.0693945Z [1m[92m   Compiling[0m futures-task v0.3.34
2026-10-09T21:38:55.1537110Z [1m[92m   Compiling[0m slab v0.4.12
2026-10-09T21:38:55.1956636Z [1m[92m   Compiling[0m rustls v0.23.45
2026-10-09T21:38:55.2436924Z [1m[92m    Checking[0m simdutf8 v0.1.5
2026-10-09T21:38:55.2920752Z [1m[92m   Compiling[0m futures-util v0.3.34
2026-10-09T21:38:55.5032929Z [1m[92m   Compiling[0m icu_properties v2.3.0
2026-10-09T21:38:55.7133427Z [1m[92m   Compiling[0m darling v0.20.11
2026-10-09T21:38:55.7269763Z [1m[92m   Compiling[0m subtle v2.6.1
2026-10-09T21:38:55.8054906Z [1m[92m   Compiling[0m try-lock v0.2.5
2026-10-09T21:38:55.8769051Z [1m[92m   Compiling[0m tower-service v0.3.3
2026-10-09T21:38:55.9113779Z [1m[92m   Compiling[0m equivalent v1.0.2
2026-10-09T21:38:55.9552784Z [1m[92m   Compiling[0m multiversion_no_op v1.0.0
2026-10-09T21:38:55.9804337Z [1m[92m   Compiling[0m serde_json v1.0.151
2026-10-09T21:38:56.0513652Z [1m[92m   Compiling[0m indexmap v2.14.2
2026-10-09T21:38:56.1463038Z [1m[92m   Compiling[0m want v0.3.2
2026-10-09T21:38:56.2186200Z [1m[92m   Compiling[0m derive_builder_core v0.20.2
2026-10-09T21:38:56.3336300Z [1m[92m   Compiling[0m httparse v1.10.1
2026-10-09T21:38:56.3650004Z [1m[92m   Compiling[0m tracing-core v0.1.36
2026-10-09T21:38:56.4350798Z [1m[92m   Compiling[0m zmij v1.0.23
2026-10-09T21:38:56.4813880Z [1m[92m   Compiling[0m ptr_meta v0.3.2
2026-10-09T21:38:56.5537665Z [1m[92m   Compiling[0m rustix v1.1.5
2026-10-09T21:38:56.5591186Z [1m[92m   Compiling[0m atomic-waker v1.1.2
2026-10-09T21:38:56.6582630Z [1m[92m   Compiling[0m getrandom v0.3.4
2026-10-09T21:38:56.6626404Z [1m[92m   Compiling[0m hyper v1.12.0
2026-10-09T21:38:56.8053965Z [1m[92m   Compiling[0m rancor v0.1.3
2026-10-09T21:38:57.0175346Z [1m[92m   Compiling[0m tracing v0.1.44
2026-10-09T21:38:57.1308728Z [1m[92m   Compiling[0m derive_builder_macro v0.20.2
2026-10-09T21:38:57.3928505Z [1m[92m    Checking[0m bytecheck v0.8.3
2026-10-09T21:38:57.5892755Z [1m[92m   Compiling[0m sync_wrapper v1.0.2
2026-10-09T21:38:57.6603204Z [1m[92m   Compiling[0m futures-channel v0.3.34
2026-10-09T21:38:57.6914632Z [1m[92m   Compiling[0m strum_macros v0.28.0
2026-10-09T21:38:57.7643842Z [1m[92m   Compiling[0m crc32fast v1.5.2
2026-10-09T21:38:57.8659114Z [1m[92m   Compiling[0m base64 v0.23.1
2026-10-09T21:38:58.0540118Z [1m[92m   Compiling[0m linux-raw-sys v0.12.1
2026-10-09T21:38:58.2152050Z [1m[92m   Compiling[0m ipnet v2.12.2
2026-10-09T21:38:58.3593742Z [1m[92m   Compiling[0m openssl-probe v0.2.1
2026-10-09T21:38:58.4123832Z [1m[92m    Checking[0m allocator-api2 v0.2.21
2026-10-09T21:38:58.4742360Z [1m[92m   Compiling[0m tower-layer v0.3.3
2026-10-09T21:38:58.5278852Z [1m[92m   Compiling[0m rustls-native-certs v0.8.4
2026-10-09T21:38:58.5591759Z [1m[92m   Compiling[0m tower v0.5.3
2026-10-09T21:38:58.6232887Z [1m[92m   Compiling[0m hyper-util v0.1.21
2026-10-09T21:38:58.7827815Z [1m[92m    Checking[0m rend v0.5.4
2026-10-09T21:38:59.0793691Z [1m[92m    Checking[0m parking_lot v0.12.5
2026-10-09T21:38:59.3465264Z [1m[92m   Compiling[0m aho-corasick v1.1.5
2026-10-09T21:38:59.3465982Z [1m[92m   Compiling[0m adler2 v2.0.1
2026-10-09T21:38:59.4283673Z [1m[92m   Compiling[0m simd-adler32 v0.3.10
2026-10-09T21:38:59.5239284Z [1m[92m   Compiling[0m core_detect v1.0.0
2026-10-09T21:38:59.5526798Z [1m[92m   Compiling[0m scopeguard v1.2.0
2026-10-09T21:38:59.7230061Z [1m[92m   Compiling[0m regex-syntax v0.8.11
2026-10-09T21:39:00.0179801Z [1m[92m   Compiling[0m regex-automata v0.4.18
2026-10-09T21:39:00.0183493Z [1m[92m   Compiling[0m miniz_oxide v0.9.1
2026-10-09T21:39:00.1764559Z [1m[92m    Checking[0m rtc-crypto v0.21.0
2026-10-09T21:39:00.4803827Z [1m[92m   Compiling[0m xattr v1.6.1
2026-10-09T21:39:00.5792421Z [1m[92m   Compiling[0m tower-http v0.6.11
2026-10-09T21:39:00.8153502Z [1m[92m   Compiling[0m filetime v0.2.29
2026-10-09T21:39:00.8297583Z [1m[92m   Compiling[0m http-body-util v0.1.5
2026-10-09T21:39:00.8969771Z [1m[92m   Compiling[0m munge v0.4.7
2026-10-09T21:39:00.9695318Z [1m[92m   Compiling[0m csv-core v0.1.13
2026-10-09T21:39:00.9696114Z [1m[92m    Checking[0m memmap2 v0.9.11
2026-10-09T21:39:01.0691794Z [1m[92m   Compiling[0m ryu v1.0.23
2026-10-09T21:39:01.1550487Z [1m[92m   Compiling[0m crossbeam-epoch v0.9.21
2026-10-09T21:39:01.2064575Z [1m[92m    Checking[0m rkyv v0.8.18
2026-10-09T21:39:01.2277390Z [1m[92m    Checking[0m foldhash v0.1.5
2026-10-09T21:39:01.2747343Z [1m[92m   Compiling[0m rand_core v0.10.1
2026-10-09T21:39:01.3667940Z [1m[92m   Compiling[0m rand v0.10.3
2026-10-09T21:39:01.4672488Z [1m[92m    Checking[0m hashbrown v0.15.5
2026-10-09T21:39:01.5173704Z [1m[92m   Compiling[0m csv v1.4.0
2026-10-09T21:39:02.0228308Z [1m[92m   Compiling[0m tar v0.4.46
2026-10-09T21:39:02.0746936Z [1m[92m   Compiling[0m flate2 v1.1.10
2026-10-09T21:39:02.2189730Z [1m[92m   Compiling[0m regex v1.13.1
2026-10-09T21:39:02.2683505Z [1m[92m   Compiling[0m encoding_rs_io v0.1.8
2026-10-09T21:39:02.3823447Z [1m[92m   Compiling[0m strum v0.28.0
2026-10-09T21:39:02.4772269Z [1m[92m   Compiling[0m derive_builder v0.20.2
2026-10-09T21:39:02.4829086Z [1m[92m   Compiling[0m anyhow v1.0.104
2026-10-09T21:39:02.5807053Z [1m[92m   Compiling[0m num_cpus v1.17.0
2026-10-09T21:39:02.6723043Z [1m[92m   Compiling[0m thiserror v2.0.21
2026-10-09T21:39:02.7398229Z [1m[92m   Compiling[0m ucd-trie v0.1.7
2026-10-09T21:39:02.8293815Z [1m[92m   Compiling[0m crossbeam-deque v0.8.8
2026-10-09T21:39:03.0244605Z [1m[92m   Compiling[0m daachorse v2.1.1
2026-10-09T21:39:03.0318094Z [1m[92m    Checking[0m fastrand v2.5.0
2026-10-09T21:39:03.0847279Z [1m[92m   Compiling[0m glob v0.3.4
2026-10-09T21:39:03.1451848Z [1m[92m   Compiling[0m byteorder v1.5.0
2026-10-09T21:39:03.2952418Z [1m[92m   Compiling[0m md5 v0.8.1
2026-10-09T21:39:03.4010819Z [1m[92m   Compiling[0m pest v2.9.2
2026-10-09T21:39:03.6760049Z [1m[92m    Checking[0m rtc-rtp v0.21.0
2026-10-09T21:39:04.0315972Z [1m[92m   Compiling[0m rayon-core v1.13.0
2026-10-09T21:39:04.5993544Z [1m[92m   Compiling[0m pest_meta v2.9.2
2026-10-09T21:39:04.7503891Z [1m[92m    Checking[0m rtc-stun v0.21.0
2026-10-09T21:39:04.7713621Z [1m[92m    Checking[0m string_cache v0.8.9
2026-10-09T21:39:05.0410127Z [1m[92m    Checking[0m rustls-webpki v0.103.15
2026-10-09T21:39:05.1358894Z [1m[92m    Checking[0m rand_core v0.9.5
2026-10-09T21:39:05.3979262Z [1m[92m    Checking[0m ppv-lite86 v0.2.21
2026-10-09T21:39:05.7018097Z [1m[92m    Checking[0m rtc-rtcp v0.21.0
2026-10-09T21:39:05.7732283Z [1m[92m    Checking[0m platform-num v0.8.0
2026-10-09T21:39:05.9744263Z [1m[92m   Compiling[0m dtor-proc-macro v0.0.5
2026-10-09T21:39:06.1248626Z [1m[92m   Compiling[0m fst v0.4.7
2026-10-09T21:39:06.1573927Z [1m[92m    Checking[0m either v1.19.0
2026-10-09T21:39:06.4431457Z [1m[92m    Checking[0m dtor v0.0.6
2026-10-09T21:39:06.4481458Z [1m[92m    Checking[0m lindera-dictionary v3.0.7
2026-10-09T21:39:06.6481995Z [1m[92m    Checking[0m cssparser v0.34.0
2026-10-09T21:39:07.2706547Z [1m[92m    Checking[0m rand_chacha v0.9.0
2026-10-09T21:39:07.5223853Z [1m[92m    Checking[0m rcgen v0.14.10
2026-10-09T21:39:07.5409793Z [1m[92m    Checking[0m tempfile v3.27.0
2026-10-09T21:39:07.8555903Z [1m[92m    Checking[0m markup5ever v0.14.1
2026-10-09T21:39:08.3883782Z [1m[92m    Checking[0m rtc-sctp v0.21.0
2026-10-09T21:39:08.5218435Z [1m[92m   Compiling[0m pest_generator v2.9.2
2026-10-09T21:39:08.6980372Z [1m[92m    Checking[0m rtc-mdns v0.21.0
2026-10-09T21:39:09.0532751Z [1m[92m   Compiling[0m tree-sitter v0.25.10
2026-10-09T21:39:09.0888480Z [1m[92m   Compiling[0m tree-sitter-javascript v0.25.0
2026-10-09T21:39:09.1355357Z [1m[92m   Compiling[0m tree-sitter-ruby v0.23.1
2026-10-09T21:39:09.1763720Z [1m[92m   Compiling[0m tree-sitter-graphql v0.1.0
2026-10-09T21:39:09.2201225Z [1m[92m   Compiling[0m tree-sitter-php v0.24.2
2026-10-09T21:39:09.2618055Z [1m[92m   Compiling[0m tree-sitter-c-sharp v0.23.5
2026-10-09T21:39:09.2987572Z [1m[92m   Compiling[0m tree-sitter-vb-dotnet v0.1.0
2026-10-09T21:39:09.3428993Z [1m[92m   Compiling[0m tree-sitter-sequel v0.3.11
2026-10-09T21:39:09.3783506Z [1m[92m   Compiling[0m tree-sitter-r v1.3.0
2026-10-09T21:39:09.4182232Z [1m[92m   Compiling[0m tree-sitter-java v0.23.5
2026-10-09T21:39:09.4254858Z [1m[92m   Compiling[0m tree-sitter-pascal v0.10.2
2026-10-09T21:39:09.4640287Z [1m[92m   Compiling[0m tree-sitter-go v0.25.0
2026-10-09T21:39:09.5083829Z [1m[92m   Compiling[0m ts-parser-perl v1.2.1
2026-10-09T21:39:09.5335661Z [1m[92m   Compiling[0m tree-sitter-c v0.24.2
2026-10-09T21:39:09.5582498Z [1m[92m   Compiling[0m tree-sitter-typescript v0.23.2
2026-10-09T21:39:09.6077091Z [1m[92m   Compiling[0m tree-sitter-scala v0.25.1
2026-10-09T21:39:09.6394028Z [1m[92m   Compiling[0m tree-sitter-kotlin-ng v1.1.0
2026-10-09T21:39:09.6543837Z [1m[92m   Compiling[0m tree-sitter-python v0.25.0
2026-10-09T21:39:09.7022407Z [1m[92m   Compiling[0m tree-sitter-ini v1.4.0
2026-10-09T21:39:09.7277805Z [1m[92m   Compiling[0m tree-sitter-lua v0.2.0
2026-10-09T21:39:09.7493090Z [1m[92m   Compiling[0m tree-sitter-css v0.25.0
2026-10-09T21:39:09.7964659Z [1m[92m   Compiling[0m tree-sitter-yaml v0.7.2
2026-10-09T21:39:09.8281485Z [1m[92m   Compiling[0m tree-sitter-toml-ng v0.7.0
2026-10-09T21:39:09.8488045Z [1m[92m   Compiling[0m tree-sitter-rust v0.24.2
2026-10-09T21:39:09.8913583Z [1m[92m   Compiling[0m tree-sitter-json v0.24.8
2026-10-09T21:39:09.9313929Z [1m[92m   Compiling[0m tree-sitter-proto v0.4.0
2026-10-09T21:39:09.9324789Z [1m[92m   Compiling[0m tree-sitter-html v0.23.2
2026-10-09T21:39:09.9814431Z [1m[92m   Compiling[0m tree-sitter-cpp v0.23.4
2026-10-09T21:39:10.0213489Z [1m[92m   Compiling[0m tree-sitter-xml v0.7.0
2026-10-09T21:39:10.0223143Z [1m[92m   Compiling[0m tree-sitter-swift v0.7.4
2026-10-09T21:39:10.0741800Z [1m[92m   Compiling[0m ctor-proc-macro v0.0.6
2026-10-09T21:39:10.1094450Z [1m[92m    Checking[0m allocator-api2 v0.4.0
2026-10-09T21:39:10.1133210Z [1m[92m    Checking[0m bitflags v1.3.2
2026-10-09T21:39:10.1874974Z [1m[92m    Checking[0m tinyvec v1.13.3
2026-10-09T21:39:10.3258706Z [1m[92m    Checking[0m unsafe-libyaml v0.2.11
2026-10-09T21:39:10.5014437Z [1m[92m    Checking[0m hashbrown v0.14.5
2026-10-09T21:39:10.5598999Z [1m[92m    Checking[0m beef v0.5.2
2026-10-09T21:39:10.7992085Z [1m[92m    Checking[0m foldhash v0.2.0
2026-10-09T21:39:10.8794749Z [1m[92m    Checking[0m serde_yaml_ng v0.10.0
2026-10-09T21:39:11.0074424Z [1m[92m    Checking[0m dashmap v6.2.1
2026-10-09T21:39:11.0162276Z [1m[92m    Checking[0m hashbrown v0.16.1
2026-10-09T21:39:11.4001229Z [1m[92m    Checking[0m chrono v0.4.45
2026-10-09T21:39:11.5154733Z [1m[92m    Checking[0m platform-data v2.0.0
2026-10-09T21:39:11.6297830Z [1m[92m    Checking[0m unicode-normalization v0.1.25
2026-10-09T21:39:11.8150285Z [1m[92m    Checking[0m platform-mem v0.3.0
2026-10-09T21:39:12.0878063Z [1m[92m    Checking[0m kanaria v0.2.0
2026-10-09T21:39:12.1123470Z [1m[92m    Checking[0m ctor v0.4.3
2026-10-09T21:39:12.8267431Z [1m[92m    Checking[0m html5ever v0.29.1
2026-10-09T21:39:13.5145789Z [1m[92m    Checking[0m selectors v0.26.0
2026-10-09T21:39:13.7493716Z [1m[92m    Checking[0m rtc-ice v0.21.0
2026-10-09T21:39:18.3360899Z [1m[92m    Checking[0m rtc-dtls v0.21.0
2026-10-09T21:39:20.9523675Z [1m[92m    Checking[0m rtc-datachannel v0.21.0
2026-10-09T21:39:21.1419793Z [1m[92m    Checking[0m nix v0.28.0
2026-10-09T21:39:21.1994281Z [1m[92m   Compiling[0m pest_derive v2.9.2
2026-10-09T21:39:21.2938145Z [1m[92m    Checking[0m rayon v1.12.0
2026-10-09T21:39:21.3133865Z [1m[92m    Checking[0m rand v0.9.5
2026-10-09T21:39:21.9270300Z [1m[92m    Checking[0m ahash v0.8.12
2026-10-09T21:39:22.2857713Z [1m[92m    Checking[0m itertools v0.14.0
2026-10-09T21:39:22.7400390Z [1m[92m    Checking[0m rtc-srtp v0.21.0
2026-10-09T21:39:22.7719321Z [1m[92m    Checking[0m rtc-interceptor v0.21.0
2026-10-09T21:39:23.0733619Z [1m[92m    Checking[0m parse-hyperlinks v0.23.4
2026-10-09T21:39:23.2992937Z [1m[92m    Checking[0m platform-trees v0.3.4
2026-10-09T21:39:23.3395418Z [1m[92m    Checking[0m rtc-turn v0.21.0
2026-10-09T21:39:23.5213855Z [1m[92m    Checking[0m rtc-media v0.21.0
2026-10-09T21:39:23.5406872Z [1m[92m    Checking[0m hashlink v0.10.0
2026-10-09T21:39:23.6738137Z [1m[92m    Checking[0m lingua-chinese-language-model v1.3.0
2026-10-09T21:39:23.8639059Z [1m[92m    Checking[0m lingua-french-language-model v1.3.0
2026-10-09T21:39:23.8893876Z [1m[92m    Checking[0m lingua-spanish-language-model v1.3.0
2026-10-09T21:39:23.9034144Z [1m[92m    Checking[0m lingua-bengali-language-model v1.3.0
2026-10-09T21:39:24.1652295Z [1m[92m    Checking[0m lingua-portuguese-language-model v1.3.0
2026-10-09T21:39:24.1710545Z [1m[92m    Checking[0m lingua-english-language-model v1.3.0
2026-10-09T21:39:24.2074695Z [1m[92m    Checking[0m lingua-russian-language-model v1.3.0
2026-10-09T21:39:24.4492863Z [1m[92m    Checking[0m lingua-arabic-language-model v1.3.0
2026-10-09T21:39:24.4546605Z [1m[92m    Checking[0m lingua-hindi-language-model v1.3.0
2026-10-09T21:39:24.5160340Z [1m[92m    Checking[0m lingua-urdu-language-model v1.3.0
2026-10-09T21:39:24.6983313Z [1m[92m    Checking[0m concurrent-queue v2.5.0
2026-10-09T21:39:24.8513642Z [1m[92m    Checking[0m abnf-core v0.5.0
2026-10-09T21:39:24.8860148Z [1m[92m    Checking[0m rtc-sdp v0.21.0
2026-10-09T21:39:24.9241970Z [1m[92m   Compiling[0m strum_macros v0.27.2
2026-10-09T21:39:25.0563716Z [1m[92m    Checking[0m counter v0.7.1
2026-10-09T21:39:25.2750883Z [1m[92m    Checking[0m raw-cpuid v11.6.0
2026-10-09T21:39:25.3344098Z [1m[92m    Checking[0m leak_slice v0.2.0
2026-10-09T21:39:25.5426599Z [1m[92m    Checking[0m maplit v1.0.2
2026-10-09T21:39:25.7923307Z [1m[92m    Checking[0m strum v0.27.2
2026-10-09T21:39:25.8304079Z [1m[92m    Checking[0m unicode-blocks v0.1.10
2026-10-09T21:39:25.9904606Z [1m[92m    Checking[0m streaming-iterator v0.1.9
2026-10-09T21:39:26.0947464Z [1m[92m    Checking[0m tap v1.0.1
2026-10-09T21:39:26.3652878Z [1m[92m    Checking[0m unicode-segmentation v1.13.3
2026-10-09T21:39:26.6833992Z [1m[92m    Checking[0m quanta v0.12.6
2026-10-09T21:39:26.7700056Z [1m[92m    Checking[0m rtc v0.21.0
2026-10-09T21:39:26.7953553Z [1m[92m    Checking[0m doublets v0.5.0
2026-10-09T21:39:26.9376509Z [1m[92m    Checking[0m lingua v1.8.0
2026-10-09T21:39:27.2883439Z [1m[92m    Checking[0m portable-pty v0.9.0
2026-10-09T21:39:27.4484349Z [1m[92m    Checking[0m scraper v0.21.0
2026-10-09T21:39:27.6419054Z [1m[92m    Checking[0m abnf v0.13.0
2026-10-09T21:39:27.7643763Z [1m[92m    Checking[0m async-channel v2.5.0
2026-10-09T21:39:27.9510946Z [1m[92m    Checking[0m json5_nodes v2.0.2
2026-10-09T21:39:28.0343343Z [1m[92m    Checking[0m ebnf v0.1.4
2026-10-09T21:39:28.2906543Z [1m[92m    Checking[0m bnf v0.6.0
2026-10-09T21:39:30.3912024Z [1m[92m    Checking[0m quinn-udp v0.6.3
2026-10-09T21:39:30.6959785Z [1m[92m    Checking[0m lino-arguments v0.3.0
2026-10-09T21:39:30.7989531Z [1m[92m    Checking[0m rust_decimal v1.43.0
2026-10-09T21:39:30.9263686Z [1m[92m    Checking[0m serde-wasm-bindgen v0.6.5
2026-10-09T21:39:31.2681847Z [1m[92m    Checking[0m links-notation v0.13.0
2026-10-09T21:39:31.2801472Z [1m[92m    Checking[0m symbol_table v0.4.0
2026-10-09T21:39:31.2943737Z [1m[92m    Checking[0m whatlang v0.18.0
2026-10-09T21:39:31.5090483Z [1m[92m    Checking[0m env_logger v0.9.3
2026-10-09T21:39:31.6011740Z [1m[92m   Compiling[0m formal-ai v0.352.1 (/home/runner/work/formal-ai/formal-ai/rust)
2026-10-09T21:39:31.7415080Z [1m[92m    Checking[0m symbolic_expressions v5.0.3
2026-10-09T21:39:31.7922070Z [1m[92m    Checking[0m unicode-bidi v0.3.18
2026-10-09T21:39:31.8149757Z [1m[92m    Checking[0m command-stream v1.5.3
2026-10-09T21:39:32.0276845Z [1m[92m    Checking[0m egg v0.11.0
2026-10-09T21:39:32.1925066Z [1m[92m    Checking[0m tungstenite v0.30.0
2026-10-09T21:39:32.6541115Z [1m[92m    Checking[0m link-calculator v0.22.0
2026-10-09T21:39:32.8199392Z [1m[92m    Checking[0m link-cli v1.0.0
2026-10-09T21:39:33.8513576Z [1m[92m    Checking[0m webrtc v0.21.0
2026-10-09T21:39:33.9424305Z [1m[92m    Checking[0m web-capture v0.3.37
2026-10-09T21:39:34.1646867Z [1m[92m    Checking[0m lino-arguments v0.4.0
2026-10-09T21:39:34.3764675Z [1m[92m    Checking[0m web-search v0.6.0
2026-10-09T21:39:34.4246414Z [1m[92m    Checking[0m thread-priority v3.1.1
2026-10-09T21:39:39.8750764Z [1m[92m   Compiling[0m tokio-rustls v0.26.6
2026-10-09T21:39:39.8751646Z [1m[92m   Compiling[0m rustls-platform-verifier v0.7.1
2026-10-09T21:39:39.9626826Z [1m[92m   Compiling[0m hyper-rustls v0.27.10
2026-10-09T21:39:40.0563817Z [1m[92m   Compiling[0m reqwest v0.13.5
2026-10-09T21:39:40.4746823Z [1m[92m   Compiling[0m lindera-jieba v3.0.7
2026-10-09T21:39:52.1246581Z [1m[92m    Checking[0m lindera v3.0.7
2026-10-09T21:39:52.5549517Z [1m[92m    Checking[0m meta-language v0.58.2
2026-10-09T21:39:54.8293301Z [1m[92m Documenting[0m formal-ai v0.352.1 (/home/runner/work/formal-ai/formal-ai/rust)
2026-10-09T21:40:02.9058545Z [1m[92m    Finished[0m `dev` profile [unoptimized] target(s) in 1m 13s
2026-10-09T21:40:02.9340728Z [1m[92m   Generated[0m /home/runner/work/formal-ai/formal-ai/rust/target/doc/formal_ai/index.html
2026-10-09T21:40:02.9420296Z ##[endgroup]
2026-10-09T21:40:02.9422773Z ##[group]check-seed-answer-duplicates — No byte-identical answer value appears more than once in data/seed/**/*.lino: trigger rows point at the canonical reply through response_link, so a wording is fixed in one place and never drifts between copies.
2026-10-09T21:40:02.9424128Z $ rust-script --test scripts/check-seed-answer-duplicates.rs && rust-script scripts/check-seed-answer-duplicates.rs
2026-10-09T21:40:02.9586688Z [1m[92m    Updating[0m crates.io index
2026-10-09T21:40:03.0263158Z [1m[92m     Locking[0m 5 packages to highest Rust 1.99.0 compatible versions
2026-10-09T21:40:03.0322263Z [1m[92m   Compiling[0m check-seed-answer-duplicates_7bc3202f6f568516c55c742b v0.1.0 (/home/runner/.cache/rust-script/projects/7bc3202f6f568516c55c742b)
2026-10-09T21:40:03.2084112Z [1m[92m    Finished[0m `test` profile [unoptimized + debuginfo] target(s) in 0.25s
2026-10-09T21:40:03.2094922Z [1m[92m     Running[0m unittests /home/runner/work/formal-ai/formal-ai/scripts/check-seed-answer-duplicates.rs (/home/runner/.cache/rust-script/binaries/debug/deps/check_seed_answer_duplicates_7bc3202f6f568516c55c742b-78235c6c7588950e)
2026-10-09T21:40:03.2106775Z 
2026-10-09T21:40:03.2106914Z running 6 tests
2026-10-09T21:40:03.2113397Z test tests::answer_value_reads_the_verbatim_remainder_and_nothing_else ... ok
2026-10-09T21:40:03.2114069Z test tests::a_value_repeated_across_rows_is_a_duplicate_naming_every_row ... ok
2026-10-09T21:40:03.2114691Z test tests::a_repetition_across_two_files_is_still_a_repetition ... ok
2026-10-09T21:40:03.2115232Z test tests::distinct_values_and_single_statements_pass ... ok
2026-10-09T21:40:03.2116138Z test tests::values_that_differ_by_a_single_byte_are_not_duplicates ... ok
2026-10-09T21:40:03.2390873Z test tests::the_committed_seed_has_no_repeated_answer_values ... ok
2026-10-09T21:40:03.2391259Z 
2026-10-09T21:40:03.2391564Z test result: ok. 6 passed; 0 failed; 0 ignored; 0 measured; 0 filtered out; finished in 0.03s
2026-10-09T21:40:03.2391939Z 
2026-10-09T21:40:03.5720894Z 
2026-10-09T21:40:03.5721577Z Checking data/seed for byte-identical repeated answer values...
2026-10-09T21:40:03.5721973Z 
2026-10-09T21:40:03.5782602Z Every answer value in the seed is stated exactly once
2026-10-09T21:40:03.5782938Z 
2026-10-09T21:40:03.5783905Z ##[endgroup]
2026-10-09T21:40:03.5785492Z ##[group]check-seed-registry-js-twin — scripts/generate-seed-registry.mjs prints exactly what scripts/generate-seed-registry.rs prints, with the same exit code, and so generates byte-identical registry files without compiling Rust.
2026-10-09T21:40:03.5786693Z $ node scripts/lib/checks-twin-parity.mjs generate-seed-registry
2026-10-09T21:40:04.2435427Z generate-seed-registry: the JavaScript twin matches the Rust original (exit 0, 8 stdout line(s)).
2026-10-09T21:40:04.2475648Z ##[endgroup]
2026-10-09T21:40:04.2476481Z ##[group]check-seed-registry — The Rust and browser seed inventories still match data/meta/seed-registry.lino (issue #991).
2026-10-09T21:40:04.2477237Z $ rust-script --test scripts/generate-seed-registry.rs && rust-script scripts/generate-seed-registry.rs
2026-10-09T21:40:04.2640088Z [1m[92m   Compiling[0m generate-seed-registry_90a3f7231062447a04664780 v0.1.0 (/home/runner/.cache/rust-script/projects/90a3f7231062447a04664780)
2026-10-09T21:40:04.5556023Z [1m[92m    Finished[0m `test` profile [unoptimized + debuginfo] target(s) in 0.29s
2026-10-09T21:40:04.5557173Z [1m[92m     Running[0m unittests /home/runner/work/formal-ai/formal-ai/scripts/generate-seed-registry.rs (/home/runner/.cache/rust-script/binaries/debug/deps/generate_seed_registry_90a3f7231062447a04664780-ffd5b361d404c449)
2026-10-09T21:40:04.5568571Z 
2026-10-09T21:40:04.5568803Z running 12 tests
2026-10-09T21:40:04.5571448Z test tests::a_pattern_matches_the_way_the_exclusions_read ... ok
2026-10-09T21:40:04.5572054Z test tests::a_long_constant_wraps_at_the_generator_s_own_column ... ok
2026-10-09T21:40:04.5572729Z test tests::a_registered_file_that_does_not_exist_fails ... ok
2026-10-09T21:40:04.5573300Z test tests::a_registry_parses_into_seeds_and_exclusions ... ok
2026-10-09T21:40:04.5573875Z test tests::a_seed_file_nobody_registered_fails ... ok
2026-10-09T21:40:04.5574478Z test tests::a_seed_no_path_consumes_fails ... ok
2026-10-09T21:40:04.5575041Z test tests::a_stale_exclusion_fails ... ok
2026-10-09T21:40:04.5575617Z test tests::a_union_merge_leaves_repeats_that_canonicalize_merges ... ok
2026-10-09T21:40:04.5576206Z test tests::the_browser_list_holds_exactly_the_web_seeds ... ok
2026-10-09T21:40:04.5576660Z test tests::a_union_merge_leaves_the_order_scrambled_and_the_output_sorted ... ok
2026-10-09T21:40:04.5577266Z test tests::the_rendered_registry_round_trips ... ok
2026-10-09T21:40:04.5577602Z test tests::the_rendered_registry_has_no_blank_line_before_the_root ... ok
2026-10-09T21:40:04.5577831Z 
2026-10-09T21:40:04.5578032Z test result: ok. 12 passed; 0 failed; 0 ignored; 0 measured; 0 filtered out; finished in 0.00s
2026-10-09T21:40:04.5578296Z 
2026-10-09T21:40:04.5623679Z 
2026-10-09T21:40:04.5623917Z Checking the seed registry in data/meta/seed-registry.lino...
2026-10-09T21:40:04.5624132Z 
2026-10-09T21:40:04.5624285Z   239 registered, 232 embedded, 187 in the browser worker, 244 on disk
2026-10-09T21:40:04.5624498Z 
2026-10-09T21:40:04.5628336Z 
2026-10-09T21:40:04.5628484Z The seed registry and every file generated from it agree.
2026-10-09T21:40:04.5628678Z 
2026-10-09T21:40:04.5630481Z ##[endgroup]
2026-10-09T21:40:04.5631195Z ##[group]check-status-render — The generated status document and its two pinned summaries are byte-current against committed ledgers.
2026-10-09T21:40:04.5631700Z $ rust-script scripts/render-status.rs --check
2026-10-09T21:40:05.2289917Z status surfaces are current
2026-10-09T21:40:05.2290644Z ##[endgroup]
2026-10-09T21:40:05.2291701Z ##[group]check-step-budget-headroom — Every declared step budget can still be read and attributed to one step.
2026-10-09T21:40:05.2292561Z $ rust-script --test scripts/check-step-budget-headroom.rs
2026-10-09T21:40:05.2461559Z [1m[92m   Compiling[0m check-step-budget-headroom_f01f2c2f2621303487a9f7f9 v0.1.0 (/home/runner/.cache/rust-script/projects/f01f2c2f2621303487a9f7f9)
2026-10-09T21:40:05.5712316Z [1m[92m    Finished[0m `test` profile [unoptimized + debuginfo] target(s) in 0.33s
2026-10-09T21:40:05.5714039Z [1m[92m     Running[0m unittests /home/runner/work/formal-ai/formal-ai/scripts/check-step-budget-headroom.rs (/home/runner/.cache/rust-script/binaries/debug/deps/check_step_budget_headroom_f01f2c2f2621303487a9f7f9-eef67d3f3e2bea5c)
2026-10-09T21:40:05.5724878Z 
2026-10-09T21:40:05.5725011Z running 12 tests
2026-10-09T21:40:05.5728054Z test tests::a_budget_is_read_with_the_step_and_job_it_belongs_to ... ok
2026-10-09T21:40:05.5728764Z test tests::a_budget_far_above_the_work_is_reported_as_loose ... ok
2026-10-09T21:40:05.5729673Z test tests::a_budget_nobody_has_measured_is_named_rather_than_passed ... ok
2026-10-09T21:40:05.5730505Z test tests::a_cut_short_run_cannot_lower_the_worst_case ... ok
2026-10-09T21:40:05.5731019Z test tests::a_job_row_is_not_read_as_a_step ... ok
2026-10-09T21:40:05.5731883Z test tests::a_cut_short_run_raises_the_worst_case_and_is_marked_as_a_lower_bound ... ok
2026-10-09T21:40:05.5732658Z test tests::a_few_runs_are_reported_but_not_judged ... ok
2026-10-09T21:40:05.5743079Z test tests::every_run_that_ran_is_measured_and_the_rest_are_dropped ... ok
2026-10-09T21:40:05.5744006Z test tests::one_name_with_two_budgets_is_reported_rather_than_guessed_at ... ok
2026-10-09T21:40:05.5744580Z test tests::timestamps_parse_as_utc_seconds ... ok
2026-10-09T21:40:05.5802996Z test tests::every_acknowledgement_names_a_step_that_exists ... ok
2026-10-09T21:40:05.5808128Z test tests::the_repositorys_own_budgets_are_unique_and_parse ... ok
2026-10-09T21:40:05.5808486Z 
2026-10-09T21:40:05.5808813Z test result: ok. 12 passed; 0 failed; 0 ignored; 0 measured; 0 filtered out; finished in 0.01s
2026-10-09T21:40:05.5809208Z 
2026-10-09T21:40:05.5826603Z ##[endgroup]
2026-10-09T21:40:05.5827518Z ##[group]check-test-partition-balance — Long tests start first so the planned test partitions stay balanced.
2026-10-09T21:40:05.5828184Z $ rust-script scripts/plan-test-partition.rs --report --of 8
2026-10-09T21:40:05.9275208Z partition 1/8: 1015s
2026-10-09T21:40:05.9275575Z partition 2/8: 1015s
2026-10-09T21:40:05.9275870Z partition 3/8: 1016s
2026-10-09T21:40:05.9276134Z partition 4/8: 1016s
2026-10-09T21:40:05.9276392Z partition 5/8: 1016s
2026-10-09T21:40:05.9276655Z partition 6/8: 1015s
2026-10-09T21:40:05.9276904Z partition 7/8: 1015s
2026-10-09T21:40:05.9277151Z partition 8/8: 1015s
2026-10-09T21:40:05.9277330Z spread: 0.1% (limit 25%)
2026-10-09T21:40:05.9277767Z ##[endgroup]
2026-10-09T21:40:05.9278834Z ##[group]check-tests-as-docs — Tests assert exact answers, so the suite doubles as the specification.
2026-10-09T21:40:05.9279396Z $ rust-script --test scripts/check-tests-as-docs.rs && rust-script scripts/check-tests-as-docs.rs
2026-10-09T21:40:05.9437732Z [1m[92m    Updating[0m crates.io index
2026-10-09T21:40:05.9847205Z [1m[92m     Locking[0m 9 packages to highest Rust 1.99.0 compatible versions
2026-10-09T21:40:05.9891147Z [1m[92m      Adding[0m syn v2.0.119 [1m[33m(available: v3.0.6)[0m
2026-10-09T21:40:05.9960993Z [1m[92m   Compiling[0m proc-macro2 v1.0.107
2026-10-09T21:40:05.9961620Z [1m[92m   Compiling[0m unicode-ident v1.0.26
2026-10-09T21:40:05.9969017Z [1m[92m   Compiling[0m quote v1.0.47
2026-10-09T21:40:07.2876620Z [1m[92m   Compiling[0m syn v2.0.119
2026-10-09T21:40:09.4813566Z [1m[92m   Compiling[0m check-tests-as-docs_9ca9c49490d4d3bdb220860a v0.1.0 (/home/runner/.cache/rust-script/projects/9ca9c49490d4d3bdb220860a)
2026-10-09T21:40:09.8163571Z [1m[92m    Finished[0m `test` profile [unoptimized + debuginfo] target(s) in 3.87s
2026-10-09T21:40:09.8195938Z [1m[92m     Running[0m unittests /home/runner/work/formal-ai/formal-ai/scripts/check-tests-as-docs.rs (/home/runner/.cache/rust-script/binaries/debug/deps/check_tests_as_docs_9ca9c49490d4d3bdb220860a-eff06ffe647dc592)
2026-10-09T21:40:09.8209208Z 
2026-10-09T21:40:09.8209408Z running 17 tests
2026-10-09T21:40:09.8216174Z test tests::allowlist_round_trips ... ok
2026-10-09T21:40:09.8216722Z test tests::answer_in_a_diagnostic_does_not_fake_an_exact_answer ... ok
2026-10-09T21:40:09.8217305Z test tests::answer_method_calls_and_answer_changed_helpers_are_not_answer_fields ... ok
2026-10-09T21:40:09.8230268Z test tests::all_test_functions_in_a_file_are_scanned ... ok
2026-10-09T21:40:09.8230837Z test tests::answer_reads_without_answer_assertions_are_ignored ... ok
2026-10-09T21:40:09.8231408Z test tests::commented_out_exact_assertion_does_not_count ... ok
2026-10-09T21:40:09.8231930Z test tests::comparing_two_dynamic_answers_does_not_document_either_answer ... ok
2026-10-09T21:40:09.8232671Z test tests::braces_inside_string_literals_do_not_truncate_a_body ... ok
2026-10-09T21:40:09.8233213Z test tests::exact_answer_through_a_local_alias_passes ... ok
2026-10-09T21:40:09.8233662Z test tests::exact_answer_assertion_passes ... ok
2026-10-09T21:40:09.8234517Z test tests::formatting_arguments_are_not_semantic_assertion_operands ... ok
2026-10-09T21:40:09.8235017Z test tests::loose_only_test_is_flagged ... ok
2026-10-09T21:40:09.8235458Z test tests::membership_in_an_explicit_answer_list_passes ... ok
2026-10-09T21:40:09.8235913Z test tests::new_debt_and_stale_rows_are_reported_separately ... ok
2026-10-09T21:40:09.8236415Z test tests::history_projection_does_not_turn_metadata_into_answer_text ... ok
2026-10-09T21:40:09.8241757Z test tests::nested_structured_answer_fields_are_not_user_visible_answer_text ... ok
2026-10-09T21:40:09.8242526Z test tests::tests_that_do_not_assert_on_answers_are_ignored ... ok
2026-10-09T21:40:09.8242844Z 
2026-10-09T21:40:09.8243045Z test result: ok. 17 passed; 0 failed; 0 ignored; 0 measured; 0 filtered out; finished in 0.00s
2026-10-09T21:40:09.8243312Z 
2026-10-09T21:40:22.6012496Z 
2026-10-09T21:40:22.6013208Z Checking behavioural tests show exact example answers (R234-2)...
2026-10-09T21:40:22.6013572Z 
2026-10-09T21:40:22.6013805Z Behavioural tests asserting on an answer without showing it:
2026-10-09T21:40:22.6014100Z 
2026-10-09T21:40:22.6014519Z   rust/tests/integration/issue_386_cancel_sort.rs::issue_386_cancel_sort_is_undone_in_every_supported_language
2026-10-09T21:40:22.6015398Z   rust/tests/integration/issue_461_php_followup.rs::russian_capabilities_follow_up_can_request_php_hello_world
2026-10-09T21:40:22.6016262Z   rust/tests/unit/candidate_solution_portfolios.rs::comparison_ledger_answers_why_in_all_supported_languages
2026-10-09T21:40:22.6017097Z   rust/tests/unit/candidate_solution_portfolios.rs::rule_synthesis_is_a_second_portfolio_leaf_with_the_same_engine
2026-10-09T21:40:22.6018165Z   rust/tests/unit/formal_ai.rs::software_project_approval_returns_implementation_starter
2026-10-09T21:40:22.6018717Z   rust/tests/unit/issue_823_recursive_learning.rs::the_live_solver_recalls_an_approved_lesson_instead_of_rederiving_it
2026-10-09T21:40:22.6019317Z   rust/tests/unit/issue_920_question_necessity.rs::issue_920_proof_followups_keep_only_the_smallest_requirement_question
2026-10-09T21:40:22.6019859Z   rust/tests/unit/software_project.rs::approval_returns_language_aware_generated_code_surface
2026-10-09T21:40:22.6020402Z   rust/tests/unit/software_project.rs::software_project_dialogue_examples_formalize_plan_then_implement_after_approval
2026-10-09T21:40:22.6021000Z   rust/tests/unit/software_project.rs::software_project_followup_detects_verbs_across_supported_languages
2026-10-09T21:40:22.6021532Z   rust/tests/unit/software_project.rs::software_project_followup_keeps_test_step_in_the_project_dialogue
2026-10-09T21:40:22.6022073Z   rust/tests/unit/software_project.rs::software_project_followup_reports_approved_state_after_implementation
2026-10-09T21:40:22.6022838Z   rust/tests/unit/solver/issue_531_pattern_inference.rs::grid_report_localizes_symmetry_description
2026-10-09T21:40:22.6023428Z   rust/tests/unit/solver/issue_531_pattern_inference.rs::pattern_inference_report_localizes_into_every_seeded_language
2026-10-09T21:40:22.6024111Z   rust/tests/unit/solver/weighted_statement_formalization.rs::english_requirement_contradiction_warns_with_both_statements_and_a_resolution
2026-10-09T21:40:22.6024788Z   rust/tests/unit/solver/weighted_statement_formalization.rs::requirement_contradiction_reply_is_in_the_prompt_language
2026-10-09T21:40:22.6025404Z   rust/tests/unit/specification/behavior_rules.rs::behavior_rules_count_followup_answers_reported_russian_prompt
2026-10-09T21:40:22.6026004Z   rust/tests/unit/specification/calculator_delegation.rs::final_amount_conversion_uses_prior_compound_interest_answer
2026-10-09T21:40:22.6026621Z   rust/tests/unit/specification/code_generation/follow_up.rs::chinese_follow_up_path_argument_modification_reuses_context
2026-10-09T21:40:22.6027249Z   rust/tests/unit/specification/code_generation/follow_up.rs::hindi_follow_up_path_argument_modification_reuses_context
2026-10-09T21:40:22.6027856Z   rust/tests/unit/specification/code_generation/follow_up.rs::russian_follow_up_path_argument_modification_reuses_context
2026-10-09T21:40:22.6028679Z   rust/tests/unit/specification/conversation_history.rs::previous_user_question_recall_skips_meta_turns_in_supported_languages
2026-10-09T21:40:22.6029335Z   rust/tests/unit/specification/conversational_reverification.rs::assistant_name_can_be_set_and_recalled_in_every_language
2026-10-09T21:40:22.6029946Z   rust/tests/unit/specification/reasoning_paths_procedures.rs::procedural_elaboration_followup_covers_many_topics
2026-10-09T21:40:22.6030551Z   rust/tests/unit/specification/reasoning_paths_procedures.rs::procedural_elaboration_followup_covers_supported_languages
2026-10-09T21:40:22.6031168Z   rust/tests/unit/specification/reasoning_paths_procedures.rs::procedural_elaboration_followup_rebinds_to_prior_how_to
2026-10-09T21:40:22.6031783Z   rust/tests/unit/specification/text_manipulation.rs::russian_follow_up_replace_edits_previous_assistant_code_artifact
2026-10-09T21:40:22.6032502Z   rust/tests/unit/web_requests.rs::research_comparison_table_followup_uses_prior_search_topics
2026-10-09T21:40:22.6032786Z 
2026-10-09T21:40:22.6032973Z Tests are documentation: show the exact answer, or the explicit list of answers it
2026-10-09T21:40:22.6033357Z must be one of, in addition to any contains/!contains assertions.
2026-10-09T21:40:22.6033895Z assert_eq!(response.answer, "…");
2026-10-09T21:40:22.6034212Z assert!(EXPECTED.contains(&response.answer.as_str()), "…");
2026-10-09T21:40:22.6034406Z 
2026-10-09T21:40:22.6034711Z ##[endgroup]
2026-10-09T21:40:22.6037697Z ##[error]gate `check-tests-as-docs` failed (exit status: 1); see data/meta/ci-gates/check-tests-as-docs.lino
2026-10-09T21:40:22.6039459Z ##[group]check-worker-line-budget-js-twin — scripts/check-worker-line-budget.mjs prints exactly what scripts/check-worker-line-budget.rs prints, with the same exit code, so agents can run the JavaScript twin instead of compiling Rust.
2026-10-09T21:40:22.6040283Z $ node scripts/lib/checks-twin-parity.mjs check-worker-line-budget
2026-10-09T21:40:23.1218867Z check-worker-line-budget: the JavaScript twin matches the Rust original (exit 0, 163 stdout line(s)).
2026-10-09T21:40:23.1262759Z ##[endgroup]
2026-10-09T21:40:23.1263820Z ##[group]check-worker-line-budget — Each browser worker module stays under its own committed line ceiling.
2026-10-09T21:40:23.1264458Z $ rust-script --test scripts/check-worker-line-budget.rs && rust-script scripts/check-worker-line-budget.rs
2026-10-09T21:40:23.1434481Z [1m[92m   Compiling[0m check-worker-line-budget_62f5a4b2607f4dfd94068eee v0.1.0 (/home/runner/.cache/rust-script/projects/62f5a4b2607f4dfd94068eee)
2026-10-09T21:40:23.3474693Z [1m[92m    Finished[0m `test` profile [unoptimized + debuginfo] target(s) in 0.21s
2026-10-09T21:40:23.3475978Z [1m[92m     Running[0m unittests /home/runner/work/formal-ai/formal-ai/scripts/check-worker-line-budget.rs (/home/runner/.cache/rust-script/binaries/debug/deps/check_worker_line_budget_62f5a4b2607f4dfd94068eee-36ccb7aedb870472)
2026-10-09T21:40:23.3486965Z 
2026-10-09T21:40:23.3487125Z running 10 tests
2026-10-09T21:40:23.3493133Z test tests::a_module_within_its_own_ceiling_passes ... ok
2026-10-09T21:40:23.3493797Z test tests::a_module_that_grew_past_its_own_ceiling_fails ... ok
2026-10-09T21:40:23.3494520Z test tests::a_shard_round_trips_through_render_and_parse ... ok
2026-10-09T21:40:23.3495174Z test tests::classifies_regrowth_in_progress_and_target_met ... ok
2026-10-09T21:40:23.3495624Z test tests::a_module_without_a_shard_fails ... ok
2026-10-09T21:40:23.3497106Z test tests::a_shard_for_a_deleted_module_fails ... ok
2026-10-09T21:40:23.3497989Z test tests::the_default_rationale_is_the_modules_own_leading_comment ... ok
2026-10-09T21:40:23.3499554Z test tests::one_module_cannot_fund_its_growth_out_of_another_modules_savings ... ok
2026-10-09T21:40:23.3500240Z test tests::collects_only_worker_js_and_sums_lines ... ok
2026-10-09T21:40:23.3502264Z test tests::missing_worker_dir_yields_no_files ... ok
2026-10-09T21:40:23.3502545Z 
2026-10-09T21:40:23.3502856Z test result: ok. 10 passed; 0 failed; 0 ignored; 0 measured; 0 filtered out; finished in 0.00s
2026-10-09T21:40:23.3503548Z 
2026-10-09T21:40:23.3546157Z 
2026-10-09T21:40:23.3546431Z Checking the UI-glue line budget for the split JavaScript worker...
2026-10-09T21:40:23.3546665Z 
2026-10-09T21:40:23.3591363Z Worker JavaScript line counts (js/worker/*.js):
2026-10-09T21:40:23.3591773Z       88 /     88  js/worker/formal_ai_worker.js
2026-10-09T21:40:23.3592330Z       84 /     84  js/worker/formal_ai_worker_agent_workspace.js
2026-10-09T21:40:23.3592882Z      763 /    763  js/worker/formal_ai_worker_arithmetic_and_numeric_lists.js
2026-10-09T21:40:23.3593443Z      742 /    742  js/worker/formal_ai_worker_behavior_rules_and_self_facts.js
2026-10-09T21:40:23.3593876Z      187 /    187  js/worker/formal_ai_worker_browser_runtime.js
2026-10-09T21:40:23.3594193Z     1208 /   1208  js/worker/formal_ai_worker_calendar_and_proofs.js
2026-10-09T21:40:23.3594506Z      532 /    532  js/worker/formal_ai_worker_calendar_offset.js
2026-10-09T21:40:23.3594827Z       27 /     27  js/worker/formal_ai_worker_candidate_validation.js
2026-10-09T21:40:23.3595329Z      648 /    648  js/worker/formal_ai_worker_capabilities_and_runtime_rules.js
2026-10-09T21:40:23.3595818Z      227 /    229  js/worker/formal_ai_worker_claim_evidence.js
2026-10-09T21:40:23.3596123Z      266 /    266  js/worker/formal_ai_worker_claim_operands.js
2026-10-09T21:40:23.3596415Z       40 /     40  js/worker/formal_ai_worker_closed_programs.js
2026-10-09T21:40:23.3596710Z      836 /    836  js/worker/formal_ai_worker_code_examples.js
2026-10-09T21:40:23.3596990Z      195 /    195  js/worker/formal_ai_worker_code_plans.js
2026-10-09T21:40:23.3597531Z      815 /    815  js/worker/formal_ai_worker_code_synthesis.js
2026-10-09T21:40:23.3597923Z      534 /    534  js/worker/formal_ai_worker_code_task_support.js
2026-10-09T21:40:23.3598218Z     1417 /   1417  js/worker/formal_ai_worker_code_tasks.js
2026-10-09T21:40:23.3598563Z     1388 /   1388  js/worker/formal_ai_worker_coding_idioms_and_text_manipulation.js
2026-10-09T21:40:23.3598932Z       42 /     42  js/worker/formal_ai_worker_compiled_procedure.js
2026-10-09T21:40:23.3599278Z      383 /    383  js/worker/formal_ai_worker_concept_lookup.js
2026-10-09T21:40:23.3599621Z     1214 /   1214  js/worker/formal_ai_worker_concept_queries_and_arithmetic.js
2026-10-09T21:40:23.3599977Z       60 /     60  js/worker/formal_ai_worker_conversation_followups.js
2026-10-09T21:40:23.3600285Z       66 /     66  js/worker/formal_ai_worker_conversation_history.js
2026-10-09T21:40:23.3600607Z       29 /     29  js/worker/formal_ai_worker_conversation_summary_request.js
2026-10-09T21:40:23.3600926Z      118 /    118  js/worker/formal_ai_worker_coreference.js
2026-10-09T21:40:23.3601228Z      278 /    278  js/worker/formal_ai_worker_crate_coding_catalog.js
2026-10-09T21:40:23.3601521Z      191 /    191  js/worker/formal_ai_worker_crate_content.js
2026-10-09T21:40:23.3601833Z       66 /     66  js/worker/formal_ai_worker_crate_conversation_summary.js
2026-10-09T21:40:23.3602348Z      229 /    229  js/worker/formal_ai_worker_crate_dependency_summarization.js
2026-10-09T21:40:23.3602692Z       85 /     85  js/worker/formal_ai_worker_crate_engine.js
2026-10-09T21:40:23.3602998Z       69 /     69  js/worker/formal_ai_worker_crate_engine_stable_identifier.js
2026-10-09T21:40:23.3603322Z      180 /    180  js/worker/formal_ai_worker_crate_event_log.js
2026-10-09T21:40:23.3603617Z       29 /     29  js/worker/formal_ai_worker_crate_final_payload.js
2026-10-09T21:40:23.3603914Z       47 /     47  js/worker/formal_ai_worker_crate_final_result.js
2026-10-09T21:40:23.3604234Z      180 /    180  js/worker/formal_ai_worker_crate_formalization_segment.js
2026-10-09T21:40:23.3604549Z      153 /    153  js/worker/formal_ai_worker_crate_host.js
2026-10-09T21:40:23.3604863Z      231 /    231  js/worker/formal_ai_worker_crate_intent_formalization.js
2026-10-09T21:40:23.3605232Z      206 /    206  js/worker/formal_ai_worker_crate_intent_formalization_requirements.js
2026-10-09T21:40:23.3605590Z      291 /    291  js/worker/formal_ai_worker_crate_language.js
2026-10-09T21:40:23.3606027Z      115 /    115  js/worker/formal_ai_worker_crate_links_format.js
2026-10-09T21:40:23.3606369Z       54 /     54  js/worker/formal_ai_worker_crate_literal_authoring_contract.js
2026-10-09T21:40:23.3606720Z       27 /     27  js/worker/formal_ai_worker_crate_literal_body_ownership.js
2026-10-09T21:40:23.3607051Z      168 /    168  js/worker/formal_ai_worker_crate_literal_content.js
2026-10-09T21:40:23.3607391Z       19 /     19  js/worker/formal_ai_worker_crate_literal_instruction_view.js
2026-10-09T21:40:23.3607721Z       55 /     55  js/worker/formal_ai_worker_crate_lowercase_spans.js
2026-10-09T21:40:23.3608012Z       50 /     50  js/worker/formal_ai_worker_crate_messages.js
2026-10-09T21:40:23.3608306Z      275 /    275  js/worker/formal_ai_worker_crate_method_registry.js
2026-10-09T21:40:23.3608598Z      115 /    115  js/worker/formal_ai_worker_crate_modules.js
2026-10-09T21:40:23.3608888Z      287 /    287  js/worker/formal_ai_worker_crate_normal_markov.js
2026-10-09T21:40:23.3609191Z       53 /     53  js/worker/formal_ai_worker_crate_operation_owner.js
2026-10-09T21:40:23.3609500Z      117 /    117  js/worker/formal_ai_worker_crate_page_formalization.js
2026-10-09T21:40:23.3609815Z       98 /     98  js/worker/formal_ai_worker_crate_plan.js
2026-10-09T21:40:23.3610119Z      188 /    188  js/worker/formal_ai_worker_crate_round_trip_translation.js
2026-10-09T21:40:23.3610439Z      301 /    301  js/worker/formal_ai_worker_crate_rust_str.js
2026-10-09T21:40:23.3610708Z      163 /    163  js/worker/formal_ai_worker_crate_seed.js
2026-10-09T21:40:23.3611106Z      108 /    108  js/worker/formal_ai_worker_crate_seed_caller_context.js
2026-10-09T21:40:23.3611425Z       69 /     69  js/worker/formal_ai_worker_crate_seed_concepts.js
2026-10-09T21:40:23.3611724Z      347 /    347  js/worker/formal_ai_worker_crate_seed_meanings.js
2026-10-09T21:40:23.3612014Z       33 /     33  js/worker/formal_ai_worker_crate_seed_parser.js
2026-10-09T21:40:23.3612462Z      142 /    142  js/worker/formal_ai_worker_crate_seed_registry.js
2026-10-09T21:40:23.3612752Z       59 /     59  js/worker/formal_ai_worker_crate_seed_reports.js
2026-10-09T21:40:23.3613061Z       45 /     45  js/worker/formal_ai_worker_crate_seed_terminal_commands.js
2026-10-09T21:40:23.3613399Z      198 /    198  js/worker/formal_ai_worker_crate_shell_command_policy.js
2026-10-09T21:40:23.3613722Z      177 /    177  js/worker/formal_ai_worker_crate_skill_compiler.js
2026-10-09T21:40:23.3614031Z      395 /    395  js/worker/formal_ai_worker_crate_skill_procedure.js
2026-10-09T21:40:23.3614363Z      229 /    229  js/worker/formal_ai_worker_crate_skill_procedure_artifact.js
2026-10-09T21:40:23.3614717Z      113 /    113  js/worker/formal_ai_worker_crate_solver_event_projection.js
2026-10-09T21:40:23.3615055Z      262 /    262  js/worker/formal_ai_worker_crate_solver_formalization.js
2026-10-09T21:40:23.3615371Z      496 /    496  js/worker/formal_ai_worker_crate_summarization.js
2026-10-09T21:40:23.3615682Z      273 /    273  js/worker/formal_ai_worker_crate_summarization_dedup.js
2026-10-09T21:40:23.3616014Z      167 /    167  js/worker/formal_ai_worker_crate_summarization_dialog.js
2026-10-09T21:40:23.3616346Z      169 /    169  js/worker/formal_ai_worker_crate_summarization_identifier.js
2026-10-09T21:40:23.3616689Z      207 /    207  js/worker/formal_ai_worker_crate_summarization_markdown.js
2026-10-09T21:40:23.3617027Z      182 /    182  js/worker/formal_ai_worker_crate_summarization_vocabulary.js
2026-10-09T21:40:23.3617401Z      666 /    666  js/worker/formal_ai_worker_crate_text_formalization.js
2026-10-09T21:40:23.3617753Z      479 /    479  js/worker/formal_ai_worker_crate_translation_formalization.js
2026-10-09T21:40:23.3618076Z       80 /     80  js/worker/formal_ai_worker_crate_write_lexicon.js
2026-10-09T21:40:23.3618370Z       35 /     35  js/worker/formal_ai_worker_crate_write_lino.js
2026-10-09T21:40:23.3618652Z      219 /    219  js/worker/formal_ai_worker_crate_write_str.js
2026-10-09T21:40:23.3619060Z      652 /    652  js/worker/formal_ai_worker_creative.js
2026-10-09T21:40:23.3619338Z      649 /    649  js/worker/formal_ai_worker_creative_writing.js
2026-10-09T21:40:23.3619621Z      329 /    329  js/worker/formal_ai_worker_derivation.js
2026-10-09T21:40:23.3619885Z      163 /    163  js/worker/formal_ai_worker_dispatch.js
2026-10-09T21:40:23.3620164Z      115 /    115  js/worker/formal_ai_worker_documented_commands.js
2026-10-09T21:40:23.3620485Z     1247 /   1247  js/worker/formal_ai_worker_equations_and_word_problems.js
2026-10-09T21:40:23.3620812Z      376 /    376  js/worker/formal_ai_worker_fact_derivation.js
2026-10-09T21:40:23.3621122Z     1292 /   1292  js/worker/formal_ai_worker_facts_and_software_phrases.js
2026-10-09T21:40:23.3621425Z     1006 /   1006  js/worker/formal_ai_worker_factual_qa.js
2026-10-09T21:40:23.3621701Z       89 /     89  js/worker/formal_ai_worker_formalization.js
2026-10-09T21:40:23.3621994Z      778 /    778  js/worker/formal_ai_worker_formalization_request.js
2026-10-09T21:40:23.3622443Z      310 /    310  js/worker/formal_ai_worker_formalization_support.js
2026-10-09T21:40:23.3622743Z      482 /    482  js/worker/formal_ai_worker_formalization_targets.js
2026-10-09T21:40:23.3623047Z     1134 /   1134  js/worker/formal_ai_worker_format_conversion.js
2026-10-09T21:40:23.3623342Z      227 /    227  js/worker/formal_ai_worker_handler_rule_values.js
2026-10-09T21:40:23.3623630Z      804 /    804  js/worker/formal_ai_worker_handler_rules.js
2026-10-09T21:40:23.3623902Z      704 /    704  js/worker/formal_ai_worker_how_to_guide.js
2026-10-09T21:40:23.3624403Z      839 /    840  js/worker/formal_ai_worker_installation_and_software_followups.js
2026-10-09T21:40:23.3624755Z     1460 /   1460  js/worker/formal_ai_worker_meaning_lexicon.js
2026-10-09T21:40:23.3625048Z      110 /    110  js/worker/formal_ai_worker_memory_inspection.js
2026-10-09T21:40:23.3625331Z      674 /    674  js/worker/formal_ai_worker_memory_programs.js
2026-10-09T21:40:23.3625622Z      155 /    155  js/worker/formal_ai_worker_meta_composite.js
2026-10-09T21:40:23.3625903Z     1197 /   1197  js/worker/formal_ai_worker_meta_reasoner.js
2026-10-09T21:40:23.3626176Z      647 /    647  js/worker/formal_ai_worker_meta_synthesis.js
2026-10-09T21:40:23.3626460Z      525 /    525  js/worker/formal_ai_worker_native_lanes.js
2026-10-09T21:40:23.3626752Z      105 /    105  js/worker/formal_ai_worker_natural_language_tools.js
2026-10-09T21:40:23.3627056Z      100 /    100  js/worker/formal_ai_worker_network_snapshot.js
2026-10-09T21:40:23.3627375Z      751 /    754  js/worker/formal_ai_worker_number_constraints.js
2026-10-09T21:40:23.3627674Z      431 /    505  js/worker/formal_ai_worker_obligation_plans.js
2026-10-09T21:40:23.3627964Z      478 /    478  js/worker/formal_ai_worker_obligations.js
2026-10-09T21:40:23.3628250Z      121 /    121  js/worker/formal_ai_worker_page_formalization.js
2026-10-09T21:40:23.3628547Z      637 /    637  js/worker/formal_ai_worker_pattern_inference.js
2026-10-09T21:40:23.3628830Z      108 /    108  js/worker/formal_ai_worker_policy_gates.js
2026-10-09T21:40:23.3629104Z      269 /    269  js/worker/formal_ai_worker_product_search.js
2026-10-09T21:40:23.3629402Z     1250 /   1250  js/worker/formal_ai_worker_program_blueprints.js
2026-10-09T21:40:23.3629691Z      425 /    425  js/worker/formal_ai_worker_program_ir.js
2026-10-09T21:40:23.3629985Z     1030 /   1030  js/worker/formal_ai_worker_program_plans.js
2026-10-09T21:40:23.3630265Z      276 /    276  js/worker/formal_ai_worker_program_requests.js
2026-10-09T21:40:23.3630556Z       48 /     48  js/worker/formal_ai_worker_project_summaries.js
2026-10-09T21:40:23.3630841Z      223 /    223  js/worker/formal_ai_worker_reasoning_guards.js
2026-10-09T21:40:23.3631124Z      203 /    259  js/worker/formal_ai_worker_recurrence.js
2026-10-09T21:40:23.3631421Z      221 /    221  js/worker/formal_ai_worker_requirement_contradiction.js
2026-10-09T21:40:23.3631752Z      219 /    219  js/worker/formal_ai_worker_requirement_extraction.js
2026-10-09T21:40:23.3632334Z     1208 /   1208  js/worker/formal_ai_worker_search_queries_and_how_to.js
2026-10-09T21:40:23.3632669Z       18 /     18  js/worker/formal_ai_worker_search_statement_fusion.js
2026-10-09T21:40:23.3632964Z       20 /     20  js/worker/formal_ai_worker_seed_captures.js
2026-10-09T21:40:23.3633268Z      783 /    920  js/worker/formal_ai_worker_seed_responses_and_language.js
2026-10-09T21:40:23.3633592Z      512 /    512  js/worker/formal_ai_worker_shell_compose.js
2026-10-09T21:40:23.3633885Z     1031 /   1031  js/worker/formal_ai_worker_software_project_plans.js
2026-10-09T21:40:23.3634185Z     1372 /   1372  js/worker/formal_ai_worker_solve.js
2026-10-09T21:40:23.3634459Z      341 /    342  js/worker/formal_ai_worker_solver_events.js
2026-10-09T21:40:23.3634762Z      130 /    130  js/worker/formal_ai_worker_source_callable_contracts.js
2026-10-09T21:40:23.3650081Z       36 /     36  js/worker/formal_ai_worker_source_endpoints.js
2026-10-09T21:40:23.3650542Z       29 /     29  js/worker/formal_ai_worker_source_fetch.js
2026-10-09T21:40:23.3650978Z      107 /    107  js/worker/formal_ai_worker_source_qualified_definition.js
2026-10-09T21:40:23.3651409Z       16 /     16  js/worker/formal_ai_worker_source_qualified_events.js
2026-10-09T21:40:23.3651726Z      273 /    299  js/worker/formal_ai_worker_source_walk.js
2026-10-09T21:40:23.3652031Z      829 /    832  js/worker/formal_ai_worker_statement_verification.js
2026-10-09T21:40:23.3652491Z     1070 /   1070  js/worker/formal_ai_worker_statistics.js
2026-10-09T21:40:23.3652867Z      122 /    122  js/worker/formal_ai_worker_text_payload.js
2026-10-09T21:40:23.3653320Z      719 /    903  js/worker/formal_ai_worker_text_transform.js
2026-10-09T21:40:23.3653639Z       14 /     14  js/worker/formal_ai_worker_tool_execution_policy.js
2026-10-09T21:40:23.3654027Z     1231 /   1231  js/worker/formal_ai_worker_translation_recall_and_compound_interest.js
2026-10-09T21:40:23.3654386Z      155 /    155  js/worker/formal_ai_worker_triz.js
2026-10-09T21:40:23.3654648Z      646 /    646  js/worker/formal_ai_worker_units.js
2026-10-09T21:40:23.3654928Z       33 /     33  js/worker/formal_ai_worker_unknown_language.js
2026-10-09T21:40:23.3655221Z      155 /    155  js/worker/formal_ai_worker_verifiable_task.js
2026-10-09T21:40:23.3655512Z     1023 /   1023  js/worker/formal_ai_worker_web_formalize.js
2026-10-09T21:40:23.3655849Z     1168 /   1168  js/worker/formal_ai_worker_web_providers_and_wasm_calls.js
2026-10-09T21:40:23.3656195Z     1250 /   1250  js/worker/formal_ai_worker_web_search_and_projects.js
2026-10-09T21:40:23.3656551Z     1392 /   1392  js/worker/formal_ai_worker_wikipedia_and_shell_commands.js
2026-10-09T21:40:23.3656871Z      121 /    121  js/worker/formal_ai_worker_word_relations.js
2026-10-09T21:40:23.3657189Z     1269 /   1269  js/worker/formal_ai_worker_write_program_and_research.js
2026-10-09T21:40:23.3657400Z 
2026-10-09T21:40:23.3657513Z   total: 61311 lines (summed ceilings 61798, target 3000)
2026-10-09T21:40:23.3657690Z 
2026-10-09T21:40:23.3657878Z Every module is within its own ceiling. 58311 line(s) above the 3000-line UI-glue target.
2026-10-09T21:40:23.3658472Z Migrate more solver logic into the Rust→WASM worker, then run
2026-10-09T21:40:23.3658878Z `rust-script scripts/check-worker-line-budget.rs --write` to lock in the drop.
2026-10-09T21:40:23.3659137Z 
2026-10-09T21:40:23.3659421Z ##[endgroup]
2026-10-09T21:40:23.3660228Z ##[group]coding-ladder — Fast consistency gate for the standalone 130-task issue #848 coding ladder: validate the committed full result, strict ratchet floor and workflow contract without executing any authoring task.
2026-10-09T21:40:23.3661104Z $ rust-script --test scripts/check-coding-ladder.rs && rust-script scripts/check-coding-ladder.rs --base origin/main
2026-10-09T21:40:23.3762288Z [1m[92m   Compiling[0m check-coding-ladder_056af156ee8d8d39fe01936e v0.1.0 (/home/runner/.cache/rust-script/projects/056af156ee8d8d39fe01936e)
2026-10-09T21:40:23.4997065Z [1m[92m    Finished[0m `test` profile [unoptimized + debuginfo] target(s) in 0.13s
2026-10-09T21:40:23.4998782Z [1m[92m     Running[0m unittests /home/runner/work/formal-ai/formal-ai/scripts/check-coding-ladder.rs (/home/runner/.cache/rust-script/binaries/debug/deps/check_coding_ladder_056af156ee8d8d39fe01936e-f3ed512dce05cb58)
2026-10-09T21:40:23.5008629Z 
2026-10-09T21:40:23.5008759Z running 4 tests
2026-10-09T21:40:23.5011718Z test tests::a_floor_fall_needs_a_correction_naming_the_old_floor ... ok
2026-10-09T21:40:23.5012275Z test tests::a_fresh_full_run_may_improve_but_not_fall_below_the_floor ... ok
2026-10-09T21:40:23.5012781Z test tests::parses_the_honest_full_frontier ... ok
2026-10-09T21:40:23.5013102Z test tests::partial_measurement_is_not_a_ratchet_input ... ok
2026-10-09T21:40:23.5013304Z 
2026-10-09T21:40:23.5013493Z test result: ok. 4 passed; 0 failed; 0 ignored; 0 measured; 0 filtered out; finished in 0.00s
2026-10-09T21:40:23.5013753Z 
2026-10-09T21:40:23.8571062Z coding ladder: result, ratchet, and standalone workflow agree
2026-10-09T21:40:23.8571911Z ##[endgroup]
2026-10-09T21:40:23.8572901Z ##[group]lint-shell-scripts — Every committed shell script passes shellcheck.
2026-10-09T21:40:23.8573261Z $ bash scripts/lint-shell-scripts.sh
2026-10-09T21:40:23.8664132Z Linting 64 shell script(s)
2026-10-09T21:40:26.0920757Z ##[endgroup]
2026-10-09T21:40:26.0921714Z ##[group]run_clippy — Clippy is clean across the library, binaries, tests and examples.
2026-10-09T21:40:26.0923002Z $ cargo clippy --manifest-path rust/Cargo.toml --lib --bins --tests --all-features -- -D warnings && cargo check --manifest-path rust/Cargo.toml --examples --all-features
2026-10-09T21:40:27.4911126Z [1m[92m   Compiling[0m formal-ai v0.352.1 (/home/runner/work/formal-ai/formal-ai/rust)
2026-10-09T21:40:27.4912907Z [1m[92m    Checking[0m temp-env v0.3.6
2026-10-09T21:40:44.3113498Z [1m[91merror[0m[1m: this block may be rewritten with the `?` operator[0m
2026-10-09T21:40:44.3114351Z    [1m[94m--> [0msrc/agentic_coding/general_planner/literal_request.rs:206:12
2026-10-09T21:40:44.3114859Z     [1m[94m|[0m
2026-10-09T21:40:44.3115319Z [1m[94m206[0m [1m[94m|[0m       } else if let Some(value_lead) = toks
2026-10-09T21:40:44.3115808Z     [1m[94m|[0m [1m[91m ____________^[0m
2026-10-09T21:40:44.3116241Z [1m[94m207[0m [1m[94m|[0m [1m[91m|[0m         .iter()
2026-10-09T21:40:44.3116789Z [1m[94m208[0m [1m[94m|[0m [1m[91m|[0m         .skip(file_index + 1)
2026-10-09T21:40:44.3117576Z [1m[94m209[0m [1m[94m|[0m [1m[91m|[0m         .find(|token| dest_cues.contains(&clean_cue_token(token.text)))
2026-10-09T21:40:44.3118192Z [1m[94m...[0m   [1m[91m|[0m
2026-10-09T21:40:44.3118628Z [1m[94m222[0m [1m[94m|[0m [1m[91m|[0m         return None;
2026-10-09T21:40:44.3119115Z [1m[94m223[0m [1m[94m|[0m [1m[91m|[0m     };
2026-10-09T21:40:44.3119514Z     [1m[94m|[0m [1m[91m|_____^[0m
2026-10-09T21:40:44.3119870Z     [1m[94m|[0m
2026-10-09T21:40:44.3120644Z     [1m[94m= [0m[1mhelp[0m: for further information visit https://rust-lang.github.io/rust-clippy/rust-1.99.0/index.html#question_mark
2026-10-09T21:40:44.3125847Z     [1m[94m= [0m[1mnote[0m: `-D clippy::question-mark` implied by `-D warnings`
2026-10-09T21:40:44.3126710Z     [1m[94m= [0m[1mhelp[0m: to override `-D warnings` add `#[allow(clippy::question_mark)]`
2026-10-09T21:40:44.3127294Z [1m[96mhelp[0m: replace it with
2026-10-09T21:40:44.3127654Z     [1m[94m|[0m
2026-10-09T21:40:44.3127996Z [1m[94m206[0m [92m~ [0m    } else [92m{[0m
2026-10-09T21:40:44.3128467Z [1m[94m207[0m [92m+         let value_lead = toks[0m
2026-10-09T21:40:44.3128916Z [1m[94m208[0m [92m+         .iter()[0m
2026-10-09T21:40:44.3129376Z [1m[94m209[0m [92m+         .skip(file_index + 1)[0m
2026-10-09T21:40:44.3130037Z [1m[94m210[0m [92m+         .find(|token| dest_cues.contains(&clean_cue_token(token.text)))?;[0m
2026-10-09T21:40:44.3130856Z [1m[94m211[0m [92m+         // Assignment shape: "set the contents of FILE to VALUE". The target[0m
2026-10-09T21:40:44.3131993Z [1m[94m212[0m [92m+         // cue identifies the file object and a following destination cue[0m
2026-10-09T21:40:44.3133006Z [1m[94m213[0m [92m+         // introduces its literal value. Requiring a write action before the[0m
2026-10-09T21:40:44.3133816Z [1m[94m214[0m [92m+         // file keeps an unrelated "contents of FILE" read request out.[0m
2026-10-09T21:40:44.3134529Z [1m[94m215[0m [92m+         let action_end = first_action_cue_end(toks)?;[0m
2026-10-09T21:40:44.3135167Z [1m[94m216[0m [92m+         payload = value_lead.end..request.len();[0m
2026-10-09T21:40:44.3135755Z [1m[94m217[0m [92m+         (action_end <= clause_start[0m
2026-10-09T21:40:44.3136429Z [1m[94m218[0m [92m+             && positions_share_statement(request, action_end, clause_start)[0m
2026-10-09T21:40:44.3137275Z [1m[94m219[0m [92m+             && positions_share_statement(request, clause_start, value_lead.start))[0m
2026-10-09T21:40:44.3138000Z [1m[94m220[0m [92m+         .then(|| request.get(value_lead.end..))?[0m
2026-10-09T21:40:44.3138483Z [1m[94m221[0m [92m~     }[0m;
2026-10-09T21:40:44.3138832Z     [1m[94m|[0m
2026-10-09T21:40:44.3138996Z 
2026-10-09T21:40:44.3139285Z [1m[91merror[0m[1m: function call inside of `map_or`[0m
2026-10-09T21:40:44.3139926Z    [1m[94m--> [0msrc/agentic_coding/general_planner/literal_request.rs:443:27
2026-10-09T21:40:44.3140437Z     [1m[94m|[0m
2026-10-09T21:40:44.3140932Z [1m[94m443[0m [1m[94m|[0m       let payload = literal.map_or(range.clone(), |span| {
2026-10-09T21:40:44.3141525Z     [1m[94m|[0m [1m[91m ___________________________^[0m
2026-10-09T21:40:44.3142978Z [1m[94m444[0m [1m[94m|[0m [1m[91m|[0m         range.start + span.start..range.start + span.end
2026-10-09T21:40:44.3143677Z [1m[94m445[0m [1m[94m|[0m [1m[91m|[0m     });
2026-10-09T21:40:44.3144096Z     [1m[94m|[0m [1m[91m|______^[0m
2026-10-09T21:40:44.3144425Z     [1m[94m|[0m
2026-10-09T21:40:44.3145189Z     [1m[94m= [0m[1mhelp[0m: for further information visit https://rust-lang.github.io/rust-clippy/rust-1.99.0/index.html#or_fun_call
2026-10-09T21:40:44.3146241Z     [1m[94m= [0m[1mnote[0m: `-D clippy::or-fun-call` implied by `-D warnings`
2026-10-09T21:40:44.3147013Z     [1m[94m= [0m[1mhelp[0m: to override `-D warnings` add `#[allow(clippy::or_fun_call)]`
2026-10-09T21:40:44.3147551Z [1m[96mhelp[0m: try
2026-10-09T21:40:44.3147843Z     [1m[94m|[0m
2026-10-09T21:40:44.3148403Z [1m[94m443[0m [92m~ [0m    let payload = literal.[92mmap_or_else(|| range.clone(), |span| {[0m
2026-10-09T21:40:44.3149181Z [1m[94m444[0m [92m+         range.start + span.start..range.start + span.end[0m
2026-10-09T21:40:44.3149710Z [1m[94m445[0m [92m~     })[0m;
2026-10-09T21:40:44.3150075Z     [1m[94m|[0m
2026-10-09T21:40:44.3150228Z 
2026-10-09T21:40:44.3150458Z [1m[91merror[0m[1m: this could be a `const fn`[0m
2026-10-09T21:40:44.3151060Z    [1m[94m--> [0msrc/agentic_coding/general_planner/literal_request.rs:465:1
2026-10-09T21:40:44.3151592Z     [1m[94m|[0m
2026-10-09T21:40:44.3152050Z [1m[94m465[0m [1m[94m|[0m [1m[91m/[0m pub(super) fn owns_instruction_span(
2026-10-09T21:40:44.3152874Z [1m[94m466[0m [1m[94m|[0m [1m[91m|[0m     contract: &LiteralWriteContract,
2026-10-09T21:40:44.3153558Z [1m[94m467[0m [1m[94m|[0m [1m[91m|[0m     span: &std::ops::Range<usize>,
2026-10-09T21:40:44.3154094Z [1m[94m468[0m [1m[94m|[0m [1m[91m|[0m ) -> bool {
2026-10-09T21:40:44.3154635Z [1m[94m469[0m [1m[94m|[0m [1m[91m|[0m     span.start <= span.end
2026-10-09T21:40:44.3155477Z [1m[94m470[0m [1m[94m|[0m [1m[91m|[0m         && (span.end <= contract.payload.start || span.start >= contract.payload.end)
2026-10-09T21:40:44.3156162Z [1m[94m471[0m [1m[94m|[0m [1m[91m|[0m }
2026-10-09T21:40:44.3156563Z     [1m[94m|[0m [1m[91m|_^[0m
2026-10-09T21:40:44.3156905Z     [1m[94m|[0m
2026-10-09T21:40:44.3157685Z     [1m[94m= [0m[1mhelp[0m: for further information visit https://rust-lang.github.io/rust-clippy/rust-1.99.0/index.html#missing_const_for_fn
2026-10-09T21:40:44.3158935Z     [1m[94m= [0m[1mnote[0m: `-D clippy::missing-const-for-fn` implied by `-D warnings`
2026-10-09T21:40:44.3159724Z     [1m[94m= [0m[1mhelp[0m: to override `-D warnings` add `#[allow(clippy::missing_const_for_fn)]`
2026-10-09T21:40:44.3160337Z [1m[96mhelp[0m: make the function `const`
2026-10-09T21:40:44.3160719Z     [1m[94m|[0m
2026-10-09T21:40:44.3161190Z [1m[94m465[0m [1m[94m| [0mpub(super)[92m const[0m fn owns_instruction_span(
2026-10-09T21:40:44.3161727Z     [1m[94m|[0m            [92m+++++[0m
2026-10-09T21:40:44.3161956Z 
2026-10-09T21:40:44.3162530Z [1m[91merror[0m[1m: use Option::map_or_else instead of an if let/else[0m
2026-10-09T21:40:44.3163192Z    [1m[94m--> [0msrc/agentic_coding/general_planner/owned_goals.rs:113:13
2026-10-09T21:40:44.3163685Z     [1m[94m|[0m
2026-10-09T21:40:44.3164470Z [1m[94m113[0m [1m[94m|[0m [1m[91m/[0m             if let Some(contract) = literal.as_ref().filter(|_| kind == GoalKind::LiteralFile) {
2026-10-09T21:40:44.3165419Z [1m[94m114[0m [1m[94m|[0m [1m[91m|[0m                 ObligationExpectation::FileBytes {
2026-10-09T21:40:44.3166083Z [1m[94m115[0m [1m[94m|[0m [1m[91m|[0m                     path: contract.target.clone(),
2026-10-09T21:40:44.3166698Z [1m[94m116[0m [1m[94m|[0m [1m[91m|[0m                     sha256: None,
2026-10-09T21:40:44.3167157Z [1m[94m...[0m   [1m[91m|[0m
2026-10-09T21:40:44.3167589Z [1m[94m127[0m [1m[94m|[0m [1m[91m|[0m             };
2026-10-09T21:40:44.3168231Z     [1m[94m|[0m [1m[91m|_____________^[0m
2026-10-09T21:40:44.3168599Z     [1m[94m|[0m
2026-10-09T21:40:44.3169413Z     [1m[94m= [0m[1mhelp[0m: for further information visit https://rust-lang.github.io/rust-clippy/rust-1.99.0/index.html#option_if_let_else
2026-10-09T21:40:44.3170438Z     [1m[94m= [0m[1mnote[0m: `-D clippy::option-if-let-else` implied by `-D warnings`
2026-10-09T21:40:44.3171237Z     [1m[94m= [0m[1mhelp[0m: to override `-D warnings` add `#[allow(clippy::option_if_let_else)]`
2026-10-09T21:40:44.3171805Z [1m[96mhelp[0m: try
2026-10-09T21:40:44.3172316Z     [1m[94m|[0m
2026-10-09T21:40:44.3173198Z [1m[94m113[0m [92m~ [0m            [92mliteral.as_ref().filter(|_| kind == GoalKind::LiteralFile).map_or_else(|| ObligationExpectation::Underivable {[0m
2026-10-09T21:40:44.3174174Z [1m[94m114[0m [92m+                     reason: if kind == GoalKind::SourceEdit {[0m
2026-10-09T21:40:44.3174840Z [1m[94m115[0m [92m+                         "source-edit-preimage-required"[0m
2026-10-09T21:40:44.3175412Z [1m[94m116[0m [92m+                     } else {[0m
2026-10-09T21:40:44.3175951Z [1m[94m117[0m [92m+                         "no_artifact_in_clause"[0m
2026-10-09T21:40:44.3176477Z [1m[94m118[0m [92m+                     }[0m
2026-10-09T21:40:44.3176963Z [1m[94m119[0m [92m+                     .to_owned(),[0m
2026-10-09T21:40:44.3177646Z [1m[94m120[0m [92m+                 }, |contract| ObligationExpectation::FileBytes {[0m
2026-10-09T21:40:44.3178318Z [1m[94m121[0m [92m+                     path: contract.target.clone(),[0m
2026-10-09T21:40:44.3178876Z [1m[94m122[0m [92m+                     sha256: None,[0m
2026-10-09T21:40:44.3179345Z [1m[94m123[0m [92m~                 })[0m;
2026-10-09T21:40:44.3179719Z     [1m[94m|[0m
2026-10-09T21:40:44.3179881Z 
2026-10-09T21:40:50.0205954Z [1m[91merror[0m: could not compile `formal-ai` (lib test) due to 4 previous errors
2026-10-09T21:40:50.0206792Z [1m[33mwarning[0m: build failed, waiting for other jobs to finish...
2026-10-09T21:40:50.0722030Z [1m[91merror[0m: could not compile `formal-ai` (lib) due to 4 previous errors
2026-10-09T21:40:50.1190677Z ##[endgroup]
2026-10-09T21:40:50.1192004Z ##[error]gate `run_clippy` failed (exit status: 101); see data/meta/ci-gates/run-clippy.lino
2026-10-09T21:40:50.1193962Z ##[group]test-script-suites — Every standalone script's inline test suite runs somewhere in CI, including the ones no other mechanism compiles.
2026-10-09T21:40:50.1194865Z $ scripts/test-scripts.sh
2026-10-09T21:40:50.3902373Z ##[group]rust-script --test scripts/check-duplicate-functions.rs
2026-10-09T21:40:50.4056867Z [1m[92m   Compiling[0m check-duplicate-functions_6186a663fdb7376ca253b61f v0.1.0 (/home/runner/.cache/rust-script/projects/6186a663fdb7376ca253b61f)
2026-10-09T21:40:50.5911591Z [1m[92m    Finished[0m `test` profile [unoptimized + debuginfo] target(s) in 0.19s
2026-10-09T21:40:50.5913318Z [1m[92m     Running[0m unittests /home/runner/work/formal-ai/formal-ai/scripts/check-duplicate-functions.rs (/home/runner/.cache/rust-script/binaries/debug/deps/check_duplicate_functions_6186a663fdb7376ca253b61f-75ed1e9c594c90af)
2026-10-09T21:40:50.5923703Z 
2026-10-09T21:40:50.5923884Z running 5 tests
2026-10-09T21:40:50.5926825Z test tests::a_changed_body_is_a_different_group ... ok
2026-10-09T21:40:50.5927385Z test tests::a_string_containing_braces_does_not_confuse_the_matcher ... ok
2026-10-09T21:40:50.5927941Z test tests::sha256_matches_the_known_vector ... ok
2026-10-09T21:40:50.5928398Z test tests::the_baseline_round_trips_through_parse ... ok
2026-10-09T21:40:50.5929780Z test tests::whitespace_and_comments_do_not_hide_identity ... ok
2026-10-09T21:40:50.5930190Z 
2026-10-09T21:40:50.5930579Z test result: ok. 5 passed; 0 failed; 0 ignored; 0 measured; 0 filtered out; finished in 0.00s
2026-10-09T21:40:50.5930981Z 
2026-10-09T21:40:50.5951068Z ##[endgroup]
2026-10-09T21:40:50.5951729Z ##[group]rust-script --test scripts/check-evidence-lines.rs
2026-10-09T21:40:50.6106169Z [1m[92m   Compiling[0m check-evidence-lines_03a1235b4761b2d3680decc1 v0.1.0 (/home/runner/.cache/rust-script/projects/03a1235b4761b2d3680decc1)
2026-10-09T21:40:50.7360183Z [1m[92m    Finished[0m `test` profile [unoptimized + debuginfo] target(s) in 0.13s
2026-10-09T21:40:50.7361525Z [1m[92m     Running[0m unittests /home/runner/work/formal-ai/formal-ai/scripts/check-evidence-lines.rs (/home/runner/.cache/rust-script/binaries/debug/deps/check_evidence_lines_03a1235b4761b2d3680decc1-de47626a056b261a)
2026-10-09T21:40:50.7372340Z 
2026-10-09T21:40:50.7372488Z running 4 tests
2026-10-09T21:40:50.7375356Z test tests::numstat_rows_parse_including_binary_dashes ... ok
2026-10-09T21:40:50.7375772Z test tests::source_never_counts_but_evidence_shapes_do ... ok
2026-10-09T21:40:50.7376327Z test tests::the_file_gate_arms_only_when_the_move_is_complete ... ok
2026-10-09T21:40:50.7376870Z test tests::the_three_prose_shapes_are_exempt_and_only_those ... ok
2026-10-09T21:40:50.7377187Z 
2026-10-09T21:40:50.7377616Z test result: ok. 4 passed; 0 failed; 0 ignored; 0 measured; 0 filtered out; finished in 0.00s
2026-10-09T21:40:50.7377916Z 
2026-10-09T21:40:50.7393749Z ##[endgroup]
2026-10-09T21:40:50.7394328Z ##[group]rust-script --test scripts/check-hardcoded-language.rs
2026-10-09T21:40:50.7559593Z [1m[92m   Compiling[0m check-hardcoded-language_2554628a61321faca1bde589 v0.1.0 (/home/runner/.cache/rust-script/projects/2554628a61321faca1bde589)
2026-10-09T21:40:51.0290806Z [1m[92m    Finished[0m `test` profile [unoptimized + debuginfo] target(s) in 0.28s
2026-10-09T21:40:51.0294173Z [1m[92m     Running[0m unittests /home/runner/work/formal-ai/formal-ai/scripts/check-hardcoded-language.rs (/home/runner/.cache/rust-script/binaries/debug/deps/check_hardcoded_language_2554628a61321faca1bde589-d68ff30c0097f65b)
2026-10-09T21:40:51.0304144Z 
2026-10-09T21:40:51.0304281Z running 12 tests
2026-10-09T21:40:51.0308618Z test tests::allowlist_round_trips ... ok
2026-10-09T21:40:51.0309267Z test tests::allowlisted_string_passes ... ok
2026-10-09T21:40:51.0310052Z test tests::comments_are_not_scanned ... ok
2026-10-09T21:40:51.0310690Z test tests::context_phrases_exclude_code_and_internal_values ... ok
2026-10-09T21:40:51.0311270Z test tests::detects_multi_word_phrases_in_user_facing_positions ... ok
2026-10-09T21:40:51.0311777Z test tests::continuation_lines_are_collapsed ... ok
2026-10-09T21:40:51.0313456Z test tests::detects_sentence_prose ... ok
2026-10-09T21:40:51.0313841Z test tests::raw_strings_are_scanned ... ok
2026-10-09T21:40:51.0314356Z test tests::fixture_string_is_a_new_violation ... ok
2026-10-09T21:40:51.0314864Z test tests::ignores_non_prose_literals ... ok
2026-10-09T21:40:51.0315436Z test tests::trailing_spaces_are_visible_and_diff_safe ... ok
2026-10-09T21:40:51.0315898Z test tests::stale_allowlist_row_fails ... ok
2026-10-09T21:40:51.0316145Z 
2026-10-09T21:40:51.0316455Z test result: ok. 12 passed; 0 failed; 0 ignored; 0 measured; 0 filtered out; finished in 0.00s
2026-10-09T21:40:51.0316898Z 
2026-10-09T21:40:51.0334075Z ##[endgroup]
2026-10-09T21:40:51.0334676Z ##[group]rust-script --test scripts/check-self-development-release.rs
2026-10-09T21:40:51.0487822Z [1m[92m   Compiling[0m check-self-development-release_354d006fb9375570c6c995c7 v0.1.0 (/home/runner/.cache/rust-script/projects/354d006fb9375570c6c995c7)
2026-10-09T21:40:51.2744131Z [1m[92m    Finished[0m `test` profile [unoptimized + debuginfo] target(s) in 0.23s
2026-10-09T21:40:51.2748935Z [1m[92m     Running[0m unittests /home/runner/work/formal-ai/formal-ai/scripts/check-self-development-release.rs (/home/runner/.cache/rust-script/binaries/debug/deps/check_self_development_release_354d006fb9375570c6c995c7-2a4b22dd4f84970d)
2026-10-09T21:40:51.2757395Z 
2026-10-09T21:40:51.2757525Z running 6 tests
2026-10-09T21:40:51.2760133Z test tests::a_day_is_not_yet_more_than_a_day ... ok
2026-10-09T21:40:51.2760647Z test tests::a_malformed_timestamp_is_an_error_not_a_silent_zero ... ok
2026-10-09T21:40:51.2762082Z test tests::a_zone_offset_is_subtracted_rather_than_ignored ... ok
2026-10-09T21:40:51.2762799Z test tests::hours_are_counted_across_days_and_months ... ok
2026-10-09T21:40:51.2763208Z test tests::the_pull_request_reading_is_skipped_without_a_pull_request ... ok
2026-10-09T21:40:51.2763618Z test tests::the_window_matches_the_contribution_gate ... ok
2026-10-09T21:40:51.2763882Z 
2026-10-09T21:40:51.2764319Z test result: ok. 6 passed; 0 failed; 0 ignored; 0 measured; 0 filtered out; finished in 0.00s
2026-10-09T21:40:51.2764732Z 
2026-10-09T21:40:51.2780912Z ##[endgroup]
2026-10-09T21:40:51.2781471Z ##[group]rust-script --test scripts/check-wasm-worker-size.rs
2026-10-09T21:40:51.2935917Z [1m[92m   Compiling[0m check-wasm-worker-size_45780c58ff9528e57cc4a1b0 v0.1.0 (/home/runner/.cache/rust-script/projects/45780c58ff9528e57cc4a1b0)
2026-10-09T21:40:51.3692956Z [1m[92m    Finished[0m `test` profile [unoptimized + debuginfo] target(s) in 0.08s
2026-10-09T21:40:51.3694506Z [1m[92m     Running[0m unittests /home/runner/work/formal-ai/formal-ai/scripts/check-wasm-worker-size.rs (/home/runner/.cache/rust-script/binaries/debug/deps/check_wasm_worker_size_45780c58ff9528e57cc4a1b0-96b83d8fd794e99e)
2026-10-09T21:40:51.3704188Z 
2026-10-09T21:40:51.3704375Z running 3 tests
2026-10-09T21:40:51.3707203Z test tests::warn_threshold_is_below_the_ceiling ... ok
2026-10-09T21:40:51.3707700Z test tests::formats_kib_with_two_decimals ... ok
2026-10-09T21:40:51.3708135Z test tests::classifies_size_bands ... ok
2026-10-09T21:40:51.3708366Z 
2026-10-09T21:40:51.3708673Z test result: ok. 3 passed; 0 failed; 0 ignored; 0 measured; 0 filtered out; finished in 0.00s
2026-10-09T21:40:51.3709091Z 
2026-10-09T21:40:51.3724795Z ##[endgroup]
2026-10-09T21:40:51.3725359Z ##[group]rust-script --test scripts/cross-org-duplication.rs
2026-10-09T21:40:51.3870691Z [1m[92m    Updating[0m crates.io index
2026-10-09T21:40:51.4330181Z [1m[92m     Locking[0m 11 packages to highest Rust 1.99.0 compatible versions
2026-10-09T21:40:51.4456786Z [1m[92m   Compiling[0m serde_core v1.0.229
2026-10-09T21:40:52.9248114Z [1m[92m   Compiling[0m serde_json v1.0.151
2026-10-09T21:40:53.6888621Z [1m[92m   Compiling[0m cross-org-duplication_a4e53ad29beed86515d8b29b v0.1.0 (/home/runner/.cache/rust-script/projects/a4e53ad29beed86515d8b29b)
2026-10-09T21:40:54.0392633Z [1m[92m    Finished[0m `test` profile [unoptimized + debuginfo] target(s) in 2.65s
2026-10-09T21:40:54.0434854Z [1m[92m     Running[0m unittests /home/runner/work/formal-ai/formal-ai/scripts/cross-org-duplication.rs (/home/runner/.cache/rust-script/binaries/debug/deps/cross_org_duplication_a4e53ad29beed86515d8b29b-47c4bda56b05d253)
2026-10-09T21:40:54.0446317Z 
2026-10-09T21:40:54.0446454Z running 5 tests
2026-10-09T21:40:54.0449129Z test tests::fnv1a_matches_the_reference_vectors ... ok
2026-10-09T21:40:54.0449797Z test tests::comments_and_whitespace_leave_the_hash_untouched ... ok
2026-10-09T21:40:54.0459843Z test tests::the_issue_body_lists_every_copy_and_carries_the_marker ... ok
2026-10-09T21:40:54.0462933Z test tests::the_dependency_owning_the_copies_is_selected_as_owner ... ok
2026-10-09T21:40:54.0463320Z test tests::the_marker_search_prevents_a_second_issue ... ok
2026-10-09T21:40:54.0463520Z 
2026-10-09T21:40:54.0463717Z test result: ok. 5 passed; 0 failed; 0 ignored; 0 measured; 0 filtered out; finished in 0.00s
2026-10-09T21:40:54.0464033Z 
2026-10-09T21:40:54.0510877Z ##[endgroup]
2026-10-09T21:40:54.0511302Z ##[group]rust-script --test scripts/generate-module-map.rs
2026-10-09T21:40:54.0666843Z [1m[92m   Compiling[0m generate-module-map_301d399f612217589093ab77 v0.1.0 (/home/runner/.cache/rust-script/projects/301d399f612217589093ab77)
2026-10-09T21:40:54.2352265Z [1m[92m    Finished[0m `test` profile [unoptimized + debuginfo] target(s) in 0.17s
2026-10-09T21:40:54.2353780Z [1m[92m     Running[0m unittests /home/runner/work/formal-ai/formal-ai/scripts/generate-module-map.rs (/home/runner/.cache/rust-script/binaries/debug/deps/generate_module_map_301d399f612217589093ab77-2b98549528c4d60e)
2026-10-09T21:40:54.2364397Z 
2026-10-09T21:40:54.2364577Z running 4 tests
2026-10-09T21:40:54.2367195Z test tests::mapped_names_reads_the_first_column_back ... ok
2026-10-09T21:40:54.2383032Z test tests::tidy_truncates_without_dangling_words ... ok
2026-10-09T21:40:54.2428368Z test tests::the_map_covers_every_declared_module_with_a_sentence ... ok
2026-10-09T21:40:54.2429034Z test tests::the_owning_sections_are_the_documents_own_numbers ... ok
2026-10-09T21:40:54.2429377Z 
2026-10-09T21:40:54.2429674Z test result: ok. 4 passed; 0 failed; 0 ignored; 0 measured; 0 filtered out; finished in 0.01s
2026-10-09T21:40:54.2430091Z 
2026-10-09T21:40:54.2445906Z ##[endgroup]
2026-10-09T21:40:54.2446526Z ##[group]rust-script --test scripts/handcheck-runner.rs
2026-10-09T21:40:54.2601409Z [1m[92m   Compiling[0m handcheck-runner_141d062e57eab28bba589331 v0.1.0 (/home/runner/.cache/rust-script/projects/141d062e57eab28bba589331)
2026-10-09T21:40:54.4186592Z [1m[92m    Finished[0m `test` profile [unoptimized + debuginfo] target(s) in 0.16s
2026-10-09T21:40:54.4188207Z [1m[92m     Running[0m unittests /home/runner/work/formal-ai/formal-ai/scripts/handcheck-runner.rs (/home/runner/.cache/rust-script/binaries/debug/deps/handcheck_runner_141d062e57eab28bba589331-442a102c5d1078e7)
2026-10-09T21:40:54.4198865Z 
2026-10-09T21:40:54.4199015Z running 5 tests
2026-10-09T21:40:54.4201711Z test tests::a_row_with_the_wrong_cell_count_is_rejected ... ok
2026-10-09T21:40:54.4202460Z test tests::a_settled_status_without_evidence_is_rejected ... ok
2026-10-09T21:40:54.4203092Z test tests::a_well_formed_row_parses ... ok
2026-10-09T21:40:54.4205041Z test tests::an_invented_status_is_rejected ... ok
2026-10-09T21:40:54.4205586Z test tests::the_committed_suite_parses_with_forty_nine_checks ... ok
2026-10-09T21:40:54.4205972Z 
2026-10-09T21:40:54.4206276Z test result: ok. 5 passed; 0 failed; 0 ignored; 0 measured; 0 filtered out; finished in 0.00s
2026-10-09T21:40:54.4206588Z 
2026-10-09T21:40:54.4223419Z ##[endgroup]
2026-10-09T21:40:54.4223965Z ##[group]rust-script --test scripts/hello-world-task.rs
2026-10-09T21:40:54.4379201Z [1m[92m   Compiling[0m hello-world-task_8dac44b2621fa73f9d2a08b8 v0.1.0 (/home/runner/.cache/rust-script/projects/8dac44b2621fa73f9d2a08b8)
2026-10-09T21:40:54.5909067Z [1m[92m    Finished[0m `test` profile [unoptimized + debuginfo] target(s) in 0.15s
2026-10-09T21:40:54.5910932Z [1m[92m     Running[0m unittests /home/runner/work/formal-ai/formal-ai/scripts/hello-world-task.rs (/home/runner/.cache/rust-script/binaries/debug/deps/hello_world_task_8dac44b2621fa73f9d2a08b8-927743c8645674f1)
2026-10-09T21:40:54.5921187Z 
2026-10-09T21:40:54.5921314Z running 9 tests
2026-10-09T21:40:54.5924096Z test tests::default_branches_are_unique_per_language_and_run ... ok
2026-10-09T21:40:54.5927864Z test tests::contract_values_are_not_quoted ... ok
2026-10-09T21:40:54.5930770Z test tests::every_language_is_fully_specified ... ok
2026-10-09T21:40:54.5931431Z test tests::every_language_has_a_seed_that_prints_the_expected_output ... ok
2026-10-09T21:40:54.5932230Z test tests::quoted_values_end_at_the_closing_quote ... ok
2026-10-09T21:40:54.5932684Z test tests::slugs_are_unique ... ok
2026-10-09T21:40:54.5933067Z test tests::the_table_covers_twenty_languages ... ok
2026-10-09T21:40:54.5933428Z test tests::the_prompt_carries_no_backslash_escape ... ok
2026-10-09T21:40:54.5933781Z test tests::the_contract_carries_every_required_line ... ok
2026-10-09T21:40:54.5934023Z 
2026-10-09T21:40:54.5934622Z test result: ok. 9 passed; 0 failed; 0 ignored; 0 measured; 0 filtered out; finished in 0.00s
2026-10-09T21:40:54.5935015Z 
2026-10-09T21:40:54.5951337Z ##[endgroup]
2026-10-09T21:40:54.6111907Z [1m[92m   Compiling[0m move-evidence_69ca90a0e1032266788d55de v0.1.0 (/home/runner/.cache/rust-script/projects/69ca90a0e1032266788d55de)
2026-10-09T21:40:54.6112876Z ##[group]rust-script --test scripts/move-evidence.rs
2026-10-09T21:40:54.7508806Z [1m[92m    Finished[0m `test` profile [unoptimized + debuginfo] target(s) in 0.14s
2026-10-09T21:40:54.7510486Z [1m[92m     Running[0m unittests /home/runner/work/formal-ai/formal-ai/scripts/move-evidence.rs (/home/runner/.cache/rust-script/binaries/debug/deps/move_evidence_69ca90a0e1032266788d55de-590396b42016de16)
2026-10-09T21:40:54.7520538Z 
2026-10-09T21:40:54.7520663Z running 3 tests
2026-10-09T21:40:54.7523662Z test tests::parse_index_reads_every_field ... ok
2026-10-09T21:40:54.7524074Z test tests::sha256_matches_the_known_vector ... ok
2026-10-09T21:40:54.7524372Z test tests::the_index_parses_and_names_real_groups ... ok
2026-10-09T21:40:54.7524563Z 
2026-10-09T21:40:54.7524797Z test result: ok. 3 passed; 0 failed; 0 ignored; 0 measured; 0 filtered out; finished in 0.00s
2026-10-09T21:40:54.7525191Z 
2026-10-09T21:40:54.7541413Z ##[endgroup]
2026-10-09T21:40:54.7687212Z [1m[92m    Updating[0m crates.io index
2026-10-09T21:40:54.7687966Z ##[group]rust-script --test scripts/publish-crate.rs
2026-10-09T21:40:54.7991991Z [1m[92m     Locking[0m 5 packages to highest Rust 1.99.0 compatible versions
2026-10-09T21:40:54.8033582Z [1m[92m   Compiling[0m publish-crate_5fe7c78ea263b87450bfa530 v0.1.0 (/home/runner/.cache/rust-script/projects/5fe7c78ea263b87450bfa530)
2026-10-09T21:40:54.9310974Z [1m[92m    Finished[0m `test` profile [unoptimized + debuginfo] target(s) in 0.16s
2026-10-09T21:40:54.9327590Z [1m[92m     Running[0m unittests /home/runner/work/formal-ai/formal-ai/scripts/publish-crate.rs (/home/runner/.cache/rust-script/binaries/debug/deps/publish_crate_5fe7c78ea263b87450bfa530-3834ac5e2814be91)
2026-10-09T21:40:54.9336492Z 
2026-10-09T21:40:54.9336618Z running 6 tests
2026-10-09T21:40:54.9339704Z test tests::classifies_already_uploaded_response ... ok
2026-10-09T21:40:54.9340223Z test tests::classifies_already_exists_response ... ok
2026-10-09T21:40:54.9340667Z test tests::classifies_authentication_failure ... ok
2026-10-09T21:40:54.9341099Z test tests::classifies_rate_limit_response ... ok
2026-10-09T21:40:54.9341533Z test tests::classifies_unknown_failure ... ok
2026-10-09T21:40:54.9341983Z test tests::classifies_unauthorized_as_auth_failure ... ok
2026-10-09T21:40:54.9342411Z 
2026-10-09T21:40:54.9342707Z test result: ok. 6 passed; 0 failed; 0 ignored; 0 measured; 0 filtered out; finished in 0.00s
2026-10-09T21:40:54.9343121Z 
2026-10-09T21:40:54.9383637Z ##[endgroup]
2026-10-09T21:40:54.9384163Z ##[group]rust-script --test scripts/wait-for-crate.rs
2026-10-09T21:40:54.9530325Z [1m[92m    Updating[0m crates.io index
2026-10-09T21:40:55.0796615Z [1m[92m     Locking[0m 76 packages to highest Rust 1.99.0 compatible versions
2026-10-09T21:40:55.1009088Z [1m[92m      Adding[0m ureq v2.12.1 [1m[33m(available: v3.4.2)[0m
2026-10-09T21:40:55.1273914Z [1m[92m   Compiling[0m wait-for-crate_249312d7c98e08d974f73ce8 v0.1.0 (/home/runner/.cache/rust-script/projects/249312d7c98e08d974f73ce8)
2026-10-09T21:40:55.2564734Z [1m[92m    Finished[0m `test` profile [unoptimized + debuginfo] target(s) in 0.30s
2026-10-09T21:40:55.2707238Z [1m[92m     Running[0m unittests /home/runner/work/formal-ai/formal-ai/scripts/wait-for-crate.rs (/home/runner/.cache/rust-script/binaries/debug/deps/wait_for_crate_249312d7c98e08d974f73ce8-75d81fffbd5f8510)
2026-10-09T21:40:55.2725615Z 
2026-10-09T21:40:55.2725833Z running 2 tests
2026-10-09T21:40:55.2727659Z test tests::skips_template_default_package_name ... ok
2026-10-09T21:40:55.2728195Z test tests::waits_for_real_package_names ... ok
2026-10-09T21:40:55.2728467Z 
2026-10-09T21:40:55.2728764Z test result: ok. 2 passed; 0 failed; 0 ignored; 0 measured; 0 filtered out; finished in 0.00s
2026-10-09T21:40:55.2729082Z 
2026-10-09T21:40:55.2788500Z ##[endgroup]
2026-10-09T21:40:55.2791012Z ##[endgroup]
2026-10-09T21:40:55.2791117Z 
2026-10-09T21:40:55.2793509Z ##[error]2 gate(s) failed in stage `rust`: check-tests-as-docs, run_clippy
2026-10-09T21:40:55.2798179Z ##[error]Process completed with exit code 1.
2026-10-09T21:40:55.2923123Z Post job cleanup.
2026-10-09T21:40:55.2925805Z ##[start-action display=Run actions/cache@v6;id=__db54989f-ad8a-4663-b643-433ed1b7f8bd.read-write]
2026-10-09T21:40:55.2927471Z ##[end-action id=__db54989f-ad8a-4663-b643-433ed1b7f8bd.read-write;outcome=skipped;conclusion=skipped;duration_ms=0]
2026-10-09T21:40:55.2990680Z Post job cleanup.
2026-10-09T21:40:55.2993379Z ##[start-action display=Install sccache;id=__9b32760d-28b5-47b6-9f77-c818debcb5ff.__mozilla-actions_sccache-action]
2026-10-09T21:40:55.3020571Z Post job cleanup.
2026-10-09T21:40:55.3665897Z ##[group]Get human-readable stats
2026-10-09T21:40:55.3679582Z [command]/opt/hostedtoolcache/sccache/0.16.0/x64/sccache --show-stats
2026-10-09T21:40:55.3716914Z Compile requests                   1577
2026-10-09T21:40:55.3728853Z Compile requests executed          1308
2026-10-09T21:40:55.3729452Z Cache hits                          716
2026-10-09T21:40:55.3730044Z Cache hits (Assembler)              149
2026-10-09T21:40:55.3730397Z Cache hits (C/C++)                  348
2026-10-09T21:40:55.3730820Z Cache hits (Rust)                   219
2026-10-09T21:40:55.3731140Z Cache misses                        584
2026-10-09T21:40:55.3731559Z Cache misses (Assembler)             14
2026-10-09T21:40:55.3731905Z Cache misses (C/C++)                 16
2026-10-09T21:40:55.3732436Z Cache misses (Rust)                 554
2026-10-09T21:40:55.3732766Z Cache hits rate                   55.08 %
2026-10-09T21:40:55.3733117Z Cache hits rate (Assembler)       91.41 %
2026-10-09T21:40:55.3733469Z Cache hits rate (C/C++)           95.60 %
2026-10-09T21:40:55.3733817Z Cache hits rate (Rust)            28.33 %
2026-10-09T21:40:55.3734193Z Cache timeouts                        0
2026-10-09T21:40:55.3734554Z Cache read errors                     0
2026-10-09T21:40:55.3734904Z Forced recaches                       0
2026-10-09T21:40:55.3735242Z Cache write errors                  122
2026-10-09T21:40:55.3735588Z Cache errors                          0
2026-10-09T21:40:55.3735920Z Compilations                        584
2026-10-09T21:40:55.3736271Z Compilation failures                  8
2026-10-09T21:40:55.3736625Z Non-cacheable compilations            0
2026-10-09T21:40:55.3736975Z Non-cacheable calls                 260
2026-10-09T21:40:55.3737335Z Non-compilation calls                 9
2026-10-09T21:40:55.3737694Z Unsupported compiler calls            0
2026-10-09T21:40:55.3738055Z Average cache write               0.127 s
2026-10-09T21:40:55.3738790Z Average compiler                  0.305 s
2026-10-09T21:40:55.3739146Z Average cache read hit            0.046 s
2026-10-09T21:40:55.3739511Z Failed distributed compilations       0
2026-10-09T21:40:55.3739752Z 
2026-10-09T21:40:55.3739871Z Non-cacheable reasons:
2026-10-09T21:40:55.3740168Z crate-type                          227
2026-10-09T21:40:55.3740504Z missing input                        12
2026-10-09T21:40:55.3740838Z -                                    11
2026-10-09T21:40:55.3741169Z -o                                    5
2026-10-09T21:40:55.3741508Z multiple input files                  3
2026-10-09T21:40:55.3741849Z missing output_dir                    2
2026-10-09T21:40:55.3742075Z 
2026-10-09T21:40:55.3742690Z Cache location                  ghac, name: 90541733aa72480a9e77ce99e66fc1cfabfa835d74c751408eb0351b7adcec6b, prefix: /sccache/
2026-10-09T21:40:55.3743413Z Base directories                (none)
2026-10-09T21:40:55.3743768Z Version (client)                0.16.0
2026-10-09T21:40:55.3744370Z ##[endgroup]
2026-10-09T21:40:55.3744810Z ##[group]Get JSON stats
2026-10-09T21:40:55.3745496Z [command]/opt/hostedtoolcache/sccache/0.16.0/x64/sccache --show-stats --stats-format=json
2026-10-09T21:40:55.3778812Z {"stats":{"compile_requests":1577,"requests_unsupported_compiler":0,"requests_not_compile":9,"requests_not_cacheable":260,"requests_executed":1308,"cache_errors":{"counts":{},"adv_counts":{}},"cache_hits":{"counts":{"Rust":219,"Assembler":149,"C/C++":348},"adv_counts":{"assemblerToPreprocess [gcc]":149,"rust":219,"c [gcc]":348}},"cache_misses":{"counts":{"Rust":554,"Assembler":14,"C/C++":16},"adv_counts":{"rust":554,"assemblerToPreprocess [gcc]":14,"c [gcc]":16}},"cache_timeouts":0,"cache_read_errors":0,"non_cacheable_compilations":0,"forced_recaches":0,"cache_write_errors":122,"cache_writes":462,"cache_write_duration":{"secs":58,"nanos":721705903},"cache_read_hit_duration":{"secs":33,"nanos":384521121},"compilations":584,"compiler_write_duration":{"secs":178,"nanos":150339119},"compile_fails":8,"not_cached":{"missing input":12,"crate-type":227,"multiple input files":3,"-o":5,"-":11,"missing output_dir":2},"dist_compiles":{},"dist_errors":0,"multi_level":null},"cache_location":"ghac, name: 90541733aa72480a9e77ce99e66fc1cfabfa835d74c751408eb0351b7adcec6b, prefix: /sccache/","cache_size":null,"max_cache_size":null,"use_preprocessor_cache_mode":false,"version":"0.16.0","basedirs":[]}
2026-10-09T21:40:55.3784730Z ##[endgroup]
2026-10-09T21:40:55.3786107Z ##[notice]55% - 716 hits, 584 misses, 0 errors
2026-10-09T21:40:55.3786424Z 
2026-10-09T21:40:55.3786563Z Full human-readable stats:
2026-10-09T21:40:55.3786892Z Compile requests                   1577
2026-10-09T21:40:55.3787257Z Compile requests executed          1308
2026-10-09T21:40:55.3787601Z Cache hits                          716
2026-10-09T21:40:55.3787951Z Cache hits (Assembler)              149
2026-10-09T21:40:55.3788287Z Cache hits (C/C++)                  348
2026-10-09T21:40:55.3788592Z Cache hits (Rust)                   219
2026-10-09T21:40:55.3788890Z Cache misses                        584
2026-10-09T21:40:55.3789193Z Cache misses (Assembler)             14
2026-10-09T21:40:55.3789513Z Cache misses (C/C++)                 16
2026-10-09T21:40:55.3789834Z Cache misses (Rust)                 554
2026-10-09T21:40:55.3790144Z Cache hits rate                   55.08 %
2026-10-09T21:40:55.3790507Z Cache hits rate (Assembler)       91.41 %
2026-10-09T21:40:55.3790840Z Cache hits rate (C/C++)           95.60 %
2026-10-09T21:40:55.3791177Z Cache hits rate (Rust)            28.33 %
2026-10-09T21:40:55.3791496Z Cache timeouts                        0
2026-10-09T21:40:55.3791825Z Cache read errors                     0
2026-10-09T21:40:55.3792492Z Forced recaches                       0
2026-10-09T21:40:55.3792803Z Cache write errors                  122
2026-10-09T21:40:55.3793114Z Cache errors                          0
2026-10-09T21:40:55.3793456Z Compilations                        584
2026-10-09T21:40:55.3793801Z Compilation failures                  8
2026-10-09T21:40:55.3794419Z Non-cacheable compilations            0
2026-10-09T21:40:55.3794750Z Non-cacheable calls                 260
2026-10-09T21:40:55.3795179Z Non-compilation calls                 9
2026-10-09T21:40:55.3795546Z Unsupported compiler calls            0
2026-10-09T21:40:55.3795908Z Average cache write               0.127 s
2026-10-09T21:40:55.3796265Z Average compiler                  0.305 s
2026-10-09T21:40:55.3796657Z Average cache read hit            0.046 s
2026-10-09T21:40:55.3797028Z Failed distributed compilations       0
2026-10-09T21:40:55.3797298Z 
2026-10-09T21:40:55.3797418Z Non-cacheable reasons:
2026-10-09T21:40:55.3797740Z crate-type                          227
2026-10-09T21:40:55.3798092Z missing input                        12
2026-10-09T21:40:55.3798431Z -                                    11
2026-10-09T21:40:55.3798759Z -o                                    5
2026-10-09T21:40:55.3799125Z multiple input files                  3
2026-10-09T21:40:55.3799555Z missing output_dir                    2
2026-10-09T21:40:55.3799804Z 
2026-10-09T21:40:55.3800261Z Cache location                  ghac, name: 90541733aa72480a9e77ce99e66fc1cfabfa835d74c751408eb0351b7adcec6b, prefix: /sccache/
2026-10-09T21:40:55.3800957Z Base directories                (none)
2026-10-09T21:40:55.3801320Z Version (client)                0.16.0
2026-10-09T21:40:55.3801564Z 
2026-10-09T21:40:55.3893750Z ##[end-action id=__9b32760d-28b5-47b6-9f77-c818debcb5ff.__mozilla-actions_sccache-action;outcome=success;conclusion=success;duration_ms=89]
2026-10-09T21:40:55.3990209Z Post job cleanup.
2026-10-09T21:40:55.4712760Z [command]/usr/bin/git version
2026-10-09T21:40:55.4742636Z git version 2.55.0
2026-10-09T21:40:55.4772460Z Temporarily overriding HOME='/home/runner/work/_temp/6588192e-0837-4c57-a271-f3e8975f5fa3' before making global git config changes
2026-10-09T21:40:55.4773388Z Adding repository directory to the temporary git global config as a safe directory
2026-10-09T21:40:55.4777456Z [command]/usr/bin/git config --global --add safe.directory /home/runner/work/formal-ai/formal-ai
2026-10-09T21:40:55.4807434Z Removing SSH command configuration
2026-10-09T21:40:55.4813653Z [command]/usr/bin/git config --local --name-only --get-regexp core\.sshCommand
2026-10-09T21:40:55.4848136Z [command]/usr/bin/git submodule foreach --recursive sh -c "git config --local --name-only --get-regexp 'core\.sshCommand' && git config --local --unset-all 'core.sshCommand' || :"
2026-10-09T21:40:55.5166749Z Removing HTTP extra header
2026-10-09T21:40:55.5173187Z [command]/usr/bin/git config --local --name-only --get-regexp http\.https\:\/\/github\.com\/\.extraheader
2026-10-09T21:40:55.5255155Z [command]/usr/bin/git submodule foreach --recursive sh -c "git config --local --name-only --get-regexp 'http\.https\:\/\/github\.com\/\.extraheader' && git config --local --unset-all 'http.https://github.com/.extraheader' || :"
2026-10-09T21:40:55.5493179Z Removing includeIf entries pointing to credentials config files
2026-10-09T21:40:55.5503367Z [command]/usr/bin/git config --local --name-only --get-regexp ^includeIf\.gitdir:
2026-10-09T21:40:55.5536795Z [command]/usr/bin/git submodule foreach --recursive git config --local --show-origin --name-only --get-regexp remote.origin.url
2026-10-09T21:40:55.5883475Z Cleaning up orphan processes
2026-10-09T21:40:55.6219964Z Terminate orphan process: pid (2315) (sccache)
